-2.0000000000e+00 -2.0000000000e+00 2.2962114575e+00
-2.0000000000e+00 -1.9663865546e+00 2.3169677947e+00
-2.0000000000e+00 -1.9327731092e+00 2.3379322622e+00
-2.0000000000e+00 -1.8991596639e+00 2.3591011793e+00
-2.0000000000e+00 -1.8655462185e+00 2.3804703281e+00
-2.0000000000e+00 -1.8319327731e+00 2.4020349190e+00
-2.0000000000e+00 -1.7983193277e+00 2.4237895552e+00
-2.0000000000e+00 -1.7647058824e+00 2.4457281955e+00
-2.0000000000e+00 -1.7310924370e+00 2.4678441166e+00
-2.0000000000e+00 -1.6974789916e+00 2.4901298739e+00
-2.0000000000e+00 -1.6638655462e+00 2.5125772623e+00
-2.0000000000e+00 -1.6302521008e+00 2.5351772750e+00
-2.0000000000e+00 -1.5966386555e+00 2.5579200634e+00
-2.0000000000e+00 -1.5630252101e+00 2.5807948951e+00
-2.0000000000e+00 -1.5294117647e+00 2.6037901133e+00
-2.0000000000e+00 -1.4957983193e+00 2.6268930956e+00
-2.0000000000e+00 -1.4621848739e+00 2.6500902136e+00
-2.0000000000e+00 -1.4285714286e+00 2.6733667938e+00
-2.0000000000e+00 -1.3949579832e+00 2.6967070792e+00
-2.0000000000e+00 -1.3613445378e+00 2.7200941935e+00
-2.0000000000e+00 -1.3277310924e+00 2.7435101072e+00
-2.0000000000e+00 -1.2941176471e+00 2.7669356068e+00
-2.0000000000e+00 -1.2605042017e+00 2.7903502673e+00
-2.0000000000e+00 -1.2268907563e+00 2.8137324288e+00
-2.0000000000e+00 -1.1932773109e+00 2.8370591786e+00
-2.0000000000e+00 -1.1596638655e+00 2.8603063380e+00
-2.0000000000e+00 -1.1260504202e+00 2.8834484557e+00
-2.0000000000e+00 -1.0924369748e+00 2.9064588086e+00
-2.0000000000e+00 -1.0588235294e+00 2.9293094104e+00
-2.0000000000e+00 -1.0252100840e+00 2.9519710282e+00
-2.0000000000e+00 -9.9159663866e-01 2.9744132099e+00
-2.0000000000e+00 -9.5798319328e-01 2.9966043209e+00
-2.0000000000e+00 -9.2436974790e-01 3.0185115923e+00
-2.0000000000e+00 -8.9075630252e-01 3.0401011809e+00
-2.0000000000e+00 -8.5714285714e-01 3.0613382415e+00
-2.0000000000e+00 -8.2352941176e-01 3.0821870121e+00
-2.0000000000e+00 -7.8991596639e-01 3.1026109131e+00
-2.0000000000e+00 -7.5630252101e-01 3.1225726592e+00
-2.0000000000e+00 -7.2268907563e-01 3.1420343863e+00
-2.0000000000e+00 -6.8907563025e-01 3.1609577911e+00
-2.0000000000e+00 -6.5546218487e-01 3.1793042850e+00
-2.0000000000e+00 -6.2184873950e-01 3.1970351609e+00
-2.0000000000e+00 -5.8823529412e-01 3.2141117724e+00
-2.0000000000e+00 -5.5462184874e-01 3.2304957237e+00
-2.0000000000e+00 -5.2100840336e-01 3.2461490711e+00
-2.0000000000e+00 -4.8739495798e-01 3.2610345316e+00
-2.0000000000e+00 -4.5378151261e-01 3.2751156993e+00
-2.0000000000e+00 -4.2016806723e-01 3.2883572666e+00
-2.0000000000e+00 -3.8655462185e-01 3.3007252479e+00
-2.0000000000e+00 -3.5294117647e-01 3.3121872035e+00
-2.0000000000e+00 -3.1932773109e-01 3.3227124610e+00
-2.0000000000e+00 -2.8571428571e-01 3.3322723321e+00
-2.0000000000e+00 -2.5210084034e-01 3.3408403209e+00
-2.0000000000e+00 -2.1848739496e-01 3.3483923216e+00
-2.0000000000e+00 -1.8487394958e-01 3.3549068030e+00
-2.0000000000e+00 -1.5126050420e-01 3.3603649763e+00
-2.0000000000e+00 -1.1764705882e-01 3.3647509442e+00
-2.0000000000e+00 -8.4033613445e-02 3.3680518295e+00
-2.0000000000e+00 -5.0420168067e-02 3.3702578800e+00
-2.0000000000e+00 -1.6806722689e-02 3.3713625488e+00
-2.0000000000e+00 1.6806722689e-02 3.3713625488e+00
-2.0000000000e+00 5.0420168067e-02 3.3702578800e+00
-2.0000000000e+00 8.4033613445e-02 3.3680518295e+00
-2.0000000000e+00 1.1764705882e-01 3.3647509442e+00
-2.0000000000e+00 1.5126050420e-01 3.3603649763e+00
-2.0000000000e+00 1.8487394958e-01 3.3549068030e+00
-2.0000000000e+00 2.1848739496e-01 3.3483923216e+00
-2.0000000000e+00 2.5210084034e-01 3.3408403209e+00
-2.0000000000e+00 2.8571428571e-01 3.3322723321e+00
-2.0000000000e+00 3.1932773109e-01 3.3227124610e+00
-2.0000000000e+00 3.5294117647e-01 3.3121872035e+00
-2.0000000000e+00 3.8655462185e-01 3.3007252479e+00
-2.0000000000e+00 4.2016806723e-01 3.2883572666e+00
-2.0000000000e+00 4.5378151261e-01 3.2751156993e+00
-2.0000000000e+00 4.8739495798e-01 3.2610345316e+00
-2.0000000000e+00 5.2100840336e-01 3.2461490711e+00
-2.0000000000e+00 5.5462184874e-01 3.2304957237e+00
-2.0000000000e+00 5.8823529412e-01 3.2141117724e+00
-2.0000000000e+00 6.2184873950e-01 3.1970351609e+00
-2.0000000000e+00 6.5546218487e-01 3.1793042850e+00
-2.0000000000e+00 6.8907563025e-01 3.1609577911e+00
-2.0000000000e+00 7.2268907563e-01 3.1420343863e+00
-2.0000000000e+00 7.5630252101e-01 3.1225726592e+00
-2.0000000000e+00 7.8991596639e-01 3.1026109131e+00
-2.0000000000e+00 8.2352941176e-01 3.0821870121e+00
-2.0000000000e+00 8.5714285714e-01 3.0613382415e+00
-2.0000000000e+00 8.9075630252e-01 3.0401011809e+00
-2.0000000000e+00 9.2436974790e-01 3.0185115923e+00
-2.0000000000e+00 9.5798319328e-01 2.9966043209e+00
-2.0000000000e+00 9.9159663866e-01 2.9744132099e+00
-2.0000000000e+00 1.0252100840e+00 2.9519710282e+00
-2.0000000000e+00 1.0588235294e+00 2.9293094104e+00
-2.0000000000e+00 1.0924369748e+00 2.9064588086e+00
-2.0000000000e+00 1.1260504202e+00 2.8834484557e+00
-2.0000000000e+00 1.1596638655e+00 2.8603063380e+00
-2.0000000000e+00 1.1932773109e+00 2.8370591786e+00
-2.0000000000e+00 1.2268907563e+00 2.8137324288e+00
-2.0000000000e+00 1.2605042017e+00 2.7903502673e+00
-2.0000000000e+00 1.2941176471e+00 2.7669356068e+00
-2.0000000000e+00 1.3277310924e+00 2.7435101072e+00
-2.0000000000e+00 1.3613445378e+00 2.7200941935e+00
-2.0000000000e+00 1.3949579832e+00 2.6967070792e+00
-2.0000000000e+00 1.4285714286e+00 2.6733667938e+00
-2.0000000000e+00 1.4621848739e+00 2.6500902136e+00
-2.0000000000e+00 1.4957983193e+00 2.6268930956e+00
-2.0000000000e+00 1.5294117647e+00 2.6037901133e+00
-2.0000000000e+00 1.5630252101e+00 2.5807948951e+00
-2.0000000000e+00 1.5966386555e+00 2.5579200634e+00
-2.0000000000e+00 1.6302521008e+00 2.5351772750e+00
-2.0000000000e+00 1.6638655462e+00 2.5125772623e+00
-2.0000000000e+00 1.6974789916e+00 2.4901298739e+00
-2.0000000000e+00 1.7310924370e+00 2.4678441166e+00
-2.0000000000e+00 1.7647058824e+00 2.4457281955e+00
-2.0000000000e+00 1.7983193277e+00 2.4237895552e+00
-2.0000000000e+00 1.8319327731e+00 2.4020349190e+00
-2.0000000000e+00 1.8655462185e+00 2.3804703281e+00
-2.0000000000e+00 1.8991596639e+00 2.3591011793e+00
-2.0000000000e+00 1.9327731092e+00 2.3379322622e+00
-2.0000000000e+00 1.9663865546e+00 2.3169677947e+00
-2.0000000000e+00 2.0000000000e+00 2.2962114575e+00

-1.9663865546e+00 -2.0000000000e+00 2.3169677947e+00
-1.9663865546e+00 -1.9663865546e+00 2.3382987372e+00
-1.9663865546e+00 -1.9327731092e+00 2.3598544535e+00
-1.9663865546e+00 -1.8991596639e+00 2.3816315966e+00
-1.9663865546e+00 -1.8655462185e+00 2.4036262695e+00
-1.9663865546e+00 -1.8319327731e+00 2.4258339873e+00
-1.9663865546e+00 -1.7983193277e+00 2.4482496389e+00
-1.9663865546e+00 -1.7647058824e+00 2.4708674466e+00
-1.9663865546e+00 -1.7310924370e+00 2.4936809253e+00
-1.9663865546e+00 -1.6974789916e+00 2.5166828390e+00
-1.9663865546e+00 -1.6638655462e+00 2.5398651577e+00
-1.9663865546e+00 -1.6302521008e+00 2.5632190121e+00
-1.9663865546e+00 -1.5966386555e+00 2.5867346486e+00
-1.9663865546e+00 -1.5630252101e+00 2.6104013825e+00
-1.9663865546e+00 -1.5294117647e+00 2.6342075522e+00
-1.9663865546e+00 -1.4957983193e+00 2.6581404723e+00
-1.9663865546e+00 -1.4621848739e+00 2.6821863877e+00
-1.9663865546e+00 -1.4285714286e+00 2.7063304279e+00
-1.9663865546e+00 -1.3949579832e+00 2.7305565631e+00
-1.9663865546e+00 -1.3613445378e+00 2.7548475615e+00
-1.9663865546e+00 -1.3277310924e+00 2.7791849484e+00
-1.9663865546e+00 -1.2941176471e+00 2.8035489692e+00
-1.9663865546e+00 -1.2605042017e+00 2.8279185548e+00
-1.9663865546e+00 -1.2268907563e+00 2.8522712918e+00
-1.9663865546e+00 -1.1932773109e+00 2.8765833971e+00
-1.9663865546e+00 -1.1596638655e+00 2.9008296987e+00
-1.9663865546e+00 -1.1260504202e+00 2.9249836231e+00
-1.9663865546e+00 -1.0924369748e+00 2.9490171897e+00
-1.9663865546e+00 -1.0588235294e+00 2.9729010142e+00
-1.9663865546e+00 -1.0252100840e+00 2.9966043209e+00
-1.9663865546e+00 -9.9159663866e-01 3.0200949661e+00
-1.9663865546e+00 -9.5798319328e-01 3.0433394715e+00
-1.9663865546e+00 -9.2436974790e-01 3.0663030714e+00
-1.9663865546e+00 -8.9075630252e-01 3.0889497716e+00
-1.9663865546e+00 -8.5714285714e-01 3.1112424229e+00
-1.9663865546e+00 -8.2352941176e-01 3.1331428093e+00
-1.9663865546e+00 -7.8991596639e-01 3.1546117509e+00
-1.9663865546e+00 -7.5630252101e-01 3.1756092227e+00
-1.9663865546e+00 -7.2268907563e-01 3.1960944894e+00
-1.9663865546e+00 -6.8907563025e-01 3.2160262561e+00
-1.9663865546e+00 -6.5546218487e-01 3.2353628344e+00
-1.9663865546e+00 -6.2184873950e-01 3.2540623246e+00
-1.9663865546e+00 -5.8823529412e-01 3.2720828117e+00
-1.9663865546e+00 -5.5462184874e-01 3.2893825758e+00
-1.9663865546e+00 -5.2100840336e-01 3.3059203140e+00
-1.9663865546e+00 -4.8739495798e-01 3.3216553738e+00
-1.9663865546e+00 -4.5378151261e-01 3.3365479943e+00
-1.9663865546e+00 -4.2016806723e-01 3.3505595546e+00
-1.9663865546e+00 -3.8655462185e-01 3.3636528259e+00
-1.9663865546e+00 -3.5294117647e-01 3.3757922240e+00
-1.9663865546e+00 -3.1932773109e-01 3.3869440609e+00
-1.9663865546e+00 -2.8571428571e-01 3.3970767905e+00
-1.9663865546e+00 -2.5210084034e-01 3.4061612463e+00
-1.9663865546e+00 -2.1848739496e-01 3.4141708674e+00
-1.9663865546e+00 -1.8487394958e-01 3.4210819087e+00
-1.9663865546e+00 -1.5126050420e-01 3.4268736342e+00
-1.9663865546e+00 -1.1764705882e-01 3.4315284880e+00
-1.9663865546e+00 -8.4033613445e-02 3.4350322417e+00
-1.9663865546e+00 -5.0420168067e-02 3.4373741151e+00
-1.9663865546e+00 -1.6806722689e-02 3.4385468695e+00
-1.9663865546e+00 1.6806722689e-02 3.4385468695e+00
-1.9663865546e+00 5.0420168067e-02 3.4373741151e+00
-1.9663865546e+00 8.4033613445e-02 3.4350322417e+00
-1.9663865546e+00 1.1764705882e-01 3.4315284880e+00
-1.9663865546e+00 1.5126050420e-01 3.4268736342e+00
-1.9663865546e+00 1.8487394958e-01 3.4210819087e+00
-1.9663865546e+00 2.1848739496e-01 3.4141708674e+00
-1.9663865546e+00 2.5210084034e-01 3.4061612463e+00
-1.9663865546e+00 2.8571428571e-01 3.3970767905e+00
-1.9663865546e+00 3.1932773109e-01 3.3869440609e+00
-1.9663865546e+00 3.5294117647e-01 3.3757922240e+00
-1.9663865546e+00 3.8655462185e-01 3.3636528259e+00
-1.9663865546e+00 4.2016806723e-01 3.3505595546e+00
-1.9663865546e+00 4.5378151261e-01 3.3365479943e+00
-1.9663865546e+00 4.8739495798e-01 3.3216553738e+00
-1.9663865546e+00 5.2100840336e-01 3.3059203140e+00
-1.9663865546e+00 5.5462184874e-01 3.2893825758e+00
-1.9663865546e+00 5.8823529412e-01 3.2720828117e+00
-1.9663865546e+00 6.2184873950e-01 3.2540623246e+00
-1.9663865546e+00 6.5546218487e-01 3.2353628344e+00
-1.9663865546e+00 6.8907563025e-01 3.2160262561e+00
-1.9663865546e+00 7.2268907563e-01 3.1960944894e+00
-1.9663865546e+00 7.5630252101e-01 3.1756092227e+00
-1.9663865546e+00 7.8991596639e-01 3.1546117509e+00
-1.9663865546e+00 8.2352941176e-01 3.1331428093e+00
-1.9663865546e+00 8.5714285714e-01 3.1112424229e+00
-1.9663865546e+00 8.9075630252e-01 3.0889497716e+00
-1.9663865546e+00 9.2436974790e-01 3.0663030714e+00
-1.9663865546e+00 9.5798319328e-01 3.0433394715e+00
-1.9663865546e+00 9.9159663866e-01 3.0200949661e+00
-1.9663865546e+00 1.0252100840e+00 2.9966043209e+00
-1.9663865546e+00 1.0588235294e+00 2.9729010142e+00
-1.9663865546e+00 1.0924369748e+00 2.9490171897e+00
-1.9663865546e+00 1.1260504202e+00 2.9249836231e+00
-1.9663865546e+00 1.1596638655e+00 2.9008296987e+00
-1.9663865546e+00 1.1932773109e+00 2.8765833971e+00
-1.9663865546e+00 1.2268907563e+00 2.8522712918e+00
-1.9663865546e+00 1.2605042017e+00 2.8279185548e+00
-1.9663865546e+00 1.2941176471e+00 2.8035489692e+00
-1.9663865546e+00 1.3277310924e+00 2.7791849484e+00
-1.9663865546e+00 1.3613445378e+00 2.7548475615e+00
-1.9663865546e+00 1.3949579832e+00 2.7305565631e+00
-1.9663865546e+00 1.4285714286e+00 2.7063304279e+00
-1.9663865546e+00 1.4621848739e+00 2.6821863877e+00
-1.9663865546e+00 1.4957983193e+00 2.6581404723e+00
-1.9663865546e+00 1.5294117647e+00 2.6342075522e+00
-1.9663865546e+00 1.5630252101e+00 2.6104013825e+00
-1.9663865546e+00 1.5966386555e+00 2.5867346486e+00
-1.9663865546e+00 1.6302521008e+00 2.5632190121e+00
-1.9663865546e+00 1.6638655462e+00 2.5398651577e+00
-1.9663865546e+00 1.6974789916e+00 2.5166828390e+00
-1.9663865546e+00 1.7310924370e+00 2.4936809253e+00
-1.9663865546e+00 1.7647058824e+00 2.4708674466e+00
-1.9663865546e+00 1.7983193277e+00 2.4482496389e+00
-1.9663865546e+00 1.8319327731e+00 2.4258339873e+00
-1.9663865546e+00 1.8655462185e+00 2.4036262695e+00
-1.9663865546e+00 1.8991596639e+00 2.3816315966e+00
-1.9663865546e+00 1.9327731092e+00 2.3598544535e+00
-1.9663865546e+00 1.9663865546e+00 2.3382987372e+00
-1.9663865546e+00 2.0000000000e+00 2.3169677947e+00

-1.9327731092e+00 -2.0000000000e+00 2.3379322622e+00
-1.9327731092e+00 -1.9663865546e+00 2.3598544535e+00
-1.9327731092e+00 -1.9327731092e+00 2.3820190650e+00
-1.9327731092e+00 -1.8991596639e+00 2.4044231349e+00
-1.9327731092e+00 -1.8655462185e+00 2.4270631395e+00
-1.9327731092e+00 -1.8319327731e+00 2.4499349526e+00
-1.9327731092e+00 -1.7983193277e+00 2.4730338042e+00
-1.9327731092e+00 -1.7647058824e+00 2.4963542371e+00
-1.9327731092e+00 -1.7310924370e+00 2.5198900615e+00
-1.9327731092e+00 -1.6974789916e+00 2.5436343085e+00
-1.9327731092e+00 -1.6638655462e+00 2.5675791821e+00
-1.9327731092e+00 -1.6302521008e+00 2.5917160094e+00
-1.9327731092e+00 -1.5966386555e+00 2.6160351905e+00
-1.9327731092e+00 -1.5630252101e+00 2.6405261468e+00
-1.9327731092e+00 -1.5294117647e+00 2.6651772687e+00
-1.9327731092e+00 -1.4957983193e+00 2.6899758634e+00
-1.9327731092e+00 -1.4621848739e+00 2.7149081020e+00
-1.9327731092e+00 -1.4285714286e+00 2.7399589679e+00
-1.9327731092e+00 -1.3949579832e+00 2.7651122048e+00
-1.9327731092e+00 -1.3613445378e+00 2.7903502673e+00
-1.9327731092e+00 -1.3277310924e+00 2.8156542727e+00
-1.9327731092e+00 -1.2941176471e+00 2.8410039557e+00
-1.9327731092e+00 -1.2605042017e+00 2.8663776265e+00
-1.9327731092e+00 -1.2268907563e+00 2.8917521326e+00
-1.9327731092e+00 -1.1932773109e+00 2.9171028258e+00
-1.9327731092e+00 -1.1596638655e+00 2.9424035354e+00
-1.9327731092e+00 -1.1260504202e+00 2.9676265476e+00
-1.9327731092e+00 -1.0924369748e+00 2.9927425934e+00
-1.9327731092e+00 -1.0588235294e+00 3.0177208450e+00
-1.9327731092e+00 -1.0252100840e+00 3.0425289222e+00
-1.9327731092e+00 -9.9159663866e-01 3.0671329105e+00
-1.9327731092e+00 -9.5798319328e-01 3.0914973910e+00
-1.9327731092e+00 -9.2436974790e-01 3.1155854840e+00
-1.9327731092e+00 -8.9075630252e-01 3.1393589068e+00
-1.9327731092e+00 -8.5714285714e-01 3.1627780475e+00
-1.9327731092e+00 -8.2352941176e-01 3.1858020545e+00
-1.9327731092e+00 -7.8991596639e-01 3.2083889437e+00
-1.9327731092e+00 -7.5630252101e-01 3.2304957237e+00
-1.9327731092e+00 -7.2268907563e-01 3.2520785385e+00
-1.9327731092e+00 -6.8907563025e-01 3.2730928293e+00
-1.9327731092e+00 -6.5546218487e-01 3.2934935144e+00
-1.9327731092e+00 -6.2184873950e-01 3.3132351874e+00
-1.9327731092e+00 -5.8823529412e-01 3.3322723321e+00
-1.9327731092e+00 -5.5462184874e-01 3.3505595546e+00
-1.9327731092e+00 -5.2100840336e-01 3.3680518295e+00
-1.9327731092e+00 -4.8739495798e-01 3.3847047595e+00
-1.9327731092e+00 -4.5378151261e-01 3.4004748460e+00
-1.9327731092e+00 -4.2016806723e-01 3.4153197678e+00
-1.9327731092e+00 -3.8655462185e-01 3.4291986655e+00
-1.9327731092e+00 -3.5294117647e-01 3.4420724284e+00
-1.9327731092e+00 -3.1932773109e-01 3.4539039790e+00
-1.9327731092e+00 -2.8571428571e-01 3.4646585539e+00
-1.9327731092e+00 -2.5210084034e-01 3.4743039750e+00
-1.9327731092e+00 -2.1848739496e-01 3.4828109085e+00
-1.9327731092e+00 -1.8487394958e-01 3.4901531062e+00
-1.9327731092e+00 -1.5126050420e-01 3.4963076277e+00
-1.9327731092e+00 -1.1764705882e-01 3.5012550372e+00
-1.9327731092e+00 -8.4033613445e-02 3.5049795739e+00
-1.9327731092e+00 -5.0420168067e-02 3.5074692917e+00
-1.9327731092e+00 -1.6806722689e-02 3.5087161658e+00
-1.9327731092e+00 1.6806722689e-02 3.5087161658e+00
-1.9327731092e+00 5.0420168067e-02 3.5074692917e+00
-1.9327731092e+00 8.4033613445e-02 3.5049795739e+00
-1.9327731092e+00 1.1764705882e-01 3.5012550372e+00
-1.9327731092e+00 1.5126050420e-01 3.4963076277e+00
-1.9327731092e+00 1.8487394958e-01 3.4901531062e+00
-1.9327731092e+00 2.1848739496e-01 3.4828109085e+00
-1.9327731092e+00 2.5210084034e-01 3.4743039750e+00
-1.9327731092e+00 2.8571428571e-01 3.4646585539e+00
-1.9327731092e+00 3.1932773109e-01 3.4539039790e+00
-1.9327731092e+00 3.5294117647e-01 3.4420724284e+00
-1.9327731092e+00 3.8655462185e-01 3.4291986655e+00
-1.9327731092e+00 4.2016806723e-01 3.4153197678e+00
-1.9327731092e+00 4.5378151261e-01 3.4004748460e+00
-1.9327731092e+00 4.8739495798e-01 3.3847047595e+00
-1.9327731092e+00 5.2100840336e-01 3.3680518295e+00
-1.9327731092e+00 5.5462184874e-01 3.3505595546e+00
-1.9327731092e+00 5.8823529412e-01 3.3322723321e+00
-1.9327731092e+00 6.2184873950e-01 3.3132351874e+00
-1.9327731092e+00 6.5546218487e-01 3.2934935144e+00
-1.9327731092e+00 6.8907563025e-01 3.2730928293e+00
-1.9327731092e+00 7.2268907563e-01 3.2520785385e+00
-1.9327731092e+00 7.5630252101e-01 3.2304957237e+00
-1.9327731092e+00 7.8991596639e-01 3.2083889437e+00
-1.9327731092e+00 8.2352941176e-01 3.1858020545e+00
-1.9327731092e+00 8.5714285714e-01 3.1627780475e+00
-1.9327731092e+00 8.9075630252e-01 3.1393589068e+00
-1.9327731092e+00 9.2436974790e-01 3.1155854840e+00
-1.9327731092e+00 9.5798319328e-01 3.0914973910e+00
-1.9327731092e+00 9.9159663866e-01 3.0671329105e+00
-1.9327731092e+00 1.0252100840e+00 3.0425289222e+00
-1.9327731092e+00 1.0588235294e+00 3.0177208450e+00
-1.9327731092e+00 1.0924369748e+00 2.9927425934e+00
-1.9327731092e+00 1.1260504202e+00 2.9676265476e+00
-1.9327731092e+00 1.1596638655e+00 2.9424035354e+00
-1.9327731092e+00 1.1932773109e+00 2.9171028258e+00
-1.9327731092e+00 1.2268907563e+00 2.8917521326e+00
-1.9327731092e+00 1.2605042017e+00 2.8663776265e+00
-1.9327731092e+00 1.2941176471e+00 2.8410039557e+00
-1.9327731092e+00 1.3277310924e+00 2.8156542727e+00
-1.9327731092e+00 1.3613445378e+00 2.7903502673e+00
-1.9327731092e+00 1.3949579832e+00 2.7651122048e+00
-1.9327731092e+00 1.4285714286e+00 2.7399589679e+00
-1.9327731092e+00 1.4621848739e+00 2.7149081020e+00
-1.9327731092e+00 1.4957983193e+00 2.6899758634e+00
-1.9327731092e+00 1.5294117647e+00 2.6651772687e+00
-1.9327731092e+00 1.5630252101e+00 2.6405261468e+00
-1.9327731092e+00 1.5966386555e+00 2.6160351905e+00
-1.9327731092e+00 1.6302521008e+00 2.5917160094e+00
-1.9327731092e+00 1.6638655462e+00 2.5675791821e+00
-1.9327731092e+00 1.6974789916e+00 2.5436343085e+00
-1.9327731092e+00 1.7310924370e+00 2.5198900615e+00
-1.9327731092e+00 1.7647058824e+00 2.4963542371e+00
-1.9327731092e+00 1.7983193277e+00 2.4730338042e+00
-1.9327731092e+00 1.8319327731e+00 2.4499349526e+00
-1.9327731092e+00 1.8655462185e+00 2.4270631395e+00
-1.9327731092e+00 1.8991596639e+00 2.4044231349e+00
-1.9327731092e+00 1.9327731092e+00 2.3820190650e+00
-1.9327731092e+00 1.9663865546e+00 2.3598544535e+00
-1.9327731092e+00 2.0000000000e+00 2.3379322622e+00

-1.8991596639e+00 -2.0000000000e+00 2.3591011793e+00
-1.8991596639e+00 -1.9663865546e+00 2.3816315966e+00
-1.8991596639e+00 -1.9327731092e+00 2.4044231349e+00
-1.8991596639e+00 -1.8991596639e+00 2.4274732734e+00
-1.8991596639e+00 -1.8655462185e+00 2.4507789194e+00
-1.8991596639e+00 -1.8319327731e+00 2.4743363653e+00
-1.8991596639e+00 -1.7983193277e+00 2.4981412438e+00
-1.8991596639e+00 -1.7647058824e+00 2.5221884809e+00
-1.8991596639e+00 -1.7310924370e+00 2.5464722467e+00
-1.8991596639e+00 -1.6974789916e+00 2.5709859051e+00
-1.8991596639e+00 -1.6638655462e+00 2.5957219605e+00
-1.8991596639e+00 -1.6302521008e+00 2.6206720037e+00
-1.8991596639e+00 -1.5966386555e+00 2.6458266558e+00
-1.8991596639e+00 -1.5630252101e+00 2.6711755113e+00
-1.8991596639e+00 -1.5294117647e+00 2.6967070792e+00
-1.8991596639e+00 -1.4957983193e+00 2.7224087243e+00
-1.8991596639e+00 -1.4621848739e+00 2.7482666075e+00
-1.8991596639e+00 -1.4285714286e+00 2.7742656260e+00
-1.8991596639e+00 -1.3949579832e+00 2.8003893546e+00
-1.8991596639e+00 -1.3613445378e+00 2.8266199872e+00
-1.8991596639e+00 -1.3277310924e+00 2.8529382803e+00
-1.8991596639e+00 -1.2941176471e+00 2.8793234994e+00
-1.8991596639e+00 -1.2605042017e+00 2.9057533671e+00
-1.8991596639e+00 -1.2268907563e+00 2.9322040169e+00
-1.8991596639e+00 -1.1932773109e+00 2.9586499503e+00
-1.8991596639e+00 -1.1596638655e+00 2.9850640009e+00
-1.8991596639e+00 -1.1260504202e+00 3.0114173052e+00
-1.8991596639e+00 -1.0924369748e+00 3.0376792815e+00
-1.8991596639e+00 -1.0588235294e+00 3.0638176182e+00
-1.8991596639e+00 -1.0252100840e+00 3.0897982730e+00
-1.8991596639e+00 -9.9159663866e-01 3.1155854840e+00
-1.8991596639e+00 -9.5798319328e-01 3.1411417940e+00
-1.8991596639e+00 -9.2436974790e-01 3.1664280900e+00
-1.8991596639e+00 -8.9075630252e-01 3.1914036582e+00
-1.8991596639e+00 -8.5714285714e-01 3.2160262561e+00
-1.8991596639e+00 -8.2352941176e-01 3.2402522040e+00
-1.8991596639e+00 -7.8991596639e-01 3.2640364948e+00
-1.8991596639e+00 -7.5630252101e-01 3.2873329245e+00
-1.8991596639e+00 -7.2268907563e-01 3.3100942441e+00
-1.8991596639e+00 -6.8907563025e-01 3.3322723321e+00
-1.8991596639e+00 -6.5546218487e-01 3.3538183887e+00
-1.8991596639e+00 -6.2184873950e-01 3.3746831516e+00
-1.8991596639e+00 -5.8823529412e-01 3.3948171313e+00
-1.8991596639e+00 -5.5462184874e-01 3.4141708674e+00
-1.8991596639e+00 -5.2100840336e-01 3.4326952012e+00
-1.8991596639e+00 -4.8739495798e-01 3.4503415659e+00
-1.8991596639e+00 -4.5378151261e-01 3.4670622894e+00
-1.8991596639e+00 -4.2016806723e-01 3.4828109085e+00
-1.8991596639e+00 -3.8655462185e-01 3.4975424902e+00
-1.8991596639e+00 -3.5294117647e-01 3.5112139570e+00
-1.8991596639e+00 -3.1932773109e-01 3.5237844119e+00
-1.8991596639e+00 -2.8571428571e-01 3.5352154587e+00
-1.8991596639e+00 -2.5210084034e-01 3.5454715129e+00
-1.8991596639e+00 -2.1848739496e-01 3.5545200988e+00
-1.8991596639e+00 -1.8487394958e-01 3.5623321288e+00
-1.8991596639e+00 -1.5126050420e-01 3.5688821583e+00
-1.8991596639e+00 -1.1764705882e-01 3.5741486144e+00
-1.8991596639e+00 -8.4033613445e-02 3.5781139923e+00
-1.8991596639e+00 -5.0420168067e-02 3.5807650178e+00
-1.8991596639e+00 -1.6806722689e-02 3.5820927711e+00
-1.8991596639e+00 1.6806722689e-02 3.5820927711e+00
-1.8991596639e+00 5.0420168067e-02 3.5807650178e+00
-1.8991596639e+00 8.4033613445e-02 3.5781139923e+00
-1.8991596639e+00 1.1764705882e-01 3.5741486144e+00
-1.8991596639e+00 1.5126050420e-01 3.5688821583e+00
-1.8991596639e+00 1.8487394958e-01 3.5623321288e+00
-1.8991596639e+00 2.1848739496e-01 3.5545200988e+00
-1.8991596639e+00 2.5210084034e-01 3.5454715129e+00
-1.8991596639e+00 2.8571428571e-01 3.5352154587e+00
-1.8991596639e+00 3.1932773109e-01 3.5237844119e+00
-1.8991596639e+00 3.5294117647e-01 3.5112139570e+00
-1.8991596639e+00 3.8655462185e-01 3.4975424902e+00
-1.8991596639e+00 4.2016806723e-01 3.4828109085e+00
-1.8991596639e+00 4.5378151261e-01 3.4670622894e+00
-1.8991596639e+00 4.8739495798e-01 3.4503415659e+00
-1.8991596639e+00 5.2100840336e-01 3.4326952012e+00
-1.8991596639e+00 5.5462184874e-01 3.4141708674e+00
-1.8991596639e+00 5.8823529412e-01 3.3948171313e+00
-1.8991596639e+00 6.2184873950e-01 3.3746831516e+00
-1.8991596639e+00 6.5546218487e-01 3.3538183887e+00
-1.8991596639e+00 6.8907563025e-01 3.3322723321e+00
-1.8991596639e+00 7.2268907563e-01 3.3100942441e+00
-1.8991596639e+00 7.5630252101e-01 3.2873329245e+00
-1.8991596639e+00 7.8991596639e-01 3.2640364948e+00
-1.8991596639e+00 8.2352941176e-01 3.2402522040e+00
-1.8991596639e+00 8.5714285714e-01 3.2160262561e+00
-1.8991596639e+00 8.9075630252e-01 3.1914036582e+00
-1.8991596639e+00 9.2436974790e-01 3.1664280900e+00
-1.8991596639e+00 9.5798319328e-01 3.1411417940e+00
-1.8991596639e+00 9.9159663866e-01 3.1155854840e+00
-1.8991596639e+00 1.0252100840e+00 3.0897982730e+00
-1.8991596639e+00 1.0588235294e+00 3.0638176182e+00
-1.8991596639e+00 1.0924369748e+00 3.0376792815e+00
-1.8991596639e+00 1.1260504202e+00 3.0114173052e+00
-1.8991596639e+00 1.1596638655e+00 2.9850640009e+00
-1.8991596639e+00 1.1932773109e+00 2.9586499503e+00
-1.8991596639e+00 1.2268907563e+00 2.9322040169e+00
-1.8991596639e+00 1.2605042017e+00 2.9057533671e+00
-1.8991596639e+00 1.2941176471e+00 2.8793234994e+00
-1.8991596639e+00 1.3277310924e+00 2.8529382803e+00
-1.8991596639e+00 1.3613445378e+00 2.8266199872e+00
-1.8991596639e+00 1.3949579832e+00 2.8003893546e+00
-1.8991596639e+00 1.4285714286e+00 2.7742656260e+00
-1.8991596639e+00 1.4621848739e+00 2.7482666075e+00
-1.8991596639e+00 1.4957983193e+00 2.7224087243e+00
-1.8991596639e+00 1.5294117647e+00 2.6967070792e+00
-1.8991596639e+00 1.5630252101e+00 2.6711755113e+00
-1.8991596639e+00 1.5966386555e+00 2.6458266558e+00
-1.8991596639e+00 1.6302521008e+00 2.6206720037e+00
-1.8991596639e+00 1.6638655462e+00 2.5957219605e+00
-1.8991596639e+00 1.6974789916e+00 2.5709859051e+00
-1.8991596639e+00 1.7310924370e+00 2.5464722467e+00
-1.8991596639e+00 1.7647058824e+00 2.5221884809e+00
-1.8991596639e+00 1.7983193277e+00 2.4981412438e+00
-1.8991596639e+00 1.8319327731e+00 2.4743363653e+00
-1.8991596639e+00 1.8655462185e+00 2.4507789194e+00
-1.8991596639e+00 1.8991596639e+00 2.4274732734e+00
-1.8991596639e+00 1.9327731092e+00 2.4044231349e+00
-1.8991596639e+00 1.9663865546e+00 2.3816315966e+00
-1.8991596639e+00 2.0000000000e+00 2.3591011793e+00

-1.8655462185e+00 -2.0000000000e+00 2.3804703281e+00
-1.8655462185e+00 -1.9663865546e+00 2.4036262695e+00
-1.8655462185e+00 -1.9327731092e+00 2.4270631395e+00
-1.8655462185e+00 -1.8991596639e+00 2.4507789194e+00
-1.8655462185e+00 -1.8655462185e+00 2.4747710113e+00
-1.8655462185e+00 -1.8319327731e+00 2.4990361919e+00
-1.8655462185e+00 -1.7983193277e+00 2.5235705648e+00
-1.8655462185e+00 -1.7647058824e+00 2.5483695090e+00
-1.8655462185e+00 -1.7310924370e+00 2.5734276270e+00
-1.8655462185e+00 -1.6974789916e+00 2.5987386886e+00
-1.8655462185e+00 -1.6638655462e+00 2.6242955740e+00
-1.8655462185e+00 -1.6302521008e+00 2.6500902136e+00
-1.8655462185e+00 -1.5966386555e+00 2.6761135268e+00
-1.8655462185e+00 -1.5630252101e+00 2.7023553581e+00
-1.8655462185e+00 -1.5294117647e+00 2.7288044122e+00
-1.8655462185e+00 -1.4957983193e+00 2.7554481878e+00
-1.8655462185e+00 -1.4621848739e+00 2.7822729099e+00
-1.8655462185e+00 -1.4285714286e+00 2.8092634625e+00
-1.8655462185e+00 -1.3949579832e+00 2.8364033202e+00
-1.8655462185e+00 -1.3613445378e+00 2.8636744816e+00
-1.8655462185e+00 -1.3277310924e+00 2.8910574027e+00
-1.8655462185e+00 -1.2941176471e+00 2.9185309329e+00
-1.8655462185e+00 -1.2605042017e+00 2.9460722539e+00
-1.8655462185e+00 -1.2268907563e+00 2.9736568219e+00
-1.8655462185e+00 -1.1932773109e+00 3.0012583145e+00
-1.8655462185e+00 -1.1596638655e+00 3.0288485841e+00
-1.8655462185e+00 -1.1260504202e+00 3.0563976181e+00
-1.8655462185e+00 -1.0924369748e+00 3.0838735070e+00
-1.8655462185e+00 -1.0588235294e+00 3.1112424229e+00
-1.8655462185e+00 -1.0252100840e+00 3.1384686098e+00
-1.8655462185e+00 -9.9159663866e-01 3.1655143853e+00
-1.8655462185e+00 -9.5798319328e-01 3.1923401584e+00
-1.8655462185e+00 -9.2436974790e-01 3.2189044621e+00
-1.8655462185e+00 -8.9075630252e-01 3.2451640042e+00
-1.8655462185e+00 -8.5714285714e-01 3.2710737372e+00
-1.8655462185e+00 -8.2352941176e-01 3.2965869486e+00
-1.8655462185e+00 -7.8991596639e-01 3.3216553738e+00
-1.8655462185e+00 -7.5630252101e-01 3.3462293307e+00
-1.8655462185e+00 -7.2268907563e-01 3.3702578800e+00
-1.8655462185e+00 -6.8907563025e-01 3.3936890092e+00
-1.8655462185e+00 -6.5546218487e-01 3.4164698414e+00
-1.8655462185e+00 -6.2184873950e-01 3.4385468695e+00
-1.8655462185e+00 -5.8823529412e-01 3.4598662145e+00
-1.8655462185e+00 -5.5462184874e-01 3.4803739074e+00
-1.8655462185e+00 -5.2100840336e-01 3.5000161925e+00
-1.8655462185e+00 -4.8739495798e-01 3.5187398506e+00
-1.8655462185e+00 -4.5378151261e-01 3.5364925392e+00
-1.8655462185e+00 -4.2016806723e-01 3.5532231472e+00
-1.8655462185e+00 -3.8655462185e-01 3.5688821583e+00
-1.8655462185e+00 -3.5294117647e-01 3.5834220218e+00
-1.8655462185e+00 -3.1932773109e-01 3.5967975232e+00
-1.8655462185e+00 -2.8571428571e-01 3.6089661512e+00
-1.8655462185e+00 -2.5210084034e-01 3.6198884558e+00
-1.8655462185e+00 -2.1848739496e-01 3.6295283904e+00
-1.8655462185e+00 -1.8487394958e-01 3.6378536345e+00
-1.8655462185e+00 -1.5126050420e-01 3.6448358891e+00
-1.8655462185e+00 -1.1764705882e-01 3.6504511421e+00
-1.8655462185e+00 -8.4033613445e-02 3.6546798970e+00
-1.8655462185e+00 -5.0420168067e-02 3.6575073614e+00
-1.8655462185e+00 -1.6806722689e-02 3.6589235918e+00
-1.8655462185e+00 1.6806722689e-02 3.6589235918e+00
-1.8655462185e+00 5.0420168067e-02 3.6575073614e+00
-1.8655462185e+00 8.4033613445e-02 3.6546798970e+00
-1.8655462185e+00 1.1764705882e-01 3.6504511421e+00
-1.8655462185e+00 1.5126050420e-01 3.6448358891e+00
-1.8655462185e+00 1.8487394958e-01 3.6378536345e+00
-1.8655462185e+00 2.1848739496e-01 3.6295283904e+00
-1.8655462185e+00 2.5210084034e-01 3.6198884558e+00
-1.8655462185e+00 2.8571428571e-01 3.6089661512e+00
-1.8655462185e+00 3.1932773109e-01 3.5967975232e+00
-1.8655462185e+00 3.5294117647e-01 3.5834220218e+00
-1.8655462185e+00 3.8655462185e-01 3.5688821583e+00
-1.8655462185e+00 4.2016806723e-01 3.5532231472e+00
-1.8655462185e+00 4.5378151261e-01 3.5364925392e+00
-1.8655462185e+00 4.8739495798e-01 3.5187398506e+00
-1.8655462185e+00 5.2100840336e-01 3.5000161925e+00
-1.8655462185e+00 5.5462184874e-01 3.4803739074e+00
-1.8655462185e+00 5.8823529412e-01 3.4598662145e+00
-1.8655462185e+00 6.2184873950e-01 3.4385468695e+00
-1.8655462185e+00 6.5546218487e-01 3.4164698414e+00
-1.8655462185e+00 6.8907563025e-01 3.3936890092e+00
-1.8655462185e+00 7.2268907563e-01 3.3702578800e+00
-1.8655462185e+00 7.5630252101e-01 3.3462293307e+00
-1.8655462185e+00 7.8991596639e-01 3.3216553738e+00
-1.8655462185e+00 8.2352941176e-01 3.2965869486e+00
-1.8655462185e+00 8.5714285714e-01 3.2710737372e+00
-1.8655462185e+00 8.9075630252e-01 3.2451640042e+00
-1.8655462185e+00 9.2436974790e-01 3.2189044621e+00
-1.8655462185e+00 9.5798319328e-01 3.1923401584e+00
-1.8655462185e+00 9.9159663866e-01 3.1655143853e+00
-1.8655462185e+00 1.0252100840e+00 3.1384686098e+00
-1.8655462185e+00 1.0588235294e+00 3.1112424229e+00
-1.8655462185e+00 1.0924369748e+00 3.0838735070e+00
-1.8655462185e+00 1.1260504202e+00 3.0563976181e+00
-1.8655462185e+00 1.1596638655e+00 3.0288485841e+00
-1.8655462185e+00 1.1932773109e+00 3.0012583145e+00
-1.8655462185e+00 1.2268907563e+00 2.9736568219e+00
-1.8655462185e+00 1.2605042017e+00 2.9460722539e+00
-1.8655462185e+00 1.2941176471e+00 2.9185309329e+00
-1.8655462185e+00 1.3277310924e+00 2.8910574027e+00
-1.8655462185e+00 1.3613445378e+00 2.8636744816e+00
-1.8655462185e+00 1.3949579832e+00 2.8364033202e+00
-1.8655462185e+00 1.4285714286e+00 2.8092634625e+00
-1.8655462185e+00 1.4621848739e+00 2.7822729099e+00
-1.8655462185e+00 1.4957983193e+00 2.7554481878e+00
-1.8655462185e+00 1.5294117647e+00 2.7288044122e+00
-1.8655462185e+00 1.5630252101e+00 2.7023553581e+00
-1.8655462185e+00 1.5966386555e+00 2.6761135268e+00
-1.8655462185e+00 1.6302521008e+00 2.6500902136e+00
-1.8655462185e+00 1.6638655462e+00 2.6242955740e+00
-1.8655462185e+00 1.6974789916e+00 2.5987386886e+00
-1.8655462185e+00 1.7310924370e+00 2.5734276270e+00
-1.8655462185e+00 1.7647058824e+00 2.5483695090e+00
-1.8655462185e+00 1.7983193277e+00 2.5235705648e+00
-1.8655462185e+00 1.8319327731e+00 2.4990361919e+00
-1.8655462185e+00 1.8655462185e+00 2.4747710113e+00
-1.8655462185e+00 1.8991596639e+00 2.4507789194e+00
-1.8655462185e+00 1.9327731092e+00 2.4270631395e+00
-1.8655462185e+00 1.9663865546e+00 2.4036262695e+00
-1.8655462185e+00 2.0000000000e+00 2.3804703281e+00

-1.8319327731e+00 -2.0000000000e+00 2.4020349190e+00
-1.8319327731e+00 -1.9663865546e+00 2.4258339873e+00
-1.8319327731e+00 -1.9327731092e+00 2.4499349526e+00
-1.8319327731e+00 -1.8991596639e+00 2.4743363653e+00
-1.8319327731e+00 -1.8655462185e+00 2.4990361919e+00
-1.8319327731e+00 -1.8319327731e+00 2.5240317662e+00
-1.8319327731e+00 -1.7983193277e+00 2.5493197372e+00
-1.8319327731e+00 -1.7647058824e+00 2.5748960154e+00
-1.8319327731e+00 -1.7310924370e+00 2.6007557153e+00
-1.8319327731e+00 -1.6974789916e+00 2.6268930956e+00
-1.8319327731e+00 -1.6638655462e+00 2.6533014964e+00
-1.8319327731e+00 -1.6302521008e+00 2.6799732744e+00
-1.8319327731e+00 -1.5966386555e+00 2.7068997343e+00
-1.8319327731e+00 -1.5630252101e+00 2.7340710596e+00
-1.8319327731e+00 -1.5294117647e+00 2.7614762394e+00
-1.8319327731e+00 -1.4957983193e+00 2.7891029948e+00
-1.8319327731e+00 -1.4621848739e+00 2.8169377029e+00
-1.8319327731e+00 -1.4285714286e+00 2.8449653201e+00
-1.8319327731e+00 -1.3949579832e+00 2.8731693046e+00
-1.8319327731e+00 -1.3613445378e+00 2.9015315391e+00
-1.8319327731e+00 -1.3277310924e+00 2.9300322535e+00
-1.8319327731e+00 -1.2941176471e+00 2.9586499503e+00
-1.8319327731e+00 -1.2605042017e+00 2.9873613306e+00
-1.8319327731e+00 -1.2268907563e+00 3.0161412252e+00
-1.8319327731e+00 -1.1932773109e+00 3.0449625289e+00
-1.8319327731e+00 -1.1596638655e+00 3.0737961410e+00
-1.8319327731e+00 -1.1260504202e+00 3.1026109131e+00
-1.8319327731e+00 -1.0924369748e+00 3.1313736047e+00
-1.8319327731e+00 -1.0588235294e+00 3.1600488500e+00
-1.8319327731e+00 -1.0252100840e+00 3.1885991356e+00
-1.8319327731e+00 -9.9159663866e-01 3.2169847927e+00
-1.8319327731e+00 -9.5798319328e-01 3.2451640042e+00
-1.8319327731e+00 -9.2436974790e-01 3.2730928293e+00
-1.8319327731e+00 -8.9075630252e-01 3.3007252479e+00
-1.8319327731e+00 -8.5714285714e-01 3.3280132259e+00
-1.8319327731e+00 -8.2352941176e-01 3.3549068030e+00
-1.8319327731e+00 -7.8991596639e-01 3.3813542066e+00
-1.8319327731e+00 -7.5630252101e-01 3.4073019903e+00
-1.8319327731e+00 -7.2268907563e-01 3.4326952012e+00
-1.8319327731e+00 -6.8907563025e-01 3.4574775751e+00
-1.8319327731e+00 -6.5546218487e-01 3.4815917608e+00
-1.8319327731e+00 -6.2184873950e-01 3.5049795739e+00
-1.8319327731e+00 -5.8823529412e-01 3.5275822792e+00
-1.8319327731e+00 -5.5462184874e-01 3.5493409013e+00
-1.8319327731e+00 -5.2100840336e-01 3.5701965613e+00
-1.8319327731e+00 -4.8739495798e-01 3.5900908382e+00
-1.8319327731e+00 -4.5378151261e-01 3.6089661512e+00
-1.8319327731e+00 -4.2016806723e-01 3.6267661596e+00
-1.8319327731e+00 -3.8655462185e-01 3.6434361768e+00
-1.8319327731e+00 -3.5294117647e-01 3.6589235918e+00
-1.8319327731e+00 -3.1932773109e-01 3.6731782947e+00
-1.8319327731e+00 -2.8571428571e-01 3.6861530983e+00
-1.8319327731e+00 -2.5210084034e-01 3.6978041505e+00
-1.8319327731e+00 -2.1848739496e-01 3.7080913310e+00
-1.8319327731e+00 -1.8487394958e-01 3.7169786253e+00
-1.8319327731e+00 -1.5126050420e-01 3.7244344681e+00
-1.8319327731e+00 -1.1764705882e-01 3.7304320531e+00
-1.8319327731e+00 -8.4033613445e-02 3.7349495994e+00
-1.8319327731e+00 -5.0420168067e-02 3.7379705725e+00
-1.8319327731e+00 -1.6806722689e-02 3.7394838533e+00
-1.8319327731e+00 1.6806722689e-02 3.7394838533e+00
-1.8319327731e+00 5.0420168067e-02 3.7379705725e+00
-1.8319327731e+00 8.4033613445e-02 3.7349495994e+00
-1.8319327731e+00 1.1764705882e-01 3.7304320531e+00
-1.8319327731e+00 1.5126050420e-01 3.7244344681e+00
-1.8319327731e+00 1.8487394958e-01 3.7169786253e+00
-1.8319327731e+00 2.1848739496e-01 3.7080913310e+00
-1.8319327731e+00 2.5210084034e-01 3.6978041505e+00
-1.8319327731e+00 2.8571428571e-01 3.6861530983e+00
-1.8319327731e+00 3.1932773109e-01 3.6731782947e+00
-1.8319327731e+00 3.5294117647e-01 3.6589235918e+00
-1.8319327731e+00 3.8655462185e-01 3.6434361768e+00
-1.8319327731e+00 4.2016806723e-01 3.6267661596e+00
-1.8319327731e+00 4.5378151261e-01 3.6089661512e+00
-1.8319327731e+00 4.8739495798e-01 3.5900908382e+00
-1.8319327731e+00 5.2100840336e-01 3.5701965613e+00
-1.8319327731e+00 5.5462184874e-01 3.5493409013e+00
-1.8319327731e+00 5.8823529412e-01 3.5275822792e+00
-1.8319327731e+00 6.2184873950e-01 3.5049795739e+00
-1.8319327731e+00 6.5546218487e-01 3.4815917608e+00
-1.8319327731e+00 6.8907563025e-01 3.4574775751e+00
-1.8319327731e+00 7.2268907563e-01 3.4326952012e+00
-1.8319327731e+00 7.5630252101e-01 3.4073019903e+00
-1.8319327731e+00 7.8991596639e-01 3.3813542066e+00
-1.8319327731e+00 8.2352941176e-01 3.3549068030e+00
-1.8319327731e+00 8.5714285714e-01 3.3280132259e+00
-1.8319327731e+00 8.9075630252e-01 3.3007252479e+00
-1.8319327731e+00 9.2436974790e-01 3.2730928293e+00
-1.8319327731e+00 9.5798319328e-01 3.2451640042e+00
-1.8319327731e+00 9.9159663866e-01 3.2169847927e+00
-1.8319327731e+00 1.0252100840e+00 3.1885991356e+00
-1.8319327731e+00 1.0588235294e+00 3.1600488500e+00
-1.8319327731e+00 1.0924369748e+00 3.1313736047e+00
-1.8319327731e+00 1.1260504202e+00 3.1026109131e+00
-1.8319327731e+00 1.1596638655e+00 3.0737961410e+00
-1.8319327731e+00 1.1932773109e+00 3.0449625289e+00
-1.8319327731e+00 1.2268907563e+00 3.0161412252e+00
-1.8319327731e+00 1.2605042017e+00 2.9873613306e+00
-1.8319327731e+00 1.2941176471e+00 2.9586499503e+00
-1.8319327731e+00 1.3277310924e+00 2.9300322535e+00
-1.8319327731e+00 1.3613445378e+00 2.9015315391e+00
-1.8319327731e+00 1.3949579832e+00 2.8731693046e+00
-1.8319327731e+00 1.4285714286e+00 2.8449653201e+00
-1.8319327731e+00 1.4621848739e+00 2.8169377029e+00
-1.8319327731e+00 1.4957983193e+00 2.7891029948e+00
-1.8319327731e+00 1.5294117647e+00 2.7614762394e+00
-1.8319327731e+00 1.5630252101e+00 2.7340710596e+00
-1.8319327731e+00 1.5966386555e+00 2.7068997343e+00
-1.8319327731e+00 1.6302521008e+00 2.6799732744e+00
-1.8319327731e+00 1.6638655462e+00 2.6533014964e+00
-1.8319327731e+00 1.6974789916e+00 2.6268930956e+00
-1.8319327731e+00 1.7310924370e+00 2.6007557153e+00
-1.8319327731e+00 1.7647058824e+00 2.5748960154e+00
-1.8319327731e+00 1.7983193277e+00 2.5493197372e+00
-1.8319327731e+00 1.8319327731e+00 2.5240317662e+00
-1.8319327731e+00 1.8655462185e+00 2.4990361919e+00
-1.8319327731e+00 1.8991596639e+00 2.4743363653e+00
-1.8319327731e+00 1.9327731092e+00 2.4499349526e+00
-1.8319327731e+00 1.9663865546e+00 2.4258339873e+00
-1.8319327731e+00 2.0000000000e+00 2.4020349190e+00

-1.7983193277e+00 -2.0000000000e+00 2.4237895552e+00
-1.7983193277e+00 -1.9663865546e+00 2.4482496389e+00
-1.7983193277e+00 -1.9327731092e+00 2.4730338042e+00
-1.7983193277e+00 -1.8991596639e+00 2.4981412438e+00
-1.7983193277e+00 -1.8655462185e+00 2.5235705648e+00
-1.7983193277e+00 -1.8319327731e+00 2.5493197372e+00
-1.7983193277e+00 -1.7983193277e+00 2.5753860391e+00
-1.7983193277e+00 -1.7647058824e+00 2.6017659980e+00
-1.7983193277e+00 -1.7310924370e+00 2.6284553299e+00
-1.7983193277e+00 -1.6974789916e+00 2.6554488744e+00
-1.7983193277e+00 -1.6638655462e+00 2.6827405268e+00
-1.7983193277e+00 -1.6302521008e+00 2.7103231669e+00
-1.7983193277e+00 -1.5966386555e+00 2.7381885848e+00
-1.7983193277e+00 -1.5630252101e+00 2.7663274035e+00
-1.7983193277e+00 -1.5294117647e+00 2.7947289992e+00
-1.7983193277e+00 -1.4957983193e+00 2.8233814180e+00
-1.7983193277e+00 -1.4621848739e+00 2.8522712918e+00
-1.7983193277e+00 -1.4285714286e+00 2.8813837509e+00
-1.7983193277e+00 -1.3949579832e+00 2.9107023364e+00
-1.7983193277e+00 -1.3613445378e+00 2.9402089114e+00
-1.7983193277e+00 -1.3277310924e+00 2.9698835720e+00
-1.7983193277e+00 -1.2941176471e+00 2.9997045592e+00
-1.7983193277e+00 -1.2605042017e+00 3.0296481727e+00
-1.7983193277e+00 -1.2268907563e+00 3.0596886872e+00
-1.7983193277e+00 -1.1932773109e+00 3.0897982730e+00
-1.7983193277e+00 -1.1596638655e+00 3.1199469216e+00
-1.7983193277e+00 -1.1260504202e+00 3.1501023784e+00
-1.7983193277e+00 -1.0924369748e+00 3.1802300842e+00
-1.7983193277e+00 -1.0588235294e+00 3.2102931266e+00
-1.7983193277e+00 -1.0252100840e+00 3.2402522040e+00
-1.7983193277e+00 -9.9159663866e-01 3.2700656041e+00
-1.7983193277e+00 -9.5798319328e-01 3.2996891984e+00
-1.7983193277e+00 -9.2436974790e-01 3.3290764562e+00
-1.7983193277e+00 -8.9075630252e-01 3.3581784795e+00
-1.7983193277e+00 -8.5714285714e-01 3.3869440609e+00
-1.7983193277e+00 -8.2352941176e-01 3.4153197678e+00
-1.7983193277e+00 -7.8991596639e-01 3.4432500538e+00
-1.7983193277e+00 -7.5630252101e-01 3.4706774004e+00
-1.7983193277e+00 -7.2268907563e-01 3.4975424902e+00
-1.7983193277e+00 -6.8907563025e-01 3.5237844119e+00
-1.7983193277e+00 -6.5546218487e-01 3.5493409013e+00
-1.7983193277e+00 -6.2184873950e-01 3.5741486144e+00
-1.7983193277e+00 -5.8823529412e-01 3.5981434364e+00
-1.7983193277e+00 -5.5462184874e-01 3.6212608234e+00
-1.7983193277e+00 -5.2100840336e-01 3.6434361768e+00
-1.7983193277e+00 -4.8739495798e-01 3.6646052462e+00
-1.7983193277e+00 -4.5378151261e-01 3.6847045606e+00
-1.7983193277e+00 -4.2016806723e-01 3.7036718804e+00
-1.7983193277e+00 -3.8655462185e-01 3.7214466685e+00
-1.7983193277e+00 -3.5294117647e-01 3.7379705725e+00
-1.7983193277e+00 -3.1932773109e-01 3.7531879130e+00
-1.7983193277e+00 -2.8571428571e-01 3.7670461701e+00
-1.7983193277e+00 -2.5210084034e-01 3.7794964609e+00
-1.7983193277e+00 -2.1848739496e-01 3.7904939999e+00
-1.7983193277e+00 -1.8487394958e-01 3.7999985346e+00
-1.7983193277e+00 -1.5126050420e-01 3.8079747472e+00
-1.7983193277e+00 -1.1764705882e-01 3.8143926165e+00
-1.7983193277e+00 -8.4033613445e-02 3.8192277310e+00
-1.7983193277e+00 -5.0420168067e-02 3.8224615477e+00
-1.7983193277e+00 -1.6806722689e-02 3.8240815919e+00
-1.7983193277e+00 1.6806722689e-02 3.8240815919e+00
-1.7983193277e+00 5.0420168067e-02 3.8224615477e+00
-1.7983193277e+00 8.4033613445e-02 3.8192277310e+00
-1.7983193277e+00 1.1764705882e-01 3.8143926165e+00
-1.7983193277e+00 1.5126050420e-01 3.8079747472e+00
-1.7983193277e+00 1.8487394958e-01 3.7999985346e+00
-1.7983193277e+00 2.1848739496e-01 3.7904939999e+00
-1.7983193277e+00 2.5210084034e-01 3.7794964609e+00
-1.7983193277e+00 2.8571428571e-01 3.7670461701e+00
-1.7983193277e+00 3.1932773109e-01 3.7531879130e+00
-1.7983193277e+00 3.5294117647e-01 3.7379705725e+00
-1.7983193277e+00 3.8655462185e-01 3.7214466685e+00
-1.7983193277e+00 4.2016806723e-01 3.7036718804e+00
-1.7983193277e+00 4.5378151261e-01 3.6847045606e+00
-1.7983193277e+00 4.8739495798e-01 3.6646052462e+00
-1.7983193277e+00 5.2100840336e-01 3.6434361768e+00
-1.7983193277e+00 5.5462184874e-01 3.6212608234e+00
-1.7983193277e+00 5.8823529412e-01 3.5981434364e+00
-1.7983193277e+00 6.2184873950e-01 3.5741486144e+00
-1.7983193277e+00 6.5546218487e-01 3.5493409013e+00
-1.7983193277e+00 6.8907563025e-01 3.5237844119e+00
-1.7983193277e+00 7.2268907563e-01 3.4975424902e+00
-1.7983193277e+00 7.5630252101e-01 3.4706774004e+00
-1.7983193277e+00 7.8991596639e-01 3.4432500538e+00
-1.7983193277e+00 8.2352941176e-01 3.4153197678e+00
-1.7983193277e+00 8.5714285714e-01 3.3869440609e+00
-1.7983193277e+00 8.9075630252e-01 3.3581784795e+00
-1.7983193277e+00 9.2436974790e-01 3.3290764562e+00
-1.7983193277e+00 9.5798319328e-01 3.2996891984e+00
-1.7983193277e+00 9.9159663866e-01 3.2700656041e+00
-1.7983193277e+00 1.0252100840e+00 3.2402522040e+00
-1.7983193277e+00 1.0588235294e+00 3.2102931266e+00
-1.7983193277e+00 1.0924369748e+00 3.1802300842e+00
-1.7983193277e+00 1.1260504202e+00 3.1501023784e+00
-1.7983193277e+00 1.1596638655e+00 3.1199469216e+00
-1.7983193277e+00 1.1932773109e+00 3.0897982730e+00
-1.7983193277e+00 1.2268907563e+00 3.0596886872e+00
-1.7983193277e+00 1.2605042017e+00 3.0296481727e+00
-1.7983193277e+00 1.2941176471e+00 2.9997045592e+00
-1.7983193277e+00 1.3277310924e+00 2.9698835720e+00
-1.7983193277e+00 1.3613445378e+00 2.9402089114e+00
-1.7983193277e+00 1.3949579832e+00 2.9107023364e+00
-1.7983193277e+00 1.4285714286e+00 2.8813837509e+00
-1.7983193277e+00 1.4621848739e+00 2.8522712918e+00
-1.7983193277e+00 1.4957983193e+00 2.8233814180e+00
-1.7983193277e+00 1.5294117647e+00 2.7947289992e+00
-1.7983193277e+00 1.5630252101e+00 2.7663274035e+00
-1.7983193277e+00 1.5966386555e+00 2.7381885848e+00
-1.7983193277e+00 1.6302521008e+00 2.7103231669e+00
-1.7983193277e+00 1.6638655462e+00 2.6827405268e+00
-1.7983193277e+00 1.6974789916e+00 2.6554488744e+00
-1.7983193277e+00 1.7310924370e+00 2.6284553299e+00
-1.7983193277e+00 1.7647058824e+00 2.6017659980e+00
-1.7983193277e+00 1.7983193277e+00 2.5753860391e+00
-1.7983193277e+00 1.8319327731e+00 2.5493197372e+00
-1.7983193277e+00 1.8655462185e+00 2.5235705648e+00
-1.7983193277e+00 1.8991596639e+00 2.4981412438e+00
-1.7983193277e+00 1.9327731092e+00 2.4730338042e+00
-1.7983193277e+00 1.9663865546e+00 2.4482496389e+00
-1.7983193277e+00 2.0000000000e+00 2.4237895552e+00

-1.7647058824e+00 -2.0000000000e+00 2.4457281955e+00
-1.7647058824e+00 -1.9663865546e+00 2.4708674466e+00
-1.7647058824e+00 -1.9327731092e+00 2.4963542371e+00
-1.7647058824e+00 -1.8991596639e+00 2.5221884809e+00
-1.7647058824e+00 -1.8655462185e+00 2.5483695090e+00
-1.7647058824e+00 -1.8319327731e+00 2.5748960154e+00
-1.7647058824e+00 -1.7983193277e+00 2.6017659980e+00
-1.7647058824e+00 -1.7647058824e+00 2.6289766967e+00
-1.7647058824e+00 -1.7310924370e+00 2.6565245281e+00
-1.7647058824e+00 -1.6974789916e+00 2.6844050156e+00
-1.7647058824e+00 -1.6638655462e+00 2.7126127158e+00
-1.7647058824e+00 -1.6302521008e+00 2.7411411415e+00
-1.7647058824e+00 -1.5966386555e+00 2.7699826806e+00
-1.7647058824e+00 -1.5630252101e+00 2.7991285113e+00
-1.7647058824e+00 -1.5294117647e+00 2.8285685136e+00
-1.7647058824e+00 -1.4957983193e+00 2.8582911778e+00
-1.7647058824e+00 -1.4621848739e+00 2.8882835097e+00
-1.7647058824e+00 -1.4285714286e+00 2.9185309329e+00
-1.7647058824e+00 -1.3949579832e+00 2.9490171897e+00
-1.7647058824e+00 -1.3613445378e+00 2.9797242391e+00
-1.7647058824e+00 -1.3277310924e+00 3.0106321552e+00
-1.7647058824e+00 -1.2941176471e+00 3.0417190245e+00
-1.7647058824e+00 -1.2605042017e+00 3.0729608447e+00
-1.7647058824e+00 -1.2268907563e+00 3.1043314253e+00
-1.7647058824e+00 -1.1932773109e+00 3.1358022914e+00
-1.7647058824e+00 -1.1596638655e+00 3.1673425928e+00
-1.7647058824e+00 -1.1260504202e+00 3.1989190192e+00
-1.7647058824e+00 -1.0924369748e+00 3.2304957237e+00
-1.7647058824e+00 -1.0588235294e+00 3.2620342572e+00
-1.7647058824e+00 -1.0252100840e+00 3.2934935144e+00
-1.7647058824e+00 -9.9159663866e-01 3.3248296962e+00
-1.7647058824e+00 -9.5798319328e-01 3.3559962884e+00
-1.7647058824e+00 -9.2436974790e-01 3.3869440609e+00
-1.7647058824e+00 -8.9075630252e-01 3.4176210903e+00
-1.7647058824e+00 -8.5714285714e-01 3.4479728075e+00
-1.7647058824e+00 -8.2352941176e-01 3.4779420745e+00
-1.7647058824e+00 -7.8991596639e-01 3.5074692917e+00
-1.7647058824e+00 -7.5630252101e-01 3.5364925392e+00
-1.7647058824e+00 -7.2268907563e-01 3.5649477546e+00
-1.7647058824e+00 -6.8907563025e-01 3.5927689477e+00
-1.7647058824e+00 -6.5546218487e-01 3.6198884558e+00
-1.7647058824e+00 -6.2184873950e-01 3.6462372385e+00
-1.7647058824e+00 -5.8823529412e-01 3.6717452141e+00
-1.7647058824e+00 -5.5462184874e-01 3.6963416351e+00
-1.7647058824e+00 -5.2100840336e-01 3.7199555037e+00
-1.7647058824e+00 -4.8739495798e-01 3.7425160230e+00
-1.7647058824e+00 -4.5378151261e-01 3.7639530814e+00
-1.7647058824e+00 -4.2016806723e-01 3.7841977665e+00
-1.7647058824e+00 -3.8655462185e-01 3.8031829008e+00
-1.7647058824e+00 -3.5294117647e-01 3.8208435956e+00
-1.7647058824e+00 -3.1932773109e-01 3.8371178129e+00
-1.7647058824e+00 -2.8571428571e-01 3.8519469284e+00
-1.7647058824e+00 -2.5210084034e-01 3.8652762867e+00
-1.7647058824e+00 -2.1848739496e-01 3.8770557379e+00
-1.7647058824e+00 -1.8487394958e-01 3.8872401468e+00
-1.7647058824e+00 -1.5126050420e-01 3.8957898652e+00
-1.7647058824e+00 -1.1764705882e-01 3.9026711565e+00
-1.7647058824e+00 -8.4033613445e-02 3.9078565653e+00
-1.7647058824e+00 -5.0420168067e-02 3.9113252230e+00
-1.7647058824e+00 -1.6806722689e-02 3.9130630836e+00
-1.7647058824e+00 1.6806722689e-02 3.9130630836e+00
-1.7647058824e+00 5.0420168067e-02 3.9113252230e+00
-1.7647058824e+00 8.4033613445e-02 3.9078565653e+00
-1.7647058824e+00 1.1764705882e-01 3.9026711565e+00
-1.7647058824e+00 1.5126050420e-01 3.8957898652e+00
-1.7647058824e+00 1.8487394958e-01 3.8872401468e+00
-1.7647058824e+00 2.1848739496e-01 3.8770557379e+00
-1.7647058824e+00 2.5210084034e-01 3.8652762867e+00
-1.7647058824e+00 2.8571428571e-01 3.8519469284e+00
-1.7647058824e+00 3.1932773109e-01 3.8371178129e+00
-1.7647058824e+00 3.5294117647e-01 3.8208435956e+00
-1.7647058824e+00 3.8655462185e-01 3.8031829008e+00
-1.7647058824e+00 4.2016806723e-01 3.7841977665e+00
-1.7647058824e+00 4.5378151261e-01 3.7639530814e+00
-1.7647058824e+00 4.8739495798e-01 3.7425160230e+00
-1.7647058824e+00 5.2100840336e-01 3.7199555037e+00
-1.7647058824e+00 5.5462184874e-01 3.6963416351e+00
-1.7647058824e+00 5.8823529412e-01 3.6717452141e+00
-1.7647058824e+00 6.2184873950e-01 3.6462372385e+00
-1.7647058824e+00 6.5546218487e-01 3.6198884558e+00
-1.7647058824e+00 6.8907563025e-01 3.5927689477e+00
-1.7647058824e+00 7.2268907563e-01 3.5649477546e+00
-1.7647058824e+00 7.5630252101e-01 3.5364925392e+00
-1.7647058824e+00 7.8991596639e-01 3.5074692917e+00
-1.7647058824e+00 8.2352941176e-01 3.4779420745e+00
-1.7647058824e+00 8.5714285714e-01 3.4479728075e+00
-1.7647058824e+00 8.9075630252e-01 3.4176210903e+00
-1.7647058824e+00 9.2436974790e-01 3.3869440609e+00
-1.7647058824e+00 9.5798319328e-01 3.3559962884e+00
-1.7647058824e+00 9.9159663866e-01 3.3248296962e+00
-1.7647058824e+00 1.0252100840e+00 3.2934935144e+00
-1.7647058824e+00 1.0588235294e+00 3.2620342572e+00
-1.7647058824e+00 1.0924369748e+00 3.2304957237e+00
-1.7647058824e+00 1.1260504202e+00 3.1989190192e+00
-1.7647058824e+00 1.1596638655e+00 3.1673425928e+00
-1.7647058824e+00 1.1932773109e+00 3.1358022914e+00
-1.7647058824e+00 1.2268907563e+00 3.1043314253e+00
-1.7647058824e+00 1.2605042017e+00 3.0729608447e+00
-1.7647058824e+00 1.2941176471e+00 3.0417190245e+00
-1.7647058824e+00 1.3277310924e+00 3.0106321552e+00
-1.7647058824e+00 1.3613445378e+00 2.9797242391e+00
-1.7647058824e+00 1.3949579832e+00 2.9490171897e+00
-1.7647058824e+00 1.4285714286e+00 2.9185309329e+00
-1.7647058824e+00 1.4621848739e+00 2.8882835097e+00
-1.7647058824e+00 1.4957983193e+00 2.8582911778e+00
-1.7647058824e+00 1.5294117647e+00 2.8285685136e+00
-1.7647058824e+00 1.5630252101e+00 2.7991285113e+00
-1.7647058824e+00 1.5966386555e+00 2.7699826806e+00
-1.7647058824e+00 1.6302521008e+00 2.7411411415e+00
-1.7647058824e+00 1.6638655462e+00 2.7126127158e+00
-1.7647058824e+00 1.6974789916e+00 2.6844050156e+00
-1.7647058824e+00 1.7310924370e+00 2.6565245281e+00
-1.7647058824e+00 1.7647058824e+00 2.6289766967e+00
-1.7647058824e+00 1.7983193277e+00 2.6017659980e+00
-1.7647058824e+00 1.8319327731e+00 2.5748960154e+00
-1.7647058824e+00 1.8655462185e+00 2.5483695090e+00
-1.7647058824e+00 1.8991596639e+00 2.5221884809e+00
-1.7647058824e+00 1.9327731092e+00 2.4963542371e+00
-1.7647058824e+00 1.9663865546e+00 2.4708674466e+00
-1.7647058824e+00 2.0000000000e+00 2.4457281955e+00

-1.7310924370e+00 -2.0000000000e+00 2.4678441166e+00
-1.7310924370e+00 -1.9663865546e+00 2.4936809253e+00
-1.7310924370e+00 -1.9327731092e+00 2.5198900615e+00
-1.7310924370e+00 -1.8991596639e+00 2.5464722467e+00
-1.7310924370e+00 -1.8655462185e+00 2.5734276270e+00
-1.7310924370e+00 -1.8319327731e+00 2.6007557153e+00
-1.7310924370e+00 -1.7983193277e+00 2.6284553299e+00
-1.7310924370e+00 -1.7647058824e+00 2.6565245281e+00
-1.7310924370e+00 -1.7310924370e+00 2.6849605369e+00
-1.7310924370e+00 -1.6974789916e+00 2.7137596777e+00
-1.7310924370e+00 -1.6638655462e+00 2.7429172874e+00
-1.7310924370e+00 -1.6302521008e+00 2.7724276353e+00
-1.7310924370e+00 -1.5966386555e+00 2.8022838341e+00
-1.7310924370e+00 -1.5630252101e+00 2.8324777483e+00
-1.7310924370e+00 -1.5294117647e+00 2.8629998959e+00
-1.7310924370e+00 -1.4957983193e+00 2.8938393481e+00
-1.7310924370e+00 -1.4621848739e+00 2.9249836231e+00
-1.7310924370e+00 -1.4285714286e+00 2.9564185776e+00
-1.7310924370e+00 -1.3949579832e+00 2.9881282941e+00
-1.7310924370e+00 -1.3613445378e+00 3.0200949661e+00
-1.7310924370e+00 -1.3277310924e+00 3.0522987806e+00
-1.7310924370e+00 -1.2941176471e+00 3.0847178007e+00
-1.7310924370e+00 -1.2605042017e+00 3.1173278465e+00
-1.7310924370e+00 -1.2268907563e+00 3.1501023784e+00
-1.7310924370e+00 -1.1932773109e+00 3.1830123816e+00
-1.7310924370e+00 -1.1596638655e+00 3.2160262561e+00
-1.7310924370e+00 -1.1260504202e+00 3.2491097109e+00
-1.7310924370e+00 -1.0924369748e+00 3.2822256672e+00
-1.7310924370e+00 -1.0588235294e+00 3.3153341716e+00
-1.7310924370e+00 -1.0252100840e+00 3.3483923216e+00
-1.7310924370e+00 -9.9159663866e-01 3.3813542066e+00
-1.7310924370e+00 -9.5798319328e-01 3.4141708674e+00
-1.7310924370e+00 -9.2436974790e-01 3.4467902769e+00
-1.7310924370e+00 -8.9075630252e-01 3.4791573461e+00
-1.7310924370e+00 -8.5714285714e-01 3.5112139570e+00
-1.7310924370e+00 -8.2352941176e-01 3.5428990281e+00
-1.7310924370e+00 -7.8991596639e-01 3.5741486144e+00
-1.7310924370e+00 -7.5630252101e-01 3.6048960450e+00
-1.7310924370e+00 -7.2268907563e-01 3.6350721026e+00
-1.7310924370e+00 -6.8907563025e-01 3.6646052462e+00
-1.7310924370e+00 -6.5546218487e-01 3.6934218797e+00
-1.7310924370e+00 -6.2184873950e-01 3.7214466685e+00
-1.7310924370e+00 -5.8823529412e-01 3.7486029039e+00
-1.7310924370e+00 -5.5462184874e-01 3.7748129162e+00
-1.7310924370e+00 -5.2100840336e-01 3.7999985346e+00
-1.7310924370e+00 -4.8739495798e-01 3.8240815919e+00
-1.7310924370e+00 -4.5378151261e-01 3.8469844714e+00
-1.7310924370e+00 -4.2016806723e-01 3.8686306887e+00
-1.7310924370e+00 -3.8655462185e-01 3.8889455055e+00
-1.7310924370e+00 -3.5294117647e-01 3.9078565653e+00
-1.7310924370e+00 -3.1932773109e-01 3.9252945428e+00
-1.7310924370e+00 -2.8571428571e-01 3.9411937982e+00
-1.7310924370e+00 -2.5210084034e-01 3.9554930242e+00
-1.7310924370e+00 -2.1848739496e-01 3.9681358748e+00
-1.7310924370e+00 -1.8487394958e-01 3.9790715640e+00
-1.7310924370e+00 -1.5126050420e-01 3.9882554218e+00
-1.7310924370e+00 -1.1764705882e-01 3.9956493971e+00
-1.7310924370e+00 -8.4033613445e-02 4.0012224949e+00
-1.7310924370e+00 -5.0420168067e-02 4.0049511396e+00
-1.7310924370e+00 -1.6806722689e-02 4.0068194551e+00
-1.7310924370e+00 1.6806722689e-02 4.0068194551e+00
-1.7310924370e+00 5.0420168067e-02 4.0049511396e+00
-1.7310924370e+00 8.4033613445e-02 4.0012224949e+00
-1.7310924370e+00 1.1764705882e-01 3.9956493971e+00
-1.7310924370e+00 1.5126050420e-01 3.9882554218e+00
-1.7310924370e+00 1.8487394958e-01 3.9790715640e+00
-1.7310924370e+00 2.1848739496e-01 3.9681358748e+00
-1.7310924370e+00 2.5210084034e-01 3.9554930242e+00
-1.7310924370e+00 2.8571428571e-01 3.9411937982e+00
-1.7310924370e+00 3.1932773109e-01 3.9252945428e+00
-1.7310924370e+00 3.5294117647e-01 3.9078565653e+00
-1.7310924370e+00 3.8655462185e-01 3.8889455055e+00
-1.7310924370e+00 4.2016806723e-01 3.8686306887e+00
-1.7310924370e+00 4.5378151261e-01 3.8469844714e+00
-1.7310924370e+00 4.8739495798e-01 3.8240815919e+00
-1.7310924370e+00 5.2100840336e-01 3.7999985346e+00
-1.7310924370e+00 5.5462184874e-01 3.7748129162e+00
-1.7310924370e+00 5.8823529412e-01 3.7486029039e+00
-1.7310924370e+00 6.2184873950e-01 3.7214466685e+00
-1.7310924370e+00 6.5546218487e-01 3.6934218797e+00
-1.7310924370e+00 6.8907563025e-01 3.6646052462e+00
-1.7310924370e+00 7.2268907563e-01 3.6350721026e+00
-1.7310924370e+00 7.5630252101e-01 3.6048960450e+00
-1.7310924370e+00 7.8991596639e-01 3.5741486144e+00
-1.7310924370e+00 8.2352941176e-01 3.5428990281e+00
-1.7310924370e+00 8.5714285714e-01 3.5112139570e+00
-1.7310924370e+00 8.9075630252e-01 3.4791573461e+00
-1.7310924370e+00 9.2436974790e-01 3.4467902769e+00
-1.7310924370e+00 9.5798319328e-01 3.4141708674e+00
-1.7310924370e+00 9.9159663866e-01 3.3813542066e+00
-1.7310924370e+00 1.0252100840e+00 3.3483923216e+00
-1.7310924370e+00 1.0588235294e+00 3.3153341716e+00
-1.7310924370e+00 1.0924369748e+00 3.2822256672e+00
-1.7310924370e+00 1.1260504202e+00 3.2491097109e+00
-1.7310924370e+00 1.1596638655e+00 3.2160262561e+00
-1.7310924370e+00 1.1932773109e+00 3.1830123816e+00
-1.7310924370e+00 1.2268907563e+00 3.1501023784e+00
-1.7310924370e+00 1.2605042017e+00 3.1173278465e+00
-1.7310924370e+00 1.2941176471e+00 3.0847178007e+00
-1.7310924370e+00 1.3277310924e+00 3.0522987806e+00
-1.7310924370e+00 1.3613445378e+00 3.0200949661e+00
-1.7310924370e+00 1.3949579832e+00 2.9881282941e+00
-1.7310924370e+00 1.4285714286e+00 2.9564185776e+00
-1.7310924370e+00 1.4621848739e+00 2.9249836231e+00
-1.7310924370e+00 1.4957983193e+00 2.8938393481e+00
-1.7310924370e+00 1.5294117647e+00 2.8629998959e+00
-1.7310924370e+00 1.5630252101e+00 2.8324777483e+00
-1.7310924370e+00 1.5966386555e+00 2.8022838341e+00
-1.7310924370e+00 1.6302521008e+00 2.7724276353e+00
-1.7310924370e+00 1.6638655462e+00 2.7429172874e+00
-1.7310924370e+00 1.6974789916e+00 2.7137596777e+00
-1.7310924370e+00 1.7310924370e+00 2.6849605369e+00
-1.7310924370e+00 1.7647058824e+00 2.6565245281e+00
-1.7310924370e+00 1.7983193277e+00 2.6284553299e+00
-1.7310924370e+00 1.8319327731e+00 2.6007557153e+00
-1.7310924370e+00 1.8655462185e+00 2.5734276270e+00
-1.7310924370e+00 1.8991596639e+00 2.5464722467e+00
-1.7310924370e+00 1.9327731092e+00 2.5198900615e+00
-1.7310924370e+00 1.9663865546e+00 2.4936809253e+00
-1.7310924370e+00 2.0000000000e+00 2.4678441166e+00

-1.6974789916e+00 -2.0000000000e+00 2.4901298739e+00
-1.6974789916e+00 -1.9663865546e+00 2.5166828390e+00
-1.6974789916e+00 -1.9327731092e+00 2.5436343085e+00
-1.6974789916e+00 -1.8991596639e+00 2.5709859051e+00
-1.6974789916e+00 -1.8655462185e+00 2.5987386886e+00
-1.6974789916e+00 -1.8319327731e+00 2.6268930956e+00
-1.6974789916e+00 -1.7983193277e+00 2.6554488744e+00
-1.6974789916e+00 -1.7647058824e+00 2.6844050156e+00
-1.6974789916e+00 -1.7310924370e+00 2.7137596777e+00
-1.6974789916e+00 -1.6974789916e+00 2.7435101072e+00
-1.6974789916e+00 -1.6638655462e+00 2.7736525544e+00
-1.6974789916e+00 -1.6302521008e+00 2.8041821828e+00
-1.6974789916e+00 -1.5966386555e+00 2.8350929739e+00
-1.6974789916e+00 -1.5630252101e+00 2.8663776265e+00
-1.6974789916e+00 -1.5294117647e+00 2.8980274502e+00
-1.6974789916e+00 -1.4957983193e+00 2.9300322535e+00
-1.6974789916e+00 -1.4621848739e+00 2.9623802279e+00
-1.6974789916e+00 -1.4285714286e+00 2.9950578253e+00
-1.6974789916e+00 -1.3949579832e+00 3.0280496326e+00
-1.6974789916e+00 -1.3613445378e+00 3.0613382415e+00
-1.6974789916e+00 -1.3277310924e+00 3.0949041149e+00
-1.6974789916e+00 -1.2941176471e+00 3.1287254513e+00
-1.6974789916e+00 -1.2605042017e+00 3.1627780475e+00
-1.6974789916e+00 -1.2268907563e+00 3.1970351609e+00
-1.6974789916e+00 -1.1932773109e+00 3.2314673733e+00
-1.6974789916e+00 -1.1596638655e+00 3.2660424574e+00
-1.6974789916e+00 -1.1260504202e+00 3.3007252479e+00
-1.6974789916e+00 -1.0924369748e+00 3.3354775207e+00
-1.6974789916e+00 -1.0588235294e+00 3.3702578800e+00
-1.6974789916e+00 -1.0252100840e+00 3.4050216597e+00
-1.6974789916e+00 -9.9159663866e-01 3.4397208384e+00
-1.6974789916e+00 -9.5798319328e-01 3.4743039750e+00
-1.6974789916e+00 -9.2436974790e-01 3.5087161658e+00
-1.6974789916e+00 -8.9075630252e-01 3.5428990281e+00
-1.6974789916e+00 -8.5714285714e-01 3.5767907144e+00
-1.6974789916e+00 -8.2352941176e-01 3.6103259613e+00
-1.6974789916e+00 -7.8991596639e-01 3.6434361768e+00
-1.6974789916e+00 -7.5630252101e-01 3.6760495705e+00
-1.6974789916e+00 -7.2268907563e-01 3.7080913310e+00
-1.6974789916e+00 -6.8907563025e-01 3.7394838533e+00
-1.6974789916e+00 -6.5546218487e-01 3.7701470193e+00
-1.6974789916e+00 -6.2184873950e-01 3.7999985346e+00
-1.6974789916e+00 -5.8823529412e-01 3.8289543227e+00
-1.6974789916e+00 -5.5462184874e-01 3.8569289772e+00
-1.6974789916e+00 -5.2100840336e-01 3.8838362705e+00
-1.6974789916e+00 -4.8739495798e-01 3.9095897187e+00
-1.6974789916e+00 -4.5378151261e-01 3.9341031976e+00
-1.6974789916e+00 -4.2016806723e-01 3.9572916053e+00
-1.6974789916e+00 -3.8655462185e-01 3.9790715640e+00
-1.6974789916e+00 -3.5294117647e-01 3.9993621528e+00
-1.6974789916e+00 -3.1932773109e-01 4.0180856613e+00
-1.6974789916e+00 -2.8571428571e-01 4.0351683517e+00
-1.6974789916e+00 -2.5210084034e-01 4.0505412166e+00
-1.6974789916e+00 -2.1848739496e-01 4.0641407194e+00
-1.6974789916e+00 -1.8487394958e-01 4.0759095006e+00
-1.6974789916e+00 -1.5126050420e-01 4.0857970375e+00
-1.6974789916e+00 -1.1764705882e-01 4.0937602414e+00
-1.6974789916e+00 -8.4033613445e-02 4.0997639792e+00
-1.6974789916e+00 -5.0420168067e-02 4.1037815069e+00
-1.6974789916e+00 -1.6806722689e-02 4.1057948046e+00
-1.6974789916e+00 1.6806722689e-02 4.1057948046e+00
-1.6974789916e+00 5.0420168067e-02 4.1037815069e+00
-1.6974789916e+00 8.4033613445e-02 4.0997639792e+00
-1.6974789916e+00 1.1764705882e-01 4.0937602414e+00
-1.6974789916e+00 1.5126050420e-01 4.0857970375e+00
-1.6974789916e+00 1.8487394958e-01 4.0759095006e+00
-1.6974789916e+00 2.1848739496e-01 4.0641407194e+00
-1.6974789916e+00 2.5210084034e-01 4.0505412166e+00
-1.6974789916e+00 2.8571428571e-01 4.0351683517e+00
-1.6974789916e+00 3.1932773109e-01 4.0180856613e+00
-1.6974789916e+00 3.5294117647e-01 3.9993621528e+00
-1.6974789916e+00 3.8655462185e-01 3.9790715640e+00
-1.6974789916e+00 4.2016806723e-01 3.9572916053e+00
-1.6974789916e+00 4.5378151261e-01 3.9341031976e+00
-1.6974789916e+00 4.8739495798e-01 3.9095897187e+00
-1.6974789916e+00 5.2100840336e-01 3.8838362705e+00
-1.6974789916e+00 5.5462184874e-01 3.8569289772e+00
-1.6974789916e+00 5.8823529412e-01 3.8289543227e+00
-1.6974789916e+00 6.2184873950e-01 3.7999985346e+00
-1.6974789916e+00 6.5546218487e-01 3.7701470193e+00
-1.6974789916e+00 6.8907563025e-01 3.7394838533e+00
-1.6974789916e+00 7.2268907563e-01 3.7080913310e+00
-1.6974789916e+00 7.5630252101e-01 3.6760495705e+00
-1.6974789916e+00 7.8991596639e-01 3.6434361768e+00
-1.6974789916e+00 8.2352941176e-01 3.6103259613e+00
-1.6974789916e+00 8.5714285714e-01 3.5767907144e+00
-1.6974789916e+00 8.9075630252e-01 3.5428990281e+00
-1.6974789916e+00 9.2436974790e-01 3.5087161658e+00
-1.6974789916e+00 9.5798319328e-01 3.4743039750e+00
-1.6974789916e+00 9.9159663866e-01 3.4397208384e+00
-1.6974789916e+00 1.0252100840e+00 3.4050216597e+00
-1.6974789916e+00 1.0588235294e+00 3.3702578800e+00
-1.6974789916e+00 1.0924369748e+00 3.3354775207e+00
-1.6974789916e+00 1.1260504202e+00 3.3007252479e+00
-1.6974789916e+00 1.1596638655e+00 3.2660424574e+00
-1.6974789916e+00 1.1932773109e+00 3.2314673733e+00
-1.6974789916e+00 1.2268907563e+00 3.1970351609e+00
-1.6974789916e+00 1.2605042017e+00 3.1627780475e+00
-1.6974789916e+00 1.2941176471e+00 3.1287254513e+00
-1.6974789916e+00 1.3277310924e+00 3.0949041149e+00
-1.6974789916e+00 1.3613445378e+00 3.0613382415e+00
-1.6974789916e+00 1.3949579832e+00 3.0280496326e+00
-1.6974789916e+00 1.4285714286e+00 2.9950578253e+00
-1.6974789916e+00 1.4621848739e+00 2.9623802279e+00
-1.6974789916e+00 1.4957983193e+00 2.9300322535e+00
-1.6974789916e+00 1.5294117647e+00 2.8980274502e+00
-1.6974789916e+00 1.5630252101e+00 2.8663776265e+00
-1.6974789916e+00 1.5966386555e+00 2.8350929739e+00
-1.6974789916e+00 1.6302521008e+00 2.8041821828e+00
-1.6974789916e+00 1.6638655462e+00 2.7736525544e+00
-1.6974789916e+00 1.6974789916e+00 2.7435101072e+00
-1.6974789916e+00 1.7310924370e+00 2.7137596777e+00
-1.6974789916e+00 1.7647058824e+00 2.6844050156e+00
-1.6974789916e+00 1.7983193277e+00 2.6554488744e+00
-1.6974789916e+00 1.8319327731e+00 2.6268930956e+00
-1.6974789916e+00 1.8655462185e+00 2.5987386886e+00
-1.6974789916e+00 1.8991596639e+00 2.5709859051e+00
-1.6974789916e+00 1.9327731092e+00 2.5436343085e+00
-1.6974789916e+00 1.9663865546e+00 2.5166828390e+00
-1.6974789916e+00 2.0000000000e+00 2.4901298739e+00

-1.6638655462e+00 -2.0000000000e+00 2.5125772623e+00
-1.6638655462e+00 -1.9663865546e+00 2.5398651577e+00
-1.6638655462e+00 -1.9327731092e+00 2.5675791821e+00
-1.6638655462e+00 -1.8991596639e+00 2.5957219605e+00
-1.6638655462e+00 -1.8655462185e+00 2.6242955740e+00
-1.6638655462e+00 -1.8319327731e+00 2.6533014964e+00
-1.6638655462e+00 -1.7983193277e+00 2.6827405268e+00
-1.6638655462e+00 -1.7647058824e+00 2.7126127158e+00
-1.6638655462e+00 -1.7310924370e+00 2.7429172874e+00
-1.6638655462e+00 -1.6974789916e+00 2.7736525544e+00
-1.6638655462e+00 -1.6638655462e+00 2.8048158277e+00
-1.6638655462e+00 -1.6302521008e+00 2.8364033202e+00
-1.6638655462e+00 -1.5966386555e+00 2.8684100435e+00
-1.6638655462e+00 -1.5630252101e+00 2.9008296987e+00
-1.6638655462e+00 -1.5294117647e+00 2.9336545608e+00
-1.6638655462e+00 -1.4957983193e+00 2.9668753560e+00
-1.6638655462e+00 -1.4621848739e+00 3.0004811331e+00
-1.6638655462e+00 -1.4285714286e+00 3.0344591288e+00
-1.6638655462e+00 -1.3949579832e+00 3.0687946261e+00
-1.6638655462e+00 -1.3613445378e+00 3.1034708089e+00
-1.6638655462e+00 -1.3277310924e+00 3.1384686098e+00
-1.6638655462e+00 -1.2941176471e+00 3.1737665554e+00
-1.6638655462e+00 -1.2605042017e+00 3.2093406079e+00
-1.6638655462e+00 -1.2268907563e+00 3.2451640042e+00
-1.6638655462e+00 -1.1932773109e+00 3.2812070957e+00
-1.6638655462e+00 -1.1596638655e+00 3.3174371887e+00
-1.6638655462e+00 -1.1260504202e+00 3.3538183887e+00
-1.6638655462e+00 -1.0924369748e+00 3.3903114500e+00
-1.6638655462e+00 -1.0588235294e+00 3.4268736342e+00
-1.6638655462e+00 -1.0252100840e+00 3.4634585809e+00
-1.6638655462e+00 -9.9159663866e-01 3.5000161925e+00
-1.6638655462e+00 -9.5798319328e-01 3.5364925392e+00
-1.6638655462e+00 -9.2436974790e-01 3.5728297866e+00
-1.6638655462e+00 -8.9075630252e-01 3.6089661512e+00
-1.6638655462e+00 -8.5714285714e-01 3.6448358891e+00
-1.6638655462e+00 -8.2352941176e-01 3.6803693216e+00
-1.6638655462e+00 -7.8991596639e-01 3.7154929042e+00
-1.6638655462e+00 -7.5630252101e-01 3.7501293434e+00
-1.6638655462e+00 -7.2268907563e-01 3.7841977665e+00
-1.6638655462e+00 -6.8907563025e-01 3.8176139493e+00
-1.6638655462e+00 -6.5546218487e-01 3.8502906057e+00
-1.6638655462e+00 -6.2184873950e-01 3.8821377426e+00
-1.6638655462e+00 -5.8823529412e-01 3.9130630836e+00
-1.6638655462e+00 -5.5462184874e-01 3.9429725618e+00
-1.6638655462e+00 -5.2100840336e-01 3.9717708823e+00
-1.6638655462e+00 -4.8739495798e-01 3.9993621528e+00
-1.6638655462e+00 -4.5378151261e-01 4.0256505786e+00
-1.6638655462e+00 -4.2016806723e-01 4.0505412166e+00
-1.6638655462e+00 -3.8655462185e-01 4.0739407812e+00
-1.6638655462e+00 -3.5294117647e-01 4.0957584904e+00
-1.6638655462e+00 -3.1932773109e-01 4.1159069428e+00
-1.6638655462e+00 -2.8571428571e-01 4.1343030095e+00
-1.6638655462e+00 -2.5210084034e-01 4.1508687259e+00
-1.6638655462e+00 -2.1848739496e-01 4.1655321664e+00
-1.6638655462e+00 -1.8487394958e-01 4.1782282838e+00
-1.6638655462e+00 -1.5126050420e-01 4.1888996953e+00
-1.6638655462e+00 -1.1764705882e-01 4.1974973966e+00
-1.6638655462e+00 -8.4033613445e-02 4.2039813877e+00
-1.6638655462e+00 -5.0420168067e-02 4.2083211937e+00
-1.6638655462e+00 -1.6806722689e-02 4.2104962681e+00
-1.6638655462e+00 1.6806722689e-02 4.2104962681e+00
-1.6638655462e+00 5.0420168067e-02 4.2083211937e+00
-1.6638655462e+00 8.4033613445e-02 4.2039813877e+00
-1.6638655462e+00 1.1764705882e-01 4.1974973966e+00
-1.6638655462e+00 1.5126050420e-01 4.1888996953e+00
-1.6638655462e+00 1.8487394958e-01 4.1782282838e+00
-1.6638655462e+00 2.1848739496e-01 4.1655321664e+00
-1.6638655462e+00 2.5210084034e-01 4.1508687259e+00
-1.6638655462e+00 2.8571428571e-01 4.1343030095e+00
-1.6638655462e+00 3.1932773109e-01 4.1159069428e+00
-1.6638655462e+00 3.5294117647e-01 4.0957584904e+00
-1.6638655462e+00 3.8655462185e-01 4.0739407812e+00
-1.6638655462e+00 4.2016806723e-01 4.0505412166e+00
-1.6638655462e+00 4.5378151261e-01 4.0256505786e+00
-1.6638655462e+00 4.8739495798e-01 3.9993621528e+00
-1.6638655462e+00 5.2100840336e-01 3.9717708823e+00
-1.6638655462e+00 5.5462184874e-01 3.9429725618e+00
-1.6638655462e+00 5.8823529412e-01 3.9130630836e+00
-1.6638655462e+00 6.2184873950e-01 3.8821377426e+00
-1.6638655462e+00 6.5546218487e-01 3.8502906057e+00
-1.6638655462e+00 6.8907563025e-01 3.8176139493e+00
-1.6638655462e+00 7.2268907563e-01 3.7841977665e+00
-1.6638655462e+00 7.5630252101e-01 3.7501293434e+00
-1.6638655462e+00 7.8991596639e-01 3.7154929042e+00
-1.6638655462e+00 8.2352941176e-01 3.6803693216e+00
-1.6638655462e+00 8.5714285714e-01 3.6448358891e+00
-1.6638655462e+00 8.9075630252e-01 3.6089661512e+00
-1.6638655462e+00 9.2436974790e-01 3.5728297866e+00
-1.6638655462e+00 9.5798319328e-01 3.5364925392e+00
-1.6638655462e+00 9.9159663866e-01 3.5000161925e+00
-1.6638655462e+00 1.0252100840e+00 3.4634585809e+00
-1.6638655462e+00 1.0588235294e+00 3.4268736342e+00
-1.6638655462e+00 1.0924369748e+00 3.3903114500e+00
-1.6638655462e+00 1.1260504202e+00 3.3538183887e+00
-1.6638655462e+00 1.1596638655e+00 3.3174371887e+00
-1.6638655462e+00 1.1932773109e+00 3.2812070957e+00
-1.6638655462e+00 1.2268907563e+00 3.2451640042e+00
-1.6638655462e+00 1.2605042017e+00 3.2093406079e+00
-1.6638655462e+00 1.2941176471e+00 3.1737665554e+00
-1.6638655462e+00 1.3277310924e+00 3.1384686098e+00
-1.6638655462e+00 1.3613445378e+00 3.1034708089e+00
-1.6638655462e+00 1.3949579832e+00 3.0687946261e+00
-1.6638655462e+00 1.4285714286e+00 3.0344591288e+00
-1.6638655462e+00 1.4621848739e+00 3.0004811331e+00
-1.6638655462e+00 1.4957983193e+00 2.9668753560e+00
-1.6638655462e+00 1.5294117647e+00 2.9336545608e+00
-1.6638655462e+00 1.5630252101e+00 2.9008296987e+00
-1.6638655462e+00 1.5966386555e+00 2.8684100435e+00
-1.6638655462e+00 1.6302521008e+00 2.8364033202e+00
-1.6638655462e+00 1.6638655462e+00 2.8048158277e+00
-1.6638655462e+00 1.6974789916e+00 2.7736525544e+00
-1.6638655462e+00 1.7310924370e+00 2.7429172874e+00
-1.6638655462e+00 1.7647058824e+00 2.7126127158e+00
-1.6638655462e+00 1.7983193277e+00 2.6827405268e+00
-1.6638655462e+00 1.8319327731e+00 2.6533014964e+00
-1.6638655462e+00 1.8655462185e+00 2.6242955740e+00
-1.6638655462e+00 1.8991596639e+00 2.5957219605e+00
-1.6638655462e+00 1.9327731092e+00 2.5675791821e+00
-1.6638655462e+00 1.9663865546e+00 2.5398651577e+00
-1.6638655462e+00 2.0000000000e+00 2.5125772623e+00

-1.6302521008e+00 -2.0000000000e+00 2.5351772750e+00
-1.6302521008e+00 -1.9663865546e+00 2.5632190121e+00
-1.6302521008e+00 -1.9327731092e+00 2.5917160094e+00
-1.6302521008e+00 -1.8991596639e+00 2.6206720037e+00
-1.6302521008e+00 -1.8655462185e+00 2.6500902136e+00
-1.6302521008e+00 -1.8319327731e+00 2.6799732744e+00
-1.6302521008e+00 -1.7983193277e+00 2.7103231669e+00
-1.6302521008e+00 -1.7647058824e+00 2.7411411415e+00
-1.6302521008e+00 -1.7310924370e+00 2.7724276353e+00
-1.6302521008e+00 -1.6974789916e+00 2.8041821828e+00
-1.6302521008e+00 -1.6638655462e+00 2.8364033202e+00
-1.6302521008e+00 -1.6302521008e+00 2.8690884823e+00
-1.6302521008e+00 -1.5966386555e+00 2.9022338920e+00
-1.6302521008e+00 -1.5630252101e+00 2.9358344426e+00
-1.6302521008e+00 -1.5294117647e+00 2.9698835720e+00
-1.6302521008e+00 -1.4957983193e+00 3.0043731292e+00
-1.6302521008e+00 -1.4621848739e+00 3.0392932332e+00
-1.6302521008e+00 -1.4285714286e+00 3.0746321237e+00
-1.6302521008e+00 -1.3949579832e+00 3.1103760044e+00
-1.6302521008e+00 -1.3613445378e+00 3.1465088793e+00
-1.6302521008e+00 -1.3277310924e+00 3.1830123816e+00
-1.6302521008e+00 -1.2941176471e+00 3.2198655974e+00
-1.6302521008e+00 -1.2605042017e+00 3.2570448836e+00
-1.6302521008e+00 -1.2268907563e+00 3.2945236822e+00
-1.6302521008e+00 -1.1932773109e+00 3.3322723321e+00
-1.6302521008e+00 -1.1596638655e+00 3.3702578800e+00
-1.6302521008e+00 -1.1260504202e+00 3.4084438934e+00
-1.6302521008e+00 -1.0924369748e+00 3.4467902769e+00
-1.6302521008e+00 -1.0588235294e+00 3.4852530962e+00
-1.6302521008e+00 -1.0252100840e+00 3.5237844119e+00
-1.6302521008e+00 -9.9159663866e-01 3.5623321288e+00
-1.6302521008e+00 -9.5798319328e-01 3.6008398624e+00
-1.6302521008e+00 -9.2436974790e-01 3.6392468304e+00
-1.6302521008e+00 -8.9075630252e-01 3.6774877724e+00
-1.6302521008e+00 -8.5714285714e-01 3.7154929042e+00
-1.6302521008e+00 -8.2352941176e-01 3.7531879130e+00
-1.6302521008e+00 -7.8991596639e-01 3.7904939999e+00
-1.6302521008e+00 -7.5630252101e-01 3.8273279748e+00
-1.6302521008e+00 -7.2268907563e-01 3.8636024124e+00
-1.6302521008e+00 -6.8907563025e-01 3.8992258733e+00
-1.6302521008e+00 -6.5546218487e-01 3.9341031976e+00
-1.6302521008e+00 -6.2184873950e-01 3.9681358748e+00
-1.6302521008e+00 -5.8823529412e-01 4.0012224949e+00
-1.6302521008e+00 -5.5462184874e-01 4.0332592832e+00
-1.6302521008e+00 -5.2100840336e-01 4.0641407194e+00
-1.6302521008e+00 -4.8739495798e-01 4.0937602414e+00
-1.6302521008e+00 -4.5378151261e-01 4.1220110284e+00
-1.6302521008e+00 -4.2016806723e-01 4.1487868607e+00
-1.6302521008e+00 -3.8655462185e-01 4.1739830451e+00
-1.6302521008e+00 -3.5294117647e-01 4.1974973966e+00
-1.6302521008e+00 -3.1932773109e-01 4.2192312611e+00
-1.6302521008e+00 -2.8571428571e-01 4.2390905640e+00
-1.6302521008e+00 -2.5210084034e-01 4.2569868646e+00
-1.6302521008e+00 -2.1848739496e-01 4.2728383952e+00
-1.6302521008e+00 -1.8487394958e-01 4.2865710643e+00
-1.6302521008e+00 -1.5126050420e-01 4.2981193984e+00
-1.6302521008e+00 -1.1764705882e-01 4.3074274026e+00
-1.6302521008e+00 -8.4033613445e-02 4.3144493152e+00
-1.6302521008e+00 -5.0420168067e-02 4.3191502386e+00
-1.6302521008e+00 -1.6806722689e-02 4.3215066288e+00
-1.6302521008e+00 1.6806722689e-02 4.3215066288e+00
-1.6302521008e+00 5.0420168067e-02 4.3191502386e+00
-1.6302521008e+00 8.4033613445e-02 4.3144493152e+00
-1.6302521008e+00 1.1764705882e-01 4.3074274026e+00
-1.6302521008e+00 1.5126050420e-01 4.2981193984e+00
-1.6302521008e+00 1.8487394958e-01 4.2865710643e+00
-1.6302521008e+00 2.1848739496e-01 4.2728383952e+00
-1.6302521008e+00 2.5210084034e-01 4.2569868646e+00
-1.6302521008e+00 2.8571428571e-01 4.2390905640e+00
-1.6302521008e+00 3.1932773109e-01 4.2192312611e+00
-1.6302521008e+00 3.5294117647e-01 4.1974973966e+00
-1.6302521008e+00 3.8655462185e-01 4.1739830451e+00
-1.6302521008e+00 4.2016806723e-01 4.1487868607e+00
-1.6302521008e+00 4.5378151261e-01 4.1220110284e+00
-1.6302521008e+00 4.8739495798e-01 4.0937602414e+00
-1.6302521008e+00 5.2100840336e-01 4.0641407194e+00
-1.6302521008e+00 5.5462184874e-01 4.0332592832e+00
-1.6302521008e+00 5.8823529412e-01 4.0012224949e+00
-1.6302521008e+00 6.2184873950e-01 3.9681358748e+00
-1.6302521008e+00 6.5546218487e-01 3.9341031976e+00
-1.6302521008e+00 6.8907563025e-01 3.8992258733e+00
-1.6302521008e+00 7.2268907563e-01 3.8636024124e+00
-1.6302521008e+00 7.5630252101e-01 3.8273279748e+00
-1.6302521008e+00 7.8991596639e-01 3.7904939999e+00
-1.6302521008e+00 8.2352941176e-01 3.7531879130e+00
-1.6302521008e+00 8.5714285714e-01 3.7154929042e+00
-1.6302521008e+00 8.9075630252e-01 3.6774877724e+00
-1.6302521008e+00 9.2436974790e-01 3.6392468304e+00
-1.6302521008e+00 9.5798319328e-01 3.6008398624e+00
-1.6302521008e+00 9.9159663866e-01 3.5623321288e+00
-1.6302521008e+00 1.0252100840e+00 3.5237844119e+00
-1.6302521008e+00 1.0588235294e+00 3.4852530962e+00
-1.6302521008e+00 1.0924369748e+00 3.4467902769e+00
-1.6302521008e+00 1.1260504202e+00 3.4084438934e+00
-1.6302521008e+00 1.1596638655e+00 3.3702578800e+00
-1.6302521008e+00 1.1932773109e+00 3.3322723321e+00
-1.6302521008e+00 1.2268907563e+00 3.2945236822e+00
-1.6302521008e+00 1.2605042017e+00 3.2570448836e+00
-1.6302521008e+00 1.2941176471e+00 3.2198655974e+00
-1.6302521008e+00 1.3277310924e+00 3.1830123816e+00
-1.6302521008e+00 1.3613445378e+00 3.1465088793e+00
-1.6302521008e+00 1.3949579832e+00 3.1103760044e+00
-1.6302521008e+00 1.4285714286e+00 3.0746321237e+00
-1.6302521008e+00 1.4621848739e+00 3.0392932332e+00
-1.6302521008e+00 1.4957983193e+00 3.0043731292e+00
-1.6302521008e+00 1.5294117647e+00 2.9698835720e+00
-1.6302521008e+00 1.5630252101e+00 2.9358344426e+00
-1.6302521008e+00 1.5966386555e+00 2.9022338920e+00
-1.6302521008e+00 1.6302521008e+00 2.8690884823e+00
-1.6302521008e+00 1.6638655462e+00 2.8364033202e+00
-1.6302521008e+00 1.6974789916e+00 2.8041821828e+00
-1.6302521008e+00 1.7310924370e+00 2.7724276353e+00
-1.6302521008e+00 1.7647058824e+00 2.7411411415e+00
-1.6302521008e+00 1.7983193277e+00 2.7103231669e+00
-1.6302521008e+00 1.8319327731e+00 2.6799732744e+00
-1.6302521008e+00 1.8655462185e+00 2.6500902136e+00
-1.6302521008e+00 1.8991596639e+00 2.6206720037e+00
-1.6302521008e+00 1.9327731092e+00 2.5917160094e+00
-1.6302521008e+00 1.9663865546e+00 2.5632190121e+00
-1.6302521008e+00 2.0000000000e+00 2.5351772750e+00

-1.5966386555e+00 -2.0000000000e+00 2.5579200634e+00
-1.5966386555e+00 -1.9663865546e+00 2.5867346486e+00
-1.5966386555e+00 -1.9327731092e+00 2.6160351905e+00
-1.5966386555e+00 -1.8991596639e+00 2.6458266558e+00
-1.5966386555e+00 -1.8655462185e+00 2.6761135268e+00
-1.5966386555e+00 -1.8319327731e+00 2.7068997343e+00
-1.5966386555e+00 -1.7983193277e+00 2.7381885848e+00
-1.5966386555e+00 -1.7647058824e+00 2.7699826806e+00
-1.5966386555e+00 -1.7310924370e+00 2.8022838341e+00
-1.5966386555e+00 -1.6974789916e+00 2.8350929739e+00
-1.5966386555e+00 -1.6638655462e+00 2.8684100435e+00
-1.5966386555e+00 -1.6302521008e+00 2.9022338920e+00
-1.5966386555e+00 -1.5966386555e+00 2.9365621569e+00
-1.5966386555e+00 -1.5630252101e+00 2.9713911368e+00
-1.5966386555e+00 -1.5294117647e+00 3.0067156566e+00
-1.5966386555e+00 -1.4957983193e+00 3.0425289222e+00
-1.5966386555e+00 -1.4621848739e+00 3.0788223661e+00
-1.5966386555e+00 -1.4285714286e+00 3.1155854840e+00
-1.5966386555e+00 -1.3949579832e+00 3.1528056608e+00
-1.5966386555e+00 -1.3613445378e+00 3.1904679884e+00
-1.5966386555e+00 -1.3277310924e+00 3.2285550739e+00
-1.5966386555e+00 -1.2941176471e+00 3.2670468392e+00
-1.5966386555e+00 -1.2605042017e+00 3.3059203140e+00
-1.5966386555e+00 -1.2268907563e+00 3.3451494216e+00
-1.5966386555e+00 -1.1932773109e+00 3.3847047595e+00
-1.5966386555e+00 -1.1596638655e+00 3.4245533775e+00
-1.5966386555e+00 -1.1260504202e+00 3.4646585539e+00
-1.5966386555e+00 -1.0924369748e+00 3.5049795739e+00
-1.5966386555e+00 -1.0588235294e+00 3.5454715129e+00
-1.5966386555e+00 -1.0252100840e+00 3.5860850273e+00
-1.5966386555e+00 -9.9159663866e-01 3.6267661596e+00
-1.5966386555e+00 -9.5798319328e-01 3.6674561598e+00
-1.5966386555e+00 -9.2436974790e-01 3.7080913310e+00
-1.5966386555e+00 -8.9075630252e-01 3.7486029039e+00
-1.5966386555e+00 -8.5714285714e-01 3.7889169474e+00
-1.5966386555e+00 -8.2352941176e-01 3.8289543227e+00
-1.5966386555e+00 -7.8991596639e-01 3.8686306887e+00
-1.5966386555e+00 -7.5630252101e-01 3.9078565653e+00
-1.5966386555e+00 -7.2268907563e-01 3.9465374655e+00
-1.5966386555e+00 -6.8907563025e-01 3.9845741014e+00
-1.5966386555e+00 -6.5546218487e-01 4.0218626733e+00
-1.5966386555e+00 -6.2184873950e-01 4.0582952496e+00
-1.5966386555e+00 -5.8823529412e-01 4.0937602414e+00
-1.5966386555e+00 -5.5462184874e-01 4.1281429782e+00
-1.5966386555e+00 -5.2100840336e-01 4.1613263868e+00
-1.5966386555e+00 -4.8739495798e-01 4.1931917735e+00
-1.5966386555e+00 -4.5378151261e-01 4.2236197072e+00
-1.5966386555e+00 -4.2016806723e-01 4.2524909989e+00
-1.5966386555e+00 -3.8655462185e-01 4.2796877673e+00
-1.5966386555e+00 -3.5294117647e-01 4.3050945796e+00
-1.5966386555e+00 -3.1932773109e-01 4.3285996495e+00
-1.5966386555e+00 -2.8571428571e-01 4.3500960750e+00
-1.5966386555e+00 -2.5210084034e-01 4.3694830906e+00
-1.5966386555e+00 -2.1848739496e-01 4.3866673104e+00
-1.5966386555e+00 -1.8487394958e-01 4.4015639326e+00
-1.5966386555e+00 -1.5126050420e-01 4.4140978777e+00
-1.5966386555e+00 -1.1764705882e-01 4.4242048308e+00
-1.5966386555e+00 -8.4033613445e-02 4.4318321604e+00
-1.5966386555e+00 -5.0420168067e-02 4.4369396879e+00
-1.5966386555e+00 -1.6806722689e-02 4.4395002855e+00
-1.5966386555e+00 1.6806722689e-02 4.4395002855e+00
-1.5966386555e+00 5.0420168067e-02 4.4369396879e+00
-1.5966386555e+00 8.4033613445e-02 4.4318321604e+00
-1.5966386555e+00 1.1764705882e-01 4.4242048308e+00
-1.5966386555e+00 1.5126050420e-01 4.4140978777e+00
-1.5966386555e+00 1.8487394958e-01 4.4015639326e+00
-1.5966386555e+00 2.1848739496e-01 4.3866673104e+00
-1.5966386555e+00 2.5210084034e-01 4.3694830906e+00
-1.5966386555e+00 2.8571428571e-01 4.3500960750e+00
-1.5966386555e+00 3.1932773109e-01 4.3285996495e+00
-1.5966386555e+00 3.5294117647e-01 4.3050945796e+00
-1.5966386555e+00 3.8655462185e-01 4.2796877673e+00
-1.5966386555e+00 4.2016806723e-01 4.2524909989e+00
-1.5966386555e+00 4.5378151261e-01 4.2236197072e+00
-1.5966386555e+00 4.8739495798e-01 4.1931917735e+00
-1.5966386555e+00 5.2100840336e-01 4.1613263868e+00
-1.5966386555e+00 5.5462184874e-01 4.1281429782e+00
-1.5966386555e+00 5.8823529412e-01 4.0937602414e+00
-1.5966386555e+00 6.2184873950e-01 4.0582952496e+00
-1.5966386555e+00 6.5546218487e-01 4.0218626733e+00
-1.5966386555e+00 6.8907563025e-01 3.9845741014e+00
-1.5966386555e+00 7.2268907563e-01 3.9465374655e+00
-1.5966386555e+00 7.5630252101e-01 3.9078565653e+00
-1.5966386555e+00 7.8991596639e-01 3.8686306887e+00
-1.5966386555e+00 8.2352941176e-01 3.8289543227e+00
-1.5966386555e+00 8.5714285714e-01 3.7889169474e+00
-1.5966386555e+00 8.9075630252e-01 3.7486029039e+00
-1.5966386555e+00 9.2436974790e-01 3.7080913310e+00
-1.5966386555e+00 9.5798319328e-01 3.6674561598e+00
-1.5966386555e+00 9.9159663866e-01 3.6267661596e+00
-1.5966386555e+00 1.0252100840e+00 3.5860850273e+00
-1.5966386555e+00 1.0588235294e+00 3.5454715129e+00
-1.5966386555e+00 1.0924369748e+00 3.5049795739e+00
-1.5966386555e+00 1.1260504202e+00 3.4646585539e+00
-1.5966386555e+00 1.1596638655e+00 3.4245533775e+00
-1.5966386555e+00 1.1932773109e+00 3.3847047595e+00
-1.5966386555e+00 1.2268907563e+00 3.3451494216e+00
-1.5966386555e+00 1.2605042017e+00 3.3059203140e+00
-1.5966386555e+00 1.2941176471e+00 3.2670468392e+00
-1.5966386555e+00 1.3277310924e+00 3.2285550739e+00
-1.5966386555e+00 1.3613445378e+00 3.1904679884e+00
-1.5966386555e+00 1.3949579832e+00 3.1528056608e+00
-1.5966386555e+00 1.4285714286e+00 3.1155854840e+00
-1.5966386555e+00 1.4621848739e+00 3.0788223661e+00
-1.5966386555e+00 1.4957983193e+00 3.0425289222e+00
-1.5966386555e+00 1.5294117647e+00 3.0067156566e+00
-1.5966386555e+00 1.5630252101e+00 2.9713911368e+00
-1.5966386555e+00 1.5966386555e+00 2.9365621569e+00
-1.5966386555e+00 1.6302521008e+00 2.9022338920e+00
-1.5966386555e+00 1.6638655462e+00 2.8684100435e+00
-1.5966386555e+00 1.6974789916e+00 2.8350929739e+00
-1.5966386555e+00 1.7310924370e+00 2.8022838341e+00
-1.5966386555e+00 1.7647058824e+00 2.7699826806e+00
-1.5966386555e+00 1.7983193277e+00 2.7381885848e+00
-1.5966386555e+00 1.8319327731e+00 2.7068997343e+00
-1.5966386555e+00 1.8655462185e+00 2.6761135268e+00
-1.5966386555e+00 1.8991596639e+00 2.6458266558e+00
-1.5966386555e+00 1.9327731092e+00 2.6160351905e+00
-1.5966386555e+00 1.9663865546e+00 2.5867346486e+00
-1.5966386555e+00 2.0000000000e+00 2.5579200634e+00

-1.5630252101e+00 -2.0000000000e+00 2.5807948951e+00
-1.5630252101e+00 -1.9663865546e+00 2.6104013825e+00
-1.5630252101e+00 -1.9327731092e+00 2.6405261468e+00
-1.5630252101e+00 -1.8991596639e+00 2.6711755113e+00
-1.5630252101e+00 -1.8655462185e+00 2.7023553581e+00
-1.5630252101e+00 -1.8319327731e+00 2.7340710596e+00
-1.5630252101e+00 -1.7983193277e+00 2.7663274035e+00
-1.5630252101e+00 -1.7647058824e+00 2.7991285113e+00
-1.5630252101e+00 -1.7310924370e+00 2.8324777483e+00
-1.5630252101e+00 -1.6974789916e+00 2.8663776265e+00
-1.5630252101e+00 -1.6638655462e+00 2.9008296987e+00
-1.5630252101e+00 -1.6302521008e+00 2.9358344426e+00
-1.5630252101e+00 -1.5966386555e+00 2.9713911368e+00
-1.5630252101e+00 -1.5630252101e+00 3.0074977256e+00
-1.5630252101e+00 -1.5294117647e+00 3.0441506735e+00
-1.5630252101e+00 -1.4957983193e+00 3.0813448091e+00
-1.5630252101e+00 -1.4621848739e+00 3.1190731577e+00
-1.5630252101e+00 -1.4285714286e+00 3.1573267615e+00
-1.5630252101e+00 -1.3949579832e+00 3.1960944894e+00
-1.5630252101e+00 -1.3613445378e+00 3.2353628344e+00
-1.5630252101e+00 -1.3277310924e+00 3.2751156993e+00
-1.5630252101e+00 -1.2941176471e+00 3.3153341716e+00
-1.5630252101e+00 -1.2605042017e+00 3.3559962884e+00
-1.5630252101e+00 -1.2268907563e+00 3.3970767905e+00
-1.5630252101e+00 -1.1932773109e+00 3.4385468695e+00
-1.5630252101e+00 -1.1596638655e+00 3.4803739074e+00
-1.5630252101e+00 -1.1260504202e+00 3.5225212129e+00
-1.5630252101e+00 -1.0924369748e+00 3.5649477546e+00
-1.5630252101e+00 -1.0588235294e+00 3.6076078971e+00
-1.5630252101e+00 -1.0252100840e+00 3.6504511421e+00
-1.5630252101e+00 -9.9159663866e-01 3.6934218797e+00
-1.5630252101e+00 -9.5798319328e-01 3.7364591558e+00
-1.5630252101e+00 -9.2436974790e-01 3.7794964609e+00
-1.5630252101e+00 -8.9075630252e-01 3.8224615477e+00
-1.5630252101e+00 -8.5714285714e-01 3.8652762867e+00
-1.5630252101e+00 -8.2352941176e-01 3.9078565653e+00
-1.5630252101e+00 -7.8991596639e-01 3.9501122430e+00
-1.5630252101e+00 -7.5630252101e-01 3.9919471703e+00
-1.5630252101e+00 -7.2268907563e-01 4.0332592832e+00
-1.5630252101e+00 -6.8907563025e-01 4.0739407812e+00
-1.5630252101e+00 -6.5546218487e-01 4.1138784024e+00
-1.5630252101e+00 -6.2184873950e-01 4.1529538022e+00
-1.5630252101e+00 -5.8823529412e-01 4.1910440458e+00
-1.5630252101e+00 -5.5462184874e-01 4.2280222216e+00
-1.5630252101e+00 -5.2100840336e-01 4.2637581797e+00
-1.5630252101e+00 -4.8739495798e-01 4.2981193984e+00
-1.5630252101e+00 -4.5378151261e-01 4.3309719782e+00
-1.5630252101e+00 -4.2016806723e-01 4.3621817570e+00
-1.5630252101e+00 -3.8655462185e-01 4.3916155395e+00
-1.5630252101e+00 -3.5294117647e-01 4.4191424253e+00
-1.5630252101e+00 -3.1932773109e-01 4.4446352181e+00
-1.5630252101e+00 -2.8571428571e-01 4.4679718930e+00
-1.5630252101e+00 -2.5210084034e-01 4.4890370923e+00
-1.5630252101e+00 -2.1848739496e-01 4.5077236209e+00
-1.5630252101e+00 -1.8487394958e-01 4.5239339032e+00
-1.5630252101e+00 -1.5126050420e-01 4.5375813681e+00
-1.5630252101e+00 -1.1764705882e-01 4.5485917221e+00
-1.5630252101e+00 -8.4033613445e-02 4.5569040768e+00
-1.5630252101e+00 -5.0420168067e-02 4.5624718954e+00
-1.5630252101e+00 -1.6806722689e-02 4.5652637307e+00
-1.5630252101e+00 1.6806722689e-02 4.5652637307e+00
-1.5630252101e+00 5.0420168067e-02 4.5624718954e+00
-1.5630252101e+00 8.4033613445e-02 4.5569040768e+00
-1.5630252101e+00 1.1764705882e-01 4.5485917221e+00
-1.5630252101e+00 1.5126050420e-01 4.5375813681e+00
-1.5630252101e+00 1.8487394958e-01 4.5239339032e+00
-1.5630252101e+00 2.1848739496e-01 4.5077236209e+00
-1.5630252101e+00 2.5210084034e-01 4.4890370923e+00
-1.5630252101e+00 2.8571428571e-01 4.4679718930e+00
-1.5630252101e+00 3.1932773109e-01 4.4446352181e+00
-1.5630252101e+00 3.5294117647e-01 4.4191424253e+00
-1.5630252101e+00 3.8655462185e-01 4.3916155395e+00
-1.5630252101e+00 4.2016806723e-01 4.3621817570e+00
-1.5630252101e+00 4.5378151261e-01 4.3309719782e+00
-1.5630252101e+00 4.8739495798e-01 4.2981193984e+00
-1.5630252101e+00 5.2100840336e-01 4.2637581797e+00
-1.5630252101e+00 5.5462184874e-01 4.2280222216e+00
-1.5630252101e+00 5.8823529412e-01 4.1910440458e+00
-1.5630252101e+00 6.2184873950e-01 4.1529538022e+00
-1.5630252101e+00 6.5546218487e-01 4.1138784024e+00
-1.5630252101e+00 6.8907563025e-01 4.0739407812e+00
-1.5630252101e+00 7.2268907563e-01 4.0332592832e+00
-1.5630252101e+00 7.5630252101e-01 3.9919471703e+00
-1.5630252101e+00 7.8991596639e-01 3.9501122430e+00
-1.5630252101e+00 8.2352941176e-01 3.9078565653e+00
-1.5630252101e+00 8.5714285714e-01 3.8652762867e+00
-1.5630252101e+00 8.9075630252e-01 3.8224615477e+00
-1.5630252101e+00 9.2436974790e-01 3.7794964609e+00
-1.5630252101e+00 9.5798319328e-01 3.7364591558e+00
-1.5630252101e+00 9.9159663866e-01 3.6934218797e+00
-1.5630252101e+00 1.0252100840e+00 3.6504511421e+00
-1.5630252101e+00 1.0588235294e+00 3.6076078971e+00
-1.5630252101e+00 1.0924369748e+00 3.5649477546e+00
-1.5630252101e+00 1.1260504202e+00 3.5225212129e+00
-1.5630252101e+00 1.1596638655e+00 3.4803739074e+00
-1.5630252101e+00 1.1932773109e+00 3.4385468695e+00
-1.5630252101e+00 1.2268907563e+00 3.3970767905e+00
-1.5630252101e+00 1.2605042017e+00 3.3559962884e+00
-1.5630252101e+00 1.2941176471e+00 3.3153341716e+00
-1.5630252101e+00 1.3277310924e+00 3.2751156993e+00
-1.5630252101e+00 1.3613445378e+00 3.2353628344e+00
-1.5630252101e+00 1.3949579832e+00 3.1960944894e+00
-1.5630252101e+00 1.4285714286e+00 3.1573267615e+00
-1.5630252101e+00 1.4621848739e+00 3.1190731577e+00
-1.5630252101e+00 1.4957983193e+00 3.0813448091e+00
-1.5630252101e+00 1.5294117647e+00 3.0441506735e+00
-1.5630252101e+00 1.5630252101e+00 3.0074977256e+00
-1.5630252101e+00 1.5966386555e+00 2.9713911368e+00
-1.5630252101e+00 1.6302521008e+00 2.9358344426e+00
-1.5630252101e+00 1.6638655462e+00 2.9008296987e+00
-1.5630252101e+00 1.6974789916e+00 2.8663776265e+00
-1.5630252101e+00 1.7310924370e+00 2.8324777483e+00
-1.5630252101e+00 1.7647058824e+00 2.7991285113e+00
-1.5630252101e+00 1.7983193277e+00 2.7663274035e+00
-1.5630252101e+00 1.8319327731e+00 2.7340710596e+00
-1.5630252101e+00 1.8655462185e+00 2.7023553581e+00
-1.5630252101e+00 1.8991596639e+00 2.6711755113e+00
-1.5630252101e+00 1.9327731092e+00 2.6405261468e+00
-1.5630252101e+00 1.9663865546e+00 2.6104013825e+00
-1.5630252101e+00 2.0000000000e+00 2.5807948951e+00

-1.5294117647e+00 -2.0000000000e+00 2.6037901133e+00
-1.5294117647e+00 -1.9663865546e+00 2.6342075522e+00
-1.5294117647e+00 -1.9327731092e+00 2.6651772687e+00
-1.5294117647e+00 -1.8991596639e+00 2.6967070792e+00
-1.5294117647e+00 -1.8655462185e+00 2.7288044122e+00
-1.5294117647e+00 -1.8319327731e+00 2.7614762394e+00
-1.5294117647e+00 -1.7983193277e+00 2.7947289992e+00
-1.5294117647e+00 -1.7647058824e+00 2.8285685136e+00
-1.5294117647e+00 -1.7310924370e+00 2.8629998959e+00
-1.5294117647e+00 -1.6974789916e+00 2.8980274502e+00
-1.5294117647e+00 -1.6638655462e+00 2.9336545608e+00
-1.5294117647e+00 -1.6302521008e+00 2.9698835720e+00
-1.5294117647e+00 -1.5966386555e+00 3.0067156566e+00
-1.5294117647e+00 -1.5630252101e+00 3.0441506735e+00
-1.5294117647e+00 -1.5294117647e+00 3.0821870121e+00
-1.5294117647e+00 -1.4957983193e+00 3.1208214258e+00
-1.5294117647e+00 -1.4621848739e+00 3.1600488500e+00
-1.5294117647e+00 -1.4285714286e+00 3.1998622085e+00
-1.5294117647e+00 -1.3949579832e+00 3.2402522040e+00
-1.5294117647e+00 -1.3613445378e+00 3.2812070957e+00
-1.5294117647e+00 -1.3277310924e+00 3.3227124610e+00
-1.5294117647e+00 -1.2941176471e+00 3.3647509442e+00
-1.5294117647e+00 -1.2605042017e+00 3.4073019903e+00
-1.5294117647e+00 -1.2268907563e+00 3.4503415659e+00
-1.5294117647e+00 -1.1932773109e+00 3.4938418680e+00
-1.5294117647e+00 -1.1596638655e+00 3.5377710220e+00
-1.5294117647e+00 -1.1260504202e+00 3.5820927711e+00
-1.5294117647e+00 -1.0924369748e+00 3.6267661596e+00
-1.5294117647e+00 -1.0588235294e+00 3.6717452141e+00
-1.5294117647e+00 -1.0252100840e+00 3.7169786253e+00
-1.5294117647e+00 -9.9159663866e-01 3.7624094370e+00
-1.5294117647e+00 -9.5798319328e-01 3.8079747472e+00
-1.5294117647e+00 -9.2436974790e-01 3.8536054280e+00
-1.5294117647e+00 -8.9075630252e-01 3.8992258733e+00
-1.5294117647e+00 -8.5714285714e-01 3.9447537823e+00
-1.5294117647e+00 -8.2352941176e-01 3.9900999895e+00
-1.5294117647e+00 -7.8991596639e-01 4.0351683517e+00
-1.5294117647e+00 -7.5630252101e-01 4.0798557053e+00
-1.5294117647e+00 -7.2268907563e-01 4.1240519050e+00
-1.5294117647e+00 -6.8907563025e-01 4.1676399581e+00
-1.5294117647e+00 -6.5546218487e-01 4.2104962681e+00
-1.5294117647e+00 -6.2184873950e-01 4.2524909989e+00
-1.5294117647e+00 -5.8823529412e-01 4.2934885741e+00
-1.5294117647e+00 -5.5462184874e-01 4.3333483203e+00
-1.5294117647e+00 -5.2100840336e-01 4.3719252628e+00
-1.5294117647e+00 -4.8739495798e-01 4.4090710803e+00
-1.5294117647e+00 -4.5378151261e-01 4.4446352181e+00
-1.5294117647e+00 -4.2016806723e-01 4.4784661592e+00
-1.5294117647e+00 -3.8655462185e-01 4.5104128414e+00
-1.5294117647e+00 -3.5294117647e-01 4.5403262084e+00
-1.5294117647e+00 -3.1932773109e-01 4.5680608730e+00
-1.5294117647e+00 -2.8571428571e-01 4.5934768642e+00
-1.5294117647e+00 -2.5210084034e-01 4.6164414253e+00
-1.5294117647e+00 -2.1848739496e-01 4.6368308237e+00
-1.5294117647e+00 -1.8487394958e-01 4.6545321276e+00
-1.5294117647e+00 -1.5126050420e-01 4.6694449032e+00
-1.5294117647e+00 -1.1764705882e-01 4.6814827853e+00
-1.5294117647e+00 -8.4033613445e-02 4.6905748722e+00
-1.5294117647e+00 -5.0420168067e-02 4.6966669021e+00
-1.5294117647e+00 -1.6806722689e-02 4.6997221729e+00
-1.5294117647e+00 1.6806722689e-02 4.6997221729e+00
-1.5294117647e+00 5.0420168067e-02 4.6966669021e+00
-1.5294117647e+00 8.4033613445e-02 4.6905748722e+00
-1.5294117647e+00 1.1764705882e-01 4.6814827853e+00
-1.5294117647e+00 1.5126050420e-01 4.6694449032e+00
-1.5294117647e+00 1.8487394958e-01 4.6545321276e+00
-1.5294117647e+00 2.1848739496e-01 4.6368308237e+00
-1.5294117647e+00 2.5210084034e-01 4.6164414253e+00
-1.5294117647e+00 2.8571428571e-01 4.5934768642e+00
-1.5294117647e+00 3.1932773109e-01 4.5680608730e+00
-1.5294117647e+00 3.5294117647e-01 4.5403262084e+00
-1.5294117647e+00 3.8655462185e-01 4.5104128414e+00
-1.5294117647e+00 4.2016806723e-01 4.4784661592e+00
-1.5294117647e+00 4.5378151261e-01 4.4446352181e+00
-1.5294117647e+00 4.8739495798e-01 4.4090710803e+00
-1.5294117647e+00 5.2100840336e-01 4.3719252628e+00
-1.5294117647e+00 5.5462184874e-01 4.3333483203e+00
-1.5294117647e+00 5.8823529412e-01 4.2934885741e+00
-1.5294117647e+00 6.2184873950e-01 4.2524909989e+00
-1.5294117647e+00 6.5546218487e-01 4.2104962681e+00
-1.5294117647e+00 6.8907563025e-01 4.1676399581e+00
-1.5294117647e+00 7.2268907563e-01 4.1240519050e+00
-1.5294117647e+00 7.5630252101e-01 4.0798557053e+00
-1.5294117647e+00 7.8991596639e-01 4.0351683517e+00
-1.5294117647e+00 8.2352941176e-01 3.9900999895e+00
-1.5294117647e+00 8.5714285714e-01 3.9447537823e+00
-1.5294117647e+00 8.9075630252e-01 3.8992258733e+00
-1.5294117647e+00 9.2436974790e-01 3.8536054280e+00
-1.5294117647e+00 9.5798319328e-01 3.8079747472e+00
-1.5294117647e+00 9.9159663866e-01 3.7624094370e+00
-1.5294117647e+00 1.0252100840e+00 3.7169786253e+00
-1.5294117647e+00 1.0588235294e+00 3.6717452141e+00
-1.5294117647e+00 1.0924369748e+00 3.6267661596e+00
-1.5294117647e+00 1.1260504202e+00 3.5820927711e+00
-1.5294117647e+00 1.1596638655e+00 3.5377710220e+00
-1.5294117647e+00 1.1932773109e+00 3.4938418680e+00
-1.5294117647e+00 1.2268907563e+00 3.4503415659e+00
-1.5294117647e+00 1.2605042017e+00 3.4073019903e+00
-1.5294117647e+00 1.2941176471e+00 3.3647509442e+00
-1.5294117647e+00 1.3277310924e+00 3.3227124610e+00
-1.5294117647e+00 1.3613445378e+00 3.2812070957e+00
-1.5294117647e+00 1.3949579832e+00 3.2402522040e+00
-1.5294117647e+00 1.4285714286e+00 3.1998622085e+00
-1.5294117647e+00 1.4621848739e+00 3.1600488500e+00
-1.5294117647e+00 1.4957983193e+00 3.1208214258e+00
-1.5294117647e+00 1.5294117647e+00 3.0821870121e+00
-1.5294117647e+00 1.5630252101e+00 3.0441506735e+00
-1.5294117647e+00 1.5966386555e+00 3.0067156566e+00
-1.5294117647e+00 1.6302521008e+00 2.9698835720e+00
-1.5294117647e+00 1.6638655462e+00 2.9336545608e+00
-1.5294117647e+00 1.6974789916e+00 2.8980274502e+00
-1.5294117647e+00 1.7310924370e+00 2.8629998959e+00
-1.5294117647e+00 1.7647058824e+00 2.8285685136e+00
-1.5294117647e+00 1.7983193277e+00 2.7947289992e+00
-1.5294117647e+00 1.8319327731e+00 2.7614762394e+00
-1.5294117647e+00 1.8655462185e+00 2.7288044122e+00
-1.5294117647e+00 1.8991596639e+00 2.6967070792e+00
-1.5294117647e+00 1.9327731092e+00 2.6651772687e+00
-1.5294117647e+00 1.9663865546e+00 2.6342075522e+00
-1.5294117647e+00 2.0000000000e+00 2.6037901133e+00

-1.4957983193e+00 -2.0000000000e+00 2.6268930956e+00
-1.4957983193e+00 -1.9663865546e+00 2.6581404723e+00
-1.4957983193e+00 -1.9327731092e+00 2.6899758634e+00
-1.4957983193e+00 -1.8991596639e+00 2.7224087243e+00
-1.4957983193e+00 -1.8655462185e+00 2.7554481878e+00
-1.4957983193e+00 -1.8319327731e+00 2.7891029948e+00
-1.4957983193e+00 -1.7983193277e+00 2.8233814180e+00
-1.4957983193e+00 -1.7647058824e+00 2.8582911778e+00
-1.4957983193e+00 -1.7310924370e+00 2.8938393481e+00
-1.4957983193e+00 -1.6974789916e+00 2.9300322535e+00
-1.4957983193e+00 -1.6638655462e+00 2.9668753560e+00
-1.4957983193e+00 -1.6302521008e+00 3.0043731292e+00
-1.4957983193e+00 -1.5966386555e+00 3.0425289222e+00
-1.4957983193e+00 -1.5630252101e+00 3.0813448091e+00
-1.4957983193e+00 -1.5294117647e+00 3.1208214258e+00
-1.4957983193e+00 -1.4957983193e+00 3.1609577911e+00
-1.4957983193e+00 -1.4621848739e+00 3.2017511136e+00
-1.4957983193e+00 -1.4285714286e+00 3.2431965814e+00
-1.4957983193e+00 -1.3949579832e+00 3.2852871356e+00
-1.4957983193e+00 -1.3613445378e+00 3.3280132259e+00
-1.4957983193e+00 -1.3277310924e+00 3.3713625488e+00
-1.4957983193e+00 -1.2941176471e+00 3.4153197678e+00
-1.4957983193e+00 -1.2605042017e+00 3.4598662145e+00
-1.4957983193e+00 -1.2268907563e+00 3.5049795739e+00
-1.4957983193e+00 -1.1932773109e+00 3.5506335511e+00
-1.4957983193e+00 -1.1596638655e+00 3.5967975232e+00
-1.4957983193e+00 -1.1260504202e+00 3.6434361768e+00
-1.4957983193e+00 -1.0924369748e+00 3.6905091344e+00
-1.4957983193e+00 -1.0588235294e+00 3.7379705725e+00
-1.4957983193e+00 -1.0252100840e+00 3.7857688350e+00
-1.4957983193e+00 -9.9159663866e-01 3.8338460481e+00
-1.4957983193e+00 -9.5798319328e-01 3.8821377426e+00
-1.4957983193e+00 -9.2436974790e-01 3.9305724901e+00
-1.4957983193e+00 -8.9075630252e-01 3.9790715640e+00
-1.4957983193e+00 -8.5714285714e-01 4.0275486329e+00
-1.4957983193e+00 -8.2352941176e-01 4.0759095006e+00
-1.4957983193e+00 -7.8991596639e-01 4.1240519050e+00
-1.4957983193e+00 -7.5630252101e-01 4.1718653888e+00
-1.4957983193e+00 -7.2268907563e-01 4.2192312611e+00
-1.4957983193e+00 -6.8907563025e-01 4.2660226634e+00
-1.4957983193e+00 -6.5546218487e-01 4.3121047592e+00
-1.4957983193e+00 -6.2184873950e-01 4.3573350641e+00
-1.4957983193e+00 -5.8823529412e-01 4.4015639326e+00
-1.4957983193e+00 -5.5462184874e-01 4.4446352181e+00
-1.4957983193e+00 -5.2100840336e-01 4.4863871190e+00
-1.4957983193e+00 -4.8739495798e-01 4.5266532192e+00
-1.4957983193e+00 -4.5378151261e-01 4.5652637307e+00
-1.4957983193e+00 -4.2016806723e-01 4.6020469359e+00
-1.4957983193e+00 -3.8655462185e-01 4.6368308237e+00
-1.4957983193e+00 -3.5294117647e-01 4.6694449032e+00
-1.4957983193e+00 -3.1932773109e-01 4.6997221729e+00
-1.4957983193e+00 -2.8571428571e-01 4.7275012128e+00
-1.4957983193e+00 -2.5210084034e-01 4.7526283579e+00
-1.4957983193e+00 -2.1848739496e-01 4.7749599045e+00
-1.4957983193e+00 -1.8487394958e-01 4.7943642945e+00
-1.4957983193e+00 -1.5126050420e-01 4.8107242155e+00
-1.4957983193e+00 -1.1764705882e-01 4.8239385549e+00
-1.4957983193e+00 -8.4033613445e-02 4.8339241453e+00
-1.4957983193e+00 -5.0420168067e-02 4.8406172424e+00
-1.4957983193e+00 -1.6806722689e-02 4.8439746833e+00
-1.4957983193e+00 1.6806722689e-02 4.8439746833e+00
-1.4957983193e+00 5.0420168067e-02 4.8406172424e+00
-1.4957983193e+00 8.4033613445e-02 4.8339241453e+00
-1.4957983193e+00 1.1764705882e-01 4.8239385549e+00
-1.4957983193e+00 1.5126050420e-01 4.8107242155e+00
-1.4957983193e+00 1.8487394958e-01 4.7943642945e+00
-1.4957983193e+00 2.1848739496e-01 4.7749599045e+00
-1.4957983193e+00 2.5210084034e-01 4.7526283579e+00
-1.4957983193e+00 2.8571428571e-01 4.7275012128e+00
-1.4957983193e+00 3.1932773109e-01 4.6997221729e+00
-1.4957983193e+00 3.5294117647e-01 4.6694449032e+00
-1.4957983193e+00 3.8655462185e-01 4.6368308237e+00
-1.4957983193e+00 4.2016806723e-01 4.6020469359e+00
-1.4957983193e+00 4.5378151261e-01 4.5652637307e+00
-1.4957983193e+00 4.8739495798e-01 4.5266532192e+00
-1.4957983193e+00 5.2100840336e-01 4.4863871190e+00
-1.4957983193e+00 5.5462184874e-01 4.4446352181e+00
-1.4957983193e+00 5.8823529412e-01 4.4015639326e+00
-1.4957983193e+00 6.2184873950e-01 4.3573350641e+00
-1.4957983193e+00 6.5546218487e-01 4.3121047592e+00
-1.4957983193e+00 6.8907563025e-01 4.2660226634e+00
-1.4957983193e+00 7.2268907563e-01 4.2192312611e+00
-1.4957983193e+00 7.5630252101e-01 4.1718653888e+00
-1.4957983193e+00 7.8991596639e-01 4.1240519050e+00
-1.4957983193e+00 8.2352941176e-01 4.0759095006e+00
-1.4957983193e+00 8.5714285714e-01 4.0275486329e+00
-1.4957983193e+00 8.9075630252e-01 3.9790715640e+00
-1.4957983193e+00 9.2436974790e-01 3.9305724901e+00
-1.4957983193e+00 9.5798319328e-01 3.8821377426e+00
-1.4957983193e+00 9.9159663866e-01 3.8338460481e+00
-1.4957983193e+00 1.0252100840e+00 3.7857688350e+00
-1.4957983193e+00 1.0588235294e+00 3.7379705725e+00
-1.4957983193e+00 1.0924369748e+00 3.6905091344e+00
-1.4957983193e+00 1.1260504202e+00 3.6434361768e+00
-1.4957983193e+00 1.1596638655e+00 3.5967975232e+00
-1.4957983193e+00 1.1932773109e+00 3.5506335511e+00
-1.4957983193e+00 1.2268907563e+00 3.5049795739e+00
-1.4957983193e+00 1.2605042017e+00 3.4598662145e+00
-1.4957983193e+00 1.2941176471e+00 3.4153197678e+00
-1.4957983193e+00 1.3277310924e+00 3.3713625488e+00
-1.4957983193e+00 1.3613445378e+00 3.3280132259e+00
-1.4957983193e+00 1.3949579832e+00 3.2852871356e+00
-1.4957983193e+00 1.4285714286e+00 3.2431965814e+00
-1.4957983193e+00 1.4621848739e+00 3.2017511136e+00
-1.4957983193e+00 1.4957983193e+00 3.1609577911e+00
-1.4957983193e+00 1.5294117647e+00 3.1208214258e+00
-1.4957983193e+00 1.5630252101e+00 3.0813448091e+00
-1.4957983193e+00 1.5966386555e+00 3.0425289222e+00
-1.4957983193e+00 1.6302521008e+00 3.0043731292e+00
-1.4957983193e+00 1.6638655462e+00 2.9668753560e+00
-1.4957983193e+00 1.6974789916e+00 2.9300322535e+00
-1.4957983193e+00 1.7310924370e+00 2.8938393481e+00
-1.4957983193e+00 1.7647058824e+00 2.8582911778e+00
-1.4957983193e+00 1.7983193277e+00 2.8233814180e+00
-1.4957983193e+00 1.8319327731e+00 2.7891029948e+00
-1.4957983193e+00 1.8655462185e+00 2.7554481878e+00
-1.4957983193e+00 1.8991596639e+00 2.7224087243e+00
-1.4957983193e+00 1.9327731092e+00 2.6899758634e+00
-1.4957983193e+00 1.9663865546e+00 2.6581404723e+00
-1.4957983193e+00 2.0000000000e+00 2.6268930956e+00

-1.4621848739e+00 -2.0000000000e+00 2.6500902136e+00
-1.4621848739e+00 -1.9663865546e+00 2.6821863877e+00
-1.4621848739e+00 -1.9327731092e+00 2.7149081020e+00
-1.4621848739e+00 -1.8991596639e+00 2.7482666075e+00
-1.4621848739e+00 -1.8655462185e+00 2.7822729099e+00
-1.4621848739e+00 -1.8319327731e+00 2.8169377029e+00
-1.4621848739e+00 -1.7983193277e+00 2.8522712918e+00
-1.4621848739e+00 -1.7647058824e+00 2.8882835097e+00
-1.4621848739e+00 -1.7310924370e+00 2.9249836231e+00
-1.4621848739e+00 -1.6974789916e+00 2.9623802279e+00
-1.4621848739e+00 -1.6638655462e+00 3.0004811331e+00
-1.4621848739e+00 -1.6302521008e+00 3.0392932332e+00
-1.4621848739e+00 -1.5966386555e+00 3.0788223661e+00
-1.4621848739e+00 -1.5630252101e+00 3.1190731577e+00
-1.4621848739e+00 -1.5294117647e+00 3.1600488500e+00
-1.4621848739e+00 -1.4957983193e+00 3.2017511136e+00
-1.4621848739e+00 -1.4621848739e+00 3.2441798414e+00
-1.4621848739e+00 -1.4285714286e+00 3.2873329245e+00
-1.4621848739e+00 -1.3949579832e+00 3.3312060076e+00
-1.4621848739e+00 -1.3613445378e+00 3.3757922240e+00
-1.4621848739e+00 -1.3277310924e+00 3.4210819087e+00
-1.4621848739e+00 -1.2941176471e+00 3.4670622894e+00
-1.4621848739e+00 -1.2605042017e+00 3.5137171550e+00
-1.4621848739e+00 -1.2268907563e+00 3.5610265007e+00
-1.4621848739e+00 -1.1932773109e+00 3.6089661512e+00
-1.4621848739e+00 -1.1596638655e+00 3.6575073614e+00
-1.4621848739e+00 -1.1260504202e+00 3.7066163971e+00
-1.4621848739e+00 -1.0924369748e+00 3.7562540971e+00
-1.4621848739e+00 -1.0588235294e+00 3.8063754196e+00
-1.4621848739e+00 -1.0252100840e+00 3.8569289772e+00
-1.4621848739e+00 -9.9159663866e-01 3.9078565653e+00
-1.4621848739e+00 -9.5798319328e-01 3.9590926901e+00
-1.4621848739e+00 -9.2436974790e-01 4.0105641048e+00
-1.4621848739e+00 -8.9075630252e-01 4.0621893633e+00
-1.4621848739e+00 -8.5714285714e-01 4.1138784024e+00
-1.4621848739e+00 -8.2352941176e-01 4.1655321664e+00
-1.4621848739e+00 -7.8991596639e-01 4.2170422897e+00
-1.4621848739e+00 -7.5630252101e-01 4.2682908536e+00
-1.4621848739e+00 -7.2268907563e-01 4.3191502386e+00
-1.4621848739e+00 -6.8907563025e-01 4.3694830906e+00
-1.4621848739e+00 -6.5546218487e-01 4.4191424253e+00
-1.4621848739e+00 -6.2184873950e-01 4.4679718930e+00
-1.4621848739e+00 -5.8823529412e-01 4.5158062266e+00
-1.4621848739e+00 -5.5462184874e-01 4.5624718954e+00
-1.4621848739e+00 -5.2100840336e-01 4.6077879836e+00
-1.4621848739e+00 -4.8739495798e-01 4.6515673116e+00
-1.4621848739e+00 -4.5378151261e-01 4.6936178090e+00
-1.4621848739e+00 -4.2016806723e-01 4.7337441463e+00
-1.4621848739e+00 -3.8655462185e-01 4.7717496191e+00
-1.4621848739e+00 -3.5294117647e-01 4.8074382730e+00
-1.4621848739e+00 -3.1932773109e-01 4.8406172424e+00
-1.4621848739e+00 -2.8571428571e-01 4.8710992673e+00
-1.4621848739e+00 -2.5210084034e-01 4.8987053378e+00
-1.4621848739e+00 -2.1848739496e-01 4.9232674065e+00
-1.4621848739e+00 -1.8487394958e-01 4.9446310961e+00
-1.4621848739e+00 -1.5126050420e-01 4.9626583248e+00
-1.4621848739e+00 -1.1764705882e-01 4.9772297651e+00
-1.4621848739e+00 -8.4033613445e-02 4.9882470529e+00
-1.4621848739e+00 -5.0420168067e-02 4.9956346659e+00
-1.4621848739e+00 -1.6806722689e-02 4.9993414029e+00
-1.4621848739e+00 1.6806722689e-02 4.9993414029e+00
-1.4621848739e+00 5.0420168067e-02 4.9956346659e+00
-1.4621848739e+00 8.4033613445e-02 4.9882470529e+00
-1.4621848739e+00 1.1764705882e-01 4.9772297651e+00
-1.4621848739e+00 1.5126050420e-01 4.9626583248e+00
-1.4621848739e+00 1.8487394958e-01 4.9446310961e+00
-1.4621848739e+00 2.1848739496e-01 4.9232674065e+00
-1.4621848739e+00 2.5210084034e-01 4.8987053378e+00
-1.4621848739e+00 2.8571428571e-01 4.8710992673e+00
-1.4621848739e+00 3.1932773109e-01 4.8406172424e+00
-1.4621848739e+00 3.5294117647e-01 4.8074382730e+00
-1.4621848739e+00 3.8655462185e-01 4.7717496191e+00
-1.4621848739e+00 4.2016806723e-01 4.7337441463e+00
-1.4621848739e+00 4.5378151261e-01 4.6936178090e+00
-1.4621848739e+00 4.8739495798e-01 4.6515673116e+00
-1.4621848739e+00 5.2100840336e-01 4.6077879836e+00
-1.4621848739e+00 5.5462184874e-01 4.5624718954e+00
-1.4621848739e+00 5.8823529412e-01 4.5158062266e+00
-1.4621848739e+00 6.2184873950e-01 4.4679718930e+00
-1.4621848739e+00 6.5546218487e-01 4.4191424253e+00
-1.4621848739e+00 6.8907563025e-01 4.3694830906e+00
-1.4621848739e+00 7.2268907563e-01 4.3191502386e+00
-1.4621848739e+00 7.5630252101e-01 4.2682908536e+00
-1.4621848739e+00 7.8991596639e-01 4.2170422897e+00
-1.4621848739e+00 8.2352941176e-01 4.1655321664e+00
-1.4621848739e+00 8.5714285714e-01 4.1138784024e+00
-1.4621848739e+00 8.9075630252e-01 4.0621893633e+00
-1.4621848739e+00 9.2436974790e-01 4.0105641048e+00
-1.4621848739e+00 9.5798319328e-01 3.9590926901e+00
-1.4621848739e+00 9.9159663866e-01 3.9078565653e+00
-1.4621848739e+00 1.0252100840e+00 3.8569289772e+00
-1.4621848739e+00 1.0588235294e+00 3.8063754196e+00
-1.4621848739e+00 1.0924369748e+00 3.7562540971e+00
-1.4621848739e+00 1.1260504202e+00 3.7066163971e+00
-1.4621848739e+00 1.1596638655e+00 3.6575073614e+00
-1.4621848739e+00 1.1932773109e+00 3.6089661512e+00
-1.4621848739e+00 1.2268907563e+00 3.5610265007e+00
-1.4621848739e+00 1.2605042017e+00 3.5137171550e+00
-1.4621848739e+00 1.2941176471e+00 3.4670622894e+00
-1.4621848739e+00 1.3277310924e+00 3.4210819087e+00
-1.4621848739e+00 1.3613445378e+00 3.3757922240e+00
-1.4621848739e+00 1.3949579832e+00 3.3312060076e+00
-1.4621848739e+00 1.4285714286e+00 3.2873329245e+00
-1.4621848739e+00 1.4621848739e+00 3.2441798414e+00
-1.4621848739e+00 1.4957983193e+00 3.2017511136e+00
-1.4621848739e+00 1.5294117647e+00 3.1600488500e+00
-1.4621848739e+00 1.5630252101e+00 3.1190731577e+00
-1.4621848739e+00 1.5966386555e+00 3.0788223661e+00
-1.4621848739e+00 1.6302521008e+00 3.0392932332e+00
-1.4621848739e+00 1.6638655462e+00 3.0004811331e+00
-1.4621848739e+00 1.6974789916e+00 2.9623802279e+00
-1.4621848739e+00 1.7310924370e+00 2.9249836231e+00
-1.4621848739e+00 1.7647058824e+00 2.8882835097e+00
-1.4621848739e+00 1.7983193277e+00 2.8522712918e+00
-1.4621848739e+00 1.8319327731e+00 2.8169377029e+00
-1.4621848739e+00 1.8655462185e+00 2.7822729099e+00
-1.4621848739e+00 1.8991596639e+00 2.7482666075e+00
-1.4621848739e+00 1.9327731092e+00 2.7149081020e+00
-1.4621848739e+00 1.9663865546e+00 2.6821863877e+00
-1.4621848739e+00 2.0000000000e+00 2.6500902136e+00

-1.4285714286e+00 -2.0000000000e+00 2.6733667938e+00
-1.4285714286e+00 -1.9663865546e+00 2.7063304279e+00
-1.4285714286e+00 -1.9327731092e+00 2.7399589679e+00
-1.4285714286e+00 -1.8991596639e+00 2.7742656260e+00
-1.4285714286e+00 -1.8655462185e+00 2.8092634625e+00
-1.4285714286e+00 -1.8319327731e+00 2.8449653201e+00
-1.4285714286e+00 -1.7983193277e+00 2.8813837509e+00
-1.4285714286e+00 -1.7647058824e+00 2.9185309329e+00
-1.4285714286e+00 -1.7310924370e+00 2.9564185776e+00
-1.4285714286e+00 -1.6974789916e+00 2.9950578253e+00
-1.4285714286e+00 -1.6638655462e+00 3.0344591288e+00
-1.4285714286e+00 -1.6302521008e+00 3.0746321237e+00
-1.4285714286e+00 -1.5966386555e+00 3.1155854840e+00
-1.4285714286e+00 -1.5630252101e+00 3.1573267615e+00
-1.4285714286e+00 -1.5294117647e+00 3.1998622085e+00
-1.4285714286e+00 -1.4957983193e+00 3.2431965814e+00
-1.4285714286e+00 -1.4621848739e+00 3.2873329245e+00
-1.4285714286e+00 -1.4285714286e+00 3.3322723321e+00
-1.4285714286e+00 -1.3949579832e+00 3.3780136874e+00
-1.4285714286e+00 -1.3613445378e+00 3.4245533775e+00
-1.4285714286e+00 -1.3277310924e+00 3.4718849819e+00
-1.4285714286e+00 -1.2941176471e+00 3.5199989347e+00
-1.4285714286e+00 -1.2605042017e+00 3.5688821583e+00
-1.4285714286e+00 -1.2268907563e+00 3.6185176685e+00
-1.4285714286e+00 -1.1932773109e+00 3.6688841500e+00
-1.4285714286e+00 -1.1596638655e+00 3.7199555037e+00
-1.4285714286e+00 -1.1260504202e+00 3.7717003643e+00
-1.4285714286e+00 -1.0924369748e+00 3.8240815919e+00
-1.4285714286e+00 -1.0588235294e+00 3.8770557379e+00
-1.4285714286e+00 -1.0252100840e+00 3.9305724901e+00
-1.4285714286e+00 -9.9159663866e-01 3.9845741014e+00
-1.4285714286e+00 -9.5798319328e-01 4.0389948071e+00
-1.4285714286e+00 -9.2436974790e-01 4.0937602414e+00
-1.4285714286e+00 -8.9075630252e-01 4.1487868607e+00
-1.4285714286e+00 -8.5714285714e-01 4.2039813877e+00
-1.4285714286e+00 -8.2352941176e-01 4.2592402906e+00
-1.4285714286e+00 -7.8991596639e-01 4.3144493152e+00
-1.4285714286e+00 -7.5630252101e-01 4.3694830906e+00
-1.4285714286e+00 -7.2268907563e-01 4.4242048308e+00
-1.4285714286e+00 -6.8907563025e-01 4.4784661592e+00
-1.4285714286e+00 -6.5546218487e-01 4.5321070840e+00
-1.4285714286e+00 -6.2184873950e-01 4.5849561533e+00
-1.4285714286e+00 -5.8823529412e-01 4.6368308237e+00
-1.4285714286e+00 -5.5462184874e-01 4.6875380701e+00
-1.4285714286e+00 -5.2100840336e-01 4.7368752685e+00
-1.4285714286e+00 -4.8739495798e-01 4.7846313769e+00
-1.4285714286e+00 -4.5378151261e-01 4.8305884347e+00
-1.4285714286e+00 -4.2016806723e-01 4.8745233933e+00
-1.4285714286e+00 -3.8655462185e-01 4.9162102806e+00
-1.4285714286e+00 -3.5294117647e-01 4.9554226889e+00
-1.4285714286e+00 -3.1932773109e-01 4.9919365609e+00
-1.4285714286e+00 -2.8571428571e-01 5.0255332321e+00
-1.4285714286e+00 -2.5210084034e-01 5.0560026710e+00
-1.4285714286e+00 -2.1848739496e-01 5.0831468404e+00
-1.4285714286e+00 -1.8487394958e-01 5.1067830894e+00
-1.4285714286e+00 -1.5126050420e-01 5.1267474713e+00
-1.4285714286e+00 -1.1764705882e-01 5.1428978762e+00
-1.4285714286e+00 -8.4033613445e-02 5.1551168636e+00
-1.4285714286e+00 -5.0420168067e-02 5.1633140854e+00
-1.4285714286e+00 -1.6806722689e-02 5.1674282009e+00
-1.4285714286e+00 1.6806722689e-02 5.1674282009e+00
-1.4285714286e+00 5.0420168067e-02 5.1633140854e+00
-1.4285714286e+00 8.4033613445e-02 5.1551168636e+00
-1.4285714286e+00 1.1764705882e-01 5.1428978762e+00
-1.4285714286e+00 1.5126050420e-01 5.1267474713e+00
-1.4285714286e+00 1.8487394958e-01 5.1067830894e+00
-1.4285714286e+00 2.1848739496e-01 5.0831468404e+00
-1.4285714286e+00 2.5210084034e-01 5.0560026710e+00
-1.4285714286e+00 2.8571428571e-01 5.0255332321e+00
-1.4285714286e+00 3.1932773109e-01 4.9919365609e+00
-1.4285714286e+00 3.5294117647e-01 4.9554226889e+00
-1.4285714286e+00 3.8655462185e-01 4.9162102806e+00
-1.4285714286e+00 4.2016806723e-01 4.8745233933e+00
-1.4285714286e+00 4.5378151261e-01 4.8305884347e+00
-1.4285714286e+00 4.8739495798e-01 4.7846313769e+00
-1.4285714286e+00 5.2100840336e-01 4.7368752685e+00
-1.4285714286e+00 5.5462184874e-01 4.6875380701e+00
-1.4285714286e+00 5.8823529412e-01 4.6368308237e+00
-1.4285714286e+00 6.2184873950e-01 4.5849561533e+00
-1.4285714286e+00 6.5546218487e-01 4.5321070840e+00
-1.4285714286e+00 6.8907563025e-01 4.4784661592e+00
-1.4285714286e+00 7.2268907563e-01 4.4242048308e+00
-1.4285714286e+00 7.5630252101e-01 4.3694830906e+00
-1.4285714286e+00 7.8991596639e-01 4.3144493152e+00
-1.4285714286e+00 8.2352941176e-01 4.2592402906e+00
-1.4285714286e+00 8.5714285714e-01 4.2039813877e+00
-1.4285714286e+00 8.9075630252e-01 4.1487868607e+00
-1.4285714286e+00 9.2436974790e-01 4.0937602414e+00
-1.4285714286e+00 9.5798319328e-01 4.0389948071e+00
-1.4285714286e+00 9.9159663866e-01 3.9845741014e+00
-1.4285714286e+00 1.0252100840e+00 3.9305724901e+00
-1.4285714286e+00 1.0588235294e+00 3.8770557379e+00
-1.4285714286e+00 1.0924369748e+00 3.8240815919e+00
-1.4285714286e+00 1.1260504202e+00 3.7717003643e+00
-1.4285714286e+00 1.1596638655e+00 3.7199555037e+00
-1.4285714286e+00 1.1932773109e+00 3.6688841500e+00
-1.4285714286e+00 1.2268907563e+00 3.6185176685e+00
-1.4285714286e+00 1.2605042017e+00 3.5688821583e+00
-1.4285714286e+00 1.2941176471e+00 3.5199989347e+00
-1.4285714286e+00 1.3277310924e+00 3.4718849819e+00
-1.4285714286e+00 1.3613445378e+00 3.4245533775e+00
-1.4285714286e+00 1.3949579832e+00 3.3780136874e+00
-1.4285714286e+00 1.4285714286e+00 3.3322723321e+00
-1.4285714286e+00 1.4621848739e+00 3.2873329245e+00
-1.4285714286e+00 1.4957983193e+00 3.2431965814e+00
-1.4285714286e+00 1.5294117647e+00 3.1998622085e+00
-1.4285714286e+00 1.5630252101e+00 3.1573267615e+00
-1.4285714286e+00 1.5966386555e+00 3.1155854840e+00
-1.4285714286e+00 1.6302521008e+00 3.0746321237e+00
-1.4285714286e+00 1.6638655462e+00 3.0344591288e+00
-1.4285714286e+00 1.6974789916e+00 2.9950578253e+00
-1.4285714286e+00 1.7310924370e+00 2.9564185776e+00
-1.4285714286e+00 1.7647058824e+00 2.9185309329e+00
-1.4285714286e+00 1.7983193277e+00 2.8813837509e+00
-1.4285714286e+00 1.8319327731e+00 2.8449653201e+00
-1.4285714286e+00 1.8655462185e+00 2.8092634625e+00
-1.4285714286e+00 1.8991596639e+00 2.7742656260e+00
-1.4285714286e+00 1.9327731092e+00 2.7399589679e+00
-1.4285714286e+00 1.9663865546e+00 2.7063304279e+00
-1.4285714286e+00 2.0000000000e+00 2.6733667938e+00

-1.3949579832e+00 -2.0000000000e+00 2.6967070792e+00
-1.3949579832e+00 -1.9663865546e+00 2.7305565631e+00
-1.3949579832e+00 -1.9327731092e+00 2.7651122048e+00
-1.3949579832e+00 -1.8991596639e+00 2.8003893546e+00
-1.3949579832e+00 -1.8655462185e+00 2.8364033202e+00
-1.3949579832e+00 -1.8319327731e+00 2.8731693046e+00
-1.3949579832e+00 -1.7983193277e+00 2.9107023364e+00
-1.3949579832e+00 -1.7647058824e+00 2.9490171897e+00
-1.3949579832e+00 -1.7310924370e+00 2.9881282941e+00
-1.3949579832e+00 -1.6974789916e+00 3.0280496326e+00
-1.3949579832e+00 -1.6638655462e+00 3.0687946261e+00
-1.3949579832e+00 -1.6302521008e+00 3.1103760044e+00
-1.3949579832e+00 -1.5966386555e+00 3.1528056608e+00
-1.3949579832e+00 -1.5630252101e+00 3.1960944894e+00
-1.3949579832e+00 -1.5294117647e+00 3.2402522040e+00
-1.3949579832e+00 -1.4957983193e+00 3.2852871356e+00
-1.3949579832e+00 -1.4621848739e+00 3.3312060076e+00
-1.3949579832e+00 -1.4285714286e+00 3.3780136874e+00
-1.3949579832e+00 -1.3949579832e+00 3.4257129101e+00
-1.3949579832e+00 -1.3613445378e+00 3.4743039750e+00
-1.3949579832e+00 -1.3277310924e+00 3.5237844119e+00
-1.3949579832e+00 -1.2941176471e+00 3.5741486144e+00
-1.3949579832e+00 -1.2605042017e+00 3.6253874395e+00
-1.3949579832e+00 -1.2268907563e+00 3.6774877724e+00
-1.3949579832e+00 -1.1932773109e+00 3.7304320531e+00
-1.3949579832e+00 -1.1596638655e+00 3.7841977665e+00
-1.3949579832e+00 -1.1260504202e+00 3.8387568937e+00
-1.3949579832e+00 -1.0924369748e+00 3.8940753261e+00
-1.3949579832e+00 -1.0588235294e+00 3.9501122430e+00
-1.3949579832e+00 -1.0252100840e+00 4.0068194551e+00
-1.3949579832e+00 -9.9159663866e-01 4.0641407194e+00
-1.3949579832e+00 -9.5798319328e-01 4.1220110284e+00
-1.3949579832e+00 -9.2436974790e-01 4.1803558838e+00
-1.3949579832e+00 -8.9075630252e-01 4.2390905640e+00
-1.3949579832e+00 -8.5714285714e-01 4.2981193984e+00
-1.3949579832e+00 -8.2352941176e-01 4.3573350641e+00
-1.3949579832e+00 -7.8991596639e-01 4.4166179260e+00
-1.3949579832e+00 -7.5630252101e-01 4.4758354425e+00
-1.3949579832e+00 -7.2268907563e-01 4.5348416654e+00
-1.3949579832e+00 -6.8907563025e-01 4.5934768642e+00
-1.3949579832e+00 -6.5546218487e-01 4.6515673116e+00
-1.3949579832e+00 -6.2184873950e-01 4.7089252685e+00
-1.3949579832e+00 -5.8823529412e-01 4.7653492095e+00
-1.3949579832e+00 -5.5462184874e-01 4.8206243322e+00
-1.3949579832e+00 -5.2100840336e-01 4.8745233933e+00
-1.3949579832e+00 -4.8739495798e-01 4.9268079105e+00
-1.3949579832e+00 -4.5378151261e-01 4.9772297651e+00
-1.3949579832e+00 -4.2016806723e-01 5.0255332321e+00
-1.3949579832e+00 -3.8655462185e-01 5.0714574491e+00
-1.3949579832e+00 -3.5294117647e-01 5.1147393251e+00
-1.3949579832e+00 -3.1932773109e-01 5.1551168636e+00
-1.3949579832e+00 -2.8571428571e-01 5.1923328578e+00
-1.3949579832e+00 -2.5210084034e-01 5.2261388885e+00
-1.3949579832e+00 -2.1848739496e-01 5.2562995289e+00
-1.3949579832e+00 -1.8487394958e-01 5.2825966399e+00
-1.3949579832e+00 -1.5126050420e-01 5.3048336177e+00
-1.3949579832e+00 -1.1764705882e-01 5.3228394406e+00
-1.3949579832e+00 -8.4033613445e-02 5.3364723580e+00
-1.3949579832e+00 -5.0420168067e-02 5.3456230658e+00
-1.3949579832e+00 -1.6806722689e-02 5.3502172280e+00
-1.3949579832e+00 1.6806722689e-02 5.3502172280e+00
-1.3949579832e+00 5.0420168067e-02 5.3456230658e+00
-1.3949579832e+00 8.4033613445e-02 5.3364723580e+00
-1.3949579832e+00 1.1764705882e-01 5.3228394406e+00
-1.3949579832e+00 1.5126050420e-01 5.3048336177e+00
-1.3949579832e+00 1.8487394958e-01 5.2825966399e+00
-1.3949579832e+00 2.1848739496e-01 5.2562995289e+00
-1.3949579832e+00 2.5210084034e-01 5.2261388885e+00
-1.3949579832e+00 2.8571428571e-01 5.1923328578e+00
-1.3949579832e+00 3.1932773109e-01 5.1551168636e+00
-1.3949579832e+00 3.5294117647e-01 5.1147393251e+00
-1.3949579832e+00 3.8655462185e-01 5.0714574491e+00
-1.3949579832e+00 4.2016806723e-01 5.0255332321e+00
-1.3949579832e+00 4.5378151261e-01 4.9772297651e+00
-1.3949579832e+00 4.8739495798e-01 4.9268079105e+00
-1.3949579832e+00 5.2100840336e-01 4.8745233933e+00
-1.3949579832e+00 5.5462184874e-01 4.8206243322e+00
-1.3949579832e+00 5.8823529412e-01 4.7653492095e+00
-1.3949579832e+00 6.2184873950e-01 4.7089252685e+00
-1.3949579832e+00 6.5546218487e-01 4.6515673116e+00
-1.3949579832e+00 6.8907563025e-01 4.5934768642e+00
-1.3949579832e+00 7.2268907563e-01 4.5348416654e+00
-1.3949579832e+00 7.5630252101e-01 4.4758354425e+00
-1.3949579832e+00 7.8991596639e-01 4.4166179260e+00
-1.3949579832e+00 8.2352941176e-01 4.3573350641e+00
-1.3949579832e+00 8.5714285714e-01 4.2981193984e+00
-1.3949579832e+00 8.9075630252e-01 4.2390905640e+00
-1.3949579832e+00 9.2436974790e-01 4.1803558838e+00
-1.3949579832e+00 9.5798319328e-01 4.1220110284e+00
-1.3949579832e+00 9.9159663866e-01 4.0641407194e+00
-1.3949579832e+00 1.0252100840e+00 4.0068194551e+00
-1.3949579832e+00 1.0588235294e+00 3.9501122430e+00
-1.3949579832e+00 1.0924369748e+00 3.8940753261e+00
-1.3949579832e+00 1.1260504202e+00 3.8387568937e+00
-1.3949579832e+00 1.1596638655e+00 3.7841977665e+00
-1.3949579832e+00 1.1932773109e+00 3.7304320531e+00
-1.3949579832e+00 1.2268907563e+00 3.6774877724e+00
-1.3949579832e+00 1.2605042017e+00 3.6253874395e+00
-1.3949579832e+00 1.2941176471e+00 3.5741486144e+00
-1.3949579832e+00 1.3277310924e+00 3.5237844119e+00
-1.3949579832e+00 1.3613445378e+00 3.4743039750e+00
-1.3949579832e+00 1.3949579832e+00 3.4257129101e+00
-1.3949579832e+00 1.4285714286e+00 3.3780136874e+00
-1.3949579832e+00 1.4621848739e+00 3.3312060076e+00
-1.3949579832e+00 1.4957983193e+00 3.2852871356e+00
-1.3949579832e+00 1.5294117647e+00 3.2402522040e+00
-1.3949579832e+00 1.5630252101e+00 3.1960944894e+00
-1.3949579832e+00 1.5966386555e+00 3.1528056608e+00
-1.3949579832e+00 1.6302521008e+00 3.1103760044e+00
-1.3949579832e+00 1.6638655462e+00 3.0687946261e+00
-1.3949579832e+00 1.6974789916e+00 3.0280496326e+00
-1.3949579832e+00 1.7310924370e+00 2.9881282941e+00
-1.3949579832e+00 1.7647058824e+00 2.9490171897e+00
-1.3949579832e+00 1.7983193277e+00 2.9107023364e+00
-1.3949579832e+00 1.8319327731e+00 2.8731693046e+00
-1.3949579832e+00 1.8655462185e+00 2.8364033202e+00
-1.3949579832e+00 1.8991596639e+00 2.8003893546e+00
-1.3949579832e+00 1.9327731092e+00 2.7651122048e+00
-1.3949579832e+00 1.9663865546e+00 2.7305565631e+00
-1.3949579832e+00 2.0000000000e+00 2.6967070792e+00

-1.3613445378e+00 -2.0000000000e+00 2.7200941935e+00
-1.3613445378e+00 -1.9663865546e+00 2.7548475615e+00
-1.3613445378e+00 -1.9327731092e+00 2.7903502673e+00
-1.3613445378e+00 -1.8991596639e+00 2.8266199872e+00
-1.3613445378e+00 -1.8655462185e+00 2.8636744816e+00
-1.3613445378e+00 -1.8319327731e+00 2.9015315391e+00
-1.3613445378e+00 -1.7983193277e+00 2.9402089114e+00
-1.3613445378e+00 -1.7647058824e+00 2.9797242391e+00
-1.3613445378e+00 -1.7310924370e+00 3.0200949661e+00
-1.3613445378e+00 -1.6974789916e+00 3.0613382415e+00
-1.3613445378e+00 -1.6638655462e+00 3.1034708089e+00
-1.3613445378e+00 -1.6302521008e+00 3.1465088793e+00
-1.3613445378e+00 -1.5966386555e+00 3.1904679884e+00
-1.3613445378e+00 -1.5630252101e+00 3.2353628344e+00
-1.3613445378e+00 -1.5294117647e+00 3.2812070957e+00
-1.3613445378e+00 -1.4957983193e+00 3.3280132259e+00
-1.3613445378e+00 -1.4621848739e+00 3.3757922240e+00
-1.3613445378e+00 -1.4285714286e+00 3.4245533775e+00
-1.3613445378e+00 -1.3949579832e+00 3.4743039750e+00
-1.3613445378e+00 -1.3613445378e+00 3.5250489877e+00
-1.3613445378e+00 -1.3277310924e+00 3.5767907144e+00
-1.3613445378e+00 -1.2941176471e+00 3.6295283904e+00
-1.3613445378e+00 -1.2605042017e+00 3.6832577542e+00
-1.3613445378e+00 -1.2268907563e+00 3.7379705725e+00
-1.3613445378e+00 -1.1932773109e+00 3.7936541190e+00
-1.3613445378e+00 -1.1596638655e+00 3.8502906057e+00
-1.3613445378e+00 -1.1260504202e+00 3.9078565653e+00
-1.3613445378e+00 -1.0924369748e+00 3.9663221831e+00
-1.3613445378e+00 -1.0588235294e+00 4.0256505786e+00
-1.3613445378e+00 -1.0252100840e+00 4.0857970375e+00
-1.3613445378e+00 -9.9159663866e-01 4.1467081981e+00
-1.3613445378e+00 -9.5798319328e-01 4.2083211937e+00
-1.3613445378e+00 -9.2436974790e-01 4.2705627608e+00
-1.3613445378e+00 -8.9075630252e-01 4.3333483203e+00
-1.3613445378e+00 -8.5714285714e-01 4.3965810457e+00
-1.3613445378e+00 -8.2352941176e-01 4.4601509343e+00
-1.3613445378e+00 -7.8991596639e-01 4.5239339032e+00
-1.3613445378e+00 -7.5630252101e-01 4.5877909359e+00
-1.3613445378e+00 -7.2268907563e-01 4.6515673116e+00
-1.3613445378e+00 -6.8907563025e-01 4.7150919537e+00
-1.3613445378e+00 -6.5546218487e-01 4.7781769428e+00
-1.3613445378e+00 -6.2184873950e-01 4.8406172424e+00
-1.3613445378e+00 -5.8823529412e-01 4.9021906917e+00
-1.3613445378e+00 -5.5462184874e-01 4.9626583248e+00
-1.3613445378e+00 -5.2100840336e-01 5.0217650766e+00
-1.3613445378e+00 -4.8739495798e-01 5.0792409349e+00
-1.3613445378e+00 -4.5378151261e-01 5.1348025948e+00
-1.3613445378e+00 -4.2016806723e-01 5.1881556623e+00
-1.3613445378e+00 -3.8655462185e-01 5.2389974401e+00
-1.3613445378e+00 -3.5294117647e-01 5.2870203089e+00
-1.3613445378e+00 -3.1932773109e-01 5.3319156924e+00
-1.3613445378e+00 -2.8571428571e-01 5.3733785617e+00
-1.3613445378e+00 -2.5210084034e-01 5.4111124029e+00
-1.3613445378e+00 -2.1848739496e-01 5.4448345294e+00
-1.3613445378e+00 -1.8487394958e-01 5.4742815896e+00
-1.3613445378e+00 -1.5126050420e-01 5.4992150822e+00
-1.3613445378e+00 -1.1764705882e-01 5.5194266704e+00
-1.3613445378e+00 -8.4033613445e-02 5.5347430706e+00
-1.3613445378e+00 -5.0420168067e-02 5.5450302945e+00
-1.3613445378e+00 -1.6806722689e-02 5.5501970364e+00
-1.3613445378e+00 1.6806722689e-02 5.5501970364e+00
-1.3613445378e+00 5.0420168067e-02 5.5450302945e+00
-1.3613445378e+00 8.4033613445e-02 5.5347430706e+00
-1.3613445378e+00 1.1764705882e-01 5.5194266704e+00
-1.3613445378e+00 1.5126050420e-01 5.4992150822e+00
-1.3613445378e+00 1.8487394958e-01 5.4742815896e+00
-1.3613445378e+00 2.1848739496e-01 5.4448345294e+00
-1.3613445378e+00 2.5210084034e-01 5.4111124029e+00
-1.3613445378e+00 2.8571428571e-01 5.3733785617e+00
-1.3613445378e+00 3.1932773109e-01 5.3319156924e+00
-1.3613445378e+00 3.5294117647e-01 5.2870203089e+00
-1.3613445378e+00 3.8655462185e-01 5.2389974401e+00
-1.3613445378e+00 4.2016806723e-01 5.1881556623e+00
-1.3613445378e+00 4.5378151261e-01 5.1348025948e+00
-1.3613445378e+00 4.8739495798e-01 5.0792409349e+00
-1.3613445378e+00 5.2100840336e-01 5.0217650766e+00
-1.3613445378e+00 5.5462184874e-01 4.9626583248e+00
-1.3613445378e+00 5.8823529412e-01 4.9021906917e+00
-1.3613445378e+00 6.2184873950e-01 4.8406172424e+00
-1.3613445378e+00 6.5546218487e-01 4.7781769428e+00
-1.3613445378e+00 6.8907563025e-01 4.7150919537e+00
-1.3613445378e+00 7.2268907563e-01 4.6515673116e+00
-1.3613445378e+00 7.5630252101e-01 4.5877909359e+00
-1.3613445378e+00 7.8991596639e-01 4.5239339032e+00
-1.3613445378e+00 8.2352941176e-01 4.4601509343e+00
-1.3613445378e+00 8.5714285714e-01 4.3965810457e+00
-1.3613445378e+00 8.9075630252e-01 4.3333483203e+00
-1.3613445378e+00 9.2436974790e-01 4.2705627608e+00
-1.3613445378e+00 9.5798319328e-01 4.2083211937e+00
-1.3613445378e+00 9.9159663866e-01 4.1467081981e+00
-1.3613445378e+00 1.0252100840e+00 4.0857970375e+00
-1.3613445378e+00 1.0588235294e+00 4.0256505786e+00
-1.3613445378e+00 1.0924369748e+00 3.9663221831e+00
-1.3613445378e+00 1.1260504202e+00 3.9078565653e+00
-1.3613445378e+00 1.1596638655e+00 3.8502906057e+00
-1.3613445378e+00 1.1932773109e+00 3.7936541190e+00
-1.3613445378e+00 1.2268907563e+00 3.7379705725e+00
-1.3613445378e+00 1.2605042017e+00 3.6832577542e+00
-1.3613445378e+00 1.2941176471e+00 3.6295283904e+00
-1.3613445378e+00 1.3277310924e+00 3.5767907144e+00
-1.3613445378e+00 1.3613445378e+00 3.5250489877e+00
-1.3613445378e+00 1.3949579832e+00 3.4743039750e+00
-1.3613445378e+00 1.4285714286e+00 3.4245533775e+00
-1.3613445378e+00 1.4621848739e+00 3.3757922240e+00
-1.3613445378e+00 1.4957983193e+00 3.3280132259e+00
-1.3613445378e+00 1.5294117647e+00 3.2812070957e+00
-1.3613445378e+00 1.5630252101e+00 3.2353628344e+00
-1.3613445378e+00 1.5966386555e+00 3.1904679884e+00
-1.3613445378e+00 1.6302521008e+00 3.1465088793e+00
-1.3613445378e+00 1.6638655462e+00 3.1034708089e+00
-1.3613445378e+00 1.6974789916e+00 3.0613382415e+00
-1.3613445378e+00 1.7310924370e+00 3.0200949661e+00
-1.3613445378e+00 1.7647058824e+00 2.9797242391e+00
-1.3613445378e+00 1.7983193277e+00 2.9402089114e+00
-1.3613445378e+00 1.8319327731e+00 2.9015315391e+00
-1.3613445378e+00 1.8655462185e+00 2.8636744816e+00
-1.3613445378e+00 1.8991596639e+00 2.8266199872e+00
-1.3613445378e+00 1.9327731092e+00 2.7903502673e+00
-1.3613445378e+00 1.9663865546e+00 2.7548475615e+00
-1.3613445378e+00 2.0000000000e+00 2.7200941935e+00

-1.3277310924e+00 -2.0000000000e+00 2.7435101072e+00
-1.3277310924e+00 -1.9663865546e+00 2.7791849484e+00
-1.3277310924e+00 -1.9327731092e+00 2.8156542727e+00
-1.3277310924e+00 -1.8991596639e+00 2.8529382803e+00
-1.3277310924e+00 -1.8655462185e+00 2.8910574027e+00
-1.3277310924e+00 -1.8319327731e+00 2.9300322535e+00
-1.3277310924e+00 -1.7983193277e+00 2.9698835720e+00
-1.3277310924e+00 -1.7647058824e+00 3.0106321552e+00
-1.3277310924e+00 -1.7310924370e+00 3.0522987806e+00
-1.3277310924e+00 -1.6974789916e+00 3.0949041149e+00
-1.3277310924e+00 -1.6638655462e+00 3.1384686098e+00
-1.3277310924e+00 -1.6302521008e+00 3.1830123816e+00
-1.3277310924e+00 -1.5966386555e+00 3.2285550739e+00
-1.3277310924e+00 -1.5630252101e+00 3.2751156993e+00
-1.3277310924e+00 -1.5294117647e+00 3.3227124610e+00
-1.3277310924e+00 -1.4957983193e+00 3.3713625488e+00
-1.3277310924e+00 -1.4621848739e+00 3.4210819087e+00
-1.3277310924e+00 -1.4285714286e+00 3.4718849819e+00
-1.3277310924e+00 -1.3949579832e+00 3.5237844119e+00
-1.3277310924e+00 -1.3613445378e+00 3.5767907144e+00
-1.3277310924e+00 -1.3277310924e+00 3.6309119075e+00
-1.3277310924e+00 -1.2941176471e+00 3.6861530983e+00
-1.3277310924e+00 -1.2605042017e+00 3.7425160230e+00
-1.3277310924e+00 -1.2268907563e+00 3.7999985346e+00
-1.3277310924e+00 -1.1932773109e+00 3.8585940366e+00
-1.3277310924e+00 -1.1596638655e+00 3.9182908576e+00
-1.3277310924e+00 -1.1260504202e+00 3.9790715640e+00
-1.3277310924e+00 -1.0924369748e+00 4.0409122077e+00
-1.3277310924e+00 -1.0588235294e+00 4.1037815069e+00
-1.3277310924e+00 -1.0252100840e+00 4.1676399581e+00
-1.3277310924e+00 -9.9159663866e-01 4.2324388814e+00
-1.3277310924e+00 -9.5798319328e-01 4.2981193984e+00
-1.3277310924e+00 -9.2436974790e-01 4.3646113500e+00
-1.3277310924e+00 -8.9075630252e-01 4.4318321604e+00
-1.3277310924e+00 -8.5714285714e-01 4.4996856584e+00
-1.3277310924e+00 -8.2352941176e-01 4.5680608730e+00
-1.3277310924e+00 -7.8991596639e-01 4.6368308237e+00
-1.3277310924e+00 -7.5630252101e-01 4.7058513343e+00
-1.3277310924e+00 -7.2268907563e-01 4.7749599045e+00
-1.3277310924e+00 -6.8907563025e-01 4.8439746833e+00
-1.3277310924e+00 -6.5546218487e-01 4.9126935965e+00
-1.3277310924e+00 -6.2184873950e-01 4.9808936894e+00
-1.3277310924e+00 -5.8823529412e-01 5.0483307547e+00
-1.3277310924e+00 -5.5462184874e-01 5.1147393251e+00
-1.3277310924e+00 -5.2100840336e-01 5.1798331153e+00
-1.3277310924e+00 -4.8739495798e-01 5.2433060001e+00
-1.3277310924e+00 -4.5378151261e-01 5.3048336177e+00
-1.3277310924e+00 -4.2016806723e-01 5.3640756772e+00
-1.3277310924e+00 -3.8655462185e-01 5.4206790358e+00
-1.3277310924e+00 -3.5294117647e-01 5.4742815896e+00
-1.3277310924e+00 -3.1932773109e-01 5.5245169859e+00
-1.3277310924e+00 -2.8571428571e-01 5.5710201284e+00
-1.3277310924e+00 -2.5210084034e-01 5.6134333895e+00
-1.3277310924e+00 -2.1848739496e-01 5.6514133944e+00
-1.3277310924e+00 -1.8487394958e-01 5.6846381789e+00
-1.3277310924e+00 -1.5126050420e-01 5.7128144709e+00
-1.3277310924e+00 -1.1764705882e-01 5.7356848005e+00
-1.3277310924e+00 -8.4033613445e-02 5.7530341167e+00
-1.3277310924e+00 -5.0420168067e-02 5.7646955800e+00
-1.3277310924e+00 -1.6806722689e-02 5.7705552243e+00
-1.3277310924e+00 1.6806722689e-02 5.7705552243e+00
-1.3277310924e+00 5.0420168067e-02 5.7646955800e+00
-1.3277310924e+00 8.4033613445e-02 5.7530341167e+00
-1.3277310924e+00 1.1764705882e-01 5.7356848005e+00
-1.3277310924e+00 1.5126050420e-01 5.7128144709e+00
-1.3277310924e+00 1.8487394958e-01 5.6846381789e+00
-1.3277310924e+00 2.1848739496e-01 5.6514133944e+00
-1.3277310924e+00 2.5210084034e-01 5.6134333895e+00
-1.3277310924e+00 2.8571428571e-01 5.5710201284e+00
-1.3277310924e+00 3.1932773109e-01 5.5245169859e+00
-1.3277310924e+00 3.5294117647e-01 5.4742815896e+00
-1.3277310924e+00 3.8655462185e-01 5.4206790358e+00
-1.3277310924e+00 4.2016806723e-01 5.3640756772e+00
-1.3277310924e+00 4.5378151261e-01 5.3048336177e+00
-1.3277310924e+00 4.8739495798e-01 5.2433060001e+00
-1.3277310924e+00 5.2100840336e-01 5.1798331153e+00
-1.3277310924e+00 5.5462184874e-01 5.1147393251e+00
-1.3277310924e+00 5.8823529412e-01 5.0483307547e+00
-1.3277310924e+00 6.2184873950e-01 4.9808936894e+00
-1.3277310924e+00 6.5546218487e-01 4.9126935965e+00
-1.3277310924e+00 6.8907563025e-01 4.8439746833e+00
-1.3277310924e+00 7.2268907563e-01 4.7749599045e+00
-1.3277310924e+00 7.5630252101e-01 4.7058513343e+00
-1.3277310924e+00 7.8991596639e-01 4.6368308237e+00
-1.3277310924e+00 8.2352941176e-01 4.5680608730e+00
-1.3277310924e+00 8.5714285714e-01 4.4996856584e+00
-1.3277310924e+00 8.9075630252e-01 4.4318321604e+00
-1.3277310924e+00 9.2436974790e-01 4.3646113500e+00
-1.3277310924e+00 9.5798319328e-01 4.2981193984e+00
-1.3277310924e+00 9.9159663866e-01 4.2324388814e+00
-1.3277310924e+00 1.0252100840e+00 4.1676399581e+00
-1.3277310924e+00 1.0588235294e+00 4.1037815069e+00
-1.3277310924e+00 1.0924369748e+00 4.0409122077e+00
-1.3277310924e+00 1.1260504202e+00 3.9790715640e+00
-1.3277310924e+00 1.1596638655e+00 3.9182908576e+00
-1.3277310924e+00 1.1932773109e+00 3.8585940366e+00
-1.3277310924e+00 1.2268907563e+00 3.7999985346e+00
-1.3277310924e+00 1.2605042017e+00 3.7425160230e+00
-1.3277310924e+00 1.2941176471e+00 3.6861530983e+00
-1.3277310924e+00 1.3277310924e+00 3.6309119075e+00
-1.3277310924e+00 1.3613445378e+00 3.5767907144e+00
-1.3277310924e+00 1.3949579832e+00 3.5237844119e+00
-1.3277310924e+00 1.4285714286e+00 3.4718849819e+00
-1.3277310924e+00 1.4621848739e+00 3.4210819087e+00
-1.3277310924e+00 1.4957983193e+00 3.3713625488e+00
-1.3277310924e+00 1.5294117647e+00 3.3227124610e+00
-1.3277310924e+00 1.5630252101e+00 3.2751156993e+00
-1.3277310924e+00 1.5966386555e+00 3.2285550739e+00
-1.3277310924e+00 1.6302521008e+00 3.1830123816e+00
-1.3277310924e+00 1.6638655462e+00 3.1384686098e+00
-1.3277310924e+00 1.6974789916e+00 3.0949041149e+00
-1.3277310924e+00 1.7310924370e+00 3.0522987806e+00
-1.3277310924e+00 1.7647058824e+00 3.0106321552e+00
-1.3277310924e+00 1.7983193277e+00 2.9698835720e+00
-1.3277310924e+00 1.8319327731e+00 2.9300322535e+00
-1.3277310924e+00 1.8655462185e+00 2.8910574027e+00
-1.3277310924e+00 1.8991596639e+00 2.8529382803e+00
-1.3277310924e+00 1.9327731092e+00 2.8156542727e+00
-1.3277310924e+00 1.9663865546e+00 2.7791849484e+00
-1.3277310924e+00 2.0000000000e+00 2.7435101072e+00

-1.2941176471e+00 -2.0000000000e+00 2.7669356068e+00
-1.2941176471e+00 -1.9663865546e+00 2.8035489692e+00
-1.2941176471e+00 -1.9327731092e+00 2.8410039557e+00
-1.2941176471e+00 -1.8991596639e+00 2.8793234994e+00
-1.2941176471e+00 -1.8655462185e+00 2.9185309329e+00
-1.2941176471e+00 -1.8319327731e+00 2.9586499503e+00
-1.2941176471e+00 -1.7983193277e+00 2.9997045592e+00
-1.2941176471e+00 -1.7647058824e+00 3.0417190245e+00
-1.2941176471e+00 -1.7310924370e+00 3.0847178007e+00
-1.2941176471e+00 -1.6974789916e+00 3.1287254513e+00
-1.2941176471e+00 -1.6638655462e+00 3.1737665554e+00
-1.2941176471e+00 -1.6302521008e+00 3.2198655974e+00
-1.2941176471e+00 -1.5966386555e+00 3.2670468392e+00
-1.2941176471e+00 -1.5630252101e+00 3.3153341716e+00
-1.2941176471e+00 -1.5294117647e+00 3.3647509442e+00
-1.2941176471e+00 -1.4957983193e+00 3.4153197678e+00
-1.2941176471e+00 -1.4621848739e+00 3.4670622894e+00
-1.2941176471e+00 -1.4285714286e+00 3.5199989347e+00
-1.2941176471e+00 -1.3949579832e+00 3.5741486144e+00
-1.2941176471e+00 -1.3613445378e+00 3.6295283904e+00
-1.2941176471e+00 -1.3277310924e+00 3.6861530983e+00
-1.2941176471e+00 -1.2941176471e+00 3.7440349196e+00
-1.2941176471e+00 -1.2605042017e+00 3.8031829008e+00
-1.2941176471e+00 -1.2268907563e+00 3.8636024124e+00
-1.2941176471e+00 -1.1932773109e+00 3.9252945428e+00
-1.2941176471e+00 -1.1596638655e+00 3.9882554218e+00
-1.2941176471e+00 -1.1260504202e+00 4.0524754683e+00
-1.2941176471e+00 -1.0924369748e+00 4.1179385553e+00
-1.2941176471e+00 -1.0588235294e+00 4.1846210893e+00
-1.2941176471e+00 -1.0252100840e+00 4.2524909989e+00
-1.2941176471e+00 -9.9159663866e-01 4.3215066288e+00
-1.2941176471e+00 -9.5798319328e-01 4.3916155395e+00
-1.2941176471e+00 -9.2436974790e-01 4.4627532126e+00
-1.2941176471e+00 -8.9075630252e-01 4.5348416654e+00
-1.2941176471e+00 -8.5714285714e-01 4.6077879836e+00
-1.2941176471e+00 -8.2352941176e-01 4.6814827853e+00
-1.2941176471e+00 -7.8991596639e-01 4.7557986348e+00
-1.2941176471e+00 -7.5630252101e-01 4.8305884347e+00
-1.2941176471e+00 -7.2268907563e-01 4.9056838326e+00
-1.2941176471e+00 -6.8907563025e-01 4.9808936894e+00
-1.2941176471e+00 -6.5546218487e-01 5.0560026710e+00
-1.2941176471e+00 -6.2184873950e-01 5.1307700351e+00
-1.2941176471e+00 -5.8823529412e-01 5.2049287039e+00
-1.2941176471e+00 -5.5462184874e-01 5.2781847234e+00
-1.2941176471e+00 -5.2100840336e-01 5.3502172280e+00
-1.2941176471e+00 -4.8739495798e-01 5.4206790358e+00
-1.2941176471e+00 -4.5378151261e-01 5.4891980086e+00
-1.2941176471e+00 -4.2016806723e-01 5.5553793075e+00
-1.2941176471e+00 -3.8655462185e-01 5.6188086646e+00
-1.2941176471e+00 -3.5294117647e-01 5.6790567656e+00
-1.2941176471e+00 -3.1932773109e-01 5.7356848005e+00
-1.2941176471e+00 -2.8571428571e-01 5.7882511811e+00
-1.2941176471e+00 -2.5210084034e-01 5.8363193557e+00
-1.2941176471e+00 -2.1848739496e-01 5.8794665637e+00
-1.2941176471e+00 -1.8487394958e-01 5.9172932816e+00
-1.2941176471e+00 -1.5126050420e-01 5.9494330194e+00
-1.2941176471e+00 -1.1764705882e-01 5.9755620472e+00
-1.2941176471e+00 -8.4033613445e-02 5.9954085731e+00
-1.2941176471e+00 -5.0420168067e-02 6.0087608728e+00
-1.2941176471e+00 -1.6806722689e-02 6.0154738892e+00
-1.2941176471e+00 1.6806722689e-02 6.0154738892e+00
-1.2941176471e+00 5.0420168067e-02 6.0087608728e+00
-1.2941176471e+00 8.4033613445e-02 5.9954085731e+00
-1.2941176471e+00 1.1764705882e-01 5.9755620472e+00
-1.2941176471e+00 1.5126050420e-01 5.9494330194e+00
-1.2941176471e+00 1.8487394958e-01 5.9172932816e+00
-1.2941176471e+00 2.1848739496e-01 5.8794665637e+00
-1.2941176471e+00 2.5210084034e-01 5.8363193557e+00
-1.2941176471e+00 2.8571428571e-01 5.7882511811e+00
-1.2941176471e+00 3.1932773109e-01 5.7356848005e+00
-1.2941176471e+00 3.5294117647e-01 5.6790567656e+00
-1.2941176471e+00 3.8655462185e-01 5.6188086646e+00
-1.2941176471e+00 4.2016806723e-01 5.5553793075e+00
-1.2941176471e+00 4.5378151261e-01 5.4891980086e+00
-1.2941176471e+00 4.8739495798e-01 5.4206790358e+00
-1.2941176471e+00 5.2100840336e-01 5.3502172280e+00
-1.2941176471e+00 5.5462184874e-01 5.2781847234e+00
-1.2941176471e+00 5.8823529412e-01 5.2049287039e+00
-1.2941176471e+00 6.2184873950e-01 5.1307700351e+00
-1.2941176471e+00 6.5546218487e-01 5.0560026710e+00
-1.2941176471e+00 6.8907563025e-01 4.9808936894e+00
-1.2941176471e+00 7.2268907563e-01 4.9056838326e+00
-1.2941176471e+00 7.5630252101e-01 4.8305884347e+00
-1.2941176471e+00 7.8991596639e-01 4.7557986348e+00
-1.2941176471e+00 8.2352941176e-01 4.6814827853e+00
-1.2941176471e+00 8.5714285714e-01 4.6077879836e+00
-1.2941176471e+00 8.9075630252e-01 4.5348416654e+00
-1.2941176471e+00 9.2436974790e-01 4.4627532126e+00
-1.2941176471e+00 9.5798319328e-01 4.3916155395e+00
-1.2941176471e+00 9.9159663866e-01 4.3215066288e+00
-1.2941176471e+00 1.0252100840e+00 4.2524909989e+00
-1.2941176471e+00 1.0588235294e+00 4.1846210893e+00
-1.2941176471e+00 1.0924369748e+00 4.1179385553e+00
-1.2941176471e+00 1.1260504202e+00 4.0524754683e+00
-1.2941176471e+00 1.1596638655e+00 3.9882554218e+00
-1.2941176471e+00 1.1932773109e+00 3.9252945428e+00
-1.2941176471e+00 1.2268907563e+00 3.8636024124e+00
-1.2941176471e+00 1.2605042017e+00 3.8031829008e+00
-1.2941176471e+00 1.2941176471e+00 3.7440349196e+00
-1.2941176471e+00 1.3277310924e+00 3.6861530983e+00
-1.2941176471e+00 1.3613445378e+00 3.6295283904e+00
-1.2941176471e+00 1.3949579832e+00 3.5741486144e+00
-1.2941176471e+00 1.4285714286e+00 3.5199989347e+00
-1.2941176471e+00 1.4621848739e+00 3.4670622894e+00
-1.2941176471e+00 1.4957983193e+00 3.4153197678e+00
-1.2941176471e+00 1.5294117647e+00 3.3647509442e+00
-1.2941176471e+00 1.5630252101e+00 3.3153341716e+00
-1.2941176471e+00 1.5966386555e+00 3.2670468392e+00
-1.2941176471e+00 1.6302521008e+00 3.2198655974e+00
-1.2941176471e+00 1.6638655462e+00 3.1737665554e+00
-1.2941176471e+00 1.6974789916e+00 3.1287254513e+00
-1.2941176471e+00 1.7310924370e+00 3.0847178007e+00
-1.2941176471e+00 1.7647058824e+00 3.0417190245e+00
-1.2941176471e+00 1.7983193277e+00 2.9997045592e+00
-1.2941176471e+00 1.8319327731e+00 2.9586499503e+00
-1.2941176471e+00 1.8655462185e+00 2.9185309329e+00
-1.2941176471e+00 1.8991596639e+00 2.8793234994e+00
-1.2941176471e+00 1.9327731092e+00 2.8410039557e+00
-1.2941176471e+00 1.9663865546e+00 2.8035489692e+00
-1.2941176471e+00 2.0000000000e+00 2.7669356068e+00

-1.2605042017e+00 -2.0000000000e+00 2.7903502673e+00
-1.2605042017e+00 -1.9663865546e+00 2.8279185548e+00
-1.2605042017e+00 -1.9327731092e+00 2.8663776265e+00
-1.2605042017e+00 -1.8991596639e+00 2.9057533671e+00
-1.2605042017e+00 -1.8655462185e+00 2.9460722539e+00
-1.2605042017e+00 -1.8319327731e+00 2.9873613306e+00
-1.2605042017e+00 -1.7983193277e+00 3.0296481727e+00
-1.2605042017e+00 -1.7647058824e+00 3.0729608447e+00
-1.2605042017e+00 -1.7310924370e+00 3.1173278465e+00
-1.2605042017e+00 -1.6974789916e+00 3.1627780475e+00
-1.2605042017e+00 -1.6638655462e+00 3.2093406079e+00
-1.2605042017e+00 -1.6302521008e+00 3.2570448836e+00
-1.2605042017e+00 -1.5966386555e+00 3.3059203140e+00
-1.2605042017e+00 -1.5630252101e+00 3.3559962884e+00
-1.2605042017e+00 -1.5294117647e+00 3.4073019903e+00
-1.2605042017e+00 -1.4957983193e+00 3.4598662145e+00
-1.2605042017e+00 -1.4621848739e+00 3.5137171550e+00
-1.2605042017e+00 -1.4285714286e+00 3.5688821583e+00
-1.2605042017e+00 -1.3949579832e+00 3.6253874395e+00
-1.2605042017e+00 -1.3613445378e+00 3.6832577542e+00
-1.2605042017e+00 -1.3277310924e+00 3.7425160230e+00
-1.2605042017e+00 -1.2941176471e+00 3.8031829008e+00
-1.2605042017e+00 -1.2605042017e+00 3.8652762867e+00
-1.2605042017e+00 -1.2268907563e+00 3.9288107648e+00
-1.2605042017e+00 -1.1932773109e+00 3.9937969708e+00
-1.2605042017e+00 -1.1596638655e+00 4.0602408758e+00
-1.2605042017e+00 -1.1260504202e+00 4.1281429782e+00
-1.2605042017e+00 -1.0924369748e+00 4.1974973966e+00
-1.2605042017e+00 -1.0588235294e+00 4.2682908536e+00
-1.2605042017e+00 -1.0252100840e+00 4.3405015440e+00
-1.2605042017e+00 -9.9159663866e-01 4.4140978777e+00
-1.2605042017e+00 -9.5798319328e-01 4.4890370923e+00
-1.2605042017e+00 -9.2436974790e-01 4.5652637307e+00
-1.2605042017e+00 -8.9075630252e-01 4.6427079799e+00
-1.2605042017e+00 -8.5714285714e-01 4.7212838755e+00
-1.2605042017e+00 -8.2352941176e-01 4.8008873768e+00
-1.2605042017e+00 -7.8991596639e-01 4.8813943276e+00
-1.2605042017e+00 -7.5630252101e-01 4.9626583248e+00
-1.2605042017e+00 -7.2268907563e-01 5.0445085301e+00
-1.2605042017e+00 -6.8907563025e-01 5.1267474713e+00
-1.2605042017e+00 -6.5546218487e-01 5.2091488997e+00
-1.2605042017e+00 -6.2184873950e-01 5.2914557856e+00
-1.2605042017e+00 -5.8823529412e-01 5.3733785617e+00
-1.2605042017e+00 -5.5462184874e-01 5.4545937415e+00
-1.2605042017e+00 -5.2100840336e-01 5.5347430706e+00
-1.2605042017e+00 -4.8739495798e-01 5.6134333895e+00
-1.2605042017e+00 -4.5378151261e-01 5.6902374046e+00
-1.2605042017e+00 -4.2016806723e-01 5.7646955800e+00
-1.2605042017e+00 -3.8655462185e-01 5.8363193557e+00
-1.2605042017e+00 -3.5294117647e-01 5.9045958824e+00
-1.2605042017e+00 -3.1932773109e-01 5.9689944199e+00
-1.2605042017e+00 -2.8571428571e-01 6.0289744739e+00
-1.2605042017e+00 -2.5210084034e-01 6.0839956470e+00
-1.2605042017e+00 -2.1848739496e-01 6.1335290524e+00
-1.2605042017e+00 -1.8487394958e-01 6.1770699866e+00
-1.2605042017e+00 -1.5126050420e-01 6.2141514007e+00
-1.2605042017e+00 -1.1764705882e-01 6.2443575597e+00
-1.2605042017e+00 -8.4033613445e-02 6.2673371630e+00
-1.2605042017e+00 -5.0420168067e-02 6.2828151354e+00
-1.2605042017e+00 -1.6806722689e-02 6.2906023086e+00
-1.2605042017e+00 1.6806722689e-02 6.2906023086e+00
-1.2605042017e+00 5.0420168067e-02 6.2828151354e+00
-1.2605042017e+00 8.4033613445e-02 6.2673371630e+00
-1.2605042017e+00 1.1764705882e-01 6.2443575597e+00
-1.2605042017e+00 1.5126050420e-01 6.2141514007e+00
-1.2605042017e+00 1.8487394958e-01 6.1770699866e+00
-1.2605042017e+00 2.1848739496e-01 6.1335290524e+00
-1.2605042017e+00 2.5210084034e-01 6.0839956470e+00
-1.2605042017e+00 2.8571428571e-01 6.0289744739e+00
-1.2605042017e+00 3.1932773109e-01 5.9689944199e+00
-1.2605042017e+00 3.5294117647e-01 5.9045958824e+00
-1.2605042017e+00 3.8655462185e-01 5.8363193557e+00
-1.2605042017e+00 4.2016806723e-01 5.7646955800e+00
-1.2605042017e+00 4.5378151261e-01 5.6902374046e+00
-1.2605042017e+00 4.8739495798e-01 5.6134333895e+00
-1.2605042017e+00 5.2100840336e-01 5.5347430706e+00
-1.2605042017e+00 5.5462184874e-01 5.4545937415e+00
-1.2605042017e+00 5.8823529412e-01 5.3733785617e+00
-1.2605042017e+00 6.2184873950e-01 5.2914557856e+00
-1.2605042017e+00 6.5546218487e-01 5.2091488997e+00
-1.2605042017e+00 6.8907563025e-01 5.1267474713e+00
-1.2605042017e+00 7.2268907563e-01 5.0445085301e+00
-1.2605042017e+00 7.5630252101e-01 4.9626583248e+00
-1.2605042017e+00 7.8991596639e-01 4.8813943276e+00
-1.2605042017e+00 8.2352941176e-01 4.8008873768e+00
-1.2605042017e+00 8.5714285714e-01 4.7212838755e+00
-1.2605042017e+00 8.9075630252e-01 4.6427079799e+00
-1.2605042017e+00 9.2436974790e-01 4.5652637307e+00
-1.2605042017e+00 9.5798319328e-01 4.4890370923e+00
-1.2605042017e+00 9.9159663866e-01 4.4140978777e+00
-1.2605042017e+00 1.0252100840e+00 4.3405015440e+00
-1.2605042017e+00 1.0588235294e+00 4.2682908536e+00
-1.2605042017e+00 1.0924369748e+00 4.1974973966e+00
-1.2605042017e+00 1.1260504202e+00 4.1281429782e+00
-1.2605042017e+00 1.1596638655e+00 4.0602408758e+00
-1.2605042017e+00 1.1932773109e+00 3.9937969708e+00
-1.2605042017e+00 1.2268907563e+00 3.9288107648e+00
-1.2605042017e+00 1.2605042017e+00 3.8652762867e+00
-1.2605042017e+00 1.2941176471e+00 3.8031829008e+00
-1.2605042017e+00 1.3277310924e+00 3.7425160230e+00
-1.2605042017e+00 1.3613445378e+00 3.6832577542e+00
-1.2605042017e+00 1.3949579832e+00 3.6253874395e+00
-1.2605042017e+00 1.4285714286e+00 3.5688821583e+00
-1.2605042017e+00 1.4621848739e+00 3.5137171550e+00
-1.2605042017e+00 1.4957983193e+00 3.4598662145e+00
-1.2605042017e+00 1.5294117647e+00 3.4073019903e+00
-1.2605042017e+00 1.5630252101e+00 3.3559962884e+00
-1.2605042017e+00 1.5966386555e+00 3.3059203140e+00
-1.2605042017e+00 1.6302521008e+00 3.2570448836e+00
-1.2605042017e+00 1.6638655462e+00 3.2093406079e+00
-1.2605042017e+00 1.6974789916e+00 3.1627780475e+00
-1.2605042017e+00 1.7310924370e+00 3.1173278465e+00
-1.2605042017e+00 1.7647058824e+00 3.0729608447e+00
-1.2605042017e+00 1.7983193277e+00 3.0296481727e+00
-1.2605042017e+00 1.8319327731e+00 2.9873613306e+00
-1.2605042017e+00 1.8655462185e+00 2.9460722539e+00
-1.2605042017e+00 1.8991596639e+00 2.9057533671e+00
-1.2605042017e+00 1.9327731092e+00 2.8663776265e+00
-1.2605042017e+00 1.9663865546e+00 2.8279185548e+00
-1.2605042017e+00 2.0000000000e+00 2.7903502673e+00

-1.2268907563e+00 -2.0000000000e+00 2.8137324288e+00
-1.2268907563e+00 -1.9663865546e+00 2.8522712918e+00
-1.2268907563e+00 -1.9327731092e+00 2.8917521326e+00
-1.2268907563e+00 -1.8991596639e+00 2.9322040169e+00
-1.2268907563e+00 -1.8655462185e+00 2.9736568219e+00
-1.2268907563e+00 -1.8319327731e+00 3.0161412252e+00
-1.2268907563e+00 -1.7983193277e+00 3.0596886872e+00
-1.2268907563e+00 -1.7647058824e+00 3.1043314253e+00
-1.2268907563e+00 -1.7310924370e+00 3.1501023784e+00
-1.2268907563e+00 -1.6974789916e+00 3.1970351609e+00
-1.2268907563e+00 -1.6638655462e+00 3.2451640042e+00
-1.2268907563e+00 -1.6302521008e+00 3.2945236822e+00
-1.2268907563e+00 -1.5966386555e+00 3.3451494216e+00
-1.2268907563e+00 -1.5630252101e+00 3.3970767905e+00
-1.2268907563e+00 -1.5294117647e+00 3.4503415659e+00
-1.2268907563e+00 -1.4957983193e+00 3.5049795739e+00
-1.2268907563e+00 -1.4621848739e+00 3.5610265007e+00
-1.2268907563e+00 -1.4285714286e+00 3.6185176685e+00
-1.2268907563e+00 -1.3949579832e+00 3.6774877724e+00
-1.2268907563e+00 -1.3613445378e+00 3.7379705725e+00
-1.2268907563e+00 -1.3277310924e+00 3.7999985346e+00
-1.2268907563e+00 -1.2941176471e+00 3.8636024124e+00
-1.2268907563e+00 -1.2605042017e+00 3.9288107648e+00
-1.2268907563e+00 -1.2268907563e+00 3.9956493971e+00
-1.2268907563e+00 -1.1932773109e+00 4.0641407194e+00
-1.2268907563e+00 -1.1596638655e+00 4.1343030095e+00
-1.2268907563e+00 -1.1260504202e+00 4.2061495700e+00
-1.2268907563e+00 -1.0924369748e+00 4.2796877673e+00
-1.2268907563e+00 -1.0588235294e+00 4.3549179398e+00
-1.2268907563e+00 -1.0252100840e+00 4.4318321604e+00
-1.2268907563e+00 -9.9159663866e-01 4.5104128414e+00
-1.2268907563e+00 -9.5798319328e-01 4.5906311669e+00
-1.2268907563e+00 -9.2436974790e-01 4.6724453400e+00
-1.2268907563e+00 -8.9075630252e-01 4.7557986348e+00
-1.2268907563e+00 -8.5714285714e-01 4.8406172424e+00
-1.2268907563e+00 -8.2352941176e-01 4.9268079105e+00
-1.2268907563e+00 -7.8991596639e-01 5.0142553757e+00
-1.2268907563e+00 -7.5630252101e-01 5.1028196037e+00
-1.2268907563e+00 -7.2268907563e-01 5.1923328578e+00
-1.2268907563e+00 -6.8907563025e-01 5.2825966399e+00
-1.2268907563e+00 -6.5546218487e-01 5.3733785617e+00
-1.2268907563e+00 -6.2184873950e-01 5.4644092364e+00
-1.2268907563e+00 -5.8823529412e-01 5.5553793075e+00
-1.2268907563e+00 -5.5462184874e-01 5.6459367727e+00
-1.2268907563e+00 -5.2100840336e-01 5.7356848005e+00
-1.2268907563e+00 -4.8739495798e-01 5.8241802818e+00
-1.2268907563e+00 -4.5378151261e-01 5.9109334041e+00
-1.2268907563e+00 -4.2016806723e-01 5.9954085731e+00
-1.2268907563e+00 -3.8655462185e-01 6.0770270314e+00
-1.2268907563e+00 -3.5294117647e-01 6.1551715251e+00
-1.2268907563e+00 -3.1932773109e-01 6.2291933375e+00
-1.2268907563e+00 -2.8571428571e-01 6.2984219311e+00
-1.2268907563e+00 -2.5210084034e-01 6.3621773050e+00
-1.2268907563e+00 -2.1848739496e-01 6.4197849851e+00
-1.2268907563e+00 -1.8487394958e-01 6.4705933209e+00
-1.2268907563e+00 -1.5126050420e-01 6.5139924792e+00
-1.2268907563e+00 -1.1764705882e-01 6.5494342439e+00
-1.2268907563e+00 -8.4033613445e-02 6.5764514797e+00
-1.2268907563e+00 -5.0420168067e-02 6.5946759576e+00
-1.2268907563e+00 -1.6806722689e-02 6.6038532101e+00
-1.2268907563e+00 1.6806722689e-02 6.6038532101e+00
-1.2268907563e+00 5.0420168067e-02 6.5946759576e+00
-1.2268907563e+00 8.4033613445e-02 6.5764514797e+00
-1.2268907563e+00 1.1764705882e-01 6.5494342439e+00
-1.2268907563e+00 1.5126050420e-01 6.5139924792e+00
-1.2268907563e+00 1.8487394958e-01 6.4705933209e+00
-1.2268907563e+00 2.1848739496e-01 6.4197849851e+00
-1.2268907563e+00 2.5210084034e-01 6.3621773050e+00
-1.2268907563e+00 2.8571428571e-01 6.2984219311e+00
-1.2268907563e+00 3.1932773109e-01 6.2291933375e+00
-1.2268907563e+00 3.5294117647e-01 6.1551715251e+00
-1.2268907563e+00 3.8655462185e-01 6.0770270314e+00
-1.2268907563e+00 4.2016806723e-01 5.9954085731e+00
-1.2268907563e+00 4.5378151261e-01 5.9109334041e+00
-1.2268907563e+00 4.8739495798e-01 5.8241802818e+00
-1.2268907563e+00 5.2100840336e-01 5.7356848005e+00
-1.2268907563e+00 5.5462184874e-01 5.6459367727e+00
-1.2268907563e+00 5.8823529412e-01 5.5553793075e+00
-1.2268907563e+00 6.2184873950e-01 5.4644092364e+00
-1.2268907563e+00 6.5546218487e-01 5.3733785617e+00
-1.2268907563e+00 6.8907563025e-01 5.2825966399e+00
-1.2268907563e+00 7.2268907563e-01 5.1923328578e+00
-1.2268907563e+00 7.5630252101e-01 5.1028196037e+00
-1.2268907563e+00 7.8991596639e-01 5.0142553757e+00
-1.2268907563e+00 8.2352941176e-01 4.9268079105e+00
-1.2268907563e+00 8.5714285714e-01 4.8406172424e+00
-1.2268907563e+00 8.9075630252e-01 4.7557986348e+00
-1.2268907563e+00 9.2436974790e-01 4.6724453400e+00
-1.2268907563e+00 9.5798319328e-01 4.5906311669e+00
-1.2268907563e+00 9.9159663866e-01 4.5104128414e+00
-1.2268907563e+00 1.0252100840e+00 4.4318321604e+00
-1.2268907563e+00 1.0588235294e+00 4.3549179398e+00
-1.2268907563e+00 1.0924369748e+00 4.2796877673e+00
-1.2268907563e+00 1.1260504202e+00 4.2061495700e+00
-1.2268907563e+00 1.1596638655e+00 4.1343030095e+00
-1.2268907563e+00 1.1932773109e+00 4.0641407194e+00
-1.2268907563e+00 1.2268907563e+00 3.9956493971e+00
-1.2268907563e+00 1.2605042017e+00 3.9288107648e+00
-1.2268907563e+00 1.2941176471e+00 3.8636024124e+00
-1.2268907563e+00 1.3277310924e+00 3.7999985346e+00
-1.2268907563e+00 1.3613445378e+00 3.7379705725e+00
-1.2268907563e+00 1.3949579832e+00 3.6774877724e+00
-1.2268907563e+00 1.4285714286e+00 3.6185176685e+00
-1.2268907563e+00 1.4621848739e+00 3.5610265007e+00
-1.2268907563e+00 1.4957983193e+00 3.5049795739e+00
-1.2268907563e+00 1.5294117647e+00 3.4503415659e+00
-1.2268907563e+00 1.5630252101e+00 3.3970767905e+00
-1.2268907563e+00 1.5966386555e+00 3.3451494216e+00
-1.2268907563e+00 1.6302521008e+00 3.2945236822e+00
-1.2268907563e+00 1.6638655462e+00 3.2451640042e+00
-1.2268907563e+00 1.6974789916e+00 3.1970351609e+00
-1.2268907563e+00 1.7310924370e+00 3.1501023784e+00
-1.2268907563e+00 1.7647058824e+00 3.1043314253e+00
-1.2268907563e+00 1.7983193277e+00 3.0596886872e+00
-1.2268907563e+00 1.8319327731e+00 3.0161412252e+00
-1.2268907563e+00 1.8655462185e+00 2.9736568219e+00
-1.2268907563e+00 1.8991596639e+00 2.9322040169e+00
-1.2268907563e+00 1.9327731092e+00 2.8917521326e+00
-1.2268907563e+00 1.9663865546e+00 2.8522712918e+00
-1.2268907563e+00 2.0000000000e+00 2.8137324288e+00

-1.1932773109e+00 -2.0000000000e+00 2.8370591786e+00
-1.1932773109e+00 -1.9663865546e+00 2.8765833971e+00
-1.1932773109e+00 -1.9327731092e+00 2.9171028258e+00
-1.1932773109e+00 -1.8991596639e+00 2.9586499503e+00
-1.1932773109e+00 -1.8655462185e+00 3.0012583145e+00
-1.1932773109e+00 -1.8319327731e+00 3.0449625289e+00
-1.1932773109e+00 -1.7983193277e+00 3.0897982730e+00
-1.1932773109e+00 -1.7647058824e+00 3.1358022914e+00
-1.1932773109e+00 -1.7310924370e+00 3.1830123816e+00
-1.1932773109e+00 -1.6974789916e+00 3.2314673733e+00
-1.1932773109e+00 -1.6638655462e+00 3.2812070957e+00
-1.1932773109e+00 -1.6302521008e+00 3.3322723321e+00
-1.1932773109e+00 -1.5966386555e+00 3.3847047595e+00
-1.1932773109e+00 -1.5630252101e+00 3.4385468695e+00
-1.1932773109e+00 -1.5294117647e+00 3.4938418680e+00
-1.1932773109e+00 -1.4957983193e+00 3.5506335511e+00
-1.1932773109e+00 -1.4621848739e+00 3.6089661512e+00
-1.1932773109e+00 -1.4285714286e+00 3.6688841500e+00
-1.1932773109e+00 -1.3949579832e+00 3.7304320531e+00
-1.1932773109e+00 -1.3613445378e+00 3.7936541190e+00
-1.1932773109e+00 -1.3277310924e+00 3.8585940366e+00
-1.1932773109e+00 -1.2941176471e+00 3.9252945428e+00
-1.1932773109e+00 -1.2605042017e+00 3.9937969708e+00
-1.1932773109e+00 -1.2268907563e+00 4.0641407194e+00
-1.1932773109e+00 -1.1932773109e+00 4.1363626315e+00
-1.1932773109e+00 -1.1596638655e+00 4.2104962681e+00
-1.1932773109e+00 -1.1260504202e+00 4.2865710643e+00
-1.1932773109e+00 -1.0924369748e+00 4.3646113500e+00
-1.1932773109e+00 -1.0588235294e+00 4.4446352181e+00
-1.1932773109e+00 -1.0252100840e+00 4.5266532192e+00
-1.1932773109e+00 -9.9159663866e-01 4.6106668628e+00
-1.1932773109e+00 -9.5798319328e-01 4.6966669021e+00
-1.1932773109e+00 -9.2436974790e-01 4.7846313769e+00
-1.1932773109e+00 -8.9075630252e-01 4.8745233933e+00
-1.1932773109e+00 -8.5714285714e-01 4.9662886138e+00
-1.1932773109e+00 -8.2352941176e-01 5.0598524393e+00
-1.1932773109e+00 -7.8991596639e-01 5.1551168636e+00
-1.1932773109e+00 -7.5630252101e-01 5.2519569925e+00
-1.1932773109e+00 -7.2268907563e-01 5.3502172280e+00
-1.1932773109e+00 -6.8907563025e-01 5.4497071357e+00
-1.1932773109e+00 -6.5546218487e-01 5.5501970364e+00
-1.1932773109e+00 -6.2184873950e-01 5.6514133944e+00
-1.1932773109e+00 -5.8823529412e-01 5.7530341167e+00
-1.1932773109e+00 -5.5462184874e-01 5.8546839285e+00
-1.1932773109e+00 -5.2100840336e-01 5.9559300583e+00
-1.1932773109e+00 -4.8739495798e-01 6.0562785397e+00
-1.1932773109e+00 -4.5378151261e-01 6.1551715251e+00
-1.1932773109e+00 -4.2016806723e-01 6.2519860939e+00
-1.1932773109e+00 -3.8655462185e-01 6.3460351221e+00
-1.1932773109e+00 -3.5294117647e-01 6.4365708374e+00
-1.1932773109e+00 -3.1932773109e-01 6.5227917018e+00
-1.1932773109e+00 -2.8571428571e-01 6.6038532101e+00
-1.1932773109e+00 -2.5210084034e-01 6.6788830418e+00
-1.1932773109e+00 -2.1848739496e-01 6.7470007368e+00
-1.1932773109e+00 -1.8487394958e-01 6.8073416707e+00
-1.1932773109e+00 -1.5126050420e-01 6.8590846009e+00
-1.1932773109e+00 -1.1764705882e-01 6.9014814873e+00
-1.1932773109e+00 -8.4033613445e-02 6.9338877458e+00
-1.1932773109e+00 -5.0420168067e-02 6.9557906760e+00
-1.1932773109e+00 -1.6806722689e-02 6.9668336284e+00
-1.1932773109e+00 1.6806722689e-02 6.9668336284e+00
-1.1932773109e+00 5.0420168067e-02 6.9557906760e+00
-1.1932773109e+00 8.4033613445e-02 6.9338877458e+00
-1.1932773109e+00 1.1764705882e-01 6.9014814873e+00
-1.1932773109e+00 1.5126050420e-01 6.8590846009e+00
-1.1932773109e+00 1.8487394958e-01 6.8073416707e+00
-1.1932773109e+00 2.1848739496e-01 6.7470007368e+00
-1.1932773109e+00 2.5210084034e-01 6.6788830418e+00
-1.1932773109e+00 2.8571428571e-01 6.6038532101e+00
-1.1932773109e+00 3.1932773109e-01 6.5227917018e+00
-1.1932773109e+00 3.5294117647e-01 6.4365708374e+00
-1.1932773109e+00 3.8655462185e-01 6.3460351221e+00
-1.1932773109e+00 4.2016806723e-01 6.2519860939e+00
-1.1932773109e+00 4.5378151261e-01 6.1551715251e+00
-1.1932773109e+00 4.8739495798e-01 6.0562785397e+00
-1.1932773109e+00 5.2100840336e-01 5.9559300583e+00
-1.1932773109e+00 5.5462184874e-01 5.8546839285e+00
-1.1932773109e+00 5.8823529412e-01 5.7530341167e+00
-1.1932773109e+00 6.2184873950e-01 5.6514133944e+00
-1.1932773109e+00 6.5546218487e-01 5.5501970364e+00
-1.1932773109e+00 6.8907563025e-01 5.4497071357e+00
-1.1932773109e+00 7.2268907563e-01 5.3502172280e+00
-1.1932773109e+00 7.5630252101e-01 5.2519569925e+00
-1.1932773109e+00 7.8991596639e-01 5.1551168636e+00
-1.1932773109e+00 8.2352941176e-01 5.0598524393e+00
-1.1932773109e+00 8.5714285714e-01 4.9662886138e+00
-1.1932773109e+00 8.9075630252e-01 4.8745233933e+00
-1.1932773109e+00 9.2436974790e-01 4.7846313769e+00
-1.1932773109e+00 9.5798319328e-01 4.6966669021e+00
-1.1932773109e+00 9.9159663866e-01 4.6106668628e+00
-1.1932773109e+00 1.0252100840e+00 4.5266532192e+00
-1.1932773109e+00 1.0588235294e+00 4.4446352181e+00
-1.1932773109e+00 1.0924369748e+00 4.3646113500e+00
-1.1932773109e+00 1.1260504202e+00 4.2865710643e+00
-1.1932773109e+00 1.1596638655e+00 4.2104962681e+00
-1.1932773109e+00 1.1932773109e+00 4.1363626315e+00
-1.1932773109e+00 1.2268907563e+00 4.0641407194e+00
-1.1932773109e+00 1.2605042017e+00 3.9937969708e+00
-1.1932773109e+00 1.2941176471e+00 3.9252945428e+00
-1.1932773109e+00 1.3277310924e+00 3.8585940366e+00
-1.1932773109e+00 1.3613445378e+00 3.7936541190e+00
-1.1932773109e+00 1.3949579832e+00 3.7304320531e+00
-1.1932773109e+00 1.4285714286e+00 3.6688841500e+00
-1.1932773109e+00 1.4621848739e+00 3.6089661512e+00
-1.1932773109e+00 1.4957983193e+00 3.5506335511e+00
-1.1932773109e+00 1.5294117647e+00 3.4938418680e+00
-1.1932773109e+00 1.5630252101e+00 3.4385468695e+00
-1.1932773109e+00 1.5966386555e+00 3.3847047595e+00
-1.1932773109e+00 1.6302521008e+00 3.3322723321e+00
-1.1932773109e+00 1.6638655462e+00 3.2812070957e+00
-1.1932773109e+00 1.6974789916e+00 3.2314673733e+00
-1.1932773109e+00 1.7310924370e+00 3.1830123816e+00
-1.1932773109e+00 1.7647058824e+00 3.1358022914e+00
-1.1932773109e+00 1.7983193277e+00 3.0897982730e+00
-1.1932773109e+00 1.8319327731e+00 3.0449625289e+00
-1.1932773109e+00 1.8655462185e+00 3.0012583145e+00
-1.1932773109e+00 1.8991596639e+00 2.9586499503e+00
-1.1932773109e+00 1.9327731092e+00 2.9171028258e+00
-1.1932773109e+00 1.9663865546e+00 2.8765833971e+00
-1.1932773109e+00 2.0000000000e+00 2.8370591786e+00

-1.1596638655e+00 -2.0000000000e+00 2.8603063380e+00
-1.1596638655e+00 -1.9663865546e+00 2.9008296987e+00
-1.1596638655e+00 -1.9327731092e+00 2.9424035354e+00
-1.1596638655e+00 -1.8991596639e+00 2.9850640009e+00
-1.1596638655e+00 -1.8655462185e+00 3.0288485841e+00
-1.1596638655e+00 -1.8319327731e+00 3.0737961410e+00
-1.1596638655e+00 -1.7983193277e+00 3.1199469216e+00
-1.1596638655e+00 -1.7647058824e+00 3.1673425928e+00
-1.1596638655e+00 -1.7310924370e+00 3.2160262561e+00
-1.1596638655e+00 -1.6974789916e+00 3.2660424574e+00
-1.1596638655e+00 -1.6638655462e+00 3.3174371887e+00
-1.1596638655e+00 -1.6302521008e+00 3.3702578800e+00
-1.1596638655e+00 -1.5966386555e+00 3.4245533775e+00
-1.1596638655e+00 -1.5630252101e+00 3.4803739074e+00
-1.1596638655e+00 -1.5294117647e+00 3.5377710220e+00
-1.1596638655e+00 -1.4957983193e+00 3.5967975232e+00
-1.1596638655e+00 -1.4621848739e+00 3.6575073614e+00
-1.1596638655e+00 -1.4285714286e+00 3.7199555037e+00
-1.1596638655e+00 -1.3949579832e+00 3.7841977665e+00
-1.1596638655e+00 -1.3613445378e+00 3.8502906057e+00
-1.1596638655e+00 -1.3277310924e+00 3.9182908576e+00
-1.1596638655e+00 -1.2941176471e+00 3.9882554218e+00
-1.1596638655e+00 -1.2605042017e+00 4.0602408758e+00
-1.1596638655e+00 -1.2268907563e+00 4.1343030095e+00
-1.1596638655e+00 -1.1932773109e+00 4.2104962681e+00
-1.1596638655e+00 -1.1596638655e+00 4.2888730851e+00
-1.1596638655e+00 -1.1260504202e+00 4.3694830906e+00
-1.1596638655e+00 -1.0924369748e+00 4.4523721723e+00
-1.1596638655e+00 -1.0588235294e+00 4.5375813681e+00
-1.1596638655e+00 -1.0252100840e+00 4.6251455616e+00
-1.1596638655e+00 -9.9159663866e-01 4.7150919537e+00
-1.1596638655e+00 -9.5798319328e-01 4.8074382730e+00
-1.1596638655e+00 -9.2436974790e-01 4.9021906917e+00
-1.1596638655e+00 -8.9075630252e-01 4.9993414029e+00
-1.1596638655e+00 -8.5714285714e-01 5.0988658172e+00
-1.1596638655e+00 -8.2352941176e-01 5.2007193306e+00
-1.1596638655e+00 -7.8991596639e-01 5.3048336177e+00
-1.1596638655e+00 -7.5630252101e-01 5.4111124029e+00
-1.1596638655e+00 -7.2268907563e-01 5.5194266704e+00
-1.1596638655e+00 -6.8907563025e-01 5.6296092835e+00
-1.1596638655e+00 -6.5546218487e-01 5.7414490035e+00
-1.1596638655e+00 -6.2184873950e-01 5.8546839285e+00
-1.1596638655e+00 -5.8823529412e-01 5.9689944199e+00
-1.1596638655e+00 -5.5462184874e-01 6.0839956470e+00
-1.1596638655e+00 -5.2100840336e-01 6.1992299719e+00
-1.1596638655e+00 -4.8739495798e-01 6.3141595141e+00
-1.1596638655e+00 -4.5378151261e-01 6.4281593820e+00
-1.1596638655e+00 -4.2016806723e-01 6.5405122371e+00
-1.1596638655e+00 -3.8655462185e-01 6.6504050537e+00
-1.1596638655e+00 -3.5294117647e-01 6.7569291336e+00
-1.1596638655e+00 -3.1932773109e-01 6.8590846009e+00
-1.1596638655e+00 -2.8571428571e-01 6.9557906760e+00
-1.1596638655e+00 -2.5210084034e-01 7.0459029541e+00
-1.1596638655e+00 -2.1848739496e-01 7.1282386092e+00
-1.1596638655e+00 -1.8487394958e-01 7.2016098482e+00
-1.1596638655e+00 -1.5126050420e-01 7.2648650353e+00
-1.1596638655e+00 -1.1764705882e-01 7.3169357368e+00
-1.1596638655e+00 -8.4033613445e-02 7.3568866604e+00
-1.1596638655e+00 -5.0420168067e-02 7.3839643320e+00
-1.1596638655e+00 -1.6806722689e-02 7.3976396698e+00
-1.1596638655e+00 1.6806722689e-02 7.3976396698e+00
-1.1596638655e+00 5.0420168067e-02 7.3839643320e+00
-1.1596638655e+00 8.4033613445e-02 7.3568866604e+00
-1.1596638655e+00 1.1764705882e-01 7.3169357368e+00
-1.1596638655e+00 1.5126050420e-01 7.2648650353e+00
-1.1596638655e+00 1.8487394958e-01 7.2016098482e+00
-1.1596638655e+00 2.1848739496e-01 7.1282386092e+00
-1.1596638655e+00 2.5210084034e-01 7.0459029541e+00
-1.1596638655e+00 2.8571428571e-01 6.9557906760e+00
-1.1596638655e+00 3.1932773109e-01 6.8590846009e+00
-1.1596638655e+00 3.5294117647e-01 6.7569291336e+00
-1.1596638655e+00 3.8655462185e-01 6.6504050537e+00
-1.1596638655e+00 4.2016806723e-01 6.5405122371e+00
-1.1596638655e+00 4.5378151261e-01 6.4281593820e+00
-1.1596638655e+00 4.8739495798e-01 6.3141595141e+00
-1.1596638655e+00 5.2100840336e-01 6.1992299719e+00
-1.1596638655e+00 5.5462184874e-01 6.0839956470e+00
-1.1596638655e+00 5.8823529412e-01 5.9689944199e+00
-1.1596638655e+00 6.2184873950e-01 5.8546839285e+00
-1.1596638655e+00 6.5546218487e-01 5.7414490035e+00
-1.1596638655e+00 6.8907563025e-01 5.6296092835e+00
-1.1596638655e+00 7.2268907563e-01 5.5194266704e+00
-1.1596638655e+00 7.5630252101e-01 5.4111124029e+00
-1.1596638655e+00 7.8991596639e-01 5.3048336177e+00
-1.1596638655e+00 8.2352941176e-01 5.2007193306e+00
-1.1596638655e+00 8.5714285714e-01 5.0988658172e+00
-1.1596638655e+00 8.9075630252e-01 4.9993414029e+00
-1.1596638655e+00 9.2436974790e-01 4.9021906917e+00
-1.1596638655e+00 9.5798319328e-01 4.8074382730e+00
-1.1596638655e+00 9.9159663866e-01 4.7150919537e+00
-1.1596638655e+00 1.0252100840e+00 4.6251455616e+00
-1.1596638655e+00 1.0588235294e+00 4.5375813681e+00
-1.1596638655e+00 1.0924369748e+00 4.4523721723e+00
-1.1596638655e+00 1.1260504202e+00 4.3694830906e+00
-1.1596638655e+00 1.1596638655e+00 4.2888730851e+00
-1.1596638655e+00 1.1932773109e+00 4.2104962681e+00
-1.1596638655e+00 1.2268907563e+00 4.1343030095e+00
-1.1596638655e+00 1.2605042017e+00 4.0602408758e+00
-1.1596638655e+00 1.2941176471e+00 3.9882554218e+00
-1.1596638655e+00 1.3277310924e+00 3.9182908576e+00
-1.1596638655e+00 1.3613445378e+00 3.8502906057e+00
-1.1596638655e+00 1.3949579832e+00 3.7841977665e+00
-1.1596638655e+00 1.4285714286e+00 3.7199555037e+00
-1.1596638655e+00 1.4621848739e+00 3.6575073614e+00
-1.1596638655e+00 1.4957983193e+00 3.5967975232e+00
-1.1596638655e+00 1.5294117647e+00 3.5377710220e+00
-1.1596638655e+00 1.5630252101e+00 3.4803739074e+00
-1.1596638655e+00 1.5966386555e+00 3.4245533775e+00
-1.1596638655e+00 1.6302521008e+00 3.3702578800e+00
-1.1596638655e+00 1.6638655462e+00 3.3174371887e+00
-1.1596638655e+00 1.6974789916e+00 3.2660424574e+00
-1.1596638655e+00 1.7310924370e+00 3.2160262561e+00
-1.1596638655e+00 1.7647058824e+00 3.1673425928e+00
-1.1596638655e+00 1.7983193277e+00 3.1199469216e+00
-1.1596638655e+00 1.8319327731e+00 3.0737961410e+00
-1.1596638655e+00 1.8655462185e+00 3.0288485841e+00
-1.1596638655e+00 1.8991596639e+00 2.9850640009e+00
-1.1596638655e+00 1.9327731092e+00 2.9424035354e+00
-1.1596638655e+00 1.9663865546e+00 2.9008296987e+00
-1.1596638655e+00 2.0000000000e+00 2.8603063380e+00

-1.1260504202e+00 -2.0000000000e+00 2.8834484557e+00
-1.1260504202e+00 -1.9663865546e+00 2.9249836231e+00
-1.1260504202e+00 -1.9327731092e+00 2.9676265476e+00
-1.1260504202e+00 -1.8991596639e+00 3.0114173052e+00
-1.1260504202e+00 -1.8655462185e+00 3.0563976181e+00
-1.1260504202e+00 -1.8319327731e+00 3.1026109131e+00
-1.1260504202e+00 -1.7983193277e+00 3.1501023784e+00
-1.1260504202e+00 -1.7647058824e+00 3.1989190192e+00
-1.1260504202e+00 -1.7310924370e+00 3.2491097109e+00
-1.1260504202e+00 -1.6974789916e+00 3.3007252479e+00
-1.1260504202e+00 -1.6638655462e+00 3.3538183887e+00
-1.1260504202e+00 -1.6302521008e+00 3.4084438934e+00
-1.1260504202e+00 -1.5966386555e+00 3.4646585539e+00
-1.1260504202e+00 -1.5630252101e+00 3.5225212129e+00
-1.1260504202e+00 -1.5294117647e+00 3.5820927711e+00
-1.1260504202e+00 -1.4957983193e+00 3.6434361768e+00
-1.1260504202e+00 -1.4621848739e+00 3.7066163971e+00
-1.1260504202e+00 -1.4285714286e+00 3.7717003643e+00
-1.1260504202e+00 -1.3949579832e+00 3.8387568937e+00
-1.1260504202e+00 -1.3613445378e+00 3.9078565653e+00
-1.1260504202e+00 -1.3277310924e+00 3.9790715640e+00
-1.1260504202e+00 -1.2941176471e+00 4.0524754683e+00
-1.1260504202e+00 -1.2605042017e+00 4.1281429782e+00
-1.1260504202e+00 -1.2268907563e+00 4.2061495700e+00
-1.1260504202e+00 -1.1932773109e+00 4.2865710643e+00
-1.1260504202e+00 -1.1596638655e+00 4.3694830906e+00
-1.1260504202e+00 -1.1260504202e+00 4.4549604286e+00
-1.1260504202e+00 -1.0924369748e+00 4.5430762031e+00
-1.1260504202e+00 -1.0588235294e+00 4.6339009061e+00
-1.1260504202e+00 -1.0252100840e+00 4.7275012128e+00
-1.1260504202e+00 -9.9159663866e-01 4.8239385549e+00
-1.1260504202e+00 -9.5798319328e-01 4.9232674065e+00
-1.1260504202e+00 -9.2436974790e-01 5.0255332321e+00
-1.1260504202e+00 -8.9075630252e-01 5.1307700351e+00
-1.1260504202e+00 -8.5714285714e-01 5.2389974401e+00
-1.1260504202e+00 -8.2352941176e-01 5.3502172280e+00
-1.1260504202e+00 -7.8991596639e-01 5.4644092364e+00
-1.1260504202e+00 -7.5630252101e-01 5.5815265249e+00
-1.1260504202e+00 -7.2268907563e-01 5.7014896992e+00
-1.1260504202e+00 -6.8907563025e-01 5.8241802818e+00
-1.1260504202e+00 -6.5546218487e-01 5.9494330194e+00
-1.1260504202e+00 -6.2184873950e-01 6.0770270314e+00
-1.1260504202e+00 -5.8823529412e-01 6.2066757324e+00
-1.1260504202e+00 -5.5462184874e-01 6.3380155208e+00
-1.1260504202e+00 -5.2100840336e-01 6.4705933209e+00
-1.1260504202e+00 -4.8739495798e-01 6.6038532101e+00
-1.1260504202e+00 -4.5378151261e-01 6.7371225853e+00
-1.1260504202e+00 -4.2016806723e-01 6.8695986171e+00
-1.1260504202e+00 -3.8655462185e-01 7.0003361400e+00
-1.1260504202e+00 -3.5294117647e-01 7.1282386092e+00
-1.1260504202e+00 -3.1932773109e-01 7.2520542919e+00
-1.1260504202e+00 -2.8571428571e-01 7.3703803788e+00
-1.1260504202e+00 -2.5210084034e-01 7.4816780502e+00
-1.1260504202e+00 -2.1848739496e-01 7.5843015140e+00
-1.1260504202e+00 -1.8487394958e-01 7.6765433901e+00
-1.1260504202e+00 -1.5126050420e-01 7.7566973248e+00
-1.1260504202e+00 -1.1764705882e-01 7.8231362782e+00
-1.1260504202e+00 -8.4033613445e-02 7.8744017363e+00
-1.1260504202e+00 -5.0420168067e-02 7.9092957188e+00
-1.1260504202e+00 -1.6806722689e-02 7.9269648386e+00
-1.1260504202e+00 1.6806722689e-02 7.9269648386e+00
-1.1260504202e+00 5.0420168067e-02 7.9092957188e+00
-1.1260504202e+00 8.4033613445e-02 7.8744017363e+00
-1.1260504202e+00 1.1764705882e-01 7.8231362782e+00
-1.1260504202e+00 1.5126050420e-01 7.7566973248e+00
-1.1260504202e+00 1.8487394958e-01 7.6765433901e+00
-1.1260504202e+00 2.1848739496e-01 7.5843015140e+00
-1.1260504202e+00 2.5210084034e-01 7.4816780502e+00
-1.1260504202e+00 2.8571428571e-01 7.3703803788e+00
-1.1260504202e+00 3.1932773109e-01 7.2520542919e+00
-1.1260504202e+00 3.5294117647e-01 7.1282386092e+00
-1.1260504202e+00 3.8655462185e-01 7.0003361400e+00
-1.1260504202e+00 4.2016806723e-01 6.8695986171e+00
-1.1260504202e+00 4.5378151261e-01 6.7371225853e+00
-1.1260504202e+00 4.8739495798e-01 6.6038532101e+00
-1.1260504202e+00 5.2100840336e-01 6.4705933209e+00
-1.1260504202e+00 5.5462184874e-01 6.3380155208e+00
-1.1260504202e+00 5.8823529412e-01 6.2066757324e+00
-1.1260504202e+00 6.2184873950e-01 6.0770270314e+00
-1.1260504202e+00 6.5546218487e-01 5.9494330194e+00
-1.1260504202e+00 6.8907563025e-01 5.8241802818e+00
-1.1260504202e+00 7.2268907563e-01 5.7014896992e+00
-1.1260504202e+00 7.5630252101e-01 5.5815265249e+00
-1.1260504202e+00 7.8991596639e-01 5.4644092364e+00
-1.1260504202e+00 8.2352941176e-01 5.3502172280e+00
-1.1260504202e+00 8.5714285714e-01 5.2389974401e+00
-1.1260504202e+00 8.9075630252e-01 5.1307700351e+00
-1.1260504202e+00 9.2436974790e-01 5.0255332321e+00
-1.1260504202e+00 9.5798319328e-01 4.9232674065e+00
-1.1260504202e+00 9.9159663866e-01 4.8239385549e+00
-1.1260504202e+00 1.0252100840e+00 4.7275012128e+00
-1.1260504202e+00 1.0588235294e+00 4.6339009061e+00
-1.1260504202e+00 1.0924369748e+00 4.5430762031e+00
-1.1260504202e+00 1.1260504202e+00 4.4549604286e+00
-1.1260504202e+00 1.1596638655e+00 4.3694830906e+00
-1.1260504202e+00 1.1932773109e+00 4.2865710643e+00
-1.1260504202e+00 1.2268907563e+00 4.2061495700e+00
-1.1260504202e+00 1.2605042017e+00 4.1281429782e+00
-1.1260504202e+00 1.2941176471e+00 4.0524754683e+00
-1.1260504202e+00 1.3277310924e+00 3.9790715640e+00
-1.1260504202e+00 1.3613445378e+00 3.9078565653e+00
-1.1260504202e+00 1.3949579832e+00 3.8387568937e+00
-1.1260504202e+00 1.4285714286e+00 3.7717003643e+00
-1.1260504202e+00 1.4621848739e+00 3.7066163971e+00
-1.1260504202e+00 1.4957983193e+00 3.6434361768e+00
-1.1260504202e+00 1.5294117647e+00 3.5820927711e+00
-1.1260504202e+00 1.5630252101e+00 3.5225212129e+00
-1.1260504202e+00 1.5966386555e+00 3.4646585539e+00
-1.1260504202e+00 1.6302521008e+00 3.4084438934e+00
-1.1260504202e+00 1.6638655462e+00 3.3538183887e+00
-1.1260504202e+00 1.6974789916e+00 3.3007252479e+00
-1.1260504202e+00 1.7310924370e+00 3.2491097109e+00
-1.1260504202e+00 1.7647058824e+00 3.1989190192e+00
-1.1260504202e+00 1.7983193277e+00 3.1501023784e+00
-1.1260504202e+00 1.8319327731e+00 3.1026109131e+00
-1.1260504202e+00 1.8655462185e+00 3.0563976181e+00
-1.1260504202e+00 1.8991596639e+00 3.0114173052e+00
-1.1260504202e+00 1.9327731092e+00 2.9676265476e+00
-1.1260504202e+00 1.9663865546e+00 2.9249836231e+00
-1.1260504202e+00 2.0000000000e+00 2.8834484557e+00

-1.0924369748e+00 -2.0000000000e+00 2.9064588086e+00
-1.0924369748e+00 -1.9663865546e+00 2.9490171897e+00
-1.0924369748e+00 -1.9327731092e+00 2.9927425934e+00
-1.0924369748e+00 -1.8991596639e+00 3.0376792815e+00
-1.0924369748e+00 -1.8655462185e+00 3.0838735070e+00
-1.0924369748e+00 -1.8319327731e+00 3.1313736047e+00
-1.0924369748e+00 -1.7983193277e+00 3.1802300842e+00
-1.0924369748e+00 -1.7647058824e+00 3.2304957237e+00
-1.0924369748e+00 -1.7310924370e+00 3.2822256672e+00
-1.0924369748e+00 -1.6974789916e+00 3.3354775207e+00
-1.0924369748e+00 -1.6638655462e+00 3.3903114500e+00
-1.0924369748e+00 -1.6302521008e+00 3.4467902769e+00
-1.0924369748e+00 -1.5966386555e+00 3.5049795739e+00
-1.0924369748e+00 -1.5630252101e+00 3.5649477546e+00
-1.0924369748e+00 -1.5294117647e+00 3.6267661596e+00
-1.0924369748e+00 -1.4957983193e+00 3.6905091344e+00
-1.0924369748e+00 -1.4621848739e+00 3.7562540971e+00
-1.0924369748e+00 -1.4285714286e+00 3.8240815919e+00
-1.0924369748e+00 -1.3949579832e+00 3.8940753261e+00
-1.0924369748e+00 -1.3613445378e+00 3.9663221831e+00
-1.0924369748e+00 -1.3277310924e+00 4.0409122077e+00
-1.0924369748e+00 -1.2941176471e+00 4.1179385553e+00
-1.0924369748e+00 -1.2605042017e+00 4.1974973966e+00
-1.0924369748e+00 -1.2268907563e+00 4.2796877673e+00
-1.0924369748e+00 -1.1932773109e+00 4.3646113500e+00
-1.0924369748e+00 -1.1596638655e+00 4.4523721723e+00
-1.0924369748e+00 -1.1260504202e+00 4.5430762031e+00
-1.0924369748e+00 -1.0924369748e+00 4.6368308237e+00
-1.0924369748e+00 -1.0588235294e+00 4.7337441463e+00
-1.0924369748e+00 -1.0252100840e+00 4.8339241453e+00
-1.0924369748e+00 -9.9159663866e-01 4.9374775619e+00
-1.0924369748e+00 -9.5798319328e-01 5.0445085301e+00
-1.0924369748e+00 -9.2436974790e-01 5.1551168636e+00
-1.0924369748e+00 -8.9075630252e-01 5.2693959299e+00
-1.0924369748e+00 -8.5714285714e-01 5.3874300190e+00
-1.0924369748e+00 -8.2352941176e-01 5.5092910975e+00
-1.0924369748e+00 -7.8991596639e-01 5.6350348118e+00
-1.0924369748e+00 -7.5630252101e-01 5.7646955800e+00
-1.0924369748e+00 -7.2268907563e-01 5.8982805761e+00
-1.0924369748e+00 -6.8907563025e-01 6.0357623746e+00
-1.0924369748e+00 -6.5546218487e-01 6.1770699866e+00
-1.0924369748e+00 -6.2184873950e-01 6.3220779766e+00
-1.0924369748e+00 -5.8823529412e-01 6.4705933209e+00
-1.0924369748e+00 -5.5462184874e-01 6.6223396538e+00
-1.0924369748e+00 -5.2100840336e-01 6.7769385711e+00
-1.0924369748e+00 -4.8739495798e-01 6.9338877458e+00
-1.0924369748e+00 -4.5378151261e-01 7.0925358076e+00
-1.0924369748e+00 -4.2016806723e-01 7.2520542919e+00
-1.0924369748e+00 -3.8655462185e-01 7.4114075644e+00
-1.0924369748e+00 -3.5294117647e-01 7.5693225435e+00
-1.0924369748e+00 -3.1932773109e-01 7.7242613532e+00
-1.0924369748e+00 -2.8571428571e-01 7.8744017363e+00
-1.0924369748e+00 -2.5210084034e-01 8.0176320056e+00
-1.0924369748e+00 -2.1848739496e-01 8.1515691046e+00
-1.0924369748e+00 -1.8487394958e-01 8.2736092260e+00
-1.0924369748e+00 -1.5126050420e-01 8.3810192840e+00
-1.0924369748e+00 -1.1764705882e-01 8.4710731389e+00
-1.0924369748e+00 -8.4033613445e-02 8.5412281540e+00
-1.0924369748e+00 -5.0420168067e-02 8.5893262121e+00
-1.0924369748e+00 -1.6806722689e-02 8.6137916730e+00
-1.0924369748e+00 1.6806722689e-02 8.6137916730e+00
-1.0924369748e+00 5.0420168067e-02 8.5893262121e+00
-1.0924369748e+00 8.4033613445e-02 8.5412281540e+00
-1.0924369748e+00 1.1764705882e-01 8.4710731389e+00
-1.0924369748e+00 1.5126050420e-01 8.3810192840e+00
-1.0924369748e+00 1.8487394958e-01 8.2736092260e+00
-1.0924369748e+00 2.1848739496e-01 8.1515691046e+00
-1.0924369748e+00 2.5210084034e-01 8.0176320056e+00
-1.0924369748e+00 2.8571428571e-01 7.8744017363e+00
-1.0924369748e+00 3.1932773109e-01 7.7242613532e+00
-1.0924369748e+00 3.5294117647e-01 7.5693225435e+00
-1.0924369748e+00 3.8655462185e-01 7.4114075644e+00
-1.0924369748e+00 4.2016806723e-01 7.2520542919e+00
-1.0924369748e+00 4.5378151261e-01 7.0925358076e+00
-1.0924369748e+00 4.8739495798e-01 6.9338877458e+00
-1.0924369748e+00 5.2100840336e-01 6.7769385711e+00
-1.0924369748e+00 5.5462184874e-01 6.6223396538e+00
-1.0924369748e+00 5.8823529412e-01 6.4705933209e+00
-1.0924369748e+00 6.2184873950e-01 6.3220779766e+00
-1.0924369748e+00 6.5546218487e-01 6.1770699866e+00
-1.0924369748e+00 6.8907563025e-01 6.0357623746e+00
-1.0924369748e+00 7.2268907563e-01 5.8982805761e+00
-1.0924369748e+00 7.5630252101e-01 5.7646955800e+00
-1.0924369748e+00 7.8991596639e-01 5.6350348118e+00
-1.0924369748e+00 8.2352941176e-01 5.5092910975e+00
-1.0924369748e+00 8.5714285714e-01 5.3874300190e+00
-1.0924369748e+00 8.9075630252e-01 5.2693959299e+00
-1.0924369748e+00 9.2436974790e-01 5.1551168636e+00
-1.0924369748e+00 9.5798319328e-01 5.0445085301e+00
-1.0924369748e+00 9.9159663866e-01 4.9374775619e+00
-1.0924369748e+00 1.0252100840e+00 4.8339241453e+00
-1.0924369748e+00 1.0588235294e+00 4.7337441463e+00
-1.0924369748e+00 1.0924369748e+00 4.6368308237e+00
-1.0924369748e+00 1.1260504202e+00 4.5430762031e+00
-1.0924369748e+00 1.1596638655e+00 4.4523721723e+00
-1.0924369748e+00 1.1932773109e+00 4.3646113500e+00
-1.0924369748e+00 1.2268907563e+00 4.2796877673e+00
-1.0924369748e+00 1.2605042017e+00 4.1974973966e+00
-1.0924369748e+00 1.2941176471e+00 4.1179385553e+00
-1.0924369748e+00 1.3277310924e+00 4.0409122077e+00
-1.0924369748e+00 1.3613445378e+00 3.9663221831e+00
-1.0924369748e+00 1.3949579832e+00 3.8940753261e+00
-1.0924369748e+00 1.4285714286e+00 3.8240815919e+00
-1.0924369748e+00 1.4621848739e+00 3.7562540971e+00
-1.0924369748e+00 1.4957983193e+00 3.6905091344e+00
-1.0924369748e+00 1.5294117647e+00 3.6267661596e+00
-1.0924369748e+00 1.5630252101e+00 3.5649477546e+00
-1.0924369748e+00 1.5966386555e+00 3.5049795739e+00
-1.0924369748e+00 1.6302521008e+00 3.4467902769e+00
-1.0924369748e+00 1.6638655462e+00 3.3903114500e+00
-1.0924369748e+00 1.6974789916e+00 3.3354775207e+00
-1.0924369748e+00 1.7310924370e+00 3.2822256672e+00
-1.0924369748e+00 1.7647058824e+00 3.2304957237e+00
-1.0924369748e+00 1.7983193277e+00 3.1802300842e+00
-1.0924369748e+00 1.8319327731e+00 3.1313736047e+00
-1.0924369748e+00 1.8655462185e+00 3.0838735070e+00
-1.0924369748e+00 1.8991596639e+00 3.0376792815e+00
-1.0924369748e+00 1.9327731092e+00 2.9927425934e+00
-1.0924369748e+00 1.9663865546e+00 2.9490171897e+00
-1.0924369748e+00 2.0000000000e+00 2.9064588086e+00

-1.0588235294e+00 -2.0000000000e+00 2.9293094104e+00
-1.0588235294e+00 -1.9663865546e+00 2.9729010142e+00
-1.0588235294e+00 -1.9327731092e+00 3.0177208450e+00
-1.0588235294e+00 -1.8991596639e+00 3.0638176182e+00
-1.0588235294e+00 -1.8655462185e+00 3.1112424229e+00
-1.0588235294e+00 -1.8319327731e+00 3.1600488500e+00
-1.0588235294e+00 -1.7983193277e+00 3.2102931266e+00
-1.0588235294e+00 -1.7647058824e+00 3.2620342572e+00
-1.0588235294e+00 -1.7310924370e+00 3.3153341716e+00
-1.0588235294e+00 -1.6974789916e+00 3.3702578800e+00
-1.0588235294e+00 -1.6638655462e+00 3.4268736342e+00
-1.0588235294e+00 -1.6302521008e+00 3.4852530962e+00
-1.0588235294e+00 -1.5966386555e+00 3.5454715129e+00
-1.0588235294e+00 -1.5630252101e+00 3.6076078971e+00
-1.0588235294e+00 -1.5294117647e+00 3.6717452141e+00
-1.0588235294e+00 -1.4957983193e+00 3.7379705725e+00
-1.0588235294e+00 -1.4621848739e+00 3.8063754196e+00
-1.0588235294e+00 -1.4285714286e+00 3.8770557379e+00
-1.0588235294e+00 -1.3949579832e+00 3.9501122430e+00
-1.0588235294e+00 -1.3613445378e+00 4.0256505786e+00
-1.0588235294e+00 -1.3277310924e+00 4.1037815069e+00
-1.0588235294e+00 -1.2941176471e+00 4.1846210893e+00
-1.0588235294e+00 -1.2605042017e+00 4.2682908536e+00
-1.0588235294e+00 -1.2268907563e+00 4.3549179398e+00
-1.0588235294e+00 -1.1932773109e+00 4.4446352181e+00
-1.0588235294e+00 -1.1596638655e+00 4.5375813681e+00
-1.0588235294e+00 -1.1260504202e+00 4.6339009061e+00
-1.0588235294e+00 -1.0924369748e+00 4.7337441463e+00
-1.0588235294e+00 -1.0588235294e+00 4.8372670722e+00
-1.0588235294e+00 -1.0252100840e+00 4.9446310961e+00
-1.0588235294e+00 -9.9159663866e-01 5.0560026710e+00
-1.0588235294e+00 -9.5798319328e-01 5.1715527136e+00
-1.0588235294e+00 -9.2436974790e-01 5.2914557856e+00
-1.0588235294e+00 -8.9075630252e-01 5.4158889614e+00
-1.0588235294e+00 -8.5714285714e-01 5.5450302945e+00
-1.0588235294e+00 -8.2352941176e-01 5.6790567656e+00
-1.0588235294e+00 -7.8991596639e-01 5.8181415595e+00
-1.0588235294e+00 -7.5630252101e-01 5.9624504747e+00
-1.0588235294e+00 -7.2268907563e-01 6.1121372060e+00
-1.0588235294e+00 -6.8907563025e-01 6.2673371630e+00
-1.0588235294e+00 -6.5546218487e-01 6.4281593820e+00
-1.0588235294e+00 -6.2184873950e-01 6.5946759576e+00
-1.0588235294e+00 -5.8823529412e-01 6.7669082511e+00
-1.0588235294e+00 -5.5462184874e-01 6.9448089250e+00
-1.0588235294e+00 -5.2100840336e-01 7.1282386092e+00
-1.0588235294e+00 -4.8739495798e-01 7.3169357368e+00
-1.0588235294e+00 -4.5378151261e-01 7.5104778361e+00
-1.0588235294e+00 -4.2016806723e-01 7.7082324186e+00
-1.0588235294e+00 -3.8655462185e-01 7.9092957188e+00
-1.0588235294e+00 -3.5294117647e-01 8.1124182234e+00
-1.0588235294e+00 -3.1932773109e-01 8.3159176368e+00
-1.0588235294e+00 -2.8571428571e-01 8.5175833458e+00
-1.0588235294e+00 -2.5210084034e-01 8.7145823907e+00
-1.0588235294e+00 -2.1848739496e-01 8.9033859997e+00
-1.0588235294e+00 -1.8487394958e-01 9.0797474733e+00
-1.0588235294e+00 -1.5126050420e-01 9.2387736782e+00
-1.0588235294e+00 -1.1764705882e-01 9.3751366488e+00
-1.0588235294e+00 -8.4033613445e-02 9.4834578650e+00
-1.0588235294e+00 -5.0420168067e-02 9.5588557070e+00
-1.0588235294e+00 -1.6806722689e-02 9.5975786413e+00
-1.0588235294e+00 1.6806722689e-02 9.5975786413e+00
-1.0588235294e+00 5.0420168067e-02 9.5588557070e+00
-1.0588235294e+00 8.4033613445e-02 9.4834578650e+00
-1.0588235294e+00 1.1764705882e-01 9.3751366488e+00
-1.0588235294e+00 1.5126050420e-01 9.2387736782e+00
-1.0588235294e+00 1.8487394958e-01 9.0797474733e+00
-1.0588235294e+00 2.1848739496e-01 8.9033859997e+00
-1.0588235294e+00 2.5210084034e-01 8.7145823907e+00
-1.0588235294e+00 2.8571428571e-01 8.5175833458e+00
-1.0588235294e+00 3.1932773109e-01 8.3159176368e+00
-1.0588235294e+00 3.5294117647e-01 8.1124182234e+00
-1.0588235294e+00 3.8655462185e-01 7.9092957188e+00
-1.0588235294e+00 4.2016806723e-01 7.7082324186e+00
-1.0588235294e+00 4.5378151261e-01 7.5104778361e+00
-1.0588235294e+00 4.8739495798e-01 7.3169357368e+00
-1.0588235294e+00 5.2100840336e-01 7.1282386092e+00
-1.0588235294e+00 5.5462184874e-01 6.9448089250e+00
-1.0588235294e+00 5.8823529412e-01 6.7669082511e+00
-1.0588235294e+00 6.2184873950e-01 6.5946759576e+00
-1.0588235294e+00 6.5546218487e-01 6.4281593820e+00
-1.0588235294e+00 6.8907563025e-01 6.2673371630e+00
-1.0588235294e+00 7.2268907563e-01 6.1121372060e+00
-1.0588235294e+00 7.5630252101e-01 5.9624504747e+00
-1.0588235294e+00 7.8991596639e-01 5.8181415595e+00
-1.0588235294e+00 8.2352941176e-01 5.6790567656e+00
-1.0588235294e+00 8.5714285714e-01 5.5450302945e+00
-1.0588235294e+00 8.9075630252e-01 5.4158889614e+00
-1.0588235294e+00 9.2436974790e-01 5.2914557856e+00
-1.0588235294e+00 9.5798319328e-01 5.1715527136e+00
-1.0588235294e+00 9.9159663866e-01 5.0560026710e+00
-1.0588235294e+00 1.0252100840e+00 4.9446310961e+00
-1.0588235294e+00 1.0588235294e+00 4.8372670722e+00
-1.0588235294e+00 1.0924369748e+00 4.7337441463e+00
-1.0588235294e+00 1.1260504202e+00 4.6339009061e+00
-1.0588235294e+00 1.1596638655e+00 4.5375813681e+00
-1.0588235294e+00 1.1932773109e+00 4.4446352181e+00
-1.0588235294e+00 1.2268907563e+00 4.3549179398e+00
-1.0588235294e+00 1.2605042017e+00 4.2682908536e+00
-1.0588235294e+00 1.2941176471e+00 4.1846210893e+00
-1.0588235294e+00 1.3277310924e+00 4.1037815069e+00
-1.0588235294e+00 1.3613445378e+00 4.0256505786e+00
-1.0588235294e+00 1.3949579832e+00 3.9501122430e+00
-1.0588235294e+00 1.4285714286e+00 3.8770557379e+00
-1.0588235294e+00 1.4621848739e+00 3.8063754196e+00
-1.0588235294e+00 1.4957983193e+00 3.7379705725e+00
-1.0588235294e+00 1.5294117647e+00 3.6717452141e+00
-1.0588235294e+00 1.5630252101e+00 3.6076078971e+00
-1.0588235294e+00 1.5966386555e+00 3.5454715129e+00
-1.0588235294e+00 1.6302521008e+00 3.4852530962e+00
-1.0588235294e+00 1.6638655462e+00 3.4268736342e+00
-1.0588235294e+00 1.6974789916e+00 3.3702578800e+00
-1.0588235294e+00 1.7310924370e+00 3.3153341716e+00
-1.0588235294e+00 1.7647058824e+00 3.2620342572e+00
-1.0588235294e+00 1.7983193277e+00 3.2102931266e+00
-1.0588235294e+00 1.8319327731e+00 3.1600488500e+00
-1.0588235294e+00 1.8655462185e+00 3.1112424229e+00
-1.0588235294e+00 1.8991596639e+00 3.0638176182e+00
-1.0588235294e+00 1.9327731092e+00 3.0177208450e+00
-1.0588235294e+00 1.9663865546e+00 2.9729010142e+00
-1.0588235294e+00 2.0000000000e+00 2.9293094104e+00

-1.0252100840e+00 -2.0000000000e+00 2.9519710282e+00
-1.0252100840e+00 -1.9663865546e+00 2.9966043209e+00
-1.0252100840e+00 -1.9327731092e+00 3.0425289222e+00
-1.0252100840e+00 -1.8991596639e+00 3.0897982730e+00
-1.0252100840e+00 -1.8655462185e+00 3.1384686098e+00
-1.0252100840e+00 -1.8319327731e+00 3.1885991356e+00
-1.0252100840e+00 -1.7983193277e+00 3.2402522040e+00
-1.0252100840e+00 -1.7647058824e+00 3.2934935144e+00
-1.0252100840e+00 -1.7310924370e+00 3.3483923216e+00
-1.0252100840e+00 -1.6974789916e+00 3.4050216597e+00
-1.0252100840e+00 -1.6638655462e+00 3.4634585809e+00
-1.0252100840e+00 -1.6302521008e+00 3.5237844119e+00
-1.0252100840e+00 -1.5966386555e+00 3.5860850273e+00
-1.0252100840e+00 -1.5630252101e+00 3.6504511421e+00
-1.0252100840e+00 -1.5294117647e+00 3.7169786253e+00
-1.0252100840e+00 -1.4957983193e+00 3.7857688350e+00
-1.0252100840e+00 -1.4621848739e+00 3.8569289772e+00
-1.0252100840e+00 -1.4285714286e+00 3.9305724901e+00
-1.0252100840e+00 -1.3949579832e+00 4.0068194551e+00
-1.0252100840e+00 -1.3613445378e+00 4.0857970375e+00
-1.0252100840e+00 -1.3277310924e+00 4.1676399581e+00
-1.0252100840e+00 -1.2941176471e+00 4.2524909989e+00
-1.0252100840e+00 -1.2605042017e+00 4.3405015440e+00
-1.0252100840e+00 -1.2268907563e+00 4.4318321604e+00
-1.0252100840e+00 -1.1932773109e+00 4.5266532192e+00
-1.0252100840e+00 -1.1596638655e+00 4.6251455616e+00
-1.0252100840e+00 -1.1260504202e+00 4.7275012128e+00
-1.0252100840e+00 -1.0924369748e+00 4.8339241453e+00
-1.0252100840e+00 -1.0588235294e+00 4.9446310961e+00
-1.0252100840e+00 -1.0252100840e+00 5.0598524393e+00
-1.0252100840e+00 -9.9159663866e-01 5.1798331153e+00
-1.0252100840e+00 -9.5798319328e-01 5.3048336177e+00
-1.0252100840e+00 -9.2436974790e-01 5.4351310330e+00
-1.0252100840e+00 -8.9075630252e-01 5.5710201284e+00
-1.0252100840e+00 -8.5714285714e-01 5.7128144709e+00
-1.0252100840e+00 -8.2352941176e-01 5.8608475543e+00
-1.0252100840e+00 -7.8991596639e-01 6.0154738892e+00
-1.0252100840e+00 -7.5630252101e-01 6.1770699866e+00
-1.0252100840e+00 -7.2268907563e-01 6.3460351221e+00
-1.0252100840e+00 -6.8907563025e-01 6.5227917018e+00
-1.0252100840e+00 -6.5546218487e-01 6.7077849506e+00
-1.0252100840e+00 -6.2184873950e-01 6.9014814873e+00
-1.0252100840e+00 -5.8823529412e-01 7.1043661094e+00
-1.0252100840e+00 -5.5462184874e-01 7.3169357368e+00
-1.0252100840e+00 -5.2100840336e-01 7.5396888911e+00
-1.0252100840e+00 -4.8739495798e-01 7.7731081942e+00
-1.0252100840e+00 -4.5378151261e-01 8.0176320056e+00
-1.0252100840e+00 -4.2016806723e-01 8.2736092260e+00
-1.0252100840e+00 -3.8655462185e-01 8.5412281540e+00
-1.0252100840e+00 -3.5294117647e-01 8.8204056766e+00
-1.0252100840e+00 -3.1932773109e-01 9.1106166845e+00
-1.0252100840e+00 -2.8571428571e-01 9.4106356450e+00
-1.0252100840e+00 -2.5210084034e-01 9.7181547888e+00
-1.0252100840e+00 -2.1848739496e-01 1.0029243174e+01
-1.0252100840e+00 -1.8487394958e-01 1.0337635100e+01
-1.0252100840e+00 -1.5126050420e-01 1.0633919295e+01
-1.0252100840e+00 -1.1764705882e-01 1.0904890270e+01
-1.0252100840e+00 -8.4033613445e-02 1.1133632590e+01
-1.0252100840e+00 -5.0420168067e-02 1.1301168699e+01
-1.0252100840e+00 -1.6806722689e-02 1.1390210352e+01
-1.0252100840e+00 1.6806722689e-02 1.1390210352e+01
-1.0252100840e+00 5.0420168067e-02 1.1301168699e+01
-1.0252100840e+00 8.4033613445e-02 1.1133632590e+01
-1.0252100840e+00 1.1764705882e-01 1.0904890270e+01
-1.0252100840e+00 1.5126050420e-01 1.0633919295e+01
-1.0252100840e+00 1.8487394958e-01 1.0337635100e+01
-1.0252100840e+00 2.1848739496e-01 1.0029243174e+01
-1.0252100840e+00 2.5210084034e-01 9.7181547888e+00
-1.0252100840e+00 2.8571428571e-01 9.4106356450e+00
-1.0252100840e+00 3.1932773109e-01 9.1106166845e+00
-1.0252100840e+00 3.5294117647e-01 8.8204056766e+00
-1.0252100840e+00 3.8655462185e-01 8.5412281540e+00
-1.0252100840e+00 4.2016806723e-01 8.2736092260e+00
-1.0252100840e+00 4.5378151261e-01 8.0176320056e+00
-1.0252100840e+00 4.8739495798e-01 7.7731081942e+00
-1.0252100840e+00 5.2100840336e-01 7.5396888911e+00
-1.0252100840e+00 5.5462184874e-01 7.3169357368e+00
-1.0252100840e+00 5.8823529412e-01 7.1043661094e+00
-1.0252100840e+00 6.2184873950e-01 6.9014814873e+00
-1.0252100840e+00 6.5546218487e-01 6.7077849506e+00
-1.0252100840e+00 6.8907563025e-01 6.5227917018e+00
-1.0252100840e+00 7.2268907563e-01 6.3460351221e+00
-1.0252100840e+00 7.5630252101e-01 6.1770699866e+00
-1.0252100840e+00 7.8991596639e-01 6.0154738892e+00
-1.0252100840e+00 8.2352941176e-01 5.8608475543e+00
-1.0252100840e+00 8.5714285714e-01 5.7128144709e+00
-1.0252100840e+00 8.9075630252e-01 5.5710201284e+00
-1.0252100840e+00 9.2436974790e-01 5.4351310330e+00
-1.0252100840e+00 9.5798319328e-01 5.3048336177e+00
-1.0252100840e+00 9.9159663866e-01 5.1798331153e+00
-1.0252100840e+00 1.0252100840e+00 5.0598524393e+00
-1.0252100840e+00 1.0588235294e+00 4.9446310961e+00
-1.0252100840e+00 1.0924369748e+00 4.8339241453e+00
-1.0252100840e+00 1.1260504202e+00 4.7275012128e+00
-1.0252100840e+00 1.1596638655e+00 4.6251455616e+00
-1.0252100840e+00 1.1932773109e+00 4.5266532192e+00
-1.0252100840e+00 1.2268907563e+00 4.4318321604e+00
-1.0252100840e+00 1.2605042017e+00 4.3405015440e+00
-1.0252100840e+00 1.2941176471e+00 4.2524909989e+00
-1.0252100840e+00 1.3277310924e+00 4.1676399581e+00
-1.0252100840e+00 1.3613445378e+00 4.0857970375e+00
-1.0252100840e+00 1.3949579832e+00 4.0068194551e+00
-1.0252100840e+00 1.4285714286e+00 3.9305724901e+00
-1.0252100840e+00 1.4621848739e+00 3.8569289772e+00
-1.0252100840e+00 1.4957983193e+00 3.7857688350e+00
-1.0252100840e+00 1.5294117647e+00 3.7169786253e+00
-1.0252100840e+00 1.5630252101e+00 3.6504511421e+00
-1.0252100840e+00 1.5966386555e+00 3.5860850273e+00
-1.0252100840e+00 1.6302521008e+00 3.5237844119e+00
-1.0252100840e+00 1.6638655462e+00 3.4634585809e+00
-1.0252100840e+00 1.6974789916e+00 3.4050216597e+00
-1.0252100840e+00 1.7310924370e+00 3.3483923216e+00
-1.0252100840e+00 1.7647058824e+00 3.2934935144e+00
-1.0252100840e+00 1.7983193277e+00 3.2402522040e+00
-1.0252100840e+00 1.8319327731e+00 3.1885991356e+00
-1.0252100840e+00 1.8655462185e+00 3.1384686098e+00
-1.0252100840e+00 1.8991596639e+00 3.0897982730e+00
-1.0252100840e+00 1.9327731092e+00 3.0425289222e+00
-1.0252100840e+00 1.9663865546e+00 2.9966043209e+00
-1.0252100840e+00 2.0000000000e+00 2.9519710282e+00

-9.9159663866e-01 -2.0000000000e+00 2.9744132099e+00
-9.9159663866e-01 -1.9663865546e+00 3.0200949661e+00
-9.9159663866e-01 -1.9327731092e+00 3.0671329105e+00
-9.9159663866e-01 -1.8991596639e+00 3.1155854840e+00
-9.9159663866e-01 -1.8655462185e+00 3.1655143853e+00
-9.9159663866e-01 -1.8319327731e+00 3.2169847927e+00
-9.9159663866e-01 -1.7983193277e+00 3.2700656041e+00
-9.9159663866e-01 -1.7647058824e+00 3.3248296962e+00
-9.9159663866e-01 -1.7310924370e+00 3.3813542066e+00
-9.9159663866e-01 -1.6974789916e+00 3.4397208384e+00
-9.9159663866e-01 -1.6638655462e+00 3.5000161925e+00
-9.9159663866e-01 -1.6302521008e+00 3.5623321288e+00
-9.9159663866e-01 -1.5966386555e+00 3.6267661596e+00
-9.9159663866e-01 -1.5630252101e+00 3.6934218797e+00
-9.9159663866e-01 -1.5294117647e+00 3.7624094370e+00
-9.9159663866e-01 -1.4957983193e+00 3.8338460481e+00
-9.9159663866e-01 -1.4621848739e+00 3.9078565653e+00
-9.9159663866e-01 -1.4285714286e+00 3.9845741014e+00
-9.9159663866e-01 -1.3949579832e+00 4.0641407194e+00
-9.9159663866e-01 -1.3613445378e+00 4.1467081981e+00
-9.9159663866e-01 -1.3277310924e+00 4.2324388814e+00
-9.9159663866e-01 -1.2941176471e+00 4.3215066288e+00
-9.9159663866e-01 -1.2605042017e+00 4.4140978777e+00
-9.9159663866e-01 -1.2268907563e+00 4.5104128414e+00
-9.9159663866e-01 -1.1932773109e+00 4.6106668628e+00
-9.9159663866e-01 -1.1596638655e+00 4.7150919537e+00
-9.9159663866e-01 -1.1260504202e+00 4.8239385549e+00
-9.9159663866e-01 -1.0924369748e+00 4.9374775619e+00
-9.9159663866e-01 -1.0588235294e+00 5.0560026710e+00
-9.9159663866e-01 -1.0252100840e+00 5.1798331153e+00
-9.9159663866e-01 -9.9159663866e-01 5.3093168830e+00
-9.9159663866e-01 -9.5798319328e-01 5.4448345294e+00
-9.9159663866e-01 -9.2436974790e-01 5.5868037345e+00
-9.9159663866e-01 -8.9075630252e-01 5.7356848005e+00
-9.9159663866e-01 -8.5714285714e-01 5.8919873460e+00
-9.9159663866e-01 -8.2352941176e-01 6.0562785397e+00
-9.9159663866e-01 -7.8991596639e-01 6.2291933375e+00
-9.9159663866e-01 -7.5630252101e-01 6.4114473494e+00
-9.9159663866e-01 -7.2268907563e-01 6.6038532101e+00
-9.9159663866e-01 -6.8907563025e-01 6.8073416707e+00
-9.9159663866e-01 -6.5546218487e-01 7.0229891527e+00
-9.9159663866e-01 -6.2184873950e-01 7.2520542919e+00
-9.9159663866e-01 -5.8823529412e-01 7.4960272246e+00
-9.9159663866e-01 -5.5462184874e-01 7.7566973248e+00
-9.9159663866e-01 -5.2100840336e-01 8.0362483275e+00
-9.9159663866e-01 -4.8739495798e-01 8.3373952825e+00
-9.9159663866e-01 -4.5378151261e-01 8.6635875946e+00
-9.9159663866e-01 -4.2016806723e-01 9.0193207524e+00
-9.9159663866e-01 -3.8655462185e-01 9.4106356450e+00
-9.9159663866e-01 -3.5294117647e-01 9.8459613577e+00
-9.9159663866e-01 -3.1932773109e-01 1.0337635100e+01
-9.9159663866e-01 -2.8571428571e-01 1.0904890270e+01
-9.9159663866e-01 -2.5210084034e-01 1.1580461492e+01
-9.9159663866e-01 -2.1848739496e-01 1.2427889190e+01
-9.9159663866e-01 -1.8487394958e-01 1.3601225820e+01
-9.9159663866e-01 -1.5126050420e-01 1.5711870064e+01
-9.9159663866e-01 -1.1764705882e-01 1.7221474285e+01
-9.9159663866e-01 -8.4033613445e-02 1.4848017243e+01
-9.9159663866e-01 -5.0420168067e-02 1.4091010328e+01
-9.9159663866e-01 -1.6806722689e-02 1.3800089782e+01
-9.9159663866e-01 1.6806722689e-02 1.3800089782e+01
-9.9159663866e-01 5.0420168067e-02 1.4091010328e+01
-9.9159663866e-01 8.4033613445e-02 1.4848017243e+01
-9.9159663866e-01 1.1764705882e-01 1.7221474285e+01
-9.9159663866e-01 1.5126050420e-01 1.5711870064e+01
-9.9159663866e-01 1.8487394958e-01 1.3601225820e+01
-9.9159663866e-01 2.1848739496e-01 1.2427889190e+01
-9.9159663866e-01 2.5210084034e-01 1.1580461492e+01
-9.9159663866e-01 2.8571428571e-01 1.0904890270e+01
-9.9159663866e-01 3.1932773109e-01 1.0337635100e+01
-9.9159663866e-01 3.5294117647e-01 9.8459613577e+00
-9.9159663866e-01 3.8655462185e-01 9.4106356450e+00
-9.9159663866e-01 4.2016806723e-01 9.0193207524e+00
-9.9159663866e-01 4.5378151261e-01 8.6635875946e+00
-9.9159663866e-01 4.8739495798e-01 8.3373952825e+00
-9.9159663866e-01 5.2100840336e-01 8.0362483275e+00
-9.9159663866e-01 5.5462184874e-01 7.7566973248e+00
-9.9159663866e-01 5.8823529412e-01 7.4960272246e+00
-9.9159663866e-01 6.2184873950e-01 7.2520542919e+00
-9.9159663866e-01 6.5546218487e-01 7.0229891527e+00
-9.9159663866e-01 6.8907563025e-01 6.8073416707e+00
-9.9159663866e-01 7.2268907563e-01 6.6038532101e+00
-9.9159663866e-01 7.5630252101e-01 6.4114473494e+00
-9.9159663866e-01 7.8991596639e-01 6.2291933375e+00
-9.9159663866e-01 8.2352941176e-01 6.0562785397e+00
-9.9159663866e-01 8.5714285714e-01 5.8919873460e+00
-9.9159663866e-01 8.9075630252e-01 5.7356848005e+00
-9.9159663866e-01 9.2436974790e-01 5.5868037345e+00
-9.9159663866e-01 9.5798319328e-01 5.4448345294e+00
-9.9159663866e-01 9.9159663866e-01 5.3093168830e+00
-9.9159663866e-01 1.0252100840e+00 5.1798331153e+00
-9.9159663866e-01 1.0588235294e+00 5.0560026710e+00
-9.9159663866e-01 1.0924369748e+00 4.9374775619e+00
-9.9159663866e-01 1.1260504202e+00 4.8239385549e+00
-9.9159663866e-01 1.1596638655e+00 4.7150919537e+00
-9.9159663866e-01 1.1932773109e+00 4.6106668628e+00
-9.9159663866e-01 1.2268907563e+00 4.5104128414e+00
-9.9159663866e-01 1.2605042017e+00 4.4140978777e+00
-9.9159663866e-01 1.2941176471e+00 4.3215066288e+00
-9.9159663866e-01 1.3277310924e+00 4.2324388814e+00
-9.9159663866e-01 1.3613445378e+00 4.1467081981e+00
-9.9159663866e-01 1.3949579832e+00 4.0641407194e+00
-9.9159663866e-01 1.4285714286e+00 3.9845741014e+00
-9.9159663866e-01 1.4621848739e+00 3.9078565653e+00
-9.9159663866e-01 1.4957983193e+00 3.8338460481e+00
-9.9159663866e-01 1.5294117647e+00 3.7624094370e+00
-9.9159663866e-01 1.5630252101e+00 3.6934218797e+00
-9.9159663866e-01 1.5966386555e+00 3.6267661596e+00
-9.9159663866e-01 1.6302521008e+00 3.5623321288e+00
-9.9159663866e-01 1.6638655462e+00 3.5000161925e+00
-9.9159663866e-01 1.6974789916e+00 3.4397208384e+00
-9.9159663866e-01 1.7310924370e+00 3.3813542066e+00
-9.9159663866e-01 1.7647058824e+00 3.3248296962e+00
-9.9159663866e-01 1.7983193277e+00 3.2700656041e+00
-9.9159663866e-01 1.8319327731e+00 3.2169847927e+00
-9.9159663866e-01 1.8655462185e+00 3.1655143853e+00
-9.9159663866e-01 1.8991596639e+00 3.1155854840e+00
-9.9159663866e-01 1.9327731092e+00 3.0671329105e+00
-9.9159663866e-01 1.9663865546e+00 3.0200949661e+00
-9.9159663866e-01 2.0000000000e+00 2.9744132099e+00

-9.5798319328e-01 -2.0000000000e+00 2.9966043209e+00
-9.5798319328e-01 -1.9663865546e+00 3.0433394715e+00
-9.5798319328e-01 -1.9327731092e+00 3.0914973910e+00
-9.5798319328e-01 -1.8991596639e+00 3.1411417940e+00
-9.5798319328e-01 -1.8655462185e+00 3.1923401584e+00
-9.5798319328e-01 -1.8319327731e+00 3.2451640042e+00
-9.5798319328e-01 -1.7983193277e+00 3.2996891984e+00
-9.5798319328e-01 -1.7647058824e+00 3.3559962884e+00
-9.5798319328e-01 -1.7310924370e+00 3.4141708674e+00
-9.5798319328e-01 -1.6974789916e+00 3.4743039750e+00
-9.5798319328e-01 -1.6638655462e+00 3.5364925392e+00
-9.5798319328e-01 -1.6302521008e+00 3.6008398624e+00
-9.5798319328e-01 -1.5966386555e+00 3.6674561598e+00
-9.5798319328e-01 -1.5630252101e+00 3.7364591558e+00
-9.5798319328e-01 -1.5294117647e+00 3.8079747472e+00
-9.5798319328e-01 -1.4957983193e+00 3.8821377426e+00
-9.5798319328e-01 -1.4621848739e+00 3.9590926901e+00
-9.5798319328e-01 -1.4285714286e+00 4.0389948071e+00
-9.5798319328e-01 -1.3949579832e+00 4.1220110284e+00
-9.5798319328e-01 -1.3613445378e+00 4.2083211937e+00
-9.5798319328e-01 -1.3277310924e+00 4.2981193984e+00
-9.5798319328e-01 -1.2941176471e+00 4.3916155395e+00
-9.5798319328e-01 -1.2605042017e+00 4.4890370923e+00
-9.5798319328e-01 -1.2268907563e+00 4.5906311669e+00
-9.5798319328e-01 -1.1932773109e+00 4.6966669021e+00
-9.5798319328e-01 -1.1596638655e+00 4.8074382730e+00
-9.5798319328e-01 -1.1260504202e+00 4.9232674065e+00
-9.5798319328e-01 -1.0924369748e+00 5.0445085301e+00
-9.5798319328e-01 -1.0588235294e+00 5.1715527136e+00
-9.5798319328e-01 -1.0252100840e+00 5.3048336177e+00
-9.5798319328e-01 -9.9159663866e-01 5.4448345294e+00
-9.5798319328e-01 -9.5798319328e-01 5.5920970671e+00
-9.5798319328e-01 -9.2436974790e-01 5.7472320721e+00
-9.5798319328e-01 -8.9075630252e-01 5.9109334041e+00
-9.5798319328e-01 -8.5714285714e-01 6.0839956470e+00
-9.5798319328e-01 -8.2352941176e-01 6.2673371630e+00
-9.5798319328e-01 -7.8991596639e-01 6.4620305839e+00
-9.5798319328e-01 -7.5630252101e-01 6.6693438459e+00
-9.5798319328e-01 -7.2268907563e-01 6.8907964902e+00
-9.5798319328e-01 -6.8907563025e-01 7.1282386092e+00
-9.5798319328e-01 -6.5546218487e-01 7.3839643320e+00
-9.5798319328e-01 -6.2184873950e-01 7.6608797140e+00
-9.5798319328e-01 -5.8823529412e-01 7.9627596331e+00
-9.5798319328e-01 -5.5462184874e-01 8.2946570299e+00
-9.5798319328e-01 -5.2100840336e-01 8.6635875946e+00
-9.5798319328e-01 -4.8739495798e-01 9.0797474733e+00
-9.5798319328e-01 -4.5378151261e-01 9.5588557070e+00
-9.5798319328e-01 -4.2016806723e-01 1.0127158334e+01
-9.5798319328e-01 -3.8655462185e-01 1.0833829086e+01
-9.5798319328e-01 -3.5294117647e-01 1.1789675277e+01
-9.5798319328e-01 -3.1932773109e-01 1.3353422310e+01
-9.5798319328e-01 -2.8571428571e-01 1.9015781368e+01
-9.5798319328e-01 -2.5210084034e-01 1.3547107034e+01
-9.5798319328e-01 -2.1848739496e-01 1.2349706640e+01
-9.5798319328e-01 -1.8487394958e-01 1.1708427187e+01
-9.5798319328e-01 -1.5126050420e-01 1.1302646498e+01
-9.5798319328e-01 -1.1764705882e-01 1.1031643246e+01
-9.5798319328e-01 -8.4033613445e-02 1.0851631852e+01
-9.5798319328e-01 -5.0420168067e-02 1.0740718936e+01
-9.5798319328e-01 -1.6806722689e-02 1.0687680623e+01
-9.5798319328e-01 1.6806722689e-02 1.0687680623e+01
-9.5798319328e-01 5.0420168067e-02 1.0740718936e+01
-9.5798319328e-01 8.4033613445e-02 1.0851631852e+01
-9.5798319328e-01 1.1764705882e-01 1.1031643246e+01
-9.5798319328e-01 1.5126050420e-01 1.1302646498e+01
-9.5798319328e-01 1.8487394958e-01 1.1708427187e+01
-9.5798319328e-01 2.1848739496e-01 1.2349706640e+01
-9.5798319328e-01 2.5210084034e-01 1.3547107034e+01
-9.5798319328e-01 2.8571428571e-01 1.9015781368e+01
-9.5798319328e-01 3.1932773109e-01 1.3353422310e+01
-9.5798319328e-01 3.5294117647e-01 1.1789675277e+01
-9.5798319328e-01 3.8655462185e-01 1.0833829086e+01
-9.5798319328e-01 4.2016806723e-01 1.0127158334e+01
-9.5798319328e-01 4.5378151261e-01 9.5588557070e+00
-9.5798319328e-01 4.8739495798e-01 9.0797474733e+00
-9.5798319328e-01 5.2100840336e-01 8.6635875946e+00
-9.5798319328e-01 5.5462184874e-01 8.2946570299e+00
-9.5798319328e-01 5.8823529412e-01 7.9627596331e+00
-9.5798319328e-01 6.2184873950e-01 7.6608797140e+00
-9.5798319328e-01 6.5546218487e-01 7.3839643320e+00
-9.5798319328e-01 6.8907563025e-01 7.1282386092e+00
-9.5798319328e-01 7.2268907563e-01 6.8907964902e+00
-9.5798319328e-01 7.5630252101e-01 6.6693438459e+00
-9.5798319328e-01 7.8991596639e-01 6.4620305839e+00
-9.5798319328e-01 8.2352941176e-01 6.2673371630e+00
-9.5798319328e-01 8.5714285714e-01 6.0839956470e+00
-9.5798319328e-01 8.9075630252e-01 5.9109334041e+00
-9.5798319328e-01 9.2436974790e-01 5.7472320721e+00
-9.5798319328e-01 9.5798319328e-01 5.5920970671e+00
-9.5798319328e-01 9.9159663866e-01 5.4448345294e+00
-9.5798319328e-01 1.0252100840e+00 5.3048336177e+00
-9.5798319328e-01 1.0588235294e+00 5.1715527136e+00
-9.5798319328e-01 1.0924369748e+00 5.0445085301e+00
-9.5798319328e-01 1.1260504202e+00 4.9232674065e+00
-9.5798319328e-01 1.1596638655e+00 4.8074382730e+00
-9.5798319328e-01 1.1932773109e+00 4.6966669021e+00
-9.5798319328e-01 1.2268907563e+00 4.5906311669e+00
-9.5798319328e-01 1.2605042017e+00 4.4890370923e+00
-9.5798319328e-01 1.2941176471e+00 4.3916155395e+00
-9.5798319328e-01 1.3277310924e+00 4.2981193984e+00
-9.5798319328e-01 1.3613445378e+00 4.2083211937e+00
-9.5798319328e-01 1.3949579832e+00 4.1220110284e+00
-9.5798319328e-01 1.4285714286e+00 4.0389948071e+00
-9.5798319328e-01 1.4621848739e+00 3.9590926901e+00
-9.5798319328e-01 1.4957983193e+00 3.8821377426e+00
-9.5798319328e-01 1.5294117647e+00 3.8079747472e+00
-9.5798319328e-01 1.5630252101e+00 3.7364591558e+00
-9.5798319328e-01 1.5966386555e+00 3.6674561598e+00
-9.5798319328e-01 1.6302521008e+00 3.6008398624e+00
-9.5798319328e-01 1.6638655462e+00 3.5364925392e+00
-9.5798319328e-01 1.6974789916e+00 3.4743039750e+00
-9.5798319328e-01 1.7310924370e+00 3.4141708674e+00
-9.5798319328e-01 1.7647058824e+00 3.3559962884e+00
-9.5798319328e-01 1.7983193277e+00 3.2996891984e+00
-9.5798319328e-01 1.8319327731e+00 3.2451640042e+00
-9.5798319328e-01 1.8655462185e+00 3.1923401584e+00
-9.5798319328e-01 1.8991596639e+00 3.1411417940e+00
-9.5798319328e-01 1.9327731092e+00 3.0914973910e+00
-9.5798319328e-01 1.9663865546e+00 3.0433394715e+00
-9.5798319328e-01 2.0000000000e+00 2.9966043209e+00

-9.2436974790e-01 -2.0000000000e+00 3.0185115923e+00
-9.2436974790e-01 -1.9663865546e+00 3.0663030714e+00
-9.2436974790e-01 -1.9327731092e+00 3.1155854840e+00
-9.2436974790e-01 -1.8991596639e+00 3.1664280900e+00
-9.2436974790e-01 -1.8655462185e+00 3.2189044621e+00
-9.2436974790e-01 -1.8319327731e+00 3.2730928293e+00
-9.2436974790e-01 -1.7983193277e+00 3.3290764562e+00
-9.2436974790e-01 -1.7647058824e+00 3.3869440609e+00
-9.2436974790e-01 -1.7310924370e+00 3.4467902769e+00
-9.2436974790e-01 -1.6974789916e+00 3.5087161658e+00
-9.2436974790e-01 -1.6638655462e+00 3.5728297866e+00
-9.2436974790e-01 -1.6302521008e+00 3.6392468304e+00
-9.2436974790e-01 -1.5966386555e+00 3.7080913310e+00
-9.2436974790e-01 -1.5630252101e+00 3.7794964609e+00
-9.2436974790e-01 -1.5294117647e+00 3.8536054280e+00
-9.2436974790e-01 -1.4957983193e+00 3.9305724901e+00
-9.2436974790e-01 -1.4621848739e+00 4.0105641048e+00
-9.2436974790e-01 -1.4285714286e+00 4.0937602414e+00
-9.2436974790e-01 -1.3949579832e+00 4.1803558838e+00
-9.2436974790e-01 -1.3613445378e+00 4.2705627608e+00
-9.2436974790e-01 -1.3277310924e+00 4.3646113500e+00
-9.2436974790e-01 -1.2941176471e+00 4.4627532126e+00
-9.2436974790e-01 -1.2605042017e+00 4.5652637307e+00
-9.2436974790e-01 -1.2268907563e+00 4.6724453400e+00
-9.2436974790e-01 -1.1932773109e+00 4.7846313769e+00
-9.2436974790e-01 -1.1596638655e+00 4.9021906917e+00
-9.2436974790e-01 -1.1260504202e+00 5.0255332321e+00
-9.2436974790e-01 -1.0924369748e+00 5.1551168636e+00
-9.2436974790e-01 -1.0588235294e+00 5.2914557856e+00
-9.2436974790e-01 -1.0252100840e+00 5.4351310330e+00
-9.2436974790e-01 -9.9159663866e-01 5.5868037345e+00
-9.2436974790e-01 -9.5798319328e-01 5.7472320721e+00
-9.2436974790e-01 -9.2436974790e-01 5.9172932816e+00
-9.2436974790e-01 -8.9075630252e-01 6.0980126386e+00
-9.2436974790e-01 -8.5714285714e-01 6.2906023086e+00
-9.2436974790e-01 -8.2352941176e-01 6.4965144213e+00
-9.2436974790e-01 -7.8991596639e-01 6.7175151511e+00
-9.2436974790e-01 -7.5630252101e-01 6.9557906760e+00
-9.2436974790e-01 -7.2268907563e-01 7.2141030571e+00
-9.2436974790e-01 -6.8907563025e-01 7.4960272246e+00
-9.2436974790e-01 -6.5546218487e-01 7.8063256175e+00
-9.2436974790e-01 -6.2184873950e-01 8.1515691046e+00
-9.2436974790e-01 -5.8823529412e-01 8.5412281540e+00
-9.2436974790e-01 -5.5462184874e-01 8.9897390739e+00
-9.2436974790e-01 -5.2100840336e-01 9.5208235131e+00
-9.2436974790e-01 -4.8739495798e-01 1.0177858041e+01
-9.2436974790e-01 -4.5378151261e-01 1.1054601877e+01
-9.2436974790e-01 -4.2016806723e-01 1.2427889190e+01
-9.2436974790e-01 -3.8655462185e-01 1.6639310121e+01
-9.2436974790e-01 -3.5294117647e-01 1.3323374417e+01
-9.2436974790e-01 -3.1932773109e-01 1.1898990512e+01
-9.2436974790e-01 -2.8571428571e-01 1.1162199620e+01
-9.2436974790e-01 -2.5210084034e-01 1.0687680623e+01
-9.2436974790e-01 -2.1848739496e-01 1.0354183261e+01
-9.2436974790e-01 -1.8487394958e-01 1.0110272925e+01
-9.2436974790e-01 -1.5126050420e-01 9.9296088625e+00
-9.2436974790e-01 -1.1764705882e-01 9.7971932247e+00
-9.2436974790e-01 -8.4033613445e-02 9.7039871194e+00
-9.2436974790e-01 -5.0420168067e-02 9.6444723442e+00
-9.2436974790e-01 -1.6806722689e-02 9.6154515681e+00
-9.2436974790e-01 1.6806722689e-02 9.6154515681e+00
-9.2436974790e-01 5.0420168067e-02 9.6444723442e+00
-9.2436974790e-01 8.4033613445e-02 9.7039871194e+00
-9.2436974790e-01 1.1764705882e-01 9.7971932247e+00
-9.2436974790e-01 1.5126050420e-01 9.9296088625e+00
-9.2436974790e-01 1.8487394958e-01 1.0110272925e+01
-9.2436974790e-01 2.1848739496e-01 1.0354183261e+01
-9.2436974790e-01 2.5210084034e-01 1.0687680623e+01
-9.2436974790e-01 2.8571428571e-01 1.1162199620e+01
-9.2436974790e-01 3.1932773109e-01 1.1898990512e+01
-9.2436974790e-01 3.5294117647e-01 1.3323374417e+01
-9.2436974790e-01 3.8655462185e-01 1.6639310121e+01
-9.2436974790e-01 4.2016806723e-01 1.2427889190e+01
-9.2436974790e-01 4.5378151261e-01 1.1054601877e+01
-9.2436974790e-01 4.8739495798e-01 1.0177858041e+01
-9.2436974790e-01 5.2100840336e-01 9.5208235131e+00
-9.2436974790e-01 5.5462184874e-01 8.9897390739e+00
-9.2436974790e-01 5.8823529412e-01 8.5412281540e+00
-9.2436974790e-01 6.2184873950e-01 8.1515691046e+00
-9.2436974790e-01 6.5546218487e-01 7.8063256175e+00
-9.2436974790e-01 6.8907563025e-01 7.4960272246e+00
-9.2436974790e-01 7.2268907563e-01 7.2141030571e+00
-9.2436974790e-01 7.5630252101e-01 6.9557906760e+00
-9.2436974790e-01 7.8991596639e-01 6.7175151511e+00
-9.2436974790e-01 8.2352941176e-01 6.4965144213e+00
-9.2436974790e-01 8.5714285714e-01 6.2906023086e+00
-9.2436974790e-01 8.9075630252e-01 6.0980126386e+00
-9.2436974790e-01 9.2436974790e-01 5.9172932816e+00
-9.2436974790e-01 9.5798319328e-01 5.7472320721e+00
-9.2436974790e-01 9.9159663866e-01 5.5868037345e+00
-9.2436974790e-01 1.0252100840e+00 5.4351310330e+00
-9.2436974790e-01 1.0588235294e+00 5.2914557856e+00
-9.2436974790e-01 1.0924369748e+00 5.1551168636e+00
-9.2436974790e-01 1.1260504202e+00 5.0255332321e+00
-9.2436974790e-01 1.1596638655e+00 4.9021906917e+00
-9.2436974790e-01 1.1932773109e+00 4.7846313769e+00
-9.2436974790e-01 1.2268907563e+00 4.6724453400e+00
-9.2436974790e-01 1.2605042017e+00 4.5652637307e+00
-9.2436974790e-01 1.2941176471e+00 4.4627532126e+00
-9.2436974790e-01 1.3277310924e+00 4.3646113500e+00
-9.2436974790e-01 1.3613445378e+00 4.2705627608e+00
-9.2436974790e-01 1.3949579832e+00 4.1803558838e+00
-9.2436974790e-01 1.4285714286e+00 4.0937602414e+00
-9.2436974790e-01 1.4621848739e+00 4.0105641048e+00
-9.2436974790e-01 1.4957983193e+00 3.9305724901e+00
-9.2436974790e-01 1.5294117647e+00 3.8536054280e+00
-9.2436974790e-01 1.5630252101e+00 3.7794964609e+00
-9.2436974790e-01 1.5966386555e+00 3.7080913310e+00
-9.2436974790e-01 1.6302521008e+00 3.6392468304e+00
-9.2436974790e-01 1.6638655462e+00 3.5728297866e+00
-9.2436974790e-01 1.6974789916e+00 3.5087161658e+00
-9.2436974790e-01 1.7310924370e+00 3.4467902769e+00
-9.2436974790e-01 1.7647058824e+00 3.3869440609e+00
-9.2436974790e-01 1.7983193277e+00 3.3290764562e+00
-9.2436974790e-01 1.8319327731e+00 3.2730928293e+00
-9.2436974790e-01 1.8655462185e+00 3.2189044621e+00
-9.2436974790e-01 1.8991596639e+00 3.1664280900e+00
-9.2436974790e-01 1.9327731092e+00 3.1155854840e+00
-9.2436974790e-01 1.9663865546e+00 3.0663030714e+00
-9.2436974790e-01 2.0000000000e+00 3.0185115923e+00

-8.9075630252e-01 -2.0000000000e+00 3.0401011809e+00
-8.9075630252e-01 -1.9663865546e+00 3.0889497716e+00
-8.9075630252e-01 -1.9327731092e+00 3.1393589068e+00
-8.9075630252e-01 -1.8991596639e+00 3.1914036582e+00
-8.9075630252e-01 -1.8655462185e+00 3.2451640042e+00
-8.9075630252e-01 -1.8319327731e+00 3.3007252479e+00
-8.9075630252e-01 -1.7983193277e+00 3.3581784795e+00
-8.9075630252e-01 -1.7647058824e+00 3.4176210903e+00
-8.9075630252e-01 -1.7310924370e+00 3.4791573461e+00
-8.9075630252e-01 -1.6974789916e+00 3.5428990281e+00
-8.9075630252e-01 -1.6638655462e+00 3.6089661512e+00
-8.9075630252e-01 -1.6302521008e+00 3.6774877724e+00
-8.9075630252e-01 -1.5966386555e+00 3.7486029039e+00
-8.9075630252e-01 -1.5630252101e+00 3.8224615477e+00
-8.9075630252e-01 -1.5294117647e+00 3.8992258733e+00
-8.9075630252e-01 -1.4957983193e+00 3.9790715640e+00
-8.9075630252e-01 -1.4621848739e+00 4.0621893633e+00
-8.9075630252e-01 -1.4285714286e+00 4.1487868607e+00
-8.9075630252e-01 -1.3949579832e+00 4.2390905640e+00
-8.9075630252e-01 -1.3613445378e+00 4.3333483203e+00
-8.9075630252e-01 -1.3277310924e+00 4.4318321604e+00
-8.9075630252e-01 -1.2941176471e+00 4.5348416654e+00
-8.9075630252e-01 -1.2605042017e+00 4.6427079799e+00
-8.9075630252e-01 -1.2268907563e+00 4.7557986348e+00
-8.9075630252e-01 -1.1932773109e+00 4.8745233933e+00
-8.9075630252e-01 -1.1596638655e+00 4.9993414029e+00
-8.9075630252e-01 -1.1260504202e+00 5.1307700351e+00
-8.9075630252e-01 -1.0924369748e+00 5.2693959299e+00
-8.9075630252e-01 -1.0588235294e+00 5.4158889614e+00
-8.9075630252e-01 -1.0252100840e+00 5.5710201284e+00
-8.9075630252e-01 -9.9159663866e-01 5.7356848005e+00
-8.9075630252e-01 -9.5798319328e-01 5.9109334041e+00
-8.9075630252e-01 -9.2436974790e-01 6.0980126386e+00
-8.9075630252e-01 -8.9075630252e-01 6.2984219311e+00
-8.9075630252e-01 -8.5714285714e-01 6.5139924792e+00
-8.9075630252e-01 -8.2352941176e-01 6.7470007368e+00
-8.9075630252e-01 -7.8991596639e-01 7.0003361400e+00
-8.9075630252e-01 -7.5630252101e-01 7.2777575517e+00
-8.9075630252e-01 -7.2268907563e-01 7.5843015140e+00
-8.9075630252e-01 -6.8907563025e-01 7.9269648386e+00
-8.9075630252e-01 -6.5546218487e-01 8.3159176368e+00
-8.9075630252e-01 -6.2184873950e-01 8.7668342315e+00
-8.9075630252e-01 -5.8823529412e-01 9.3058646073e+00
-8.9075630252e-01 -5.5462184874e-01 9.9819235452e+00
-8.9075630252e-01 -5.2100840336e-01 1.0904890270e+01
-8.9075630252e-01 -4.8739495798e-01 1.2427889190e+01
-8.9075630252e-01 -4.5378151261e-01 2.2666233375e+01
-8.9075630252e-01 -4.2016806723e-01 1.2622720034e+01
-8.9075630252e-01 -3.8655462185e-01 1.1377057334e+01
-8.9075630252e-01 -3.5294117647e-01 1.0687680623e+01
-8.9075630252e-01 -3.1932773109e-01 1.0228106049e+01
-8.9075630252e-01 -2.8571428571e-01 9.8955696319e+00
-8.9075630252e-01 -2.5210084034e-01 9.6444723442e+00
-8.9075630252e-01 -2.1848739496e-01 9.4507247487e+00
-8.9075630252e-01 -1.8487394958e-01 9.3001898513e+00
-8.9075630252e-01 -1.5126050420e-01 9.1839992488e+00
-8.9075630252e-01 -1.1764705882e-01 9.0963640820e+00
-8.9075630252e-01 -8.4033613445e-02 9.0334482935e+00
-8.9075630252e-01 -5.0420168067e-02 8.9927511950e+00
-8.9075630252e-01 -1.6806722689e-02 8.9727598831e+00
-8.9075630252e-01 1.6806722689e-02 8.9727598831e+00
-8.9075630252e-01 5.0420168067e-02 8.9927511950e+00
-8.9075630252e-01 8.4033613445e-02 9.0334482935e+00
-8.9075630252e-01 1.1764705882e-01 9.0963640820e+00
-8.9075630252e-01 1.5126050420e-01 9.1839992488e+00
-8.9075630252e-01 1.8487394958e-01 9.3001898513e+00
-8.9075630252e-01 2.1848739496e-01 9.4507247487e+00
-8.9075630252e-01 2.5210084034e-01 9.6444723442e+00
-8.9075630252e-01 2.8571428571e-01 9.8955696319e+00
-8.9075630252e-01 3.1932773109e-01 1.0228106049e+01
-8.9075630252e-01 3.5294117647e-01 1.0687680623e+01
-8.9075630252e-01 3.8655462185e-01 1.1377057334e+01
-8.9075630252e-01 4.2016806723e-01 1.2622720034e+01
-8.9075630252e-01 4.5378151261e-01 2.2666233375e+01
-8.9075630252e-01 4.8739495798e-01 1.2427889190e+01
-8.9075630252e-01 5.2100840336e-01 1.0904890270e+01
-8.9075630252e-01 5.5462184874e-01 9.9819235452e+00
-8.9075630252e-01 5.8823529412e-01 9.3058646073e+00
-8.9075630252e-01 6.2184873950e-01 8.7668342315e+00
-8.9075630252e-01 6.5546218487e-01 8.3159176368e+00
-8.9075630252e-01 6.8907563025e-01 7.9269648386e+00
-8.9075630252e-01 7.2268907563e-01 7.5843015140e+00
-8.9075630252e-01 7.5630252101e-01 7.2777575517e+00
-8.9075630252e-01 7.8991596639e-01 7.0003361400e+00
-8.9075630252e-01 8.2352941176e-01 6.7470007368e+00
-8.9075630252e-01 8.5714285714e-01 6.5139924792e+00
-8.9075630252e-01 8.9075630252e-01 6.2984219311e+00
-8.9075630252e-01 9.2436974790e-01 6.0980126386e+00
-8.9075630252e-01 9.5798319328e-01 5.9109334041e+00
-8.9075630252e-01 9.9159663866e-01 5.7356848005e+00
-8.9075630252e-01 1.0252100840e+00 5.5710201284e+00
-8.9075630252e-01 1.0588235294e+00 5.4158889614e+00
-8.9075630252e-01 1.0924369748e+00 5.2693959299e+00
-8.9075630252e-01 1.1260504202e+00 5.1307700351e+00
-8.9075630252e-01 1.1596638655e+00 4.9993414029e+00
-8.9075630252e-01 1.1932773109e+00 4.8745233933e+00
-8.9075630252e-01 1.2268907563e+00 4.7557986348e+00
-8.9075630252e-01 1.2605042017e+00 4.6427079799e+00
-8.9075630252e-01 1.2941176471e+00 4.5348416654e+00
-8.9075630252e-01 1.3277310924e+00 4.4318321604e+00
-8.9075630252e-01 1.3613445378e+00 4.3333483203e+00
-8.9075630252e-01 1.3949579832e+00 4.2390905640e+00
-8.9075630252e-01 1.4285714286e+00 4.1487868607e+00
-8.9075630252e-01 1.4621848739e+00 4.0621893633e+00
-8.9075630252e-01 1.4957983193e+00 3.9790715640e+00
-8.9075630252e-01 1.5294117647e+00 3.8992258733e+00
-8.9075630252e-01 1.5630252101e+00 3.8224615477e+00
-8.9075630252e-01 1.5966386555e+00 3.7486029039e+00
-8.9075630252e-01 1.6302521008e+00 3.6774877724e+00
-8.9075630252e-01 1.6638655462e+00 3.6089661512e+00
-8.9075630252e-01 1.6974789916e+00 3.5428990281e+00
-8.9075630252e-01 1.7310924370e+00 3.4791573461e+00
-8.9075630252e-01 1.7647058824e+00 3.4176210903e+00
-8.9075630252e-01 1.7983193277e+00 3.3581784795e+00
-8.9075630252e-01 1.8319327731e+00 3.3007252479e+00
-8.9075630252e-01 1.8655462185e+00 3.2451640042e+00
-8.9075630252e-01 1.8991596639e+00 3.1914036582e+00
-8.9075630252e-01 1.9327731092e+00 3.1393589068e+00
-8.9075630252e-01 1.9663865546e+00 3.0889497716e+00
-8.9075630252e-01 2.0000000000e+00 3.0401011809e+00

-8.5714285714e-01 -2.0000000000e+00 3.0613382415e+00
-8.5714285714e-01 -1.9663865546e+00 3.1112424229e+00
-8.5714285714e-01 -1.9327731092e+00 3.1627780475e+00
-8.5714285714e-01 -1.8991596639e+00 3.2160262561e+00
-8.5714285714e-01 -1.8655462185e+00 3.2710737372e+00
-8.5714285714e-01 -1.8319327731e+00 3.3280132259e+00
-8.5714285714e-01 -1.7983193277e+00 3.3869440609e+00
-8.5714285714e-01 -1.7647058824e+00 3.4479728075e+00
-8.5714285714e-01 -1.7310924370e+00 3.5112139570e+00
-8.5714285714e-01 -1.6974789916e+00 3.5767907144e+00
-8.5714285714e-01 -1.6638655462e+00 3.6448358891e+00
-8.5714285714e-01 -1.6302521008e+00 3.7154929042e+00
-8.5714285714e-01 -1.5966386555e+00 3.7889169474e+00
-8.5714285714e-01 -1.5630252101e+00 3.8652762867e+00
-8.5714285714e-01 -1.5294117647e+00 3.9447537823e+00
-8.5714285714e-01 -1.4957983193e+00 4.0275486329e+00
-8.5714285714e-01 -1.4621848739e+00 4.1138784024e+00
-8.5714285714e-01 -1.4285714286e+00 4.2039813877e+00
-8.5714285714e-01 -1.3949579832e+00 4.2981193984e+00
-8.5714285714e-01 -1.3613445378e+00 4.3965810457e+00
-8.5714285714e-01 -1.3277310924e+00 4.4996856584e+00
-8.5714285714e-01 -1.2941176471e+00 4.6077879836e+00
-8.5714285714e-01 -1.2605042017e+00 4.7212838755e+00
-8.5714285714e-01 -1.2268907563e+00 4.8406172424e+00
-8.5714285714e-01 -1.1932773109e+00 4.9662886138e+00
-8.5714285714e-01 -1.1596638655e+00 5.0988658172e+00
-8.5714285714e-01 -1.1260504202e+00 5.2389974401e+00
-8.5714285714e-01 -1.0924369748e+00 5.3874300190e+00
-8.5714285714e-01 -1.0588235294e+00 5.5450302945e+00
-8.5714285714e-01 -1.0252100840e+00 5.7128144709e+00
-8.5714285714e-01 -9.9159663866e-01 5.8919873460e+00
-8.5714285714e-01 -9.5798319328e-01 6.0839956470e+00
-8.5714285714e-01 -9.2436974790e-01 6.2906023086e+00
-8.5714285714e-01 -8.9075630252e-01 6.5139924792e+00
-8.5714285714e-01 -8.5714285714e-01 6.7569291336e+00
-8.5714285714e-01 -8.2352941176e-01 7.0229891527e+00
-8.5714285714e-01 -7.8991596639e-01 7.3169357368e+00
-8.5714285714e-01 -7.5630252101e-01 7.6453342737e+00
-8.5714285714e-01 -7.2268907563e-01 8.0176320056e+00
-8.5714285714e-01 -6.8907563025e-01 8.4481966890e+00
-8.5714285714e-01 -6.5546218487e-01 8.9605632353e+00
-8.5714285714e-01 -6.2184873950e-01 9.5975786413e+00
-8.5714285714e-01 -5.8823529412e-01 1.0451238706e+01
-8.5714285714e-01 -5.5462184874e-01 1.1789675277e+01
-8.5714285714e-01 -5.2100840336e-01 1.5711924096e+01
-8.5714285714e-01 -4.8739495798e-01 1.2775399074e+01
-8.5714285714e-01 -4.5378151261e-01 1.1302646498e+01
-8.5714285714e-01 -4.2016806723e-01 1.0537217463e+01
-8.5714285714e-01 -3.8655462185e-01 1.0035804557e+01
-8.5714285714e-01 -3.5294117647e-01 9.6739788898e+00
-8.5714285714e-01 -3.1932773109e-01 9.3990883064e+00
-8.5714285714e-01 -2.8571428571e-01 9.1839992488e+00
-8.5714285714e-01 -2.5210084034e-01 9.0129788626e+00
-8.5714285714e-01 -2.1848739496e-01 8.8761714348e+00
-8.5714285714e-01 -1.8487394958e-01 8.7670722406e+00
-8.5714285714e-01 -1.5126050420e-01 8.6812408710e+00
-8.5714285714e-01 -1.1764705882e-01 8.6155932514e+00
-8.5714285714e-01 -8.4033613445e-02 8.5679903289e+00
-8.5714285714e-01 -5.0420168067e-02 8.5369912615e+00
-8.5714285714e-01 -1.6806722689e-02 8.5217048679e+00
-8.5714285714e-01 1.6806722689e-02 8.5217048679e+00
-8.5714285714e-01 5.0420168067e-02 8.5369912615e+00
-8.5714285714e-01 8.4033613445e-02 8.5679903289e+00
-8.5714285714e-01 1.1764705882e-01 8.6155932514e+00
-8.5714285714e-01 1.5126050420e-01 8.6812408710e+00
-8.5714285714e-01 1.8487394958e-01 8.7670722406e+00
-8.5714285714e-01 2.1848739496e-01 8.8761714348e+00
-8.5714285714e-01 2.5210084034e-01 9.0129788626e+00
-8.5714285714e-01 2.8571428571e-01 9.1839992488e+00
-8.5714285714e-01 3.1932773109e-01 9.3990883064e+00
-8.5714285714e-01 3.5294117647e-01 9.6739788898e+00
-8.5714285714e-01 3.8655462185e-01 1.0035804557e+01
-8.5714285714e-01 4.2016806723e-01 1.0537217463e+01
-8.5714285714e-01 4.5378151261e-01 1.1302646498e+01
-8.5714285714e-01 4.8739495798e-01 1.2775399074e+01
-8.5714285714e-01 5.2100840336e-01 1.5711924096e+01
-8.5714285714e-01 5.5462184874e-01 1.1789675277e+01
-8.5714285714e-01 5.8823529412e-01 1.0451238706e+01
-8.5714285714e-01 6.2184873950e-01 9.5975786413e+00
-8.5714285714e-01 6.5546218487e-01 8.9605632353e+00
-8.5714285714e-01 6.8907563025e-01 8.4481966890e+00
-8.5714285714e-01 7.2268907563e-01 8.0176320056e+00
-8.5714285714e-01 7.5630252101e-01 7.6453342737e+00
-8.5714285714e-01 7.8991596639e-01 7.3169357368e+00
-8.5714285714e-01 8.2352941176e-01 7.0229891527e+00
-8.5714285714e-01 8.5714285714e-01 6.7569291336e+00
-8.5714285714e-01 8.9075630252e-01 6.5139924792e+00
-8.5714285714e-01 9.2436974790e-01 6.2906023086e+00
-8.5714285714e-01 9.5798319328e-01 6.0839956470e+00
-8.5714285714e-01 9.9159663866e-01 5.8919873460e+00
-8.5714285714e-01 1.0252100840e+00 5.7128144709e+00
-8.5714285714e-01 1.0588235294e+00 5.5450302945e+00
-8.5714285714e-01 1.0924369748e+00 5.3874300190e+00
-8.5714285714e-01 1.1260504202e+00 5.2389974401e+00
-8.5714285714e-01 1.1596638655e+00 5.0988658172e+00
-8.5714285714e-01 1.1932773109e+00 4.9662886138e+00
-8.5714285714e-01 1.2268907563e+00 4.8406172424e+00
-8.5714285714e-01 1.2605042017e+00 4.7212838755e+00
-8.5714285714e-01 1.2941176471e+00 4.6077879836e+00
-8.5714285714e-01 1.3277310924e+00 4.4996856584e+00
-8.5714285714e-01 1.3613445378e+00 4.3965810457e+00
-8.5714285714e-01 1.3949579832e+00 4.2981193984e+00
-8.5714285714e-01 1.4285714286e+00 4.2039813877e+00
-8.5714285714e-01 1.4621848739e+00 4.1138784024e+00
-8.5714285714e-01 1.4957983193e+00 4.0275486329e+00
-8.5714285714e-01 1.5294117647e+00 3.9447537823e+00
-8.5714285714e-01 1.5630252101e+00 3.8652762867e+00
-8.5714285714e-01 1.5966386555e+00 3.7889169474e+00
-8.5714285714e-01 1.6302521008e+00 3.7154929042e+00
-8.5714285714e-01 1.6638655462e+00 3.6448358891e+00
-8.5714285714e-01 1.6974789916e+00 3.5767907144e+00
-8.5714285714e-01 1.7310924370e+00 3.5112139570e+00
-8.5714285714e-01 1.7647058824e+00 3.4479728075e+00
-8.5714285714e-01 1.7983193277e+00 3.3869440609e+00
-8.5714285714e-01 1.8319327731e+00 3.3280132259e+00
-8.5714285714e-01 1.8655462185e+00 3.2710737372e+00
-8.5714285714e-01 1.8991596639e+00 3.2160262561e+00
-8.5714285714e-01 1.9327731092e+00 3.1627780475e+00
-8.5714285714e-01 1.9663865546e+00 3.1112424229e+00
-8.5714285714e-01 2.0000000000e+00 3.0613382415e+00

-8.2352941176e-01 -2.0000000000e+00 3.0821870121e+00
-8.2352941176e-01 -1.9663865546e+00 3.1331428093e+00
-8.2352941176e-01 -1.9327731092e+00 3.1858020545e+00
-8.2352941176e-01 -1.8991596639e+00 3.2402522040e+00
-8.2352941176e-01 -1.8655462185e+00 3.2965869486e+00
-8.2352941176e-01 -1.8319327731e+00 3.3549068030e+00
-8.2352941176e-01 -1.7983193277e+00 3.4153197678e+00
-8.2352941176e-01 -1.7647058824e+00 3.4779420745e+00
-8.2352941176e-01 -1.7310924370e+00 3.5428990281e+00
-8.2352941176e-01 -1.6974789916e+00 3.6103259613e+00
-8.2352941176e-01 -1.6638655462e+00 3.6803693216e+00
-8.2352941176e-01 -1.6302521008e+00 3.7531879130e+00
-8.2352941176e-01 -1.5966386555e+00 3.8289543227e+00
-8.2352941176e-01 -1.5630252101e+00 3.9078565653e+00
-8.2352941176e-01 -1.5294117647e+00 3.9900999895e+00
-8.2352941176e-01 -1.4957983193e+00 4.0759095006e+00
-8.2352941176e-01 -1.4621848739e+00 4.1655321664e+00
-8.2352941176e-01 -1.4285714286e+00 4.2592402906e+00
-8.2352941176e-01 -1.3949579832e+00 4.3573350641e+00
-8.2352941176e-01 -1.3613445378e+00 4.4601509343e+00
-8.2352941176e-01 -1.3277310924e+00 4.5680608730e+00
-8.2352941176e-01 -1.2941176471e+00 4.6814827853e+00
-8.2352941176e-01 -1.2605042017e+00 4.8008873768e+00
-8.2352941176e-01 -1.2268907563e+00 4.9268079105e+00
-8.2352941176e-01 -1.1932773109e+00 5.0598524393e+00
-8.2352941176e-01 -1.1596638655e+00 5.2007193306e+00
-8.2352941176e-01 -1.1260504202e+00 5.3502172280e+00
-8.2352941176e-01 -1.0924369748e+00 5.5092910975e+00
-8.2352941176e-01 -1.0588235294e+00 5.6790567656e+00
-8.2352941176e-01 -1.0252100840e+00 5.8608475543e+00
-8.2352941176e-01 -9.9159663866e-01 6.0562785397e+00
-8.2352941176e-01 -9.5798319328e-01 6.2673371630e+00
-8.2352941176e-01 -9.2436974790e-01 6.4965144213e+00
-8.2352941176e-01 -8.9075630252e-01 6.7470007368e+00
-8.2352941176e-01 -8.5714285714e-01 7.0229891527e+00
-8.2352941176e-01 -8.2352941176e-01 7.3301654361e+00
-8.2352941176e-01 -7.8991596639e-01 7.6765433901e+00
-8.2352941176e-01 -7.5630252101e-01 8.0739863519e+00
-8.2352941176e-01 -7.2268907563e-01 8.5412281540e+00
-8.2352941176e-01 -6.8907563025e-01 9.1106166845e+00
-8.2352941176e-01 -6.5546218487e-01 9.8459613577e+00
-8.2352941176e-01 -6.2184873950e-01 1.0904890270e+01
-8.2352941176e-01 -5.8823529412e-01 1.2932471154e+01
-8.2352941176e-01 -5.5462184874e-01 1.4091010329e+01
-8.2352941176e-01 -5.2100840336e-01 1.1619929337e+01
-8.2352941176e-01 -4.8739495798e-01 1.0636136375e+01
-8.2352941176e-01 -4.5378151261e-01 1.0035804557e+01
-8.2352941176e-01 -4.2016806723e-01 9.6154515681e+00
-8.2352941176e-01 -3.8655462185e-01 9.3001898513e+00
-8.2352941176e-01 -3.5294117647e-01 9.0541650810e+00
-8.2352941176e-01 -3.1932773109e-01 8.8574941483e+00
-8.2352941176e-01 -2.8571428571e-01 8.6980611858e+00
-8.2352941176e-01 -2.5210084034e-01 8.5679903289e+00
-8.2352941176e-01 -2.1848739496e-01 8.4619239363e+00
-8.2352941176e-01 -1.8487394958e-01 8.3761019139e+00
-8.2352941176e-01 -1.5126050420e-01 8.3078349333e+00
-8.2352941176e-01 -1.1764705882e-01 8.2551875388e+00
-8.2352941176e-01 -8.4033613445e-02 8.2167808458e+00
-8.2352941176e-01 -5.0420168067e-02 8.1916676483e+00
-8.2352941176e-01 -1.6806722689e-02 8.1792541747e+00
-8.2352941176e-01 1.6806722689e-02 8.1792541747e+00
-8.2352941176e-01 5.0420168067e-02 8.1916676483e+00
-8.2352941176e-01 8.4033613445e-02 8.2167808458e+00
-8.2352941176e-01 1.1764705882e-01 8.2551875388e+00
-8.2352941176e-01 1.5126050420e-01 8.3078349333e+00
-8.2352941176e-01 1.8487394958e-01 8.3761019139e+00
-8.2352941176e-01 2.1848739496e-01 8.4619239363e+00
-8.2352941176e-01 2.5210084034e-01 8.5679903289e+00
-8.2352941176e-01 2.8571428571e-01 8.6980611858e+00
-8.2352941176e-01 3.1932773109e-01 8.8574941483e+00
-8.2352941176e-01 3.5294117647e-01 9.0541650810e+00
-8.2352941176e-01 3.8655462185e-01 9.3001898513e+00
-8.2352941176e-01 4.2016806723e-01 9.6154515681e+00
-8.2352941176e-01 4.5378151261e-01 1.0035804557e+01
-8.2352941176e-01 4.8739495798e-01 1.0636136375e+01
-8.2352941176e-01 5.2100840336e-01 1.1619929337e+01
-8.2352941176e-01 5.5462184874e-01 1.4091010329e+01
-8.2352941176e-01 5.8823529412e-01 1.2932471154e+01
-8.2352941176e-01 6.2184873950e-01 1.0904890270e+01
-8.2352941176e-01 6.5546218487e-01 9.8459613577e+00
-8.2352941176e-01 6.8907563025e-01 9.1106166845e+00
-8.2352941176e-01 7.2268907563e-01 8.5412281540e+00
-8.2352941176e-01 7.5630252101e-01 8.0739863519e+00
-8.2352941176e-01 7.8991596639e-01 7.6765433901e+00
-8.2352941176e-01 8.2352941176e-01 7.3301654361e+00
-8.2352941176e-01 8.5714285714e-01 7.0229891527e+00
-8.2352941176e-01 8.9075630252e-01 6.7470007368e+00
-8.2352941176e-01 9.2436974790e-01 6.4965144213e+00
-8.2352941176e-01 9.5798319328e-01 6.2673371630e+00
-8.2352941176e-01 9.9159663866e-01 6.0562785397e+00
-8.2352941176e-01 1.0252100840e+00 5.8608475543e+00
-8.2352941176e-01 1.0588235294e+00 5.6790567656e+00
-8.2352941176e-01 1.0924369748e+00 5.5092910975e+00
-8.2352941176e-01 1.1260504202e+00 5.3502172280e+00
-8.2352941176e-01 1.1596638655e+00 5.2007193306e+00
-8.2352941176e-01 1.1932773109e+00 5.0598524393e+00
-8.2352941176e-01 1.2268907563e+00 4.9268079105e+00
-8.2352941176e-01 1.2605042017e+00 4.8008873768e+00
-8.2352941176e-01 1.2941176471e+00 4.6814827853e+00
-8.2352941176e-01 1.3277310924e+00 4.5680608730e+00
-8.2352941176e-01 1.3613445378e+00 4.4601509343e+00
-8.2352941176e-01 1.3949579832e+00 4.3573350641e+00
-8.2352941176e-01 1.4285714286e+00 4.2592402906e+00
-8.2352941176e-01 1.4621848739e+00 4.1655321664e+00
-8.2352941176e-01 1.4957983193e+00 4.0759095006e+00
-8.2352941176e-01 1.5294117647e+00 3.9900999895e+00
-8.2352941176e-01 1.5630252101e+00 3.9078565653e+00
-8.2352941176e-01 1.5966386555e+00 3.8289543227e+00
-8.2352941176e-01 1.6302521008e+00 3.7531879130e+00
-8.2352941176e-01 1.6638655462e+00 3.6803693216e+00
-8.2352941176e-01 1.6974789916e+00 3.6103259613e+00
-8.2352941176e-01 1.7310924370e+00 3.5428990281e+00
-8.2352941176e-01 1.7647058824e+00 3.4779420745e+00
-8.2352941176e-01 1.7983193277e+00 3.4153197678e+00
-8.2352941176e-01 1.8319327731e+00 3.3549068030e+00
-8.2352941176e-01 1.8655462185e+00 3.2965869486e+00
-8.2352941176e-01 1.8991596639e+00 3.2402522040e+00
-8.2352941176e-01 1.9327731092e+00 3.1858020545e+00
-8.2352941176e-01 1.9663865546e+00 3.1331428093e+00
-8.2352941176e-01 2.0000000000e+00 3.0821870121e+00

-7.8991596639e-01 -2.0000000000e+00 3.1026109131e+00
-7.8991596639e-01 -1.9663865546e+00 3.1546117509e+00
-7.8991596639e-01 -1.9327731092e+00 3.2083889437e+00
-7.8991596639e-01 -1.8991596639e+00 3.2640364948e+00
-7.8991596639e-01 -1.8655462185e+00 3.3216553738e+00
-7.8991596639e-01 -1.8319327731e+00 3.3813542066e+00
-7.8991596639e-01 -1.7983193277e+00 3.4432500538e+00
-7.8991596639e-01 -1.7647058824e+00 3.5074692917e+00
-7.8991596639e-01 -1.7310924370e+00 3.5741486144e+00
-7.8991596639e-01 -1.6974789916e+00 3.6434361768e+00
-7.8991596639e-01 -1.6638655462e+00 3.7154929042e+00
-7.8991596639e-01 -1.6302521008e+00 3.7904939999e+00
-7.8991596639e-01 -1.5966386555e+00 3.8686306887e+00
-7.8991596639e-01 -1.5630252101e+00 3.9501122430e+00
-7.8991596639e-01 -1.5294117647e+00 4.0351683517e+00
-7.8991596639e-01 -1.4957983193e+00 4.1240519050e+00
-7.8991596639e-01 -1.4621848739e+00 4.2170422897e+00
-7.8991596639e-01 -1.4285714286e+00 4.3144493152e+00
-7.8991596639e-01 -1.3949579832e+00 4.4166179260e+00
-7.8991596639e-01 -1.3613445378e+00 4.5239339032e+00
-7.8991596639e-01 -1.3277310924e+00 4.6368308237e+00
-7.8991596639e-01 -1.2941176471e+00 4.7557986348e+00
-7.8991596639e-01 -1.2605042017e+00 4.8813943276e+00
-7.8991596639e-01 -1.2268907563e+00 5.0142553757e+00
-7.8991596639e-01 -1.1932773109e+00 5.1551168636e+00
-7.8991596639e-01 -1.1596638655e+00 5.3048336177e+00
-7.8991596639e-01 -1.1260504202e+00 5.4644092364e+00
-7.8991596639e-01 -1.0924369748e+00 5.6350348118e+00
-7.8991596639e-01 -1.0588235294e+00 5.8181415595e+00
-7.8991596639e-01 -1.0252100840e+00 6.0154738892e+00
-7.8991596639e-01 -9.9159663866e-01 6.2291933375e+00
-7.8991596639e-01 -9.5798319328e-01 6.4620305839e+00
-7.8991596639e-01 -9.2436974790e-01 6.7175151511e+00
-7.8991596639e-01 -8.9075630252e-01 7.0003361400e+00
-7.8991596639e-01 -8.5714285714e-01 7.3169357368e+00
-7.8991596639e-01 -8.2352941176e-01 7.6765433901e+00
-7.8991596639e-01 -7.8991596639e-01 8.0931140160e+00
-7.8991596639e-01 -7.5630252101e-01 8.5893262121e+00
-7.8991596639e-01 -7.2268907563e-01 9.2060042205e+00
-7.8991596639e-01 -6.8907563025e-01 1.0029243174e+01
-7.8991596639e-01 -6.5546218487e-01 1.1301168699e+01
-7.8991596639e-01 -6.2184873950e-01 1.4598940269e+01
-7.8991596639e-01 -5.8823529412e-01 1.2622720034e+01
-7.8991596639e-01 -5.5462184874e-01 1.1031643246e+01
-7.8991596639e-01 -5.2100840336e-01 1.0228106049e+01
-7.8991596639e-01 -4.8739495798e-01 9.7039871194e+00
-7.8991596639e-01 -4.5378151261e-01 9.3243923856e+00
-7.8991596639e-01 -4.2016806723e-01 9.0334482935e+00
-7.8991596639e-01 -3.8655462185e-01 8.8026641917e+00
-7.8991596639e-01 -3.5294117647e-01 8.6155932514e+00
-7.8991596639e-01 -3.1932773109e-01 8.4619239363e+00
-7.8991596639e-01 -2.8571428571e-01 8.3348037940e+00
-7.8991596639e-01 -2.5210084034e-01 8.2294833749e+00
-7.8991596639e-01 -2.1848739496e-01 8.1425700417e+00
-7.8991596639e-01 -1.8487394958e-01 8.0715908682e+00
-7.8991596639e-01 -1.5126050420e-01 8.0147240537e+00
-7.8991596639e-01 -1.1764705882e-01 7.9706279455e+00
-7.8991596639e-01 -8.4033613445e-02 7.9383296894e+00
-7.8991596639e-01 -5.0420168067e-02 7.9171522147e+00
-7.8991596639e-01 -1.6806722689e-02 7.9066672542e+00
-7.8991596639e-01 1.6806722689e-02 7.9066672542e+00
-7.8991596639e-01 5.0420168067e-02 7.9171522147e+00
-7.8991596639e-01 8.4033613445e-02 7.9383296894e+00
-7.8991596639e-01 1.1764705882e-01 7.9706279455e+00
-7.8991596639e-01 1.5126050420e-01 8.0147240537e+00
-7.8991596639e-01 1.8487394958e-01 8.0715908682e+00
-7.8991596639e-01 2.1848739496e-01 8.1425700417e+00
-7.8991596639e-01 2.5210084034e-01 8.2294833749e+00
-7.8991596639e-01 2.8571428571e-01 8.3348037940e+00
-7.8991596639e-01 3.1932773109e-01 8.4619239363e+00
-7.8991596639e-01 3.5294117647e-01 8.6155932514e+00
-7.8991596639e-01 3.8655462185e-01 8.8026641917e+00
-7.8991596639e-01 4.2016806723e-01 9.0334482935e+00
-7.8991596639e-01 4.5378151261e-01 9.3243923856e+00
-7.8991596639e-01 4.8739495798e-01 9.7039871194e+00
-7.8991596639e-01 5.2100840336e-01 1.0228106049e+01
-7.8991596639e-01 5.5462184874e-01 1.1031643246e+01
-7.8991596639e-01 5.8823529412e-01 1.2622720034e+01
-7.8991596639e-01 6.2184873950e-01 1.4598940269e+01
-7.8991596639e-01 6.5546218487e-01 1.1301168699e+01
-7.8991596639e-01 6.8907563025e-01 1.0029243174e+01
-7.8991596639e-01 7.2268907563e-01 9.2060042205e+00
-7.8991596639e-01 7.5630252101e-01 8.5893262121e+00
-7.8991596639e-01 7.8991596639e-01 8.0931140160e+00
-7.8991596639e-01 8.2352941176e-01 7.6765433901e+00
-7.8991596639e-01 8.5714285714e-01 7.3169357368e+00
-7.8991596639e-01 8.9075630252e-01 7.0003361400e+00
-7.8991596639e-01 9.2436974790e-01 6.7175151511e+00
-7.8991596639e-01 9.5798319328e-01 6.4620305839e+00
-7.8991596639e-01 9.9159663866e-01 6.2291933375e+00
-7.8991596639e-01 1.0252100840e+00 6.0154738892e+00
-7.8991596639e-01 1.0588235294e+00 5.8181415595e+00
-7.8991596639e-01 1.0924369748e+00 5.6350348118e+00
-7.8991596639e-01 1.1260504202e+00 5.4644092364e+00
-7.8991596639e-01 1.1596638655e+00 5.3048336177e+00
-7.8991596639e-01 1.1932773109e+00 5.1551168636e+00
-7.8991596639e-01 1.2268907563e+00 5.0142553757e+00
-7.8991596639e-01 1.2605042017e+00 4.8813943276e+00
-7.8991596639e-01 1.2941176471e+00 4.7557986348e+00
-7.8991596639e-01 1.3277310924e+00 4.6368308237e+00
-7.8991596639e-01 1.3613445378e+00 4.5239339032e+00
-7.8991596639e-01 1.3949579832e+00 4.4166179260e+00
-7.8991596639e-01 1.4285714286e+00 4.3144493152e+00
-7.8991596639e-01 1.4621848739e+00 4.2170422897e+00
-7.8991596639e-01 1.4957983193e+00 4.1240519050e+00
-7.8991596639e-01 1.5294117647e+00 4.0351683517e+00
-7.8991596639e-01 1.5630252101e+00 3.9501122430e+00
-7.8991596639e-01 1.5966386555e+00 3.8686306887e+00
-7.8991596639e-01 1.6302521008e+00 3.7904939999e+00
-7.8991596639e-01 1.6638655462e+00 3.7154929042e+00
-7.8991596639e-01 1.6974789916e+00 3.6434361768e+00
-7.8991596639e-01 1.7310924370e+00 3.5741486144e+00
-7.8991596639e-01 1.7647058824e+00 3.5074692917e+00
-7.8991596639e-01 1.7983193277e+00 3.4432500538e+00
-7.8991596639e-01 1.8319327731e+00 3.3813542066e+00
-7.8991596639e-01 1.8655462185e+00 3.3216553738e+00
-7.8991596639e-01 1.8991596639e+00 3.2640364948e+00
-7.8991596639e-01 1.9327731092e+00 3.2083889437e+00
-7.8991596639e-01 1.9663865546e+00 3.1546117509e+00
-7.8991596639e-01 2.0000000000e+00 3.1026109131e+00

-7.5630252101e-01 -2.0000000000e+00 3.1225726592e+00
-7.5630252101e-01 -1.9663865546e+00 3.1756092227e+00
-7.5630252101e-01 -1.9327731092e+00 3.2304957237e+00
-7.5630252101e-01 -1.8991596639e+00 3.2873329245e+00
-7.5630252101e-01 -1.8655462185e+00 3.3462293307e+00
-7.5630252101e-01 -1.8319327731e+00 3.4073019903e+00
-7.5630252101e-01 -1.7983193277e+00 3.4706774004e+00
-7.5630252101e-01 -1.7647058824e+00 3.5364925392e+00
-7.5630252101e-01 -1.7310924370e+00 3.6048960450e+00
-7.5630252101e-01 -1.6974789916e+00 3.6760495705e+00
-7.5630252101e-01 -1.6638655462e+00 3.7501293434e+00
-7.5630252101e-01 -1.6302521008e+00 3.8273279748e+00
-7.5630252101e-01 -1.5966386555e+00 3.9078565653e+00
-7.5630252101e-01 -1.5630252101e+00 3.9919471703e+00
-7.5630252101e-01 -1.5294117647e+00 4.0798557053e+00
-7.5630252101e-01 -1.4957983193e+00 4.1718653888e+00
-7.5630252101e-01 -1.4621848739e+00 4.2682908536e+00
-7.5630252101e-01 -1.4285714286e+00 4.3694830906e+00
-7.5630252101e-01 -1.3949579832e+00 4.4758354425e+00
-7.5630252101e-01 -1.3613445378e+00 4.5877909359e+00
-7.5630252101e-01 -1.3277310924e+00 4.7058513343e+00
-7.5630252101e-01 -1.2941176471e+00 4.8305884347e+00
-7.5630252101e-01 -1.2605042017e+00 4.9626583248e+00
-7.5630252101e-01 -1.2268907563e+00 5.1028196037e+00
-7.5630252101e-01 -1.1932773109e+00 5.2519569925e+00
-7.5630252101e-01 -1.1596638655e+00 5.4111124029e+00
-7.5630252101e-01 -1.1260504202e+00 5.5815265249e+00
-7.5630252101e-01 -1.0924369748e+00 5.7646955800e+00
-7.5630252101e-01 -1.0588235294e+00 5.9624504747e+00
-7.5630252101e-01 -1.0252100840e+00 6.1770699866e+00
-7.5630252101e-01 -9.9159663866e-01 6.4114473494e+00
-7.5630252101e-01 -9.5798319328e-01 6.6693438459e+00
-7.5630252101e-01 -9.2436974790e-01 6.9557906760e+00
-7.5630252101e-01 -8.9075630252e-01 7.2777575517e+00
-7.5630252101e-01 -8.5714285714e-01 7.6453342737e+00
-7.5630252101e-01 -8.2352941176e-01 8.0739863519e+00
-7.5630252101e-01 -7.8991596639e-01 8.5893262121e+00
-7.5630252101e-01 -7.5630252101e-01 9.2387736782e+00
-7.5630252101e-01 -7.2268907563e-01 1.0127158334e+01
-7.5630252101e-01 -6.8907563025e-01 1.1580461492e+01
-7.5630252101e-01 -6.5546218487e-01 1.8657791833e+01
-7.5630252101e-01 -6.2184873950e-01 1.2002016721e+01
-7.5630252101e-01 -5.8823529412e-01 1.0687680623e+01
-7.5630252101e-01 -5.5462184874e-01 9.9643105987e+00
-7.5630252101e-01 -5.2100840336e-01 9.4771266219e+00
-7.5630252101e-01 -4.8739495798e-01 9.1178584927e+00
-7.5630252101e-01 -4.5378151261e-01 8.8390199434e+00
-7.5630252101e-01 -4.2016806723e-01 8.6155932514e+00
-7.5630252101e-01 -3.8655462185e-01 8.4328203639e+00
-7.5630252101e-01 -3.5294117647e-01 8.2813005496e+00
-7.5630252101e-01 -3.1932773109e-01 8.1547066869e+00
-7.5630252101e-01 -2.8571428571e-01 8.0486040316e+00
-7.5630252101e-01 -2.5210084034e-01 7.9597897238e+00
-7.5630252101e-01 -2.1848739496e-01 7.8859006594e+00
-7.5630252101e-01 -1.8487394958e-01 7.8251695460e+00
-7.5630252101e-01 -1.5126050420e-01 7.7762675729e+00
-7.5630252101e-01 -1.1764705882e-01 7.7382002559e+00
-7.5630252101e-01 -8.4033613445e-02 7.7102374296e+00
-7.5630252101e-01 -5.0420168067e-02 7.6918661803e+00
-7.5630252101e-01 -1.6806722689e-02 7.6827599794e+00
-7.5630252101e-01 1.6806722689e-02 7.6827599794e+00
-7.5630252101e-01 5.0420168067e-02 7.6918661803e+00
-7.5630252101e-01 8.4033613445e-02 7.7102374296e+00
-7.5630252101e-01 1.1764705882e-01 7.7382002559e+00
-7.5630252101e-01 1.5126050420e-01 7.7762675729e+00
-7.5630252101e-01 1.8487394958e-01 7.8251695460e+00
-7.5630252101e-01 2.1848739496e-01 7.8859006594e+00
-7.5630252101e-01 2.5210084034e-01 7.9597897238e+00
-7.5630252101e-01 2.8571428571e-01 8.0486040316e+00
-7.5630252101e-01 3.1932773109e-01 8.1547066869e+00
-7.5630252101e-01 3.5294117647e-01 8.2813005496e+00
-7.5630252101e-01 3.8655462185e-01 8.4328203639e+00
-7.5630252101e-01 4.2016806723e-01 8.6155932514e+00
-7.5630252101e-01 4.5378151261e-01 8.8390199434e+00
-7.5630252101e-01 4.8739495798e-01 9.1178584927e+00
-7.5630252101e-01 5.2100840336e-01 9.4771266219e+00
-7.5630252101e-01 5.5462184874e-01 9.9643105987e+00
-7.5630252101e-01 5.8823529412e-01 1.0687680623e+01
-7.5630252101e-01 6.2184873950e-01 1.2002016721e+01
-7.5630252101e-01 6.5546218487e-01 1.8657791833e+01
-7.5630252101e-01 6.8907563025e-01 1.1580461492e+01
-7.5630252101e-01 7.2268907563e-01 1.0127158334e+01
-7.5630252101e-01 7.5630252101e-01 9.2387736782e+00
-7.5630252101e-01 7.8991596639e-01 8.5893262121e+00
-7.5630252101e-01 8.2352941176e-01 8.0739863519e+00
-7.5630252101e-01 8.5714285714e-01 7.6453342737e+00
-7.5630252101e-01 8.9075630252e-01 7.2777575517e+00
-7.5630252101e-01 9.2436974790e-01 6.9557906760e+00
-7.5630252101e-01 9.5798319328e-01 6.6693438459e+00
-7.5630252101e-01 9.9159663866e-01 6.4114473494e+00
-7.5630252101e-01 1.0252100840e+00 6.1770699866e+00
-7.5630252101e-01 1.0588235294e+00 5.9624504747e+00
-7.5630252101e-01 1.0924369748e+00 5.7646955800e+00
-7.5630252101e-01 1.1260504202e+00 5.5815265249e+00
-7.5630252101e-01 1.1596638655e+00 5.4111124029e+00
-7.5630252101e-01 1.1932773109e+00 5.2519569925e+00
-7.5630252101e-01 1.2268907563e+00 5.1028196037e+00
-7.5630252101e-01 1.2605042017e+00 4.9626583248e+00
-7.5630252101e-01 1.2941176471e+00 4.8305884347e+00
-7.5630252101e-01 1.3277310924e+00 4.7058513343e+00
-7.5630252101e-01 1.3613445378e+00 4.5877909359e+00
-7.5630252101e-01 1.3949579832e+00 4.4758354425e+00
-7.5630252101e-01 1.4285714286e+00 4.3694830906e+00
-7.5630252101e-01 1.4621848739e+00 4.2682908536e+00
-7.5630252101e-01 1.4957983193e+00 4.1718653888e+00
-7.5630252101e-01 1.5294117647e+00 4.0798557053e+00
-7.5630252101e-01 1.5630252101e+00 3.9919471703e+00
-7.5630252101e-01 1.5966386555e+00 3.9078565653e+00
-7.5630252101e-01 1.6302521008e+00 3.8273279748e+00
-7.5630252101e-01 1.6638655462e+00 3.7501293434e+00
-7.5630252101e-01 1.6974789916e+00 3.6760495705e+00
-7.5630252101e-01 1.7310924370e+00 3.6048960450e+00
-7.5630252101e-01 1.7647058824e+00 3.5364925392e+00
-7.5630252101e-01 1.7983193277e+00 3.4706774004e+00
-7.5630252101e-01 1.8319327731e+00 3.4073019903e+00
-7.5630252101e-01 1.8655462185e+00 3.3462293307e+00
-7.5630252101e-01 1.8991596639e+00 3.2873329245e+00
-7.5630252101e-01 1.9327731092e+00 3.2304957237e+00
-7.5630252101e-01 1.9663865546e+00 3.1756092227e+00
-7.5630252101e-01 2.0000000000e+00 3.1225726592e+00

-7.2268907563e-01 -2.0000000000e+00 3.1420343863e+00
-7.2268907563e-01 -1.9663865546e+00 3.1960944894e+00
-7.2268907563e-01 -1.9327731092e+00 3.2520785385e+00
-7.2268907563e-01 -1.8991596639e+00 3.3100942441e+00
-7.2268907563e-01 -1.8655462185e+00 3.3702578800e+00
-7.2268907563e-01 -1.8319327731e+00 3.4326952012e+00
-7.2268907563e-01 -1.7983193277e+00 3.4975424902e+00
-7.2268907563e-01 -1.7647058824e+00 3.5649477546e+00
-7.2268907563e-01 -1.7310924370e+00 3.6350721026e+00
-7.2268907563e-01 -1.6974789916e+00 3.7080913310e+00
-7.2268907563e-01 -1.6638655462e+00 3.7841977665e+00
-7.2268907563e-01 -1.6302521008e+00 3.8636024124e+00
-7.2268907563e-01 -1.5966386555e+00 3.9465374655e+00
-7.2268907563e-01 -1.5630252101e+00 4.0332592832e+00
-7.2268907563e-01 -1.5294117647e+00 4.1240519050e+00
-7.2268907563e-01 -1.4957983193e+00 4.2192312611e+00
-7.2268907563e-01 -1.4621848739e+00 4.3191502386e+00
-7.2268907563e-01 -1.4285714286e+00 4.4242048308e+00
-7.2268907563e-01 -1.3949579832e+00 4.5348416654e+00
-7.2268907563e-01 -1.3613445378e+00 4.6515673116e+00
-7.2268907563e-01 -1.3277310924e+00 4.7749599045e+00
-7.2268907563e-01 -1.2941176471e+00 4.9056838326e+00
-7.2268907563e-01 -1.2605042017e+00 5.0445085301e+00
-7.2268907563e-01 -1.2268907563e+00 5.1923328578e+00
-7.2268907563e-01 -1.1932773109e+00 5.3502172280e+00
-7.2268907563e-01 -1.1596638655e+00 5.5194266704e+00
-7.2268907563e-01 -1.1260504202e+00 5.7014896992e+00
-7.2268907563e-01 -1.0924369748e+00 5.8982805761e+00
-7.2268907563e-01 -1.0588235294e+00 6.1121372060e+00
-7.2268907563e-01 -1.0252100840e+00 6.3460351221e+00
-7.2268907563e-01 -9.9159663866e-01 6.6038532101e+00
-7.2268907563e-01 -9.5798319328e-01 6.8907964902e+00
-7.2268907563e-01 -9.2436974790e-01 7.2141030571e+00
-7.2268907563e-01 -8.9075630252e-01 7.5843015140e+00
-7.2268907563e-01 -8.5714285714e-01 8.0176320056e+00
-7.2268907563e-01 -8.2352941176e-01 8.5412281540e+00
-7.2268907563e-01 -7.8991596639e-01 9.2060042205e+00
-7.2268907563e-01 -7.5630252101e-01 1.0127158334e+01
-7.2268907563e-01 -7.2268907563e-01 1.1682461962e+01
-7.2268907563e-01 -6.8907563025e-01 1.7223920083e+01
-7.2268907563e-01 -6.5546218487e-01 1.1708427187e+01
-7.2268907563e-01 -6.2184873950e-01 1.0489701337e+01
-7.2268907563e-01 -5.8823529412e-01 9.7971932247e+00
-7.2268907563e-01 -5.5462184874e-01 9.3243923856e+00
-7.2268907563e-01 -5.2100840336e-01 8.9727598831e+00
-7.2268907563e-01 -4.8739495798e-01 8.6980611858e+00
-7.2268907563e-01 -4.5378151261e-01 8.4766691148e+00
-7.2268907563e-01 -4.2016806723e-01 8.2945142648e+00
-7.2268907563e-01 -3.8655462185e-01 8.1425700417e+00
-7.2268907563e-01 -3.5294117647e-01 8.0147240537e+00
-7.2268907563e-01 -3.1932773109e-01 7.9066672542e+00
-7.2268907563e-01 -2.8571428571e-01 7.8152683773e+00
-7.2268907563e-01 -2.5210084034e-01 7.7382002559e+00
-7.2268907563e-01 -2.1848739496e-01 7.6737059646e+00
-7.2268907563e-01 -1.8487394958e-01 7.6204469787e+00
-7.2268907563e-01 -1.5126050420e-01 7.5774017551e+00
-7.2268907563e-01 -1.1764705882e-01 7.5437966342e+00
-7.2268907563e-01 -8.4033613445e-02 7.5190582983e+00
-7.2268907563e-01 -5.0420168067e-02 7.5027812086e+00
-7.2268907563e-01 -1.6806722689e-02 7.4947059442e+00
-7.2268907563e-01 1.6806722689e-02 7.4947059442e+00
-7.2268907563e-01 5.0420168067e-02 7.5027812086e+00
-7.2268907563e-01 8.4033613445e-02 7.5190582983e+00
-7.2268907563e-01 1.1764705882e-01 7.5437966342e+00
-7.2268907563e-01 1.5126050420e-01 7.5774017551e+00
-7.2268907563e-01 1.8487394958e-01 7.6204469787e+00
-7.2268907563e-01 2.1848739496e-01 7.6737059646e+00
-7.2268907563e-01 2.5210084034e-01 7.7382002559e+00
-7.2268907563e-01 2.8571428571e-01 7.8152683773e+00
-7.2268907563e-01 3.1932773109e-01 7.9066672542e+00
-7.2268907563e-01 3.5294117647e-01 8.0147240537e+00
-7.2268907563e-01 3.8655462185e-01 8.1425700417e+00
-7.2268907563e-01 4.2016806723e-01 8.2945142648e+00
-7.2268907563e-01 4.5378151261e-01 8.4766691148e+00
-7.2268907563e-01 4.8739495798e-01 8.6980611858e+00
-7.2268907563e-01 5.2100840336e-01 8.9727598831e+00
-7.2268907563e-01 5.5462184874e-01 9.3243923856e+00
-7.2268907563e-01 5.8823529412e-01 9.7971932247e+00
-7.2268907563e-01 6.2184873950e-01 1.0489701337e+01
-7.2268907563e-01 6.5546218487e-01 1.1708427187e+01
-7.2268907563e-01 6.8907563025e-01 1.7223920083e+01
-7.2268907563e-01 7.2268907563e-01 1.1682461962e+01
-7.2268907563e-01 7.5630252101e-01 1.0127158334e+01
-7.2268907563e-01 7.8991596639e-01 9.2060042205e+00
-7.2268907563e-01 8.2352941176e-01 8.5412281540e+00
-7.2268907563e-01 8.5714285714e-01 8.0176320056e+00
-7.2268907563e-01 8.9075630252e-01 7.5843015140e+00
-7.2268907563e-01 9.2436974790e-01 7.2141030571e+00
-7.2268907563e-01 9.5798319328e-01 6.8907964902e+00
-7.2268907563e-01 9.9159663866e-01 6.6038532101e+00
-7.2268907563e-01 1.0252100840e+00 6.3460351221e+00
-7.2268907563e-01 1.0588235294e+00 6.1121372060e+00
-7.2268907563e-01 1.0924369748e+00 5.8982805761e+00
-7.2268907563e-01 1.1260504202e+00 5.7014896992e+00
-7.2268907563e-01 1.1596638655e+00 5.5194266704e+00
-7.2268907563e-01 1.1932773109e+00 5.3502172280e+00
-7.2268907563e-01 1.2268907563e+00 5.1923328578e+00
-7.2268907563e-01 1.2605042017e+00 5.0445085301e+00
-7.2268907563e-01 1.2941176471e+00 4.9056838326e+00
-7.2268907563e-01 1.3277310924e+00 4.7749599045e+00
-7.2268907563e-01 1.3613445378e+00 4.6515673116e+00
-7.2268907563e-01 1.3949579832e+00 4.5348416654e+00
-7.2268907563e-01 1.4285714286e+00 4.4242048308e+00
-7.2268907563e-01 1.4621848739e+00 4.3191502386e+00
-7.2268907563e-01 1.4957983193e+00 4.2192312611e+00
-7.2268907563e-01 1.5294117647e+00 4.1240519050e+00
-7.2268907563e-01 1.5630252101e+00 4.0332592832e+00
-7.2268907563e-01 1.5966386555e+00 3.9465374655e+00
-7.2268907563e-01 1.6302521008e+00 3.8636024124e+00
-7.2268907563e-01 1.6638655462e+00 3.7841977665e+00
-7.2268907563e-01 1.6974789916e+00 3.7080913310e+00
-7.2268907563e-01 1.7310924370e+00 3.6350721026e+00
-7.2268907563e-01 1.7647058824e+00 3.5649477546e+00
-7.2268907563e-01 1.7983193277e+00 3.4975424902e+00
-7.2268907563e-01 1.8319327731e+00 3.4326952012e+00
-7.2268907563e-01 1.8655462185e+00 3.3702578800e+00
-7.2268907563e-01 1.8991596639e+00 3.3100942441e+00
-7.2268907563e-01 1.9327731092e+00 3.2520785385e+00
-7.2268907563e-01 1.9663865546e+00 3.1960944894e+00
-7.2268907563e-01 2.0000000000e+00 3.1420343863e+00

-6.8907563025e-01 -2.0000000000e+00 3.1609577911e+00
-6.8907563025e-01 -1.9663865546e+00 3.2160262561e+00
-6.8907563025e-01 -1.9327731092e+00 3.2730928293e+00
-6.8907563025e-01 -1.8991596639e+00 3.3322723321e+00
-6.8907563025e-01 -1.8655462185e+00 3.3936890092e+00
-6.8907563025e-01 -1.8319327731e+00 3.4574775751e+00
-6.8907563025e-01 -1.7983193277e+00 3.5237844119e+00
-6.8907563025e-01 -1.7647058824e+00 3.5927689477e+00
-6.8907563025e-01 -1.7310924370e+00 3.6646052462e+00
-6.8907563025e-01 -1.6974789916e+00 3.7394838533e+00
-6.8907563025e-01 -1.6638655462e+00 3.8176139493e+00
-6.8907563025e-01 -1.6302521008e+00 3.8992258733e+00
-6.8907563025e-01 -1.5966386555e+00 3.9845741014e+00
-6.8907563025e-01 -1.5630252101e+00 4.0739407812e+00
-6.8907563025e-01 -1.5294117647e+00 4.1676399581e+00
-6.8907563025e-01 -1.4957983193e+00 4.2660226634e+00
-6.8907563025e-01 -1.4621848739e+00 4.3694830906e+00
-6.8907563025e-01 -1.4285714286e+00 4.4784661592e+00
-6.8907563025e-01 -1.3949579832e+00 4.5934768642e+00
-6.8907563025e-01 -1.3613445378e+00 4.7150919537e+00
-6.8907563025e-01 -1.3277310924e+00 4.8439746833e+00
-6.8907563025e-01 -1.2941176471e+00 4.9808936894e+00
-6.8907563025e-01 -1.2605042017e+00 5.1267474713e+00
-6.8907563025e-01 -1.2268907563e+00 5.2825966399e+00
-6.8907563025e-01 -1.1932773109e+00 5.4497071357e+00
-6.8907563025e-01 -1.1596638655e+00 5.6296092835e+00
-6.8907563025e-01 -1.1260504202e+00 5.8241802818e+00
-6.8907563025e-01 -1.0924369748e+00 6.0357623746e+00
-6.8907563025e-01 -1.0588235294e+00 6.2673371630e+00
-6.8907563025e-01 -1.0252100840e+00 6.5227917018e+00
-6.8907563025e-01 -9.9159663866e-01 6.8073416707e+00
-6.8907563025e-01 -9.5798319328e-01 7.1282386092e+00
-6.8907563025e-01 -9.2436974790e-01 7.4960272246e+00
-6.8907563025e-01 -8.9075630252e-01 7.9269648386e+00
-6.8907563025e-01 -8.5714285714e-01 8.4481966890e+00
-6.8907563025e-01 -8.2352941176e-01 9.1106166845e+00
-6.8907563025e-01 -7.8991596639e-01 1.0029243174e+01
-6.8907563025e-01 -7.5630252101e-01 1.1580461492e+01
-6.8907563025e-01 -7.2268907563e-01 1.7223920083e+01
-6.8907563025e-01 -6.8907563025e-01 1.1619929337e+01
-6.8907563025e-01 -6.5546218487e-01 1.0398240582e+01
-6.8907563025e-01 -6.2184873950e-01 9.7039871194e+00
-6.8907563025e-01 -5.8823529412e-01 9.2295441392e+00
-6.8907563025e-01 -5.5462184874e-01 8.8761714348e+00
-6.8907563025e-01 -5.2100840336e-01 8.5995748197e+00
-6.8907563025e-01 -4.8739495798e-01 8.3761019139e+00
-6.8907563025e-01 -4.5378151261e-01 8.1916676483e+00
-6.8907563025e-01 -4.2016806723e-01 8.0372317305e+00
-6.8907563025e-01 -3.8655462185e-01 7.9066672542e+00
-6.8907563025e-01 -3.5294117647e-01 7.7956485987e+00
-6.8907563025e-01 -3.1932773109e-01 7.7010251372e+00
-6.8907563025e-01 -2.8571428571e-01 7.6204469787e+00
-6.8907563025e-01 -2.5210084034e-01 7.5521305230e+00
-6.8907563025e-01 -2.1848739496e-01 7.4947059442e+00
-6.8907563025e-01 -1.8487394958e-01 7.4471149472e+00
-6.8907563025e-01 -1.5126050420e-01 7.4085406425e+00
-6.8907563025e-01 -1.1764705882e-01 7.3783587089e+00
-6.8907563025e-01 -8.4033613445e-02 7.3561031838e+00
-6.8907563025e-01 -5.0420168067e-02 7.3414426930e+00
-6.8907563025e-01 -1.6806722689e-02 7.3341644640e+00
-6.8907563025e-01 1.6806722689e-02 7.3341644640e+00
-6.8907563025e-01 5.0420168067e-02 7.3414426930e+00
-6.8907563025e-01 8.4033613445e-02 7.3561031838e+00
-6.8907563025e-01 1.1764705882e-01 7.3783587089e+00
-6.8907563025e-01 1.5126050420e-01 7.4085406425e+00
-6.8907563025e-01 1.8487394958e-01 7.4471149472e+00
-6.8907563025e-01 2.1848739496e-01 7.4947059442e+00
-6.8907563025e-01 2.5210084034e-01 7.5521305230e+00
-6.8907563025e-01 2.8571428571e-01 7.6204469787e+00
-6.8907563025e-01 3.1932773109e-01 7.7010251372e+00
-6.8907563025e-01 3.5294117647e-01 7.7956485987e+00
-6.8907563025e-01 3.8655462185e-01 7.9066672542e+00
-6.8907563025e-01 4.2016806723e-01 8.0372317305e+00
-6.8907563025e-01 4.5378151261e-01 8.1916676483e+00
-6.8907563025e-01 4.8739495798e-01 8.3761019139e+00
-6.8907563025e-01 5.2100840336e-01 8.5995748197e+00
-6.8907563025e-01 5.5462184874e-01 8.8761714348e+00
-6.8907563025e-01 5.8823529412e-01 9.2295441392e+00
-6.8907563025e-01 6.2184873950e-01 9.7039871194e+00
-6.8907563025e-01 6.5546218487e-01 1.0398240582e+01
-6.8907563025e-01 6.8907563025e-01 1.1619929337e+01
-6.8907563025e-01 7.2268907563e-01 1.7223920083e+01
-6.8907563025e-01 7.5630252101e-01 1.1580461492e+01
-6.8907563025e-01 7.8991596639e-01 1.0029243174e+01
-6.8907563025e-01 8.2352941176e-01 9.1106166845e+00
-6.8907563025e-01 8.5714285714e-01 8.4481966890e+00
-6.8907563025e-01 8.9075630252e-01 7.9269648386e+00
-6.8907563025e-01 9.2436974790e-01 7.4960272246e+00
-6.8907563025e-01 9.5798319328e-01 7.1282386092e+00
-6.8907563025e-01 9.9159663866e-01 6.8073416707e+00
-6.8907563025e-01 1.0252100840e+00 6.5227917018e+00
-6.8907563025e-01 1.0588235294e+00 6.2673371630e+00
-6.8907563025e-01 1.0924369748e+00 6.0357623746e+00
-6.8907563025e-01 1.1260504202e+00 5.8241802818e+00
-6.8907563025e-01 1.1596638655e+00 5.6296092835e+00
-6.8907563025e-01 1.1932773109e+00 5.4497071357e+00
-6.8907563025e-01 1.2268907563e+00 5.2825966399e+00
-6.8907563025e-01 1.2605042017e+00 5.1267474713e+00
-6.8907563025e-01 1.2941176471e+00 4.9808936894e+00
-6.8907563025e-01 1.3277310924e+00 4.8439746833e+00
-6.8907563025e-01 1.3613445378e+00 4.7150919537e+00
-6.8907563025e-01 1.3949579832e+00 4.5934768642e+00
-6.8907563025e-01 1.4285714286e+00 4.4784661592e+00
-6.8907563025e-01 1.4621848739e+00 4.3694830906e+00
-6.8907563025e-01 1.4957983193e+00 4.2660226634e+00
-6.8907563025e-01 1.5294117647e+00 4.1676399581e+00
-6.8907563025e-01 1.5630252101e+00 4.0739407812e+00
-6.8907563025e-01 1.5966386555e+00 3.9845741014e+00
-6.8907563025e-01 1.6302521008e+00 3.8992258733e+00
-6.8907563025e-01 1.6638655462e+00 3.8176139493e+00
-6.8907563025e-01 1.6974789916e+00 3.7394838533e+00
-6.8907563025e-01 1.7310924370e+00 3.6646052462e+00
-6.8907563025e-01 1.7647058824e+00 3.5927689477e+00
-6.8907563025e-01 1.7983193277e+00 3.5237844119e+00
-6.8907563025e-01 1.8319327731e+00 3.4574775751e+00
-6.8907563025e-01 1.8655462185e+00 3.3936890092e+00
-6.8907563025e-01 1.8991596639e+00 3.3322723321e+00
-6.8907563025e-01 1.9327731092e+00 3.2730928293e+00
-6.8907563025e-01 1.9663865546e+00 3.2160262561e+00
-6.8907563025e-01 2.0000000000e+00 3.1609577911e+00

-6.5546218487e-01 -2.0000000000e+00 3.1793042850e+00
-6.5546218487e-01 -1.9663865546e+00 3.2353628344e+00
-6.5546218487e-01 -1.9327731092e+00 3.2934935144e+00
-6.5546218487e-01 -1.8991596639e+00 3.3538183887e+00
-6.5546218487e-01 -1.8655462185e+00 3.4164698414e+00
-6.5546218487e-01 -1.8319327731e+00 3.4815917608e+00
-6.5546218487e-01 -1.7983193277e+00 3.5493409013e+00
-6.5546218487e-01 -1.7647058824e+00 3.6198884558e+00
-6.5546218487e-01 -1.7310924370e+00 3.6934218797e+00
-6.5546218487e-01 -1.6974789916e+00 3.7701470193e+00
-6.5546218487e-01 -1.6638655462e+00 3.8502906057e+00
-6.5546218487e-01 -1.6302521008e+00 3.9341031976e+00
-6.5546218487e-01 -1.5966386555e+00 4.0218626733e+00
-6.5546218487e-01 -1.5630252101e+00 4.1138784024e+00
-6.5546218487e-01 -1.5294117647e+00 4.2104962681e+00
-6.5546218487e-01 -1.4957983193e+00 4.3121047592e+00
-6.5546218487e-01 -1.4621848739e+00 4.4191424253e+00
-6.5546218487e-01 -1.4285714286e+00 4.5321070840e+00
-6.5546218487e-01 -1.3949579832e+00 4.6515673116e+00
-6.5546218487e-01 -1.3613445378e+00 4.7781769428e+00
-6.5546218487e-01 -1.3277310924e+00 4.9126935965e+00
-6.5546218487e-01 -1.2941176471e+00 5.0560026710e+00
-6.5546218487e-01 -1.2605042017e+00 5.2091488997e+00
-6.5546218487e-01 -1.2268907563e+00 5.3733785617e+00
-6.5546218487e-01 -1.1932773109e+00 5.5501970364e+00
-6.5546218487e-01 -1.1596638655e+00 5.7414490035e+00
-6.5546218487e-01 -1.1260504202e+00 5.9494330194e+00
-6.5546218487e-01 -1.0924369748e+00 6.1770699866e+00
-6.5546218487e-01 -1.0588235294e+00 6.4281593820e+00
-6.5546218487e-01 -1.0252100840e+00 6.7077849506e+00
-6.5546218487e-01 -9.9159663866e-01 7.0229891527e+00
-6.5546218487e-01 -9.5798319328e-01 7.3839643320e+00
-6.5546218487e-01 -9.2436974790e-01 7.8063256175e+00
-6.5546218487e-01 -8.9075630252e-01 8.3159176368e+00
-6.5546218487e-01 -8.5714285714e-01 8.9605632353e+00
-6.5546218487e-01 -8.2352941176e-01 9.8459613577e+00
-6.5546218487e-01 -7.8991596639e-01 1.1301168699e+01
-6.5546218487e-01 -7.5630252101e-01 1.8657791833e+01
-6.5546218487e-01 -7.2268907563e-01 1.1708427187e+01
-6.5546218487e-01 -6.8907563025e-01 1.0398240582e+01
-6.5546218487e-01 -6.5546218487e-01 9.6739788898e+00
-6.5546218487e-01 -6.2184873950e-01 9.1839992488e+00
-6.5546218487e-01 -5.8823529412e-01 8.8207446419e+00
-6.5546218487e-01 -5.5462184874e-01 8.5369912615e+00
-6.5546218487e-01 -5.2100840336e-01 8.3078349333e+00
-6.5546218487e-01 -4.8739495798e-01 8.1185645754e+00
-6.5546218487e-01 -4.5378151261e-01 7.9597897238e+00
-6.5546218487e-01 -4.2016806723e-01 7.8251695460e+00
-6.5546218487e-01 -3.8655462185e-01 7.7102374296e+00
-6.5546218487e-01 -3.5294117647e-01 7.6117430430e+00
-6.5546218487e-01 -3.1932773109e-01 7.5272609574e+00
-6.5546218487e-01 -2.8571428571e-01 7.4549462830e+00
-6.5546218487e-01 -2.5210084034e-01 7.3933760114e+00
-6.5546218487e-01 -2.1848739496e-01 7.3414426930e+00
-6.5546218487e-01 -1.8487394958e-01 7.2982813756e+00
-6.5546218487e-01 -1.5126050420e-01 7.2632184436e+00
-6.5546218487e-01 -1.1764705882e-01 7.2357353696e+00
-6.5546218487e-01 -8.4033613445e-02 7.2154429593e+00
-6.5546218487e-01 -5.0420168067e-02 7.2020632511e+00
-6.5546218487e-01 -1.6806722689e-02 7.1954172363e+00
-6.5546218487e-01 1.6806722689e-02 7.1954172363e+00
-6.5546218487e-01 5.0420168067e-02 7.2020632511e+00
-6.5546218487e-01 8.4033613445e-02 7.2154429593e+00
-6.5546218487e-01 1.1764705882e-01 7.2357353696e+00
-6.5546218487e-01 1.5126050420e-01 7.2632184436e+00
-6.5546218487e-01 1.8487394958e-01 7.2982813756e+00
-6.5546218487e-01 2.1848739496e-01 7.3414426930e+00
-6.5546218487e-01 2.5210084034e-01 7.3933760114e+00
-6.5546218487e-01 2.8571428571e-01 7.4549462830e+00
-6.5546218487e-01 3.1932773109e-01 7.5272609574e+00
-6.5546218487e-01 3.5294117647e-01 7.6117430430e+00
-6.5546218487e-01 3.8655462185e-01 7.7102374296e+00
-6.5546218487e-01 4.2016806723e-01 7.8251695460e+00
-6.5546218487e-01 4.5378151261e-01 7.9597897238e+00
-6.5546218487e-01 4.8739495798e-01 8.1185645754e+00
-6.5546218487e-01 5.2100840336e-01 8.3078349333e+00
-6.5546218487e-01 5.5462184874e-01 8.5369912615e+00
-6.5546218487e-01 5.8823529412e-01 8.8207446419e+00
-6.5546218487e-01 6.2184873950e-01 9.1839992488e+00
-6.5546218487e-01 6.5546218487e-01 9.6739788898e+00
-6.5546218487e-01 6.8907563025e-01 1.0398240582e+01
-6.5546218487e-01 7.2268907563e-01 1.1708427187e+01
-6.5546218487e-01 7.5630252101e-01 1.8657791833e+01
-6.5546218487e-01 7.8991596639e-01 1.1301168699e+01
-6.5546218487e-01 8.2352941176e-01 9.8459613577e+00
-6.5546218487e-01 8.5714285714e-01 8.9605632353e+00
-6.5546218487e-01 8.9075630252e-01 8.3159176368e+00
-6.5546218487e-01 9.2436974790e-01 7.8063256175e+00
-6.5546218487e-01 9.5798319328e-01 7.3839643320e+00
-6.5546218487e-01 9.9159663866e-01 7.0229891527e+00
-6.5546218487e-01 1.0252100840e+00 6.7077849506e+00
-6.5546218487e-01 1.0588235294e+00 6.4281593820e+00
-6.5546218487e-01 1.0924369748e+00 6.1770699866e+00
-6.5546218487e-01 1.1260504202e+00 5.9494330194e+00
-6.5546218487e-01 1.1596638655e+00 5.7414490035e+00
-6.5546218487e-01 1.1932773109e+00 5.5501970364e+00
-6.5546218487e-01 1.2268907563e+00 5.3733785617e+00
-6.5546218487e-01 1.2605042017e+00 5.2091488997e+00
-6.5546218487e-01 1.2941176471e+00 5.0560026710e+00
-6.5546218487e-01 1.3277310924e+00 4.9126935965e+00
-6.5546218487e-01 1.3613445378e+00 4.7781769428e+00
-6.5546218487e-01 1.3949579832e+00 4.6515673116e+00
-6.5546218487e-01 1.4285714286e+00 4.5321070840e+00
-6.5546218487e-01 1.4621848739e+00 4.4191424253e+00
-6.5546218487e-01 1.4957983193e+00 4.3121047592e+00
-6.5546218487e-01 1.5294117647e+00 4.2104962681e+00
-6.5546218487e-01 1.5630252101e+00 4.1138784024e+00
-6.5546218487e-01 1.5966386555e+00 4.0218626733e+00
-6.5546218487e-01 1.6302521008e+00 3.9341031976e+00
-6.5546218487e-01 1.6638655462e+00 3.8502906057e+00
-6.5546218487e-01 1.6974789916e+00 3.7701470193e+00
-6.5546218487e-01 1.7310924370e+00 3.6934218797e+00
-6.5546218487e-01 1.7647058824e+00 3.6198884558e+00
-6.5546218487e-01 1.7983193277e+00 3.5493409013e+00
-6.5546218487e-01 1.8319327731e+00 3.4815917608e+00
-6.5546218487e-01 1.8655462185e+00 3.4164698414e+00
-6.5546218487e-01 1.8991596639e+00 3.3538183887e+00
-6.5546218487e-01 1.9327731092e+00 3.2934935144e+00
-6.5546218487e-01 1.9663865546e+00 3.2353628344e+00
-6.5546218487e-01 2.0000000000e+00 3.1793042850e+00

-6.2184873950e-01 -2.0000000000e+00 3.1970351609e+00
-6.2184873950e-01 -1.9663865546e+00 3.2540623246e+00
-6.2184873950e-01 -1.9327731092e+00 3.3132351874e+00
-6.2184873950e-01 -1.8991596639e+00 3.3746831516e+00
-6.2184873950e-01 -1.8655462185e+00 3.4385468695e+00
-6.2184873950e-01 -1.8319327731e+00 3.5049795739e+00
-6.2184873950e-01 -1.7983193277e+00 3.5741486144e+00
-6.2184873950e-01 -1.7647058824e+00 3.6462372385e+00
-6.2184873950e-01 -1.7310924370e+00 3.7214466685e+00
-6.2184873950e-01 -1.6974789916e+00 3.7999985346e+00
-6.2184873950e-01 -1.6638655462e+00 3.8821377426e+00
-6.2184873950e-01 -1.6302521008e+00 3.9681358748e+00
-6.2184873950e-01 -1.5966386555e+00 4.0582952496e+00
-6.2184873950e-01 -1.5630252101e+00 4.1529538022e+00
-6.2184873950e-01 -1.5294117647e+00 4.2524909989e+00
-6.2184873950e-01 -1.4957983193e+00 4.3573350641e+00
-6.2184873950e-01 -1.4621848739e+00 4.4679718930e+00
-6.2184873950e-01 -1.4285714286e+00 4.5849561533e+00
-6.2184873950e-01 -1.3949579832e+00 4.7089252685e+00
-6.2184873950e-01 -1.3613445378e+00 4.8406172424e+00
-6.2184873950e-01 -1.3277310924e+00 4.9808936894e+00
-6.2184873950e-01 -1.2941176471e+00 5.1307700351e+00
-6.2184873950e-01 -1.2605042017e+00 5.2914557856e+00
-6.2184873950e-01 -1.2268907563e+00 5.4644092364e+00
-6.2184873950e-01 -1.1932773109e+00 5.6514133944e+00
-6.2184873950e-01 -1.1596638655e+00 5.8546839285e+00
-6.2184873950e-01 -1.1260504202e+00 6.0770270314e+00
-6.2184873950e-01 -1.0924369748e+00 6.3220779766e+00
-6.2184873950e-01 -1.0588235294e+00 6.5946759576e+00
-6.2184873950e-01 -1.0252100840e+00 6.9014814873e+00
-6.2184873950e-01 -9.9159663866e-01 7.2520542919e+00
-6.2184873950e-01 -9.5798319328e-01 7.6608797140e+00
-6.2184873950e-01 -9.2436974790e-01 8.1515691046e+00
-6.2184873950e-01 -8.9075630252e-01 8.7668342315e+00
-6.2184873950e-01 -8.5714285714e-01 9.5975786413e+00
-6.2184873950e-01 -8.2352941176e-01 1.0904890270e+01
-6.2184873950e-01 -7.8991596639e-01 1.4598940269e+01
-6.2184873950e-01 -7.5630252101e-01 1.2002016721e+01
-6.2184873950e-01 -7.2268907563e-01 1.0489701337e+01
-6.2184873950e-01 -6.8907563025e-01 9.7039871194e+00
-6.2184873950e-01 -6.5546218487e-01 9.1839992488e+00
-6.2184873950e-01 -6.2184873950e-01 8.8026641917e+00
-6.2184873950e-01 -5.8823529412e-01 8.5065572892e+00
-6.2184873950e-01 -5.5462184874e-01 8.2681921686e+00
-6.2184873950e-01 -5.2100840336e-01 8.0715908682e+00
-6.2184873950e-01 -4.8739495798e-01 7.9066672542e+00
-6.2184873950e-01 -4.5378151261e-01 7.7666648895e+00
-6.2184873950e-01 -4.2016806723e-01 7.6468514709e+00
-6.2184873950e-01 -3.8655462185e-01 7.5437966342e+00
-6.2184873950e-01 -3.5294117647e-01 7.4549462830e+00
-6.2184873950e-01 -3.1932773109e-01 7.3783587089e+00
-6.2184873950e-01 -2.8571428571e-01 7.3125341868e+00
-6.2184873950e-01 -2.5210084034e-01 7.2563012039e+00
-6.2184873950e-01 -2.1848739496e-01 7.2087384119e+00
-6.2184873950e-01 -1.8487394958e-01 7.1691199281e+00
-6.2184873950e-01 -1.5126050420e-01 7.1368763920e+00
-6.2184873950e-01 -1.1764705882e-01 7.1115669874e+00
-6.2184873950e-01 -8.4033613445e-02 7.0928593342e+00
-6.2184873950e-01 -5.0420168067e-02 7.0805152264e+00
-6.2184873950e-01 -1.6806722689e-02 7.0743808866e+00
-6.2184873950e-01 1.6806722689e-02 7.0743808866e+00
-6.2184873950e-01 5.0420168067e-02 7.0805152264e+00
-6.2184873950e-01 8.4033613445e-02 7.0928593342e+00
-6.2184873950e-01 1.1764705882e-01 7.1115669874e+00
-6.2184873950e-01 1.5126050420e-01 7.1368763920e+00
-6.2184873950e-01 1.8487394958e-01 7.1691199281e+00
-6.2184873950e-01 2.1848739496e-01 7.2087384119e+00
-6.2184873950e-01 2.5210084034e-01 7.2563012039e+00
-6.2184873950e-01 2.8571428571e-01 7.3125341868e+00
-6.2184873950e-01 3.1932773109e-01 7.3783587089e+00
-6.2184873950e-01 3.5294117647e-01 7.4549462830e+00
-6.2184873950e-01 3.8655462185e-01 7.5437966342e+00
-6.2184873950e-01 4.2016806723e-01 7.6468514709e+00
-6.2184873950e-01 4.5378151261e-01 7.7666648895e+00
-6.2184873950e-01 4.8739495798e-01 7.9066672542e+00
-6.2184873950e-01 5.2100840336e-01 8.0715908682e+00
-6.2184873950e-01 5.5462184874e-01 8.2681921686e+00
-6.2184873950e-01 5.8823529412e-01 8.5065572892e+00
-6.2184873950e-01 6.2184873950e-01 8.8026641917e+00
-6.2184873950e-01 6.5546218487e-01 9.1839992488e+00
-6.2184873950e-01 6.8907563025e-01 9.7039871194e+00
-6.2184873950e-01 7.2268907563e-01 1.0489701337e+01
-6.2184873950e-01 7.5630252101e-01 1.2002016721e+01
-6.2184873950e-01 7.8991596639e-01 1.4598940269e+01
-6.2184873950e-01 8.2352941176e-01 1.0904890270e+01
-6.2184873950e-01 8.5714285714e-01 9.5975786413e+00
-6.2184873950e-01 8.9075630252e-01 8.7668342315e+00
-6.2184873950e-01 9.2436974790e-01 8.1515691046e+00
-6.2184873950e-01 9.5798319328e-01 7.6608797140e+00
-6.2184873950e-01 9.9159663866e-01 7.2520542919e+00
-6.2184873950e-01 1.0252100840e+00 6.9014814873e+00
-6.2184873950e-01 1.0588235294e+00 6.5946759576e+00
-6.2184873950e-01 1.0924369748e+00 6.3220779766e+00
-6.2184873950e-01 1.1260504202e+00 6.0770270314e+00
-6.2184873950e-01 1.1596638655e+00 5.8546839285e+00
-6.2184873950e-01 1.1932773109e+00 5.6514133944e+00
-6.2184873950e-01 1.2268907563e+00 5.4644092364e+00
-6.2184873950e-01 1.2605042017e+00 5.2914557856e+00
-6.2184873950e-01 1.2941176471e+00 5.1307700351e+00
-6.2184873950e-01 1.3277310924e+00 4.9808936894e+00
-6.2184873950e-01 1.3613445378e+00 4.8406172424e+00
-6.2184873950e-01 1.3949579832e+00 4.7089252685e+00
-6.2184873950e-01 1.4285714286e+00 4.5849561533e+00
-6.2184873950e-01 1.4621848739e+00 4.4679718930e+00
-6.2184873950e-01 1.4957983193e+00 4.3573350641e+00
-6.2184873950e-01 1.5294117647e+00 4.2524909989e+00
-6.2184873950e-01 1.5630252101e+00 4.1529538022e+00
-6.2184873950e-01 1.5966386555e+00 4.0582952496e+00
-6.2184873950e-01 1.6302521008e+00 3.9681358748e+00
-6.2184873950e-01 1.6638655462e+00 3.8821377426e+00
-6.2184873950e-01 1.6974789916e+00 3.7999985346e+00
-6.2184873950e-01 1.7310924370e+00 3.7214466685e+00
-6.2184873950e-01 1.7647058824e+00 3.6462372385e+00
-6.2184873950e-01 1.7983193277e+00 3.5741486144e+00
-6.2184873950e-01 1.8319327731e+00 3.5049795739e+00
-6.2184873950e-01 1.8655462185e+00 3.4385468695e+00
-6.2184873950e-01 1.8991596639e+00 3.3746831516e+00
-6.2184873950e-01 1.9327731092e+00 3.3132351874e+00
-6.2184873950e-01 1.9663865546e+00 3.2540623246e+00
-6.2184873950e-01 2.0000000000e+00 3.1970351609e+00

-5.8823529412e-01 -2.0000000000e+00 3.2141117724e+00
-5.8823529412e-01 -1.9663865546e+00 3.2720828117e+00
-5.8823529412e-01 -1.9327731092e+00 3.3322723321e+00
-5.8823529412e-01 -1.8991596639e+00 3.3948171313e+00
-5.8823529412e-01 -1.8655462185e+00 3.4598662145e+00
-5.8823529412e-01 -1.8319327731e+00 3.5275822792e+00
-5.8823529412e-01 -1.7983193277e+00 3.5981434364e+00
-5.8823529412e-01 -1.7647058824e+00 3.6717452141e+00
-5.8823529412e-01 -1.7310924370e+00 3.7486029039e+00
-5.8823529412e-01 -1.6974789916e+00 3.8289543227e+00
-5.8823529412e-01 -1.6638655462e+00 3.9130630836e+00
-5.8823529412e-01 -1.6302521008e+00 4.0012224949e+00
-5.8823529412e-01 -1.5966386555e+00 4.0937602414e+00
-5.8823529412e-01 -1.5630252101e+00 4.1910440458e+00
-5.8823529412e-01 -1.5294117647e+00 4.2934885741e+00
-5.8823529412e-01 -1.4957983193e+00 4.4015639326e+00
-5.8823529412e-01 -1.4621848739e+00 4.5158062266e+00
-5.8823529412e-01 -1.4285714286e+00 4.6368308237e+00
-5.8823529412e-01 -1.3949579832e+00 4.7653492095e+00
-5.8823529412e-01 -1.3613445378e+00 4.9021906917e+00
-5.8823529412e-01 -1.3277310924e+00 5.0483307547e+00
-5.8823529412e-01 -1.2941176471e+00 5.2049287039e+00
-5.8823529412e-01 -1.2605042017e+00 5.3733785617e+00
-5.8823529412e-01 -1.2268907563e+00 5.5553793075e+00
-5.8823529412e-01 -1.1932773109e+00 5.7530341167e+00
-5.8823529412e-01 -1.1596638655e+00 5.9689944199e+00
-5.8823529412e-01 -1.1260504202e+00 6.2066757324e+00
-5.8823529412e-01 -1.0924369748e+00 6.4705933209e+00
-5.8823529412e-01 -1.0588235294e+00 6.7669082511e+00
-5.8823529412e-01 -1.0252100840e+00 7.1043661094e+00
-5.8823529412e-01 -9.9159663866e-01 7.4960272246e+00
-5.8823529412e-01 -9.5798319328e-01 7.9627596331e+00
-5.8823529412e-01 -9.2436974790e-01 8.5412281540e+00
-5.8823529412e-01 -8.9075630252e-01 9.3058646073e+00
-5.8823529412e-01 -8.5714285714e-01 1.0451238706e+01
-5.8823529412e-01 -8.2352941176e-01 1.2932471154e+01
-5.8823529412e-01 -7.8991596639e-01 1.2622720034e+01
-5.8823529412e-01 -7.5630252101e-01 1.0687680623e+01
-5.8823529412e-01 -7.2268907563e-01 9.7971932247e+00
-5.8823529412e-01 -6.8907563025e-01 9.2295441392e+00
-5.8823529412e-01 -6.5546218487e-01 8.8207446419e+00
-5.8823529412e-01 -6.2184873950e-01 8.5065572892e+00
-5.8823529412e-01 -5.8823529412e-01 8.2551875388e+00
-5.8823529412e-01 -5.5462184874e-01 8.0486040316e+00
-5.8823529412e-01 -5.2100840336e-01 7.8756173796e+00
-5.8823529412e-01 -4.8739495798e-01 7.7288243856e+00
-5.8823529412e-01 -4.5378151261e-01 7.6030870439e+00
-5.8823529412e-01 -4.2016806723e-01 7.4947059442e+00
-5.8823529412e-01 -3.8655462185e-01 7.4009397414e+00
-5.8823529412e-01 -3.5294117647e-01 7.3197105106e+00
-5.8823529412e-01 -3.1932773109e-01 7.2494151192e+00
-5.8823529412e-01 -2.8571428571e-01 7.1888001299e+00
-5.8823529412e-01 -2.5210084034e-01 7.1368763920e+00
-5.8823529412e-01 -2.1848739496e-01 7.0928593342e+00
-5.8823529412e-01 -1.8487394958e-01 7.0561264449e+00
-5.8823529412e-01 -1.5126050420e-01 7.0261865865e+00
-5.8823529412e-01 -1.1764705882e-01 7.0026576984e+00
-5.8823529412e-01 -8.4033613445e-02 6.9852506194e+00
-5.8823529412e-01 -5.0420168067e-02 6.9737575263e+00
-5.8823529412e-01 -1.6806722689e-02 6.9680439881e+00
-5.8823529412e-01 1.6806722689e-02 6.9680439881e+00
-5.8823529412e-01 5.0420168067e-02 6.9737575263e+00
-5.8823529412e-01 8.4033613445e-02 6.9852506194e+00
-5.8823529412e-01 1.1764705882e-01 7.0026576984e+00
-5.8823529412e-01 1.5126050420e-01 7.0261865865e+00
-5.8823529412e-01 1.8487394958e-01 7.0561264449e+00
-5.8823529412e-01 2.1848739496e-01 7.0928593342e+00
-5.8823529412e-01 2.5210084034e-01 7.1368763920e+00
-5.8823529412e-01 2.8571428571e-01 7.1888001299e+00
-5.8823529412e-01 3.1932773109e-01 7.2494151192e+00
-5.8823529412e-01 3.5294117647e-01 7.3197105106e+00
-5.8823529412e-01 3.8655462185e-01 7.4009397414e+00
-5.8823529412e-01 4.2016806723e-01 7.4947059442e+00
-5.8823529412e-01 4.5378151261e-01 7.6030870439e+00
-5.8823529412e-01 4.8739495798e-01 7.7288243856e+00
-5.8823529412e-01 5.2100840336e-01 7.8756173796e+00
-5.8823529412e-01 5.5462184874e-01 8.0486040316e+00
-5.8823529412e-01 5.8823529412e-01 8.2551875388e+00
-5.8823529412e-01 6.2184873950e-01 8.5065572892e+00
-5.8823529412e-01 6.5546218487e-01 8.8207446419e+00
-5.8823529412e-01 6.8907563025e-01 9.2295441392e+00
-5.8823529412e-01 7.2268907563e-01 9.7971932247e+00
-5.8823529412e-01 7.5630252101e-01 1.0687680623e+01
-5.8823529412e-01 7.8991596639e-01 1.2622720034e+01
-5.8823529412e-01 8.2352941176e-01 1.2932471154e+01
-5.8823529412e-01 8.5714285714e-01 1.0451238706e+01
-5.8823529412e-01 8.9075630252e-01 9.3058646073e+00
-5.8823529412e-01 9.2436974790e-01 8.5412281540e+00
-5.8823529412e-01 9.5798319328e-01 7.9627596331e+00
-5.8823529412e-01 9.9159663866e-01 7.4960272246e+00
-5.8823529412e-01 1.0252100840e+00 7.1043661094e+00
-5.8823529412e-01 1.0588235294e+00 6.7669082511e+00
-5.8823529412e-01 1.0924369748e+00 6.4705933209e+00
-5.8823529412e-01 1.1260504202e+00 6.2066757324e+00
-5.8823529412e-01 1.1596638655e+00 5.9689944199e+00
-5.8823529412e-01 1.1932773109e+00 5.7530341167e+00
-5.8823529412e-01 1.2268907563e+00 5.5553793075e+00
-5.8823529412e-01 1.2605042017e+00 5.3733785617e+00
-5.8823529412e-01 1.2941176471e+00 5.2049287039e+00
-5.8823529412e-01 1.3277310924e+00 5.0483307547e+00
-5.8823529412e-01 1.3613445378e+00 4.9021906917e+00
-5.8823529412e-01 1.3949579832e+00 4.7653492095e+00
-5.8823529412e-01 1.4285714286e+00 4.6368308237e+00
-5.8823529412e-01 1.4621848739e+00 4.5158062266e+00
-5.8823529412e-01 1.4957983193e+00 4.4015639326e+00
-5.8823529412e-01 1.5294117647e+00 4.2934885741e+00
-5.8823529412e-01 1.5630252101e+00 4.1910440458e+00
-5.8823529412e-01 1.5966386555e+00 4.0937602414e+00
-5.8823529412e-01 1.6302521008e+00 4.0012224949e+00
-5.8823529412e-01 1.6638655462e+00 3.9130630836e+00
-5.8823529412e-01 1.6974789916e+00 3.8289543227e+00
-5.8823529412e-01 1.7310924370e+00 3.7486029039e+00
-5.8823529412e-01 1.7647058824e+00 3.6717452141e+00
-5.8823529412e-01 1.7983193277e+00 3.5981434364e+00
-5.8823529412e-01 1.8319327731e+00 3.5275822792e+00
-5.8823529412e-01 1.8655462185e+00 3.4598662145e+00
-5.8823529412e-01 1.8991596639e+00 3.3948171313e+00
-5.8823529412e-01 1.9327731092e+00 3.3322723321e+00
-5.8823529412e-01 1.9663865546e+00 3.2720828117e+00
-5.8823529412e-01 2.0000000000e+00 3.2141117724e+00

-5.5462184874e-01 -2.0000000000e+00 3.2304957237e+00
-5.5462184874e-01 -1.9663865546e+00 3.2893825758e+00
-5.5462184874e-01 -1.9327731092e+00 3.3505595546e+00
-5.5462184874e-01 -1.8991596639e+00 3.4141708674e+00
-5.5462184874e-01 -1.8655462185e+00 3.4803739074e+00
-5.5462184874e-01 -1.8319327731e+00 3.5493409013e+00
-5.5462184874e-01 -1.7983193277e+00 3.6212608234e+00
-5.5462184874e-01 -1.7647058824e+00 3.6963416351e+00
-5.5462184874e-01 -1.7310924370e+00 3.7748129162e+00
-5.5462184874e-01 -1.6974789916e+00 3.8569289772e+00
-5.5462184874e-01 -1.6638655462e+00 3.9429725618e+00
-5.5462184874e-01 -1.6302521008e+00 4.0332592832e+00
-5.5462184874e-01 -1.5966386555e+00 4.1281429782e+00
-5.5462184874e-01 -1.5630252101e+00 4.2280222216e+00
-5.5462184874e-01 -1.5294117647e+00 4.3333483203e+00
-5.5462184874e-01 -1.4957983193e+00 4.4446352181e+00
-5.5462184874e-01 -1.4621848739e+00 4.5624718954e+00
-5.5462184874e-01 -1.4285714286e+00 4.6875380701e+00
-5.5462184874e-01 -1.3949579832e+00 4.8206243322e+00
-5.5462184874e-01 -1.3613445378e+00 4.9626583248e+00
-5.5462184874e-01 -1.3277310924e+00 5.1147393251e+00
-5.5462184874e-01 -1.2941176471e+00 5.2781847234e+00
-5.5462184874e-01 -1.2605042017e+00 5.4545937415e+00
-5.5462184874e-01 -1.2268907563e+00 5.6459367727e+00
-5.5462184874e-01 -1.1932773109e+00 5.8546839285e+00
-5.5462184874e-01 -1.1596638655e+00 6.0839956470e+00
-5.5462184874e-01 -1.1260504202e+00 6.3380155208e+00
-5.5462184874e-01 -1.0924369748e+00 6.6223396538e+00
-5.5462184874e-01 -1.0588235294e+00 6.9448089250e+00
-5.5462184874e-01 -1.0252100840e+00 7.3169357368e+00
-5.5462184874e-01 -9.9159663866e-01 7.7566973248e+00
-5.5462184874e-01 -9.5798319328e-01 8.2946570299e+00
-5.5462184874e-01 -9.2436974790e-01 8.9897390739e+00
-5.5462184874e-01 -8.9075630252e-01 9.9819235452e+00
-5.5462184874e-01 -8.5714285714e-01 1.1789675277e+01
-5.5462184874e-01 -8.2352941176e-01 1.4091010329e+01
-5.5462184874e-01 -7.8991596639e-01 1.1031643246e+01
-5.5462184874e-01 -7.5630252101e-01 9.9643105987e+00
-5.5462184874e-01 -7.2268907563e-01 9.3243923856e+00
-5.5462184874e-01 -6.8907563025e-01 8.8761714348e+00
-5.5462184874e-01 -6.5546218487e-01 8.5369912615e+00
-5.5462184874e-01 -6.2184873950e-01 8.2681921686e+00
-5.5462184874e-01 -5.8823529412e-01 8.0486040316e+00
-5.5462184874e-01 -5.5462184874e-01 7.8653997057e+00
-5.5462184874e-01 -5.2100840336e-01 7.7102374296e+00
-5.5462184874e-01 -4.8739495798e-01 7.5774017551e+00
-5.5462184874e-01 -4.5378151261e-01 7.4628173058e+00
-5.5462184874e-01 -4.2016806723e-01 7.3634860690e+00
-5.5462184874e-01 -3.8655462185e-01 7.2771474531e+00
-5.5462184874e-01 -3.5294117647e-01 7.2020632511e+00
-5.5462184874e-01 -3.1932773109e-01 7.1368763920e+00
-5.5462184874e-01 -2.8571428571e-01 7.0805152264e+00
-5.5462184874e-01 -2.5210084034e-01 7.0321269775e+00
-5.5462184874e-01 -2.1848739496e-01 6.9910304923e+00
-5.5462184874e-01 -1.8487394958e-01 6.9566821458e+00
-5.5462184874e-01 -1.5126050420e-01 6.9286509586e+00
-5.5462184874e-01 -1.1764705882e-01 6.9066003429e+00
-5.5462184874e-01 -8.4033613445e-02 6.8902747553e+00
-5.5462184874e-01 -5.0420168067e-02 6.8794900977e+00
-5.5462184874e-01 -1.6806722689e-02 6.8741270868e+00
-5.5462184874e-01 1.6806722689e-02 6.8741270868e+00
-5.5462184874e-01 5.0420168067e-02 6.8794900977e+00
-5.5462184874e-01 8.4033613445e-02 6.8902747553e+00
-5.5462184874e-01 1.1764705882e-01 6.9066003429e+00
-5.5462184874e-01 1.5126050420e-01 6.9286509586e+00
-5.5462184874e-01 1.8487394958e-01 6.9566821458e+00
-5.5462184874e-01 2.1848739496e-01 6.9910304923e+00
-5.5462184874e-01 2.5210084034e-01 7.0321269775e+00
-5.5462184874e-01 2.8571428571e-01 7.0805152264e+00
-5.5462184874e-01 3.1932773109e-01 7.1368763920e+00
-5.5462184874e-01 3.5294117647e-01 7.2020632511e+00
-5.5462184874e-01 3.8655462185e-01 7.2771474531e+00
-5.5462184874e-01 4.2016806723e-01 7.3634860690e+00
-5.5462184874e-01 4.5378151261e-01 7.4628173058e+00
-5.5462184874e-01 4.8739495798e-01 7.5774017551e+00
-5.5462184874e-01 5.2100840336e-01 7.7102374296e+00
-5.5462184874e-01 5.5462184874e-01 7.8653997057e+00
-5.5462184874e-01 5.8823529412e-01 8.0486040316e+00
-5.5462184874e-01 6.2184873950e-01 8.2681921686e+00
-5.5462184874e-01 6.5546218487e-01 8.5369912615e+00
-5.5462184874e-01 6.8907563025e-01 8.8761714348e+00
-5.5462184874e-01 7.2268907563e-01 9.3243923856e+00
-5.5462184874e-01 7.5630252101e-01 9.9643105987e+00
-5.5462184874e-01 7.8991596639e-01 1.1031643246e+01
-5.5462184874e-01 8.2352941176e-01 1.4091010329e+01
-5.5462184874e-01 8.5714285714e-01 1.1789675277e+01
-5.5462184874e-01 8.9075630252e-01 9.9819235452e+00
-5.5462184874e-01 9.2436974790e-01 8.9897390739e+00
-5.5462184874e-01 9.5798319328e-01 8.2946570299e+00
-5.5462184874e-01 9.9159663866e-01 7.7566973248e+00
-5.5462184874e-01 1.0252100840e+00 7.3169357368e+00
-5.5462184874e-01 1.0588235294e+00 6.9448089250e+00
-5.5462184874e-01 1.0924369748e+00 6.6223396538e+00
-5.5462184874e-01 1.1260504202e+00 6.3380155208e+00
-5.5462184874e-01 1.1596638655e+00 6.0839956470e+00
-5.5462184874e-01 1.1932773109e+00 5.8546839285e+00
-5.5462184874e-01 1.2268907563e+00 5.6459367727e+00
-5.5462184874e-01 1.2605042017e+00 5.4545937415e+00
-5.5462184874e-01 1.2941176471e+00 5.2781847234e+00
-5.5462184874e-01 1.3277310924e+00 5.1147393251e+00
-5.5462184874e-01 1.3613445378e+00 4.9626583248e+00
-5.5462184874e-01 1.3949579832e+00 4.8206243322e+00
-5.5462184874e-01 1.4285714286e+00 4.6875380701e+00
-5.5462184874e-01 1.4621848739e+00 4.5624718954e+00
-5.5462184874e-01 1.4957983193e+00 4.4446352181e+00
-5.5462184874e-01 1.5294117647e+00 4.3333483203e+00
-5.5462184874e-01 1.5630252101e+00 4.2280222216e+00
-5.5462184874e-01 1.5966386555e+00 4.1281429782e+00
-5.5462184874e-01 1.6302521008e+00 4.0332592832e+00
-5.5462184874e-01 1.6638655462e+00 3.9429725618e+00
-5.5462184874e-01 1.6974789916e+00 3.8569289772e+00
-5.5462184874e-01 1.7310924370e+00 3.7748129162e+00
-5.5462184874e-01 1.7647058824e+00 3.6963416351e+00
-5.5462184874e-01 1.7983193277e+00 3.6212608234e+00
-5.5462184874e-01 1.8319327731e+00 3.5493409013e+00
-5.5462184874e-01 1.8655462185e+00 3.4803739074e+00
-5.5462184874e-01 1.8991596639e+00 3.4141708674e+00
-5.5462184874e-01 1.9327731092e+00 3.3505595546e+00
-5.5462184874e-01 1.9663865546e+00 3.2893825758e+00
-5.5462184874e-01 2.0000000000e+00 3.2304957237e+00

-5.2100840336e-01 -2.0000000000e+00 3.2461490711e+00
-5.2100840336e-01 -1.9663865546e+00 3.3059203140e+00
-5.2100840336e-01 -1.9327731092e+00 3.3680518295e+00
-5.2100840336e-01 -1.8991596639e+00 3.4326952012e+00
-5.2100840336e-01 -1.8655462185e+00 3.5000161925e+00
-5.2100840336e-01 -1.8319327731e+00 3.5701965613e+00
-5.2100840336e-01 -1.7983193277e+00 3.6434361768e+00
-5.2100840336e-01 -1.7647058824e+00 3.7199555037e+00
-5.2100840336e-01 -1.7310924370e+00 3.7999985346e+00
-5.2100840336e-01 -1.6974789916e+00 3.8838362705e+00
-5.2100840336e-01 -1.6638655462e+00 3.9717708823e+00
-5.2100840336e-01 -1.6302521008e+00 4.0641407194e+00
-5.2100840336e-01 -1.5966386555e+00 4.1613263868e+00
-5.2100840336e-01 -1.5630252101e+00 4.2637581797e+00
-5.2100840336e-01 -1.5294117647e+00 4.3719252628e+00
-5.2100840336e-01 -1.4957983193e+00 4.4863871190e+00
-5.2100840336e-01 -1.4621848739e+00 4.6077879836e+00
-5.2100840336e-01 -1.4285714286e+00 4.7368752685e+00
-5.2100840336e-01 -1.3949579832e+00 4.8745233933e+00
-5.2100840336e-01 -1.3613445378e+00 5.0217650766e+00
-5.2100840336e-01 -1.3277310924e+00 5.1798331153e+00
-5.2100840336e-01 -1.2941176471e+00 5.3502172280e+00
-5.2100840336e-01 -1.2605042017e+00 5.5347430706e+00
-5.2100840336e-01 -1.2268907563e+00 5.7356848005e+00
-5.2100840336e-01 -1.1932773109e+00 5.9559300583e+00
-5.2100840336e-01 -1.1596638655e+00 6.1992299719e+00
-5.2100840336e-01 -1.1260504202e+00 6.4705933209e+00
-5.2100840336e-01 -1.0924369748e+00 6.7769385711e+00
-5.2100840336e-01 -1.0588235294e+00 7.1282386092e+00
-5.2100840336e-01 -1.0252100840e+00 7.5396888911e+00
-5.2100840336e-01 -9.9159663866e-01 8.0362483275e+00
-5.2100840336e-01 -9.5798319328e-01 8.6635875946e+00
-5.2100840336e-01 -9.2436974790e-01 9.5208235131e+00
-5.2100840336e-01 -8.9075630252e-01 1.0904890270e+01
-5.2100840336e-01 -8.5714285714e-01 1.5711924096e+01
-5.2100840336e-01 -8.2352941176e-01 1.1619929337e+01
-5.2100840336e-01 -7.8991596639e-01 1.0228106049e+01
-5.2100840336e-01 -7.5630252101e-01 9.4771266219e+00
-5.2100840336e-01 -7.2268907563e-01 8.9727598831e+00
-5.2100840336e-01 -6.8907563025e-01 8.5995748197e+00
-5.2100840336e-01 -6.5546218487e-01 8.3078349333e+00
-5.2100840336e-01 -6.2184873950e-01 8.0715908682e+00
-5.2100840336e-01 -5.8823529412e-01 7.8756173796e+00
-5.2100840336e-01 -5.5462184874e-01 7.7102374296e+00
-5.2100840336e-01 -5.2100840336e-01 7.5689326281e+00
-5.2100840336e-01 -4.8739495798e-01 7.4471149472e+00
-5.2100840336e-01 -4.5378151261e-01 7.3414426930e+00
-5.2100840336e-01 -4.2016806723e-01 7.2494151192e+00
-5.2100840336e-01 -3.8655462185e-01 7.1691199281e+00
-5.2100840336e-01 -3.5294117647e-01 7.0990694894e+00
-5.2100840336e-01 -3.1932773109e-01 7.0380909817e+00
-5.2100840336e-01 -2.8571428571e-01 6.9852506194e+00
-5.2100840336e-01 -2.5210084034e-01 6.9398001693e+00
-5.2100840336e-01 -2.1848739496e-01 6.9011384858e+00
-5.2100840336e-01 -1.8487394958e-01 6.8687834454e+00
-5.2100840336e-01 -1.5126050420e-01 6.8423512713e+00
-5.2100840336e-01 -1.1764705882e-01 6.8215412451e+00
-5.2100840336e-01 -8.4033613445e-02 6.8061244543e+00
-5.2100840336e-01 -5.0420168067e-02 6.7959356550e+00
-5.2100840336e-01 -1.6806722689e-02 6.7908676297e+00
-5.2100840336e-01 1.6806722689e-02 6.7908676297e+00
-5.2100840336e-01 5.0420168067e-02 6.7959356550e+00
-5.2100840336e-01 8.4033613445e-02 6.8061244543e+00
-5.2100840336e-01 1.1764705882e-01 6.8215412451e+00
-5.2100840336e-01 1.5126050420e-01 6.8423512713e+00
-5.2100840336e-01 1.8487394958e-01 6.8687834454e+00
-5.2100840336e-01 2.1848739496e-01 6.9011384858e+00
-5.2100840336e-01 2.5210084034e-01 6.9398001693e+00
-5.2100840336e-01 2.8571428571e-01 6.9852506194e+00
-5.2100840336e-01 3.1932773109e-01 7.0380909817e+00
-5.2100840336e-01 3.5294117647e-01 7.0990694894e+00
-5.2100840336e-01 3.8655462185e-01 7.1691199281e+00
-5.2100840336e-01 4.2016806723e-01 7.2494151192e+00
-5.2100840336e-01 4.5378151261e-01 7.3414426930e+00
-5.2100840336e-01 4.8739495798e-01 7.4471149472e+00
-5.2100840336e-01 5.2100840336e-01 7.5689326281e+00
-5.2100840336e-01 5.5462184874e-01 7.7102374296e+00
-5.2100840336e-01 5.8823529412e-01 7.8756173796e+00
-5.2100840336e-01 6.2184873950e-01 8.0715908682e+00
-5.2100840336e-01 6.5546218487e-01 8.3078349333e+00
-5.2100840336e-01 6.8907563025e-01 8.5995748197e+00
-5.2100840336e-01 7.2268907563e-01 8.9727598831e+00
-5.2100840336e-01 7.5630252101e-01 9.4771266219e+00
-5.2100840336e-01 7.8991596639e-01 1.0228106049e+01
-5.2100840336e-01 8.2352941176e-01 1.1619929337e+01
-5.2100840336e-01 8.5714285714e-01 1.5711924096e+01
-5.2100840336e-01 8.9075630252e-01 1.0904890270e+01
-5.2100840336e-01 9.2436974790e-01 9.5208235131e+00
-5.2100840336e-01 9.5798319328e-01 8.6635875946e+00
-5.2100840336e-01 9.9159663866e-01 8.0362483275e+00
-5.2100840336e-01 1.0252100840e+00 7.5396888911e+00
-5.2100840336e-01 1.0588235294e+00 7.1282386092e+00
-5.2100840336e-01 1.0924369748e+00 6.7769385711e+00
-5.2100840336e-01 1.1260504202e+00 6.4705933209e+00
-5.2100840336e-01 1.1596638655e+00 6.1992299719e+00
-5.2100840336e-01 1.1932773109e+00 5.9559300583e+00
-5.2100840336e-01 1.2268907563e+00 5.7356848005e+00
-5.2100840336e-01 1.2605042017e+00 5.5347430706e+00
-5.2100840336e-01 1.2941176471e+00 5.3502172280e+00
-5.2100840336e-01 1.3277310924e+00 5.1798331153e+00
-5.2100840336e-01 1.3613445378e+00 5.0217650766e+00
-5.2100840336e-01 1.3949579832e+00 4.8745233933e+00
-5.2100840336e-01 1.4285714286e+00 4.7368752685e+00
-5.2100840336e-01 1.4621848739e+00 4.6077879836e+00
-5.2100840336e-01 1.4957983193e+00 4.4863871190e+00
-5.2100840336e-01 1.5294117647e+00 4.3719252628e+00
-5.2100840336e-01 1.5630252101e+00 4.2637581797e+00
-5.2100840336e-01 1.5966386555e+00 4.1613263868e+00
-5.2100840336e-01 1.6302521008e+00 4.0641407194e+00
-5.2100840336e-01 1.6638655462e+00 3.9717708823e+00
-5.2100840336e-01 1.6974789916e+00 3.8838362705e+00
-5.2100840336e-01 1.7310924370e+00 3.7999985346e+00
-5.2100840336e-01 1.7647058824e+00 3.7199555037e+00
-5.2100840336e-01 1.7983193277e+00 3.6434361768e+00
-5.2100840336e-01 1.8319327731e+00 3.5701965613e+00
-5.2100840336e-01 1.8655462185e+00 3.5000161925e+00
-5.2100840336e-01 1.8991596639e+00 3.4326952012e+00
-5.2100840336e-01 1.9327731092e+00 3.3680518295e+00
-5.2100840336e-01 1.9663865546e+00 3.3059203140e+00
-5.2100840336e-01 2.0000000000e+00 3.2461490711e+00

-4.8739495798e-01 -2.0000000000e+00 3.2610345316e+00
-4.8739495798e-01 -1.9663865546e+00 3.3216553738e+00
-4.8739495798e-01 -1.9327731092e+00 3.3847047595e+00
-4.8739495798e-01 -1.8991596639e+00 3.4503415659e+00
-4.8739495798e-01 -1.8655462185e+00 3.5187398506e+00
-4.8739495798e-01 -1.8319327731e+00 3.5900908382e+00
-4.8739495798e-01 -1.7983193277e+00 3.6646052462e+00
-4.8739495798e-01 -1.7647058824e+00 3.7425160230e+00
-4.8739495798e-01 -1.7310924370e+00 3.8240815919e+00
-4.8739495798e-01 -1.6974789916e+00 3.9095897187e+00
-4.8739495798e-01 -1.6638655462e+00 3.9993621528e+00
-4.8739495798e-01 -1.6302521008e+00 4.0937602414e+00
-4.8739495798e-01 -1.5966386555e+00 4.1931917735e+00
-4.8739495798e-01 -1.5630252101e+00 4.2981193984e+00
-4.8739495798e-01 -1.5294117647e+00 4.4090710803e+00
-4.8739495798e-01 -1.4957983193e+00 4.5266532192e+00
-4.8739495798e-01 -1.4621848739e+00 4.6515673116e+00
-4.8739495798e-01 -1.4285714286e+00 4.7846313769e+00
-4.8739495798e-01 -1.3949579832e+00 4.9268079105e+00
-4.8739495798e-01 -1.3613445378e+00 5.0792409349e+00
-4.8739495798e-01 -1.3277310924e+00 5.2433060001e+00
-4.8739495798e-01 -1.2941176471e+00 5.4206790358e+00
-4.8739495798e-01 -1.2605042017e+00 5.6134333895e+00
-4.8739495798e-01 -1.2268907563e+00 5.8241802818e+00
-4.8739495798e-01 -1.1932773109e+00 6.0562785397e+00
-4.8739495798e-01 -1.1596638655e+00 6.3141595141e+00
-4.8739495798e-01 -1.1260504202e+00 6.6038532101e+00
-4.8739495798e-01 -1.0924369748e+00 6.9338877458e+00
-4.8739495798e-01 -1.0588235294e+00 7.3169357368e+00
-4.8739495798e-01 -1.0252100840e+00 7.7731081942e+00
-4.8739495798e-01 -9.9159663866e-01 8.3373952825e+00
-4.8739495798e-01 -9.5798319328e-01 9.0797474733e+00
-4.8739495798e-01 -9.2436974790e-01 1.0177858041e+01
-4.8739495798e-01 -8.9075630252e-01 1.2427889190e+01
-4.8739495798e-01 -8.5714285714e-01 1.2775399074e+01
-4.8739495798e-01 -8.2352941176e-01 1.0636136375e+01
-4.8739495798e-01 -7.8991596639e-01 9.7039871194e+00
-4.8739495798e-01 -7.5630252101e-01 9.1178584927e+00
-4.8739495798e-01 -7.2268907563e-01 8.6980611858e+00
-4.8739495798e-01 -6.8907563025e-01 8.3761019139e+00
-4.8739495798e-01 -6.5546218487e-01 8.1185645754e+00
-4.8739495798e-01 -6.2184873950e-01 7.9066672542e+00
-4.8739495798e-01 -5.8823529412e-01 7.7288243856e+00
-4.8739495798e-01 -5.5462184874e-01 7.5774017551e+00
-4.8739495798e-01 -5.2100840336e-01 7.4471149472e+00
-4.8739495798e-01 -4.8739495798e-01 7.3341644640e+00
-4.8739495798e-01 -4.5378151261e-01 7.2357353696e+00
-4.8739495798e-01 -4.2016806723e-01 7.1496916174e+00
-4.8739495798e-01 -3.8655462185e-01 7.0743808866e+00
-4.8739495798e-01 -3.5294117647e-01 7.0085053601e+00
-4.8739495798e-01 -3.1932773109e-01 6.9510335337e+00
-4.8739495798e-01 -2.8571428571e-01 6.9011384858e+00
-4.8739495798e-01 -2.5210084034e-01 6.8581537520e+00
-4.8739495798e-01 -2.1848739496e-01 6.8215412451e+00
-4.8739495798e-01 -1.8487394958e-01 6.7908676297e+00
-4.8739495798e-01 -1.5126050420e-01 6.7657867775e+00
-4.8739495798e-01 -1.1764705882e-01 6.7460267079e+00
-4.8739495798e-01 -8.4033613445e-02 6.7313799200e+00
-4.8739495798e-01 -5.0420168067e-02 6.7216963712e+00
-4.8739495798e-01 -1.6806722689e-02 6.7168785906e+00
-4.8739495798e-01 1.6806722689e-02 6.7168785906e+00
-4.8739495798e-01 5.0420168067e-02 6.7216963712e+00
-4.8739495798e-01 8.4033613445e-02 6.7313799200e+00
-4.8739495798e-01 1.1764705882e-01 6.7460267079e+00
-4.8739495798e-01 1.5126050420e-01 6.7657867775e+00
-4.8739495798e-01 1.8487394958e-01 6.7908676297e+00
-4.8739495798e-01 2.1848739496e-01 6.8215412451e+00
-4.8739495798e-01 2.5210084034e-01 6.8581537520e+00
-4.8739495798e-01 2.8571428571e-01 6.9011384858e+00
-4.8739495798e-01 3.1932773109e-01 6.9510335337e+00
-4.8739495798e-01 3.5294117647e-01 7.0085053601e+00
-4.8739495798e-01 3.8655462185e-01 7.0743808866e+00
-4.8739495798e-01 4.2016806723e-01 7.1496916174e+00
-4.8739495798e-01 4.5378151261e-01 7.2357353696e+00
-4.8739495798e-01 4.8739495798e-01 7.3341644640e+00
-4.8739495798e-01 5.2100840336e-01 7.4471149472e+00
-4.8739495798e-01 5.5462184874e-01 7.5774017551e+00
-4.8739495798e-01 5.8823529412e-01 7.7288243856e+00
-4.8739495798e-01 6.2184873950e-01 7.9066672542e+00
-4.8739495798e-01 6.5546218487e-01 8.1185645754e+00
-4.8739495798e-01 6.8907563025e-01 8.3761019139e+00
-4.8739495798e-01 7.2268907563e-01 8.6980611858e+00
-4.8739495798e-01 7.5630252101e-01 9.1178584927e+00
-4.8739495798e-01 7.8991596639e-01 9.7039871194e+00
-4.8739495798e-01 8.2352941176e-01 1.0636136375e+01
-4.8739495798e-01 8.5714285714e-01 1.2775399074e+01
-4.8739495798e-01 8.9075630252e-01 1.2427889190e+01
-4.8739495798e-01 9.2436974790e-01 1.0177858041e+01
-4.8739495798e-01 9.5798319328e-01 9.0797474733e+00
-4.8739495798e-01 9.9159663866e-01 8.3373952825e+00
-4.8739495798e-01 1.0252100840e+00 7.7731081942e+00
-4.8739495798e-01 1.0588235294e+00 7.3169357368e+00
-4.8739495798e-01 1.0924369748e+00 6.9338877458e+00
-4.8739495798e-01 1.1260504202e+00 6.6038532101e+00
-4.8739495798e-01 1.1596638655e+00 6.3141595141e+00
-4.8739495798e-01 1.1932773109e+00 6.0562785397e+00
-4.8739495798e-01 1.2268907563e+00 5.8241802818e+00
-4.8739495798e-01 1.2605042017e+00 5.6134333895e+00
-4.8739495798e-01 1.2941176471e+00 5.4206790358e+00
-4.8739495798e-01 1.3277310924e+00 5.2433060001e+00
-4.8739495798e-01 1.3613445378e+00 5.0792409349e+00
-4.8739495798e-01 1.3949579832e+00 4.9268079105e+00
-4.8739495798e-01 1.4285714286e+00 4.7846313769e+00
-4.8739495798e-01 1.4621848739e+00 4.6515673116e+00
-4.8739495798e-01 1.4957983193e+00 4.5266532192e+00
-4.8739495798e-01 1.5294117647e+00 4.4090710803e+00
-4.8739495798e-01 1.5630252101e+00 4.2981193984e+00
-4.8739495798e-01 1.5966386555e+00 4.1931917735e+00
-4.8739495798e-01 1.6302521008e+00 4.0937602414e+00
-4.8739495798e-01 1.6638655462e+00 3.9993621528e+00
-4.8739495798e-01 1.6974789916e+00 3.9095897187e+00
-4.8739495798e-01 1.7310924370e+00 3.8240815919e+00
-4.8739495798e-01 1.7647058824e+00 3.7425160230e+00
-4.8739495798e-01 1.7983193277e+00 3.6646052462e+00
-4.8739495798e-01 1.8319327731e+00 3.5900908382e+00
-4.8739495798e-01 1.8655462185e+00 3.5187398506e+00
-4.8739495798e-01 1.8991596639e+00 3.4503415659e+00
-4.8739495798e-01 1.9327731092e+00 3.3847047595e+00
-4.8739495798e-01 1.9663865546e+00 3.3216553738e+00
-4.8739495798e-01 2.0000000000e+00 3.2610345316e+00

-4.5378151261e-01 -2.0000000000e+00 3.2751156993e+00
-4.5378151261e-01 -1.9663865546e+00 3.3365479943e+00
-4.5378151261e-01 -1.9327731092e+00 3.4004748460e+00
-4.5378151261e-01 -1.8991596639e+00 3.4670622894e+00
-4.5378151261e-01 -1.8655462185e+00 3.5364925392e+00
-4.5378151261e-01 -1.8319327731e+00 3.6089661512e+00
-4.5378151261e-01 -1.7983193277e+00 3.6847045606e+00
-4.5378151261e-01 -1.7647058824e+00 3.7639530814e+00
-4.5378151261e-01 -1.7310924370e+00 3.8469844714e+00
-4.5378151261e-01 -1.6974789916e+00 3.9341031976e+00
-4.5378151261e-01 -1.6638655462e+00 4.0256505786e+00
-4.5378151261e-01 -1.6302521008e+00 4.1220110284e+00
-4.5378151261e-01 -1.5966386555e+00 4.2236197072e+00
-4.5378151261e-01 -1.5630252101e+00 4.3309719782e+00
-4.5378151261e-01 -1.5294117647e+00 4.4446352181e+00
-4.5378151261e-01 -1.4957983193e+00 4.5652637307e+00
-4.5378151261e-01 -1.4621848739e+00 4.6936178090e+00
-4.5378151261e-01 -1.4285714286e+00 4.8305884347e+00
-4.5378151261e-01 -1.3949579832e+00 4.9772297651e+00
-4.5378151261e-01 -1.3613445378e+00 5.1348025948e+00
-4.5378151261e-01 -1.3277310924e+00 5.3048336177e+00
-4.5378151261e-01 -1.2941176471e+00 5.4891980086e+00
-4.5378151261e-01 -1.2605042017e+00 5.6902374046e+00
-4.5378151261e-01 -1.2268907563e+00 5.9109334041e+00
-4.5378151261e-01 -1.1932773109e+00 6.1551715251e+00
-4.5378151261e-01 -1.1596638655e+00 6.4281593820e+00
-4.5378151261e-01 -1.1260504202e+00 6.7371225853e+00
-4.5378151261e-01 -1.0924369748e+00 7.0925358076e+00
-4.5378151261e-01 -1.0588235294e+00 7.5104778361e+00
-4.5378151261e-01 -1.0252100840e+00 8.0176320056e+00
-4.5378151261e-01 -9.9159663866e-01 8.6635875946e+00
-4.5378151261e-01 -9.5798319328e-01 9.5588557070e+00
-4.5378151261e-01 -9.2436974790e-01 1.1054601877e+01
-4.5378151261e-01 -8.9075630252e-01 2.2666233375e+01
-4.5378151261e-01 -8.5714285714e-01 1.1302646498e+01
-4.5378151261e-01 -8.2352941176e-01 1.0035804557e+01
-4.5378151261e-01 -7.8991596639e-01 9.3243923856e+00
-4.5378151261e-01 -7.5630252101e-01 8.8390199434e+00
-4.5378151261e-01 -7.2268907563e-01 8.4766691148e+00
-4.5378151261e-01 -6.8907563025e-01 8.1916676483e+00
-4.5378151261e-01 -6.5546218487e-01 7.9597897238e+00
-4.5378151261e-01 -6.2184873950e-01 7.7666648895e+00
-4.5378151261e-01 -5.8823529412e-01 7.6030870439e+00
-4.5378151261e-01 -5.5462184874e-01 7.4628173058e+00
-4.5378151261e-01 -5.2100840336e-01 7.3414426930e+00
-4.5378151261e-01 -4.8739495798e-01 7.2357353696e+00
-4.5378151261e-01 -4.5378151261e-01 7.1432704514e+00
-4.5378151261e-01 -4.2016806723e-01 7.0621866830e+00
-4.5378151261e-01 -3.8655462185e-01 6.9910304923e+00
-4.5378151261e-01 -3.5294117647e-01 6.9286509586e+00
-4.5378151261e-01 -3.1932773109e-01 6.8741270868e+00
-4.5378151261e-01 -2.8571428571e-01 6.8267162664e+00
-4.5378151261e-01 -2.5210084034e-01 6.7858170369e+00
-4.5378151261e-01 -2.1848739496e-01 6.7509417664e+00
-4.5378151261e-01 -1.8487394958e-01 6.7216963712e+00
-4.5378151261e-01 -1.5126050420e-01 6.6977651529e+00
-4.5378151261e-01 -1.1764705882e-01 6.6788994463e+00
-4.5378151261e-01 -8.4033613445e-02 6.6649091757e+00
-4.5378151261e-01 -5.0420168067e-02 6.6556566983e+00
-4.5378151261e-01 -1.6806722689e-02 6.6510525065e+00
-4.5378151261e-01 1.6806722689e-02 6.6510525065e+00
-4.5378151261e-01 5.0420168067e-02 6.6556566983e+00
-4.5378151261e-01 8.4033613445e-02 6.6649091757e+00
-4.5378151261e-01 1.1764705882e-01 6.6788994463e+00
-4.5378151261e-01 1.5126050420e-01 6.6977651529e+00
-4.5378151261e-01 1.8487394958e-01 6.7216963712e+00
-4.5378151261e-01 2.1848739496e-01 6.7509417664e+00
-4.5378151261e-01 2.5210084034e-01 6.7858170369e+00
-4.5378151261e-01 2.8571428571e-01 6.8267162664e+00
-4.5378151261e-01 3.1932773109e-01 6.8741270868e+00
-4.5378151261e-01 3.5294117647e-01 6.9286509586e+00
-4.5378151261e-01 3.8655462185e-01 6.9910304923e+00
-4.5378151261e-01 4.2016806723e-01 7.0621866830e+00
-4.5378151261e-01 4.5378151261e-01 7.1432704514e+00
-4.5378151261e-01 4.8739495798e-01 7.2357353696e+00
-4.5378151261e-01 5.2100840336e-01 7.3414426930e+00
-4.5378151261e-01 5.5462184874e-01 7.4628173058e+00
-4.5378151261e-01 5.8823529412e-01 7.6030870439e+00
-4.5378151261e-01 6.2184873950e-01 7.7666648895e+00
-4.5378151261e-01 6.5546218487e-01 7.9597897238e+00
-4.5378151261e-01 6.8907563025e-01 8.1916676483e+00
-4.5378151261e-01 7.2268907563e-01 8.4766691148e+00
-4.5378151261e-01 7.5630252101e-01 8.8390199434e+00
-4.5378151261e-01 7.8991596639e-01 9.3243923856e+00
-4.5378151261e-01 8.2352941176e-01 1.0035804557e+01
-4.5378151261e-01 8.5714285714e-01 1.1302646498e+01
-4.5378151261e-01 8.9075630252e-01 2.2666233375e+01
-4.5378151261e-01 9.2436974790e-01 1.1054601877e+01
-4.5378151261e-01 9.5798319328e-01 9.5588557070e+00
-4.5378151261e-01 9.9159663866e-01 8.6635875946e+00
-4.5378151261e-01 1.0252100840e+00 8.0176320056e+00
-4.5378151261e-01 1.0588235294e+00 7.5104778361e+00
-4.5378151261e-01 1.0924369748e+00 7.0925358076e+00
-4.5378151261e-01 1.1260504202e+00 6.7371225853e+00
-4.5378151261e-01 1.1596638655e+00 6.4281593820e+00
-4.5378151261e-01 1.1932773109e+00 6.1551715251e+00
-4.5378151261e-01 1.2268907563e+00 5.9109334041e+00
-4.5378151261e-01 1.2605042017e+00 5.6902374046e+00
-4.5378151261e-01 1.2941176471e+00 5.4891980086e+00
-4.5378151261e-01 1.3277310924e+00 5.3048336177e+00
-4.5378151261e-01 1.3613445378e+00 5.1348025948e+00
-4.5378151261e-01 1.3949579832e+00 4.9772297651e+00
-4.5378151261e-01 1.4285714286e+00 4.8305884347e+00
-4.5378151261e-01 1.4621848739e+00 4.6936178090e+00
-4.5378151261e-01 1.4957983193e+00 4.5652637307e+00
-4.5378151261e-01 1.5294117647e+00 4.4446352181e+00
-4.5378151261e-01 1.5630252101e+00 4.3309719782e+00
-4.5378151261e-01 1.5966386555e+00 4.2236197072e+00
-4.5378151261e-01 1.6302521008e+00 4.1220110284e+00
-4.5378151261e-01 1.6638655462e+00 4.0256505786e+00
-4.5378151261e-01 1.6974789916e+00 3.9341031976e+00
-4.5378151261e-01 1.7310924370e+00 3.8469844714e+00
-4.5378151261e-01 1.7647058824e+00 3.7639530814e+00
-4.5378151261e-01 1.7983193277e+00 3.6847045606e+00
-4.5378151261e-01 1.8319327731e+00 3.6089661512e+00
-4.5378151261e-01 1.8655462185e+00 3.5364925392e+00
-4.5378151261e-01 1.8991596639e+00 3.4670622894e+00
-4.5378151261e-01 1.9327731092e+00 3.4004748460e+00
-4.5378151261e-01 1.9663865546e+00 3.3365479943e+00
-4.5378151261e-01 2.0000000000e+00 3.2751156993e+00

-4.2016806723e-01 -2.0000000000e+00 3.2883572666e+00
-4.2016806723e-01 -1.9663865546e+00 3.3505595546e+00
-4.2016806723e-01 -1.9327731092e+00 3.4153197678e+00
-4.2016806723e-01 -1.8991596639e+00 3.4828109085e+00
-4.2016806723e-01 -1.8655462185e+00 3.5532231472e+00
-4.2016806723e-01 -1.8319327731e+00 3.6267661596e+00
-4.2016806723e-01 -1.7983193277e+00 3.7036718804e+00
-4.2016806723e-01 -1.7647058824e+00 3.7841977665e+00
-4.2016806723e-01 -1.7310924370e+00 3.8686306887e+00
-4.2016806723e-01 -1.6974789916e+00 3.9572916053e+00
-4.2016806723e-01 -1.6638655462e+00 4.0505412166e+00
-4.2016806723e-01 -1.6302521008e+00 4.1487868607e+00
-4.2016806723e-01 -1.5966386555e+00 4.2524909989e+00
-4.2016806723e-01 -1.5630252101e+00 4.3621817570e+00
-4.2016806723e-01 -1.5294117647e+00 4.4784661592e+00
-4.2016806723e-01 -1.4957983193e+00 4.6020469359e+00
-4.2016806723e-01 -1.4621848739e+00 4.7337441463e+00
-4.2016806723e-01 -1.4285714286e+00 4.8745233933e+00
-4.2016806723e-01 -1.3949579832e+00 5.0255332321e+00
-4.2016806723e-01 -1.3613445378e+00 5.1881556623e+00
-4.2016806723e-01 -1.3277310924e+00 5.3640756772e+00
-4.2016806723e-01 -1.2941176471e+00 5.5553793075e+00
-4.2016806723e-01 -1.2605042017e+00 5.7646955800e+00
-4.2016806723e-01 -1.2268907563e+00 5.9954085731e+00
-4.2016806723e-01 -1.1932773109e+00 6.2519860939e+00
-4.2016806723e-01 -1.1596638655e+00 6.5405122371e+00
-4.2016806723e-01 -1.1260504202e+00 6.8695986171e+00
-4.2016806723e-01 -1.0924369748e+00 7.2520542919e+00
-4.2016806723e-01 -1.0588235294e+00 7.7082324186e+00
-4.2016806723e-01 -1.0252100840e+00 8.2736092260e+00
-4.2016806723e-01 -9.9159663866e-01 9.0193207524e+00
-4.2016806723e-01 -9.5798319328e-01 1.0127158334e+01
-4.2016806723e-01 -9.2436974790e-01 1.2427889190e+01
-4.2016806723e-01 -8.9075630252e-01 1.2622720034e+01
-4.2016806723e-01 -8.5714285714e-01 1.0537217463e+01
-4.2016806723e-01 -8.2352941176e-01 9.6154515681e+00
-4.2016806723e-01 -7.8991596639e-01 9.0334482935e+00
-4.2016806723e-01 -7.5630252101e-01 8.6155932514e+00
-4.2016806723e-01 -7.2268907563e-01 8.2945142648e+00
-4.2016806723e-01 -6.8907563025e-01 8.0372317305e+00
-4.2016806723e-01 -6.5546218487e-01 7.8251695460e+00
-4.2016806723e-01 -6.2184873950e-01 7.6468514709e+00
-4.2016806723e-01 -5.8823529412e-01 7.4947059442e+00
-4.2016806723e-01 -5.5462184874e-01 7.3634860690e+00
-4.2016806723e-01 -5.2100840336e-01 7.2494151192e+00
-4.2016806723e-01 -4.8739495798e-01 7.1496916174e+00
-4.2016806723e-01 -4.5378151261e-01 7.0621866830e+00
-4.2016806723e-01 -4.2016806723e-01 6.9852506194e+00
-4.2016806723e-01 -3.8655462185e-01 6.9175847318e+00
-4.2016806723e-01 -3.5294117647e-01 6.8581537520e+00
-4.2016806723e-01 -3.1932773109e-01 6.8061244543e+00
-4.2016806723e-01 -2.8571428571e-01 6.7608216964e+00
-4.2016806723e-01 -2.5210084034e-01 6.7216963712e+00
-4.2016806723e-01 -2.1848739496e-01 6.6883017076e+00
-4.2016806723e-01 -1.8487394958e-01 6.6602755590e+00
-4.2016806723e-01 -1.5126050420e-01 6.6373270835e+00
-4.2016806723e-01 -1.1764705882e-01 6.6192267233e+00
-4.2016806723e-01 -8.4033613445e-02 6.6057987201e+00
-4.2016806723e-01 -5.0420168067e-02 6.5969156396e+00
-4.2016806723e-01 -1.6806722689e-02 6.5924945398e+00
-4.2016806723e-01 1.6806722689e-02 6.5924945398e+00
-4.2016806723e-01 5.0420168067e-02 6.5969156396e+00
-4.2016806723e-01 8.4033613445e-02 6.6057987201e+00
-4.2016806723e-01 1.1764705882e-01 6.6192267233e+00
-4.2016806723e-01 1.5126050420e-01 6.6373270835e+00
-4.2016806723e-01 1.8487394958e-01 6.6602755590e+00
-4.2016806723e-01 2.1848739496e-01 6.6883017076e+00
-4.2016806723e-01 2.5210084034e-01 6.7216963712e+00
-4.2016806723e-01 2.8571428571e-01 6.7608216964e+00
-4.2016806723e-01 3.1932773109e-01 6.8061244543e+00
-4.2016806723e-01 3.5294117647e-01 6.8581537520e+00
-4.2016806723e-01 3.8655462185e-01 6.9175847318e+00
-4.2016806723e-01 4.2016806723e-01 6.9852506194e+00
-4.2016806723e-01 4.5378151261e-01 7.0621866830e+00
-4.2016806723e-01 4.8739495798e-01 7.1496916174e+00
-4.2016806723e-01 5.2100840336e-01 7.2494151192e+00
-4.2016806723e-01 5.5462184874e-01 7.3634860690e+00
-4.2016806723e-01 5.8823529412e-01 7.4947059442e+00
-4.2016806723e-01 6.2184873950e-01 7.6468514709e+00
-4.2016806723e-01 6.5546218487e-01 7.8251695460e+00
-4.2016806723e-01 6.8907563025e-01 8.0372317305e+00
-4.2016806723e-01 7.2268907563e-01 8.2945142648e+00
-4.2016806723e-01 7.5630252101e-01 8.6155932514e+00
-4.2016806723e-01 7.8991596639e-01 9.0334482935e+00
-4.2016806723e-01 8.2352941176e-01 9.6154515681e+00
-4.2016806723e-01 8.5714285714e-01 1.0537217463e+01
-4.2016806723e-01 8.9075630252e-01 1.2622720034e+01
-4.2016806723e-01 9.2436974790e-01 1.2427889190e+01
-4.2016806723e-01 9.5798319328e-01 1.0127158334e+01
-4.2016806723e-01 9.9159663866e-01 9.0193207524e+00
-4.2016806723e-01 1.0252100840e+00 8.2736092260e+00
-4.2016806723e-01 1.0588235294e+00 7.7082324186e+00
-4.2016806723e-01 1.0924369748e+00 7.2520542919e+00
-4.2016806723e-01 1.1260504202e+00 6.8695986171e+00
-4.2016806723e-01 1.1596638655e+00 6.5405122371e+00
-4.2016806723e-01 1.1932773109e+00 6.2519860939e+00
-4.2016806723e-01 1.2268907563e+00 5.9954085731e+00
-4.2016806723e-01 1.2605042017e+00 5.7646955800e+00
-4.2016806723e-01 1.2941176471e+00 5.5553793075e+00
-4.2016806723e-01 1.3277310924e+00 5.3640756772e+00
-4.2016806723e-01 1.3613445378e+00 5.1881556623e+00
-4.2016806723e-01 1.3949579832e+00 5.0255332321e+00
-4.2016806723e-01 1.4285714286e+00 4.8745233933e+00
-4.2016806723e-01 1.4621848739e+00 4.7337441463e+00
-4.2016806723e-01 1.4957983193e+00 4.6020469359e+00
-4.2016806723e-01 1.5294117647e+00 4.4784661592e+00
-4.2016806723e-01 1.5630252101e+00 4.3621817570e+00
-4.2016806723e-01 1.5966386555e+00 4.2524909989e+00
-4.2016806723e-01 1.6302521008e+00 4.1487868607e+00
-4.2016806723e-01 1.6638655462e+00 4.0505412166e+00
-4.2016806723e-01 1.6974789916e+00 3.9572916053e+00
-4.2016806723e-01 1.7310924370e+00 3.8686306887e+00
-4.2016806723e-01 1.7647058824e+00 3.7841977665e+00
-4.2016806723e-01 1.7983193277e+00 3.7036718804e+00
-4.2016806723e-01 1.8319327731e+00 3.6267661596e+00
-4.2016806723e-01 1.8655462185e+00 3.5532231472e+00
-4.2016806723e-01 1.8991596639e+00 3.4828109085e+00
-4.2016806723e-01 1.9327731092e+00 3.4153197678e+00
-4.2016806723e-01 1.9663865546e+00 3.3505595546e+00
-4.2016806723e-01 2.0000000000e+00 3.2883572666e+00

-3.8655462185e-01 -2.0000000000e+00 3.3007252479e+00
-3.8655462185e-01 -1.9663865546e+00 3.3636528259e+00
-3.8655462185e-01 -1.9327731092e+00 3.4291986655e+00
-3.8655462185e-01 -1.8991596639e+00 3.4975424902e+00
-3.8655462185e-01 -1.8655462185e+00 3.5688821583e+00
-3.8655462185e-01 -1.8319327731e+00 3.6434361768e+00
-3.8655462185e-01 -1.7983193277e+00 3.7214466685e+00
-3.8655462185e-01 -1.7647058824e+00 3.8031829008e+00
-3.8655462185e-01 -1.7310924370e+00 3.8889455055e+00
-3.8655462185e-01 -1.6974789916e+00 3.9790715640e+00
-3.8655462185e-01 -1.6638655462e+00 4.0739407812e+00
-3.8655462185e-01 -1.6302521008e+00 4.1739830451e+00
-3.8655462185e-01 -1.5966386555e+00 4.2796877673e+00
-3.8655462185e-01 -1.5630252101e+00 4.3916155395e+00
-3.8655462185e-01 -1.5294117647e+00 4.5104128414e+00
-3.8655462185e-01 -1.4957983193e+00 4.6368308237e+00
-3.8655462185e-01 -1.4621848739e+00 4.7717496191e+00
-3.8655462185e-01 -1.4285714286e+00 4.9162102806e+00
-3.8655462185e-01 -1.3949579832e+00 5.0714574491e+00
-3.8655462185e-01 -1.3613445378e+00 5.2389974401e+00
-3.8655462185e-01 -1.3277310924e+00 5.4206790358e+00
-3.8655462185e-01 -1.2941176471e+00 5.6188086646e+00
-3.8655462185e-01 -1.2605042017e+00 5.8363193557e+00
-3.8655462185e-01 -1.2268907563e+00 6.0770270314e+00
-3.8655462185e-01 -1.1932773109e+00 6.3460351221e+00
-3.8655462185e-01 -1.1596638655e+00 6.6504050537e+00
-3.8655462185e-01 -1.1260504202e+00 7.0003361400e+00
-3.8655462185e-01 -1.0924369748e+00 7.4114075644e+00
-3.8655462185e-01 -1.0588235294e+00 7.9092957188e+00
-3.8655462185e-01 -1.0252100840e+00 8.5412281540e+00
-3.8655462185e-01 -9.9159663866e-01 9.4106356450e+00
-3.8655462185e-01 -9.5798319328e-01 1.0833829086e+01
-3.8655462185e-01 -9.2436974790e-01 1.6639310121e+01
-3.8655462185e-01 -8.9075630252e-01 1.1377057334e+01
-3.8655462185e-01 -8.5714285714e-01 1.0035804557e+01
-3.8655462185e-01 -8.2352941176e-01 9.3001898513e+00
-3.8655462185e-01 -7.8991596639e-01 8.8026641917e+00
-3.8655462185e-01 -7.5630252101e-01 8.4328203639e+00
-3.8655462185e-01 -7.2268907563e-01 8.1425700417e+00
-3.8655462185e-01 -6.8907563025e-01 7.9066672542e+00
-3.8655462185e-01 -6.5546218487e-01 7.7102374296e+00
-3.8655462185e-01 -6.2184873950e-01 7.5437966342e+00
-3.8655462185e-01 -5.8823529412e-01 7.4009397414e+00
-3.8655462185e-01 -5.5462184874e-01 7.2771474531e+00
-3.8655462185e-01 -5.2100840336e-01 7.1691199281e+00
-3.8655462185e-01 -4.8739495798e-01 7.0743808866e+00
-3.8655462185e-01 -4.5378151261e-01 6.9910304923e+00
-3.8655462185e-01 -4.2016806723e-01 6.9175847318e+00
-3.8655462185e-01 -3.8655462185e-01 6.8528674435e+00
-3.8655462185e-01 -3.5294117647e-01 6.7959356550e+00
-3.8655462185e-01 -3.1932773109e-01 6.7460267079e+00
-3.8655462185e-01 -2.8571428571e-01 6.7025200520e+00
-3.8655462185e-01 -2.5210084034e-01 6.6649091757e+00
-3.8655462185e-01 -2.1848739496e-01 6.6327807101e+00
-3.8655462185e-01 -1.8487394958e-01 6.6057987201e+00
-3.8655462185e-01 -1.5126050420e-01 6.5836928342e+00
-3.8655462185e-01 -1.1764705882e-01 6.5662492736e+00
-3.8655462185e-01 -8.4033613445e-02 6.5533041299e+00
-3.8655462185e-01 -5.0420168067e-02 6.5447384326e+00
-3.8655462185e-01 -1.6806722689e-02 6.5404746900e+00
-3.8655462185e-01 1.6806722689e-02 6.5404746900e+00
-3.8655462185e-01 5.0420168067e-02 6.5447384326e+00
-3.8655462185e-01 8.4033613445e-02 6.5533041299e+00
-3.8655462185e-01 1.1764705882e-01 6.5662492736e+00
-3.8655462185e-01 1.5126050420e-01 6.5836928342e+00
-3.8655462185e-01 1.8487394958e-01 6.6057987201e+00
-3.8655462185e-01 2.1848739496e-01 6.6327807101e+00
-3.8655462185e-01 2.5210084034e-01 6.6649091757e+00
-3.8655462185e-01 2.8571428571e-01 6.7025200520e+00
-3.8655462185e-01 3.1932773109e-01 6.7460267079e+00
-3.8655462185e-01 3.5294117647e-01 6.7959356550e+00
-3.8655462185e-01 3.8655462185e-01 6.8528674435e+00
-3.8655462185e-01 4.2016806723e-01 6.9175847318e+00
-3.8655462185e-01 4.5378151261e-01 6.9910304923e+00
-3.8655462185e-01 4.8739495798e-01 7.0743808866e+00
-3.8655462185e-01 5.2100840336e-01 7.1691199281e+00
-3.8655462185e-01 5.5462184874e-01 7.2771474531e+00
-3.8655462185e-01 5.8823529412e-01 7.4009397414e+00
-3.8655462185e-01 6.2184873950e-01 7.5437966342e+00
-3.8655462185e-01 6.5546218487e-01 7.7102374296e+00
-3.8655462185e-01 6.8907563025e-01 7.9066672542e+00
-3.8655462185e-01 7.2268907563e-01 8.1425700417e+00
-3.8655462185e-01 7.5630252101e-01 8.4328203639e+00
-3.8655462185e-01 7.8991596639e-01 8.8026641917e+00
-3.8655462185e-01 8.2352941176e-01 9.3001898513e+00
-3.8655462185e-01 8.5714285714e-01 1.0035804557e+01
-3.8655462185e-01 8.9075630252e-01 1.1377057334e+01
-3.8655462185e-01 9.2436974790e-01 1.6639310121e+01
-3.8655462185e-01 9.5798319328e-01 1.0833829086e+01
-3.8655462185e-01 9.9159663866e-01 9.4106356450e+00
-3.8655462185e-01 1.0252100840e+00 8.5412281540e+00
-3.8655462185e-01 1.0588235294e+00 7.9092957188e+00
-3.8655462185e-01 1.0924369748e+00 7.4114075644e+00
-3.8655462185e-01 1.1260504202e+00 7.0003361400e+00
-3.8655462185e-01 1.1596638655e+00 6.6504050537e+00
-3.8655462185e-01 1.1932773109e+00 6.3460351221e+00
-3.8655462185e-01 1.2268907563e+00 6.0770270314e+00
-3.8655462185e-01 1.2605042017e+00 5.8363193557e+00
-3.8655462185e-01 1.2941176471e+00 5.6188086646e+00
-3.8655462185e-01 1.3277310924e+00 5.4206790358e+00
-3.8655462185e-01 1.3613445378e+00 5.2389974401e+00
-3.8655462185e-01 1.3949579832e+00 5.0714574491e+00
-3.8655462185e-01 1.4285714286e+00 4.9162102806e+00
-3.8655462185e-01 1.4621848739e+00 4.7717496191e+00
-3.8655462185e-01 1.4957983193e+00 4.6368308237e+00
-3.8655462185e-01 1.5294117647e+00 4.5104128414e+00
-3.8655462185e-01 1.5630252101e+00 4.3916155395e+00
-3.8655462185e-01 1.5966386555e+00 4.2796877673e+00
-3.8655462185e-01 1.6302521008e+00 4.1739830451e+00
-3.8655462185e-01 1.6638655462e+00 4.0739407812e+00
-3.8655462185e-01 1.6974789916e+00 3.9790715640e+00
-3.8655462185e-01 1.7310924370e+00 3.8889455055e+00
-3.8655462185e-01 1.7647058824e+00 3.8031829008e+00
-3.8655462185e-01 1.7983193277e+00 3.7214466685e+00
-3.8655462185e-01 1.8319327731e+00 3.6434361768e+00
-3.8655462185e-01 1.8655462185e+00 3.5688821583e+00
-3.8655462185e-01 1.8991596639e+00 3.4975424902e+00
-3.8655462185e-01 1.9327731092e+00 3.4291986655e+00
-3.8655462185e-01 1.9663865546e+00 3.3636528259e+00
-3.8655462185e-01 2.0000000000e+00 3.3007252479e+00

-3.5294117647e-01 -2.0000000000e+00 3.3121872035e+00
-3.5294117647e-01 -1.9663865546e+00 3.3757922240e+00
-3.5294117647e-01 -1.9327731092e+00 3.4420724284e+00
-3.5294117647e-01 -1.8991596639e+00 3.5112139570e+00
-3.5294117647e-01 -1.8655462185e+00 3.5834220218e+00
-3.5294117647e-01 -1.8319327731e+00 3.6589235918e+00
-3.5294117647e-01 -1.7983193277e+00 3.7379705725e+00
-3.5294117647e-01 -1.7647058824e+00 3.8208435956e+00
-3.5294117647e-01 -1.7310924370e+00 3.9078565653e+00
-3.5294117647e-01 -1.6974789916e+00 3.9993621528e+00
-3.5294117647e-01 -1.6638655462e+00 4.0957584904e+00
-3.5294117647e-01 -1.6302521008e+00 4.1974973966e+00
-3.5294117647e-01 -1.5966386555e+00 4.3050945796e+00
-3.5294117647e-01 -1.5630252101e+00 4.4191424253e+00
-3.5294117647e-01 -1.5294117647e+00 4.5403262084e+00
-3.5294117647e-01 -1.4957983193e+00 4.6694449032e+00
-3.5294117647e-01 -1.4621848739e+00 4.8074382730e+00
-3.5294117647e-01 -1.4285714286e+00 4.9554226889e+00
-3.5294117647e-01 -1.3949579832e+00 5.1147393251e+00
-3.5294117647e-01 -1.3613445378e+00 5.2870203089e+00
-3.5294117647e-01 -1.3277310924e+00 5.4742815896e+00
-3.5294117647e-01 -1.2941176471e+00 5.6790567656e+00
-3.5294117647e-01 -1.2605042017e+00 5.9045958824e+00
-3.5294117647e-01 -1.2268907563e+00 6.1551715251e+00
-3.5294117647e-01 -1.1932773109e+00 6.4365708374e+00
-3.5294117647e-01 -1.1596638655e+00 6.7569291336e+00
-3.5294117647e-01 -1.1260504202e+00 7.1282386092e+00
-3.5294117647e-01 -1.0924369748e+00 7.5693225435e+00
-3.5294117647e-01 -1.0588235294e+00 8.1124182234e+00
-3.5294117647e-01 -1.0252100840e+00 8.8204056766e+00
-3.5294117647e-01 -9.9159663866e-01 9.8459613577e+00
-3.5294117647e-01 -9.5798319328e-01 1.1789675277e+01
-3.5294117647e-01 -9.2436974790e-01 1.3323374417e+01
-3.5294117647e-01 -8.9075630252e-01 1.0687680623e+01
-3.5294117647e-01 -8.5714285714e-01 9.6739788898e+00
-3.5294117647e-01 -8.2352941176e-01 9.0541650810e+00
-3.5294117647e-01 -7.8991596639e-01 8.6155932514e+00
-3.5294117647e-01 -7.5630252101e-01 8.2813005496e+00
-3.5294117647e-01 -7.2268907563e-01 8.0147240537e+00
-3.5294117647e-01 -6.8907563025e-01 7.7956485987e+00
-3.5294117647e-01 -6.5546218487e-01 7.6117430430e+00
-3.5294117647e-01 -6.2184873950e-01 7.4549462830e+00
-3.5294117647e-01 -5.8823529412e-01 7.3197105106e+00
-3.5294117647e-01 -5.5462184874e-01 7.2020632511e+00
-3.5294117647e-01 -5.2100840336e-01 7.0990694894e+00
-3.5294117647e-01 -4.8739495798e-01 7.0085053601e+00
-3.5294117647e-01 -4.5378151261e-01 6.9286509586e+00
-3.5294117647e-01 -4.2016806723e-01 6.8581537520e+00
-3.5294117647e-01 -3.8655462185e-01 6.7959356550e+00
-3.5294117647e-01 -3.5294117647e-01 6.7411281155e+00
-3.5294117647e-01 -3.1932773109e-01 6.6930257360e+00
-3.5294117647e-01 -2.8571428571e-01 6.6510525065e+00
-3.5294117647e-01 -2.5210084034e-01 6.6147368319e+00
-3.5294117647e-01 -2.1848739496e-01 6.5836928342e+00
-3.5294117647e-01 -1.8487394958e-01 6.5576062263e+00
-3.5294117647e-01 -1.5126050420e-01 6.5362235910e+00
-3.5294117647e-01 -1.1764705882e-01 6.5193442505e+00
-3.5294117647e-01 -8.4033613445e-02 6.5068141542e+00
-3.5294117647e-01 -5.0420168067e-02 6.4985213827e+00
-3.5294117647e-01 -1.6806722689e-02 6.4943929892e+00
-3.5294117647e-01 1.6806722689e-02 6.4943929892e+00
-3.5294117647e-01 5.0420168067e-02 6.4985213827e+00
-3.5294117647e-01 8.4033613445e-02 6.5068141542e+00
-3.5294117647e-01 1.1764705882e-01 6.5193442505e+00
-3.5294117647e-01 1.5126050420e-01 6.5362235910e+00
-3.5294117647e-01 1.8487394958e-01 6.5576062263e+00
-3.5294117647e-01 2.1848739496e-01 6.5836928342e+00
-3.5294117647e-01 2.5210084034e-01 6.6147368319e+00
-3.5294117647e-01 2.8571428571e-01 6.6510525065e+00
-3.5294117647e-01 3.1932773109e-01 6.6930257360e+00
-3.5294117647e-01 3.5294117647e-01 6.7411281155e+00
-3.5294117647e-01 3.8655462185e-01 6.7959356550e+00
-3.5294117647e-01 4.2016806723e-01 6.8581537520e+00
-3.5294117647e-01 4.5378151261e-01 6.9286509586e+00
-3.5294117647e-01 4.8739495798e-01 7.0085053601e+00
-3.5294117647e-01 5.2100840336e-01 7.0990694894e+00
-3.5294117647e-01 5.5462184874e-01 7.2020632511e+00
-3.5294117647e-01 5.8823529412e-01 7.3197105106e+00
-3.5294117647e-01 6.2184873950e-01 7.4549462830e+00
-3.5294117647e-01 6.5546218487e-01 7.6117430430e+00
-3.5294117647e-01 6.8907563025e-01 7.7956485987e+00
-3.5294117647e-01 7.2268907563e-01 8.0147240537e+00
-3.5294117647e-01 7.5630252101e-01 8.2813005496e+00
-3.5294117647e-01 7.8991596639e-01 8.6155932514e+00
-3.5294117647e-01 8.2352941176e-01 9.0541650810e+00
-3.5294117647e-01 8.5714285714e-01 9.6739788898e+00
-3.5294117647e-01 8.9075630252e-01 1.0687680623e+01
-3.5294117647e-01 9.2436974790e-01 1.3323374417e+01
-3.5294117647e-01 9.5798319328e-01 1.1789675277e+01
-3.5294117647e-01 9.9159663866e-01 9.8459613577e+00
-3.5294117647e-01 1.0252100840e+00 8.8204056766e+00
-3.5294117647e-01 1.0588235294e+00 8.1124182234e+00
-3.5294117647e-01 1.0924369748e+00 7.5693225435e+00
-3.5294117647e-01 1.1260504202e+00 7.1282386092e+00
-3.5294117647e-01 1.1596638655e+00 6.7569291336e+00
-3.5294117647e-01 1.1932773109e+00 6.4365708374e+00
-3.5294117647e-01 1.2268907563e+00 6.1551715251e+00
-3.5294117647e-01 1.2605042017e+00 5.9045958824e+00
-3.5294117647e-01 1.2941176471e+00 5.6790567656e+00
-3.5294117647e-01 1.3277310924e+00 5.4742815896e+00
-3.5294117647e-01 1.3613445378e+00 5.2870203089e+00
-3.5294117647e-01 1.3949579832e+00 5.1147393251e+00
-3.5294117647e-01 1.4285714286e+00 4.9554226889e+00
-3.5294117647e-01 1.4621848739e+00 4.8074382730e+00
-3.5294117647e-01 1.4957983193e+00 4.6694449032e+00
-3.5294117647e-01 1.5294117647e+00 4.5403262084e+00
-3.5294117647e-01 1.5630252101e+00 4.4191424253e+00
-3.5294117647e-01 1.5966386555e+00 4.3050945796e+00
-3.5294117647e-01 1.6302521008e+00 4.1974973966e+00
-3.5294117647e-01 1.6638655462e+00 4.0957584904e+00
-3.5294117647e-01 1.6974789916e+00 3.9993621528e+00
-3.5294117647e-01 1.7310924370e+00 3.9078565653e+00
-3.5294117647e-01 1.7647058824e+00 3.8208435956e+00
-3.5294117647e-01 1.7983193277e+00 3.7379705725e+00
-3.5294117647e-01 1.8319327731e+00 3.6589235918e+00
-3.5294117647e-01 1.8655462185e+00 3.5834220218e+00
-3.5294117647e-01 1.8991596639e+00 3.5112139570e+00
-3.5294117647e-01 1.9327731092e+00 3.4420724284e+00
-3.5294117647e-01 1.9663865546e+00 3.3757922240e+00
-3.5294117647e-01 2.0000000000e+00 3.3121872035e+00

-3.1932773109e-01 -2.0000000000e+00 3.3227124610e+00
-3.1932773109e-01 -1.9663865546e+00 3.3869440609e+00
-3.1932773109e-01 -1.9327731092e+00 3.4539039790e+00
-3.1932773109e-01 -1.8991596639e+00 3.5237844119e+00
-3.1932773109e-01 -1.8655462185e+00 3.5967975232e+00
-3.1932773109e-01 -1.8319327731e+00 3.6731782947e+00
-3.1932773109e-01 -1.7983193277e+00 3.7531879130e+00
-3.1932773109e-01 -1.7647058824e+00 3.8371178129e+00
-3.1932773109e-01 -1.7310924370e+00 3.9252945428e+00
-3.1932773109e-01 -1.6974789916e+00 4.0180856613e+00
-3.1932773109e-01 -1.6638655462e+00 4.1159069428e+00
-3.1932773109e-01 -1.6302521008e+00 4.2192312611e+00
-3.1932773109e-01 -1.5966386555e+00 4.3285996495e+00
-3.1932773109e-01 -1.5630252101e+00 4.4446352181e+00
-3.1932773109e-01 -1.5294117647e+00 4.5680608730e+00
-3.1932773109e-01 -1.4957983193e+00 4.6997221729e+00
-3.1932773109e-01 -1.4621848739e+00 4.8406172424e+00
-3.1932773109e-01 -1.4285714286e+00 4.9919365609e+00
-3.1932773109e-01 -1.3949579832e+00 5.1551168636e+00
-3.1932773109e-01 -1.3613445378e+00 5.3319156924e+00
-3.1932773109e-01 -1.3277310924e+00 5.5245169859e+00
-3.1932773109e-01 -1.2941176471e+00 5.7356848005e+00
-3.1932773109e-01 -1.2605042017e+00 5.9689944199e+00
-3.1932773109e-01 -1.2268907563e+00 6.2291933375e+00
-3.1932773109e-01 -1.1932773109e+00 6.5227917018e+00
-3.1932773109e-01 -1.1596638655e+00 6.8590846009e+00
-3.1932773109e-01 -1.1260504202e+00 7.2520542919e+00
-3.1932773109e-01 -1.0924369748e+00 7.7242613532e+00
-3.1932773109e-01 -1.0588235294e+00 8.3159176368e+00
-3.1932773109e-01 -1.0252100840e+00 9.1106166845e+00
-3.1932773109e-01 -9.9159663866e-01 1.0337635100e+01
-3.1932773109e-01 -9.5798319328e-01 1.3353422310e+01
-3.1932773109e-01 -9.2436974790e-01 1.1898990512e+01
-3.1932773109e-01 -8.9075630252e-01 1.0228106049e+01
-3.1932773109e-01 -8.5714285714e-01 9.3990883064e+00
-3.1932773109e-01 -8.2352941176e-01 8.8574941483e+00
-3.1932773109e-01 -7.8991596639e-01 8.4619239363e+00
-3.1932773109e-01 -7.5630252101e-01 8.1547066869e+00
-3.1932773109e-01 -7.2268907563e-01 7.9066672542e+00
-3.1932773109e-01 -6.8907563025e-01 7.7010251372e+00
-3.1932773109e-01 -6.5546218487e-01 7.5272609574e+00
-3.1932773109e-01 -6.2184873950e-01 7.3783587089e+00
-3.1932773109e-01 -5.8823529412e-01 7.2494151192e+00
-3.1932773109e-01 -5.5462184874e-01 7.1368763920e+00
-3.1932773109e-01 -5.2100840336e-01 7.0380909817e+00
-3.1932773109e-01 -4.8739495798e-01 6.9510335337e+00
-3.1932773109e-01 -4.5378151261e-01 6.8741270868e+00
-3.1932773109e-01 -4.2016806723e-01 6.8061244543e+00
-3.1932773109e-01 -3.8655462185e-01 6.7460267079e+00
-3.1932773109e-01 -3.5294117647e-01 6.6930257360e+00
-3.1932773109e-01 -3.1932773109e-01 6.6464628971e+00
-3.1932773109e-01 -2.8571428571e-01 6.6057987201e+00
-3.1932773109e-01 -2.5210084034e-01 6.5705903699e+00
-3.1932773109e-01 -2.1848739496e-01 6.5404746900e+00
-3.1932773109e-01 -1.8487394958e-01 6.5151553388e+00
-3.1932773109e-01 -1.5126050420e-01 6.4943929892e+00
-3.1932773109e-01 -1.1764705882e-01 6.4779978734e+00
-3.1932773109e-01 -8.4033613445e-02 6.4658241631e+00
-3.1932773109e-01 -5.0420168067e-02 6.4577658283e+00
-3.1932773109e-01 -1.6806722689e-02 6.4537537218e+00
-3.1932773109e-01 1.6806722689e-02 6.4537537218e+00
-3.1932773109e-01 5.0420168067e-02 6.4577658283e+00
-3.1932773109e-01 8.4033613445e-02 6.4658241631e+00
-3.1932773109e-01 1.1764705882e-01 6.4779978734e+00
-3.1932773109e-01 1.5126050420e-01 6.4943929892e+00
-3.1932773109e-01 1.8487394958e-01 6.5151553388e+00
-3.1932773109e-01 2.1848739496e-01 6.5404746900e+00
-3.1932773109e-01 2.5210084034e-01 6.5705903699e+00
-3.1932773109e-01 2.8571428571e-01 6.6057987201e+00
-3.1932773109e-01 3.1932773109e-01 6.6464628971e+00
-3.1932773109e-01 3.5294117647e-01 6.6930257360e+00
-3.1932773109e-01 3.8655462185e-01 6.7460267079e+00
-3.1932773109e-01 4.2016806723e-01 6.8061244543e+00
-3.1932773109e-01 4.5378151261e-01 6.8741270868e+00
-3.1932773109e-01 4.8739495798e-01 6.9510335337e+00
-3.1932773109e-01 5.2100840336e-01 7.0380909817e+00
-3.1932773109e-01 5.5462184874e-01 7.1368763920e+00
-3.1932773109e-01 5.8823529412e-01 7.2494151192e+00
-3.1932773109e-01 6.2184873950e-01 7.3783587089e+00
-3.1932773109e-01 6.5546218487e-01 7.5272609574e+00
-3.1932773109e-01 6.8907563025e-01 7.7010251372e+00
-3.1932773109e-01 7.2268907563e-01 7.9066672542e+00
-3.1932773109e-01 7.5630252101e-01 8.1547066869e+00
-3.1932773109e-01 7.8991596639e-01 8.4619239363e+00
-3.1932773109e-01 8.2352941176e-01 8.8574941483e+00
-3.1932773109e-01 8.5714285714e-01 9.3990883064e+00
-3.1932773109e-01 8.9075630252e-01 1.0228106049e+01
-3.1932773109e-01 9.2436974790e-01 1.1898990512e+01
-3.1932773109e-01 9.5798319328e-01 1.3353422310e+01
-3.1932773109e-01 9.9159663866e-01 1.0337635100e+01
-3.1932773109e-01 1.0252100840e+00 9.1106166845e+00
-3.1932773109e-01 1.0588235294e+00 8.3159176368e+00
-3.1932773109e-01 1.0924369748e+00 7.7242613532e+00
-3.1932773109e-01 1.1260504202e+00 7.2520542919e+00
-3.1932773109e-01 1.1596638655e+00 6.8590846009e+00
-3.1932773109e-01 1.1932773109e+00 6.5227917018e+00
-3.1932773109e-01 1.2268907563e+00 6.2291933375e+00
-3.1932773109e-01 1.2605042017e+00 5.9689944199e+00
-3.1932773109e-01 1.2941176471e+00 5.7356848005e+00
-3.1932773109e-01 1.3277310924e+00 5.5245169859e+00
-3.1932773109e-01 1.3613445378e+00 5.3319156924e+00
-3.1932773109e-01 1.3949579832e+00 5.1551168636e+00
-3.1932773109e-01 1.4285714286e+00 4.9919365609e+00
-3.1932773109e-01 1.4621848739e+00 4.8406172424e+00
-3.1932773109e-01 1.4957983193e+00 4.6997221729e+00
-3.1932773109e-01 1.5294117647e+00 4.5680608730e+00
-3.1932773109e-01 1.5630252101e+00 4.4446352181e+00
-3.1932773109e-01 1.5966386555e+00 4.3285996495e+00
-3.1932773109e-01 1.6302521008e+00 4.2192312611e+00
-3.1932773109e-01 1.6638655462e+00 4.1159069428e+00
-3.1932773109e-01 1.6974789916e+00 4.0180856613e+00
-3.1932773109e-01 1.7310924370e+00 3.9252945428e+00
-3.1932773109e-01 1.7647058824e+00 3.8371178129e+00
-3.1932773109e-01 1.7983193277e+00 3.7531879130e+00
-3.1932773109e-01 1.8319327731e+00 3.6731782947e+00
-3.1932773109e-01 1.8655462185e+00 3.5967975232e+00
-3.1932773109e-01 1.8991596639e+00 3.5237844119e+00
-3.1932773109e-01 1.9327731092e+00 3.4539039790e+00
-3.1932773109e-01 1.9663865546e+00 3.3869440609e+00
-3.1932773109e-01 2.0000000000e+00 3.3227124610e+00

-2.8571428571e-01 -2.0000000000e+00 3.3322723321e+00
-2.8571428571e-01 -1.9663865546e+00 3.3970767905e+00
-2.8571428571e-01 -1.9327731092e+00 3.4646585539e+00
-2.8571428571e-01 -1.8991596639e+00 3.5352154587e+00
-2.8571428571e-01 -1.8655462185e+00 3.6089661512e+00
-2.8571428571e-01 -1.8319327731e+00 3.6861530983e+00
-2.8571428571e-01 -1.7983193277e+00 3.7670461701e+00
-2.8571428571e-01 -1.7647058824e+00 3.8519469284e+00
-2.8571428571e-01 -1.7310924370e+00 3.9411937982e+00
-2.8571428571e-01 -1.6974789916e+00 4.0351683517e+00
-2.8571428571e-01 -1.6638655462e+00 4.1343030095e+00
-2.8571428571e-01 -1.6302521008e+00 4.2390905640e+00
-2.8571428571e-01 -1.5966386555e+00 4.3500960750e+00
-2.8571428571e-01 -1.5630252101e+00 4.4679718930e+00
-2.8571428571e-01 -1.5294117647e+00 4.5934768642e+00
-2.8571428571e-01 -1.4957983193e+00 4.7275012128e+00
-2.8571428571e-01 -1.4621848739e+00 4.8710992673e+00
-2.8571428571e-01 -1.4285714286e+00 5.0255332321e+00
-2.8571428571e-01 -1.3949579832e+00 5.1923328578e+00
-2.8571428571e-01 -1.3613445378e+00 5.3733785617e+00
-2.8571428571e-01 -1.3277310924e+00 5.5710201284e+00
-2.8571428571e-01 -1.2941176471e+00 5.7882511811e+00
-2.8571428571e-01 -1.2605042017e+00 6.0289744739e+00
-2.8571428571e-01 -1.2268907563e+00 6.2984219311e+00
-2.8571428571e-01 -1.1932773109e+00 6.6038532101e+00
-2.8571428571e-01 -1.1596638655e+00 6.9557906760e+00
-2.8571428571e-01 -1.1260504202e+00 7.3703803788e+00
-2.8571428571e-01 -1.0924369748e+00 7.8744017363e+00
-2.8571428571e-01 -1.0588235294e+00 8.5175833458e+00
-2.8571428571e-01 -1.0252100840e+00 9.4106356450e+00
-2.8571428571e-01 -9.9159663866e-01 1.0904890270e+01
-2.8571428571e-01 -9.5798319328e-01 1.9015781368e+01
-2.8571428571e-01 -9.2436974790e-01 1.1162199620e+01
-2.8571428571e-01 -8.9075630252e-01 9.8955696319e+00
-2.8571428571e-01 -8.5714285714e-01 9.1839992488e+00
-2.8571428571e-01 -8.2352941176e-01 8.6980611858e+00
-2.8571428571e-01 -7.8991596639e-01 8.3348037940e+00
-2.8571428571e-01 -7.5630252101e-01 8.0486040316e+00
-2.8571428571e-01 -7.2268907563e-01 7.8152683773e+00
-2.8571428571e-01 -6.8907563025e-01 7.6204469787e+00
-2.8571428571e-01 -6.5546218487e-01 7.4549462830e+00
-2.8571428571e-01 -6.2184873950e-01 7.3125341868e+00
-2.8571428571e-01 -5.8823529412e-01 7.1888001299e+00
-2.8571428571e-01 -5.5462184874e-01 7.0805152264e+00
-2.8571428571e-01 -5.2100840336e-01 6.9852506194e+00
-2.8571428571e-01 -4.8739495798e-01 6.9011384858e+00
-2.8571428571e-01 -4.5378151261e-01 6.8267162664e+00
-2.8571428571e-01 -4.2016806723e-01 6.7608216964e+00
-2.8571428571e-01 -3.8655462185e-01 6.7025200520e+00
-2.8571428571e-01 -3.5294117647e-01 6.6510525065e+00
-2.8571428571e-01 -3.1932773109e-01 6.6057987201e+00
-2.8571428571e-01 -2.8571428571e-01 6.5662492736e+00
-2.8571428571e-01 -2.5210084034e-01 6.5319850662e+00
-2.8571428571e-01 -2.1848739496e-01 6.5026617494e+00
-2.8571428571e-01 -1.8487394958e-01 6.4779978734e+00
-2.8571428571e-01 -1.5126050420e-01 6.4577658283e+00
-2.8571428571e-01 -1.1764705882e-01 6.4417849351e+00
-2.8571428571e-01 -8.4033613445e-02 6.4299162255e+00
-2.8571428571e-01 -5.0420168067e-02 6.4220585881e+00
-2.8571428571e-01 -1.6806722689e-02 6.4181460513e+00
-2.8571428571e-01 1.6806722689e-02 6.4181460513e+00
-2.8571428571e-01 5.0420168067e-02 6.4220585881e+00
-2.8571428571e-01 8.4033613445e-02 6.4299162255e+00
-2.8571428571e-01 1.1764705882e-01 6.4417849351e+00
-2.8571428571e-01 1.5126050420e-01 6.4577658283e+00
-2.8571428571e-01 1.8487394958e-01 6.4779978734e+00
-2.8571428571e-01 2.1848739496e-01 6.5026617494e+00
-2.8571428571e-01 2.5210084034e-01 6.5319850662e+00
-2.8571428571e-01 2.8571428571e-01 6.5662492736e+00
-2.8571428571e-01 3.1932773109e-01 6.6057987201e+00
-2.8571428571e-01 3.5294117647e-01 6.6510525065e+00
-2.8571428571e-01 3.8655462185e-01 6.7025200520e+00
-2.8571428571e-01 4.2016806723e-01 6.7608216964e+00
-2.8571428571e-01 4.5378151261e-01 6.8267162664e+00
-2.8571428571e-01 4.8739495798e-01 6.9011384858e+00
-2.8571428571e-01 5.2100840336e-01 6.9852506194e+00
-2.8571428571e-01 5.5462184874e-01 7.0805152264e+00
-2.8571428571e-01 5.8823529412e-01 7.1888001299e+00
-2.8571428571e-01 6.2184873950e-01 7.3125341868e+00
-2.8571428571e-01 6.5546218487e-01 7.4549462830e+00
-2.8571428571e-01 6.8907563025e-01 7.6204469787e+00
-2.8571428571e-01 7.2268907563e-01 7.8152683773e+00
-2.8571428571e-01 7.5630252101e-01 8.0486040316e+00
-2.8571428571e-01 7.8991596639e-01 8.3348037940e+00
-2.8571428571e-01 8.2352941176e-01 8.6980611858e+00
-2.8571428571e-01 8.5714285714e-01 9.1839992488e+00
-2.8571428571e-01 8.9075630252e-01 9.8955696319e+00
-2.8571428571e-01 9.2436974790e-01 1.1162199620e+01
-2.8571428571e-01 9.5798319328e-01 1.9015781368e+01
-2.8571428571e-01 9.9159663866e-01 1.0904890270e+01
-2.8571428571e-01 1.0252100840e+00 9.4106356450e+00
-2.8571428571e-01 1.0588235294e+00 8.5175833458e+00
-2.8571428571e-01 1.0924369748e+00 7.8744017363e+00
-2.8571428571e-01 1.1260504202e+00 7.3703803788e+00
-2.8571428571e-01 1.1596638655e+00 6.9557906760e+00
-2.8571428571e-01 1.1932773109e+00 6.6038532101e+00
-2.8571428571e-01 1.2268907563e+00 6.2984219311e+00
-2.8571428571e-01 1.2605042017e+00 6.0289744739e+00
-2.8571428571e-01 1.2941176471e+00 5.7882511811e+00
-2.8571428571e-01 1.3277310924e+00 5.5710201284e+00
-2.8571428571e-01 1.3613445378e+00 5.3733785617e+00
-2.8571428571e-01 1.3949579832e+00 5.1923328578e+00
-2.8571428571e-01 1.4285714286e+00 5.0255332321e+00
-2.8571428571e-01 1.4621848739e+00 4.8710992673e+00
-2.8571428571e-01 1.4957983193e+00 4.7275012128e+00
-2.8571428571e-01 1.5294117647e+00 4.5934768642e+00
-2.8571428571e-01 1.5630252101e+00 4.4679718930e+00
-2.8571428571e-01 1.5966386555e+00 4.3500960750e+00
-2.8571428571e-01 1.6302521008e+00 4.2390905640e+00
-2.8571428571e-01 1.6638655462e+00 4.1343030095e+00
-2.8571428571e-01 1.6974789916e+00 4.0351683517e+00
-2.8571428571e-01 1.7310924370e+00 3.9411937982e+00
-2.8571428571e-01 1.7647058824e+00 3.8519469284e+00
-2.8571428571e-01 1.7983193277e+00 3.7670461701e+00
-2.8571428571e-01 1.8319327731e+00 3.6861530983e+00
-2.8571428571e-01 1.8655462185e+00 3.6089661512e+00
-2.8571428571e-01 1.8991596639e+00 3.5352154587e+00
-2.8571428571e-01 1.9327731092e+00 3.4646585539e+00
-2.8571428571e-01 1.9663865546e+00 3.3970767905e+00
-2.8571428571e-01 2.0000000000e+00 3.3322723321e+00

-2.5210084034e-01 -2.0000000000e+00 3.3408403209e+00
-2.5210084034e-01 -1.9663865546e+00 3.4061612463e+00
-2.5210084034e-01 -1.9327731092e+00 3.4743039750e+00
-2.5210084034e-01 -1.8991596639e+00 3.5454715129e+00
-2.5210084034e-01 -1.8655462185e+00 3.6198884558e+00
-2.5210084034e-01 -1.8319327731e+00 3.6978041505e+00
-2.5210084034e-01 -1.7983193277e+00 3.7794964609e+00
-2.5210084034e-01 -1.7647058824e+00 3.8652762867e+00
-2.5210084034e-01 -1.7310924370e+00 3.9554930242e+00
-2.5210084034e-01 -1.6974789916e+00 4.0505412166e+00
-2.5210084034e-01 -1.6638655462e+00 4.1508687259e+00
-2.5210084034e-01 -1.6302521008e+00 4.2569868646e+00
-2.5210084034e-01 -1.5966386555e+00 4.3694830906e+00
-2.5210084034e-01 -1.5630252101e+00 4.4890370923e+00
-2.5210084034e-01 -1.5294117647e+00 4.6164414253e+00
-2.5210084034e-01 -1.4957983193e+00 4.7526283579e+00
-2.5210084034e-01 -1.4621848739e+00 4.8987053378e+00
-2.5210084034e-01 -1.4285714286e+00 5.0560026710e+00
-2.5210084034e-01 -1.3949579832e+00 5.2261388885e+00
-2.5210084034e-01 -1.3613445378e+00 5.4111124029e+00
-2.5210084034e-01 -1.3277310924e+00 5.6134333895e+00
-2.5210084034e-01 -1.2941176471e+00 5.8363193557e+00
-2.5210084034e-01 -1.2605042017e+00 6.0839956470e+00
-2.5210084034e-01 -1.2268907563e+00 6.3621773050e+00
-2.5210084034e-01 -1.1932773109e+00 6.6788830418e+00
-2.5210084034e-01 -1.1596638655e+00 7.0459029541e+00
-2.5210084034e-01 -1.1260504202e+00 7.4816780502e+00
-2.5210084034e-01 -1.0924369748e+00 8.0176320056e+00
-2.5210084034e-01 -1.0588235294e+00 8.7145823907e+00
-2.5210084034e-01 -1.0252100840e+00 9.7181547888e+00
-2.5210084034e-01 -9.9159663866e-01 1.1580461492e+01
-2.5210084034e-01 -9.5798319328e-01 1.3547107034e+01
-2.5210084034e-01 -9.2436974790e-01 1.0687680623e+01
-2.5210084034e-01 -8.9075630252e-01 9.6444723442e+00
-2.5210084034e-01 -8.5714285714e-01 9.0129788626e+00
-2.5210084034e-01 -8.2352941176e-01 8.5679903289e+00
-2.5210084034e-01 -7.8991596639e-01 8.2294833749e+00
-2.5210084034e-01 -7.5630252101e-01 7.9597897238e+00
-2.5210084034e-01 -7.2268907563e-01 7.7382002559e+00
-2.5210084034e-01 -6.8907563025e-01 7.5521305230e+00
-2.5210084034e-01 -6.5546218487e-01 7.3933760114e+00
-2.5210084034e-01 -6.2184873950e-01 7.2563012039e+00
-2.5210084034e-01 -5.8823529412e-01 7.1368763920e+00
-2.5210084034e-01 -5.5462184874e-01 7.0321269775e+00
-2.5210084034e-01 -5.2100840336e-01 6.9398001693e+00
-2.5210084034e-01 -4.8739495798e-01 6.8581537520e+00
-2.5210084034e-01 -4.5378151261e-01 6.7858170369e+00
-2.5210084034e-01 -4.2016806723e-01 6.7216963712e+00
-2.5210084034e-01 -3.8655462185e-01 6.6649091757e+00
-2.5210084034e-01 -3.5294117647e-01 6.6147368319e+00
-2.5210084034e-01 -3.1932773109e-01 6.5705903699e+00
-2.5210084034e-01 -2.8571428571e-01 6.5319850662e+00
-2.5210084034e-01 -2.5210084034e-01 6.4985213827e+00
-2.5210084034e-01 -2.1848739496e-01 6.4698705114e+00
-2.5210084034e-01 -1.8487394958e-01 6.4457633338e+00
-2.5210084034e-01 -1.5126050420e-01 6.4259819608e+00
-2.5210084034e-01 -1.1764705882e-01 6.4103532648e+00
-2.5210084034e-01 -8.4033613445e-02 6.3987439840e+00
-2.5210084034e-01 -5.0420168067e-02 6.3910571022e+00
-2.5210084034e-01 -1.6806722689e-02 6.3872292941e+00
-2.5210084034e-01 1.6806722689e-02 6.3872292941e+00
-2.5210084034e-01 5.0420168067e-02 6.3910571022e+00
-2.5210084034e-01 8.4033613445e-02 6.3987439840e+00
-2.5210084034e-01 1.1764705882e-01 6.4103532648e+00
-2.5210084034e-01 1.5126050420e-01 6.4259819608e+00
-2.5210084034e-01 1.8487394958e-01 6.4457633338e+00
-2.5210084034e-01 2.1848739496e-01 6.4698705114e+00
-2.5210084034e-01 2.5210084034e-01 6.4985213827e+00
-2.5210084034e-01 2.8571428571e-01 6.5319850662e+00
-2.5210084034e-01 3.1932773109e-01 6.5705903699e+00
-2.5210084034e-01 3.5294117647e-01 6.6147368319e+00
-2.5210084034e-01 3.8655462185e-01 6.6649091757e+00
-2.5210084034e-01 4.2016806723e-01 6.7216963712e+00
-2.5210084034e-01 4.5378151261e-01 6.7858170369e+00
-2.5210084034e-01 4.8739495798e-01 6.8581537520e+00
-2.5210084034e-01 5.2100840336e-01 6.9398001693e+00
-2.5210084034e-01 5.5462184874e-01 7.0321269775e+00
-2.5210084034e-01 5.8823529412e-01 7.1368763920e+00
-2.5210084034e-01 6.2184873950e-01 7.2563012039e+00
-2.5210084034e-01 6.5546218487e-01 7.3933760114e+00
-2.5210084034e-01 6.8907563025e-01 7.5521305230e+00
-2.5210084034e-01 7.2268907563e-01 7.7382002559e+00
-2.5210084034e-01 7.5630252101e-01 7.9597897238e+00
-2.5210084034e-01 7.8991596639e-01 8.2294833749e+00
-2.5210084034e-01 8.2352941176e-01 8.5679903289e+00
-2.5210084034e-01 8.5714285714e-01 9.0129788626e+00
-2.5210084034e-01 8.9075630252e-01 9.6444723442e+00
-2.5210084034e-01 9.2436974790e-01 1.0687680623e+01
-2.5210084034e-01 9.5798319328e-01 1.3547107034e+01
-2.5210084034e-01 9.9159663866e-01 1.1580461492e+01
-2.5210084034e-01 1.0252100840e+00 9.7181547888e+00
-2.5210084034e-01 1.0588235294e+00 8.7145823907e+00
-2.5210084034e-01 1.0924369748e+00 8.0176320056e+00
-2.5210084034e-01 1.1260504202e+00 7.4816780502e+00
-2.5210084034e-01 1.1596638655e+00 7.0459029541e+00
-2.5210084034e-01 1.1932773109e+00 6.6788830418e+00
-2.5210084034e-01 1.2268907563e+00 6.3621773050e+00
-2.5210084034e-01 1.2605042017e+00 6.0839956470e+00
-2.5210084034e-01 1.2941176471e+00 5.8363193557e+00
-2.5210084034e-01 1.3277310924e+00 5.6134333895e+00
-2.5210084034e-01 1.3613445378e+00 5.4111124029e+00
-2.5210084034e-01 1.3949579832e+00 5.2261388885e+00
-2.5210084034e-01 1.4285714286e+00 5.0560026710e+00
-2.5210084034e-01 1.4621848739e+00 4.8987053378e+00
-2.5210084034e-01 1.4957983193e+00 4.7526283579e+00
-2.5210084034e-01 1.5294117647e+00 4.6164414253e+00
-2.5210084034e-01 1.5630252101e+00 4.4890370923e+00
-2.5210084034e-01 1.5966386555e+00 4.3694830906e+00
-2.5210084034e-01 1.6302521008e+00 4.2569868646e+00
-2.5210084034e-01 1.6638655462e+00 4.1508687259e+00
-2.5210084034e-01 1.6974789916e+00 4.0505412166e+00
-2.5210084034e-01 1.7310924370e+00 3.9554930242e+00
-2.5210084034e-01 1.7647058824e+00 3.8652762867e+00
-2.5210084034e-01 1.7983193277e+00 3.7794964609e+00
-2.5210084034e-01 1.8319327731e+00 3.6978041505e+00
-2.5210084034e-01 1.8655462185e+00 3.6198884558e+00
-2.5210084034e-01 1.8991596639e+00 3.5454715129e+00
-2.5210084034e-01 1.9327731092e+00 3.4743039750e+00
-2.5210084034e-01 1.9663865546e+00 3.4061612463e+00
-2.5210084034e-01 2.0000000000e+00 3.3408403209e+00

-2.1848739496e-01 -2.0000000000e+00 3.3483923216e+00
-2.1848739496e-01 -1.9663865546e+00 3.4141708674e+00
-2.1848739496e-01 -1.9327731092e+00 3.4828109085e+00
-2.1848739496e-01 -1.8991596639e+00 3.5545200988e+00
-2.1848739496e-01 -1.8655462185e+00 3.6295283904e+00
-2.1848739496e-01 -1.8319327731e+00 3.7080913310e+00
-2.1848739496e-01 -1.7983193277e+00 3.7904939999e+00
-2.1848739496e-01 -1.7647058824e+00 3.8770557379e+00
-2.1848739496e-01 -1.7310924370e+00 3.9681358748e+00
-2.1848739496e-01 -1.6974789916e+00 4.0641407194e+00
-2.1848739496e-01 -1.6638655462e+00 4.1655321664e+00
-2.1848739496e-01 -1.6302521008e+00 4.2728383952e+00
-2.1848739496e-01 -1.5966386555e+00 4.3866673104e+00
-2.1848739496e-01 -1.5630252101e+00 4.5077236209e+00
-2.1848739496e-01 -1.5294117647e+00 4.6368308237e+00
-2.1848739496e-01 -1.4957983193e+00 4.7749599045e+00
-2.1848739496e-01 -1.4621848739e+00 4.9232674065e+00
-2.1848739496e-01 -1.4285714286e+00 5.0831468404e+00
-2.1848739496e-01 -1.3949579832e+00 5.2562995289e+00
-2.1848739496e-01 -1.3613445378e+00 5.4448345294e+00
-2.1848739496e-01 -1.3277310924e+00 5.6514133944e+00
-2.1848739496e-01 -1.2941176471e+00 5.8794665637e+00
-2.1848739496e-01 -1.2605042017e+00 6.1335290524e+00
-2.1848739496e-01 -1.2268907563e+00 6.4197849851e+00
-2.1848739496e-01 -1.1932773109e+00 6.7470007368e+00
-2.1848739496e-01 -1.1596638655e+00 7.1282386092e+00
-2.1848739496e-01 -1.1260504202e+00 7.5843015140e+00
-2.1848739496e-01 -1.0924369748e+00 8.1515691046e+00
-2.1848739496e-01 -1.0588235294e+00 8.9033859997e+00
-2.1848739496e-01 -1.0252100840e+00 1.0029243174e+01
-2.1848739496e-01 -9.9159663866e-01 1.2427889190e+01
-2.1848739496e-01 -9.5798319328e-01 1.2349706640e+01
-2.1848739496e-01 -9.2436974790e-01 1.0354183261e+01
-2.1848739496e-01 -8.9075630252e-01 9.4507247487e+00
-2.1848739496e-01 -8.5714285714e-01 8.8761714348e+00
-2.1848739496e-01 -8.2352941176e-01 8.4619239363e+00
-2.1848739496e-01 -7.8991596639e-01 8.1425700417e+00
-2.1848739496e-01 -7.5630252101e-01 7.8859006594e+00
-2.1848739496e-01 -7.2268907563e-01 7.6737059646e+00
-2.1848739496e-01 -6.8907563025e-01 7.4947059442e+00
-2.1848739496e-01 -6.5546218487e-01 7.3414426930e+00
-2.1848739496e-01 -6.2184873950e-01 7.2087384119e+00
-2.1848739496e-01 -5.8823529412e-01 7.0928593342e+00
-2.1848739496e-01 -5.5462184874e-01 6.9910304923e+00
-2.1848739496e-01 -5.2100840336e-01 6.9011384858e+00
-2.1848739496e-01 -4.8739495798e-01 6.8215412451e+00
-2.1848739496e-01 -4.5378151261e-01 6.7509417664e+00
-2.1848739496e-01 -4.2016806723e-01 6.6883017076e+00
-2.1848739496e-01 -3.8655462185e-01 6.6327807101e+00
-2.1848739496e-01 -3.5294117647e-01 6.5836928342e+00
-2.1848739496e-01 -3.1932773109e-01 6.5404746900e+00
-2.1848739496e-01 -2.8571428571e-01 6.5026617494e+00
-2.1848739496e-01 -2.5210084034e-01 6.4698705114e+00
-2.1848739496e-01 -2.1848739496e-01 6.4417849351e+00
-2.1848739496e-01 -1.8487394958e-01 6.4181460513e+00
-2.1848739496e-01 -1.5126050420e-01 6.3987439840e+00
-2.1848739496e-01 -1.1764705882e-01 6.3834118381e+00
-2.1848739496e-01 -8.4033613445e-02 6.3720210669e+00
-2.1848739496e-01 -5.0420168067e-02 6.3644780405e+00
-2.1848739496e-01 -1.6806722689e-02 6.3607216228e+00
-2.1848739496e-01 1.6806722689e-02 6.3607216228e+00
-2.1848739496e-01 5.0420168067e-02 6.3644780405e+00
-2.1848739496e-01 8.4033613445e-02 6.3720210669e+00
-2.1848739496e-01 1.1764705882e-01 6.3834118381e+00
-2.1848739496e-01 1.5126050420e-01 6.3987439840e+00
-2.1848739496e-01 1.8487394958e-01 6.4181460513e+00
-2.1848739496e-01 2.1848739496e-01 6.4417849351e+00
-2.1848739496e-01 2.5210084034e-01 6.4698705114e+00
-2.1848739496e-01 2.8571428571e-01 6.5026617494e+00
-2.1848739496e-01 3.1932773109e-01 6.5404746900e+00
-2.1848739496e-01 3.5294117647e-01 6.5836928342e+00
-2.1848739496e-01 3.8655462185e-01 6.6327807101e+00
-2.1848739496e-01 4.2016806723e-01 6.6883017076e+00
-2.1848739496e-01 4.5378151261e-01 6.7509417664e+00
-2.1848739496e-01 4.8739495798e-01 6.8215412451e+00
-2.1848739496e-01 5.2100840336e-01 6.9011384858e+00
-2.1848739496e-01 5.5462184874e-01 6.9910304923e+00
-2.1848739496e-01 5.8823529412e-01 7.0928593342e+00
-2.1848739496e-01 6.2184873950e-01 7.2087384119e+00
-2.1848739496e-01 6.5546218487e-01 7.3414426930e+00
-2.1848739496e-01 6.8907563025e-01 7.4947059442e+00
-2.1848739496e-01 7.2268907563e-01 7.6737059646e+00
-2.1848739496e-01 7.5630252101e-01 7.8859006594e+00
-2.1848739496e-01 7.8991596639e-01 8.1425700417e+00
-2.1848739496e-01 8.2352941176e-01 8.4619239363e+00
-2.1848739496e-01 8.5714285714e-01 8.8761714348e+00
-2.1848739496e-01 8.9075630252e-01 9.4507247487e+00
-2.1848739496e-01 9.2436974790e-01 1.0354183261e+01
-2.1848739496e-01 9.5798319328e-01 1.2349706640e+01
-2.1848739496e-01 9.9159663866e-01 1.2427889190e+01
-2.1848739496e-01 1.0252100840e+00 1.0029243174e+01
-2.1848739496e-01 1.0588235294e+00 8.9033859997e+00
-2.1848739496e-01 1.0924369748e+00 8.1515691046e+00
-2.1848739496e-01 1.1260504202e+00 7.5843015140e+00
-2.1848739496e-01 1.1596638655e+00 7.1282386092e+00
-2.1848739496e-01 1.1932773109e+00 6.7470007368e+00
-2.1848739496e-01 1.2268907563e+00 6.4197849851e+00
-2.1848739496e-01 1.2605042017e+00 6.1335290524e+00
-2.1848739496e-01 1.2941176471e+00 5.8794665637e+00
-2.1848739496e-01 1.3277310924e+00 5.6514133944e+00
-2.1848739496e-01 1.3613445378e+00 5.4448345294e+00
-2.1848739496e-01 1.3949579832e+00 5.2562995289e+00
-2.1848739496e-01 1.4285714286e+00 5.0831468404e+00
-2.1848739496e-01 1.4621848739e+00 4.9232674065e+00
-2.1848739496e-01 1.4957983193e+00 4.7749599045e+00
-2.1848739496e-01 1.5294117647e+00 4.6368308237e+00
-2.1848739496e-01 1.5630252101e+00 4.5077236209e+00
-2.1848739496e-01 1.5966386555e+00 4.3866673104e+00
-2.1848739496e-01 1.6302521008e+00 4.2728383952e+00
-2.1848739496e-01 1.6638655462e+00 4.1655321664e+00
-2.1848739496e-01 1.6974789916e+00 4.0641407194e+00
-2.1848739496e-01 1.7310924370e+00 3.9681358748e+00
-2.1848739496e-01 1.7647058824e+00 3.8770557379e+00
-2.1848739496e-01 1.7983193277e+00 3.7904939999e+00
-2.1848739496e-01 1.8319327731e+00 3.7080913310e+00
-2.1848739496e-01 1.8655462185e+00 3.6295283904e+00
-2.1848739496e-01 1.8991596639e+00 3.5545200988e+00
-2.1848739496e-01 1.9327731092e+00 3.4828109085e+00
-2.1848739496e-01 1.9663865546e+00 3.4141708674e+00
-2.1848739496e-01 2.0000000000e+00 3.3483923216e+00

-1.8487394958e-01 -2.0000000000e+00 3.3549068030e+00
-1.8487394958e-01 -1.9663865546e+00 3.4210819087e+00
-1.8487394958e-01 -1.9327731092e+00 3.4901531062e+00
-1.8487394958e-01 -1.8991596639e+00 3.5623321288e+00
-1.8487394958e-01 -1.8655462185e+00 3.6378536345e+00
-1.8487394958e-01 -1.8319327731e+00 3.7169786253e+00
-1.8487394958e-01 -1.7983193277e+00 3.7999985346e+00
-1.8487394958e-01 -1.7647058824e+00 3.8872401468e+00
-1.8487394958e-01 -1.7310924370e+00 3.9790715640e+00
-1.8487394958e-01 -1.6974789916e+00 4.0759095006e+00
-1.8487394958e-01 -1.6638655462e+00 4.1782282838e+00
-1.8487394958e-01 -1.6302521008e+00 4.2865710643e+00
-1.8487394958e-01 -1.5966386555e+00 4.4015639326e+00
-1.8487394958e-01 -1.5630252101e+00 4.5239339032e+00
-1.8487394958e-01 -1.5294117647e+00 4.6545321276e+00
-1.8487394958e-01 -1.4957983193e+00 4.7943642945e+00
-1.8487394958e-01 -1.4621848739e+00 4.9446310961e+00
-1.8487394958e-01 -1.4285714286e+00 5.1067830894e+00
-1.8487394958e-01 -1.3949579832e+00 5.2825966399e+00
-1.8487394958e-01 -1.3613445378e+00 5.4742815896e+00
-1.8487394958e-01 -1.3277310924e+00 5.6846381789e+00
-1.8487394958e-01 -1.2941176471e+00 5.9172932816e+00
-1.8487394958e-01 -1.2605042017e+00 6.1770699866e+00
-1.8487394958e-01 -1.2268907563e+00 6.4705933209e+00
-1.8487394958e-01 -1.1932773109e+00 6.8073416707e+00
-1.8487394958e-01 -1.1596638655e+00 7.2016098482e+00
-1.8487394958e-01 -1.1260504202e+00 7.6765433901e+00
-1.8487394958e-01 -1.0924369748e+00 8.2736092260e+00
-1.8487394958e-01 -1.0588235294e+00 9.0797474733e+00
-1.8487394958e-01 -1.0252100840e+00 1.0337635100e+01
-1.8487394958e-01 -9.9159663866e-01 1.3601225820e+01
-1.8487394958e-01 -9.5798319328e-01 1.1708427187e+01
-1.8487394958e-01 -9.2436974790e-01 1.0110272925e+01
-1.8487394958e-01 -8.9075630252e-01 9.3001898513e+00
-1.8487394958e-01 -8.5714285714e-01 8.7670722406e+00
-1.8487394958e-01 -8.2352941176e-01 8.3761019139e+00
-1.8487394958e-01 -7.8991596639e-01 8.0715908682e+00
-1.8487394958e-01 -7.5630252101e-01 7.8251695460e+00
-1.8487394958e-01 -7.2268907563e-01 7.6204469787e+00
-1.8487394958e-01 -6.8907563025e-01 7.4471149472e+00
-1.8487394958e-01 -6.5546218487e-01 7.2982813756e+00
-1.8487394958e-01 -6.2184873950e-01 7.1691199281e+00
-1.8487394958e-01 -5.8823529412e-01 7.0561264449e+00
-1.8487394958e-01 -5.5462184874e-01 6.9566821458e+00
-1.8487394958e-01 -5.2100840336e-01 6.8687834454e+00
-1.8487394958e-01 -4.8739495798e-01 6.7908676297e+00
-1.8487394958e-01 -4.5378151261e-01 6.7216963712e+00
-1.8487394958e-01 -4.2016806723e-01 6.6602755590e+00
-1.8487394958e-01 -3.8655462185e-01 6.6057987201e+00
-1.8487394958e-01 -3.5294117647e-01 6.5576062263e+00
-1.8487394958e-01 -3.1932773109e-01 6.5151553388e+00
-1.8487394958e-01 -2.8571428571e-01 6.4779978734e+00
-1.8487394958e-01 -2.5210084034e-01 6.4457633338e+00
-1.8487394958e-01 -2.1848739496e-01 6.4181460513e+00
-1.8487394958e-01 -1.8487394958e-01 6.3948953147e+00
-1.8487394958e-01 -1.5126050420e-01 6.3758077757e+00
-1.8487394958e-01 -1.1764705882e-01 6.3607216228e+00
-1.8487394958e-01 -8.4033613445e-02 6.3495121575e+00
-1.8487394958e-01 -5.0420168067e-02 6.3420885164e+00
-1.8487394958e-01 -1.6806722689e-02 6.3383913520e+00
-1.8487394958e-01 1.6806722689e-02 6.3383913520e+00
-1.8487394958e-01 5.0420168067e-02 6.3420885164e+00
-1.8487394958e-01 8.4033613445e-02 6.3495121575e+00
-1.8487394958e-01 1.1764705882e-01 6.3607216228e+00
-1.8487394958e-01 1.5126050420e-01 6.3758077757e+00
-1.8487394958e-01 1.8487394958e-01 6.3948953147e+00
-1.8487394958e-01 2.1848739496e-01 6.4181460513e+00
-1.8487394958e-01 2.5210084034e-01 6.4457633338e+00
-1.8487394958e-01 2.8571428571e-01 6.4779978734e+00
-1.8487394958e-01 3.1932773109e-01 6.5151553388e+00
-1.8487394958e-01 3.5294117647e-01 6.5576062263e+00
-1.8487394958e-01 3.8655462185e-01 6.6057987201e+00
-1.8487394958e-01 4.2016806723e-01 6.6602755590e+00
-1.8487394958e-01 4.5378151261e-01 6.7216963712e+00
-1.8487394958e-01 4.8739495798e-01 6.7908676297e+00
-1.8487394958e-01 5.2100840336e-01 6.8687834454e+00
-1.8487394958e-01 5.5462184874e-01 6.9566821458e+00
-1.8487394958e-01 5.8823529412e-01 7.0561264449e+00
-1.8487394958e-01 6.2184873950e-01 7.1691199281e+00
-1.8487394958e-01 6.5546218487e-01 7.2982813756e+00
-1.8487394958e-01 6.8907563025e-01 7.4471149472e+00
-1.8487394958e-01 7.2268907563e-01 7.6204469787e+00
-1.8487394958e-01 7.5630252101e-01 7.8251695460e+00
-1.8487394958e-01 7.8991596639e-01 8.0715908682e+00
-1.8487394958e-01 8.2352941176e-01 8.3761019139e+00
-1.8487394958e-01 8.5714285714e-01 8.7670722406e+00
-1.8487394958e-01 8.9075630252e-01 9.3001898513e+00
-1.8487394958e-01 9.2436974790e-01 1.0110272925e+01
-1.8487394958e-01 9.5798319328e-01 1.1708427187e+01
-1.8487394958e-01 9.9159663866e-01 1.3601225820e+01
-1.8487394958e-01 1.0252100840e+00 1.0337635100e+01
-1.8487394958e-01 1.0588235294e+00 9.0797474733e+00
-1.8487394958e-01 1.0924369748e+00 8.2736092260e+00
-1.8487394958e-01 1.1260504202e+00 7.6765433901e+00
-1.8487394958e-01 1.1596638655e+00 7.2016098482e+00
-1.8487394958e-01 1.1932773109e+00 6.8073416707e+00
-1.8487394958e-01 1.2268907563e+00 6.4705933209e+00
-1.8487394958e-01 1.2605042017e+00 6.1770699866e+00
-1.8487394958e-01 1.2941176471e+00 5.9172932816e+00
-1.8487394958e-01 1.3277310924e+00 5.6846381789e+00
-1.8487394958e-01 1.3613445378e+00 5.4742815896e+00
-1.8487394958e-01 1.3949579832e+00 5.2825966399e+00
-1.8487394958e-01 1.4285714286e+00 5.1067830894e+00
-1.8487394958e-01 1.4621848739e+00 4.9446310961e+00
-1.8487394958e-01 1.4957983193e+00 4.7943642945e+00
-1.8487394958e-01 1.5294117647e+00 4.6545321276e+00
-1.8487394958e-01 1.5630252101e+00 4.5239339032e+00
-1.8487394958e-01 1.5966386555e+00 4.4015639326e+00
-1.8487394958e-01 1.6302521008e+00 4.2865710643e+00
-1.8487394958e-01 1.6638655462e+00 4.1782282838e+00
-1.8487394958e-01 1.6974789916e+00 4.0759095006e+00
-1.8487394958e-01 1.7310924370e+00 3.9790715640e+00
-1.8487394958e-01 1.7647058824e+00 3.8872401468e+00
-1.8487394958e-01 1.7983193277e+00 3.7999985346e+00
-1.8487394958e-01 1.8319327731e+00 3.7169786253e+00
-1.8487394958e-01 1.8655462185e+00 3.6378536345e+00
-1.8487394958e-01 1.8991596639e+00 3.5623321288e+00
-1.8487394958e-01 1.9327731092e+00 3.4901531062e+00
-1.8487394958e-01 1.9663865546e+00 3.4210819087e+00
-1.8487394958e-01 2.0000000000e+00 3.3549068030e+00

-1.5126050420e-01 -2.0000000000e+00 3.3603649763e+00
-1.5126050420e-01 -1.9663865546e+00 3.4268736342e+00
-1.5126050420e-01 -1.9327731092e+00 3.4963076277e+00
-1.5126050420e-01 -1.8991596639e+00 3.5688821583e+00
-1.5126050420e-01 -1.8655462185e+00 3.6448358891e+00
-1.5126050420e-01 -1.8319327731e+00 3.7244344681e+00
-1.5126050420e-01 -1.7983193277e+00 3.8079747472e+00
-1.5126050420e-01 -1.7647058824e+00 3.8957898652e+00
-1.5126050420e-01 -1.7310924370e+00 3.9882554218e+00
-1.5126050420e-01 -1.6974789916e+00 4.0857970375e+00
-1.5126050420e-01 -1.6638655462e+00 4.1888996953e+00
-1.5126050420e-01 -1.6302521008e+00 4.2981193984e+00
-1.5126050420e-01 -1.5966386555e+00 4.4140978777e+00
-1.5126050420e-01 -1.5630252101e+00 4.5375813681e+00
-1.5126050420e-01 -1.5294117647e+00 4.6694449032e+00
-1.5126050420e-01 -1.4957983193e+00 4.8107242155e+00
-1.5126050420e-01 -1.4621848739e+00 4.9626583248e+00
-1.5126050420e-01 -1.4285714286e+00 5.1267474713e+00
-1.5126050420e-01 -1.3949579832e+00 5.3048336177e+00
-1.5126050420e-01 -1.3613445378e+00 5.4992150822e+00
-1.5126050420e-01 -1.3277310924e+00 5.7128144709e+00
-1.5126050420e-01 -1.2941176471e+00 5.9494330194e+00
-1.5126050420e-01 -1.2605042017e+00 6.2141514007e+00
-1.5126050420e-01 -1.2268907563e+00 6.5139924792e+00
-1.5126050420e-01 -1.1932773109e+00 6.8590846009e+00
-1.5126050420e-01 -1.1596638655e+00 7.2648650353e+00
-1.5126050420e-01 -1.1260504202e+00 7.7566973248e+00
-1.5126050420e-01 -1.0924369748e+00 8.3810192840e+00
-1.5126050420e-01 -1.0588235294e+00 9.2387736782e+00
-1.5126050420e-01 -1.0252100840e+00 1.0633919295e+01
-1.5126050420e-01 -9.9159663866e-01 1.5711870064e+01
-1.5126050420e-01 -9.5798319328e-01 1.1302646498e+01
-1.5126050420e-01 -9.2436974790e-01 9.9296088625e+00
-1.5126050420e-01 -8.9075630252e-01 9.1839992488e+00
-1.5126050420e-01 -8.5714285714e-01 8.6812408710e+00
-1.5126050420e-01 -8.2352941176e-01 8.3078349333e+00
-1.5126050420e-01 -7.8991596639e-01 8.0147240537e+00
-1.5126050420e-01 -7.5630252101e-01 7.7762675729e+00
-1.5126050420e-01 -7.2268907563e-01 7.5774017551e+00
-1.5126050420e-01 -6.8907563025e-01 7.4085406425e+00
-1.5126050420e-01 -6.5546218487e-01 7.2632184436e+00
-1.5126050420e-01 -6.2184873950e-01 7.1368763920e+00
-1.5126050420e-01 -5.8823529412e-01 7.0261865865e+00
-1.5126050420e-01 -5.5462184874e-01 6.9286509586e+00
-1.5126050420e-01 -5.2100840336e-01 6.8423512713e+00
-1.5126050420e-01 -4.8739495798e-01 6.7657867775e+00
-1.5126050420e-01 -4.5378151261e-01 6.6977651529e+00
-1.5126050420e-01 -4.2016806723e-01 6.6373270835e+00
-1.5126050420e-01 -3.8655462185e-01 6.5836928342e+00
-1.5126050420e-01 -3.5294117647e-01 6.5362235910e+00
-1.5126050420e-01 -3.1932773109e-01 6.4943929892e+00
-1.5126050420e-01 -2.8571428571e-01 6.4577658283e+00
-1.5126050420e-01 -2.5210084034e-01 6.4259819608e+00
-1.5126050420e-01 -2.1848739496e-01 6.3987439840e+00
-1.5126050420e-01 -1.8487394958e-01 6.3758077757e+00
-1.5126050420e-01 -1.5126050420e-01 6.3569752024e+00
-1.5126050420e-01 -1.1764705882e-01 6.3420885164e+00
-1.5126050420e-01 -8.4033613445e-02 6.3310260984e+00
-1.5126050420e-01 -5.0420168067e-02 6.3236992991e+00
-1.5126050420e-01 -1.6806722689e-02 6.3200502039e+00
-1.5126050420e-01 1.6806722689e-02 6.3200502039e+00
-1.5126050420e-01 5.0420168067e-02 6.3236992991e+00
-1.5126050420e-01 8.4033613445e-02 6.3310260984e+00
-1.5126050420e-01 1.1764705882e-01 6.3420885164e+00
-1.5126050420e-01 1.5126050420e-01 6.3569752024e+00
-1.5126050420e-01 1.8487394958e-01 6.3758077757e+00
-1.5126050420e-01 2.1848739496e-01 6.3987439840e+00
-1.5126050420e-01 2.5210084034e-01 6.4259819608e+00
-1.5126050420e-01 2.8571428571e-01 6.4577658283e+00
-1.5126050420e-01 3.1932773109e-01 6.4943929892e+00
-1.5126050420e-01 3.5294117647e-01 6.5362235910e+00
-1.5126050420e-01 3.8655462185e-01 6.5836928342e+00
-1.5126050420e-01 4.2016806723e-01 6.6373270835e+00
-1.5126050420e-01 4.5378151261e-01 6.6977651529e+00
-1.5126050420e-01 4.8739495798e-01 6.7657867775e+00
-1.5126050420e-01 5.2100840336e-01 6.8423512713e+00
-1.5126050420e-01 5.5462184874e-01 6.9286509586e+00
-1.5126050420e-01 5.8823529412e-01 7.0261865865e+00
-1.5126050420e-01 6.2184873950e-01 7.1368763920e+00
-1.5126050420e-01 6.5546218487e-01 7.2632184436e+00
-1.5126050420e-01 6.8907563025e-01 7.4085406425e+00
-1.5126050420e-01 7.2268907563e-01 7.5774017551e+00
-1.5126050420e-01 7.5630252101e-01 7.7762675729e+00
-1.5126050420e-01 7.8991596639e-01 8.0147240537e+00
-1.5126050420e-01 8.2352941176e-01 8.3078349333e+00
-1.5126050420e-01 8.5714285714e-01 8.6812408710e+00
-1.5126050420e-01 8.9075630252e-01 9.1839992488e+00
-1.5126050420e-01 9.2436974790e-01 9.9296088625e+00
-1.5126050420e-01 9.5798319328e-01 1.1302646498e+01
-1.5126050420e-01 9.9159663866e-01 1.5711870064e+01
-1.5126050420e-01 1.0252100840e+00 1.0633919295e+01
-1.5126050420e-01 1.0588235294e+00 9.2387736782e+00
-1.5126050420e-01 1.0924369748e+00 8.3810192840e+00
-1.5126050420e-01 1.1260504202e+00 7.7566973248e+00
-1.5126050420e-01 1.1596638655e+00 7.2648650353e+00
-1.5126050420e-01 1.1932773109e+00 6.8590846009e+00
-1.5126050420e-01 1.2268907563e+00 6.5139924792e+00
-1.5126050420e-01 1.2605042017e+00 6.2141514007e+00
-1.5126050420e-01 1.2941176471e+00 5.9494330194e+00
-1.5126050420e-01 1.3277310924e+00 5.7128144709e+00
-1.5126050420e-01 1.3613445378e+00 5.4992150822e+00
-1.5126050420e-01 1.3949579832e+00 5.3048336177e+00
-1.5126050420e-01 1.4285714286e+00 5.1267474713e+00
-1.5126050420e-01 1.4621848739e+00 4.9626583248e+00
-1.5126050420e-01 1.4957983193e+00 4.8107242155e+00
-1.5126050420e-01 1.5294117647e+00 4.6694449032e+00
-1.5126050420e-01 1.5630252101e+00 4.5375813681e+00
-1.5126050420e-01 1.5966386555e+00 4.4140978777e+00
-1.5126050420e-01 1.6302521008e+00 4.2981193984e+00
-1.5126050420e-01 1.6638655462e+00 4.1888996953e+00
-1.5126050420e-01 1.6974789916e+00 4.0857970375e+00
-1.5126050420e-01 1.7310924370e+00 3.9882554218e+00
-1.5126050420e-01 1.7647058824e+00 3.8957898652e+00
-1.5126050420e-01 1.7983193277e+00 3.8079747472e+00
-1.5126050420e-01 1.8319327731e+00 3.7244344681e+00
-1.5126050420e-01 1.8655462185e+00 3.6448358891e+00
-1.5126050420e-01 1.8991596639e+00 3.5688821583e+00
-1.5126050420e-01 1.9327731092e+00 3.4963076277e+00
-1.5126050420e-01 1.9663865546e+00 3.4268736342e+00
-1.5126050420e-01 2.0000000000e+00 3.3603649763e+00

-1.1764705882e-01 -2.0000000000e+00 3.3647509442e+00
-1.1764705882e-01 -1.9663865546e+00 3.4315284880e+00
-1.1764705882e-01 -1.9327731092e+00 3.5012550372e+00
-1.1764705882e-01 -1.8991596639e+00 3.5741486144e+00
-1.1764705882e-01 -1.8655462185e+00 3.6504511421e+00
-1.1764705882e-01 -1.8319327731e+00 3.7304320531e+00
-1.1764705882e-01 -1.7983193277e+00 3.8143926165e+00
-1.1764705882e-01 -1.7647058824e+00 3.9026711565e+00
-1.1764705882e-01 -1.7310924370e+00 3.9956493971e+00
-1.1764705882e-01 -1.6974789916e+00 4.0937602414e+00
-1.1764705882e-01 -1.6638655462e+00 4.1974973966e+00
-1.1764705882e-01 -1.6302521008e+00 4.3074274026e+00
-1.1764705882e-01 -1.5966386555e+00 4.4242048308e+00
-1.1764705882e-01 -1.5630252101e+00 4.5485917221e+00
-1.1764705882e-01 -1.5294117647e+00 4.6814827853e+00
-1.1764705882e-01 -1.4957983193e+00 4.8239385549e+00
-1.1764705882e-01 -1.4621848739e+00 4.9772297651e+00
-1.1764705882e-01 -1.4285714286e+00 5.1428978762e+00
-1.1764705882e-01 -1.3949579832e+00 5.3228394406e+00
-1.1764705882e-01 -1.3613445378e+00 5.5194266704e+00
-1.1764705882e-01 -1.3277310924e+00 5.7356848005e+00
-1.1764705882e-01 -1.2941176471e+00 5.9755620472e+00
-1.1764705882e-01 -1.2605042017e+00 6.2443575597e+00
-1.1764705882e-01 -1.2268907563e+00 6.5494342439e+00
-1.1764705882e-01 -1.1932773109e+00 6.9014814873e+00
-1.1764705882e-01 -1.1596638655e+00 7.3169357368e+00
-1.1764705882e-01 -1.1260504202e+00 7.8231362782e+00
-1.1764705882e-01 -1.0924369748e+00 8.4710731389e+00
-1.1764705882e-01 -1.0588235294e+00 9.3751366488e+00
-1.1764705882e-01 -1.0252100840e+00 1.0904890270e+01
-1.1764705882e-01 -9.9159663866e-01 1.7221474285e+01
-1.1764705882e-01 -9.5798319328e-01 1.1031643246e+01
-1.1764705882e-01 -9.2436974790e-01 9.7971932247e+00
-1.1764705882e-01 -8.9075630252e-01 9.0963640820e+00
-1.1764705882e-01 -8.5714285714e-01 8.6155932514e+00
-1.1764705882e-01 -8.2352941176e-01 8.2551875388e+00
-1.1764705882e-01 -7.8991596639e-01 7.9706279455e+00
-1.1764705882e-01 -7.5630252101e-01 7.7382002559e+00
-1.1764705882e-01 -7.2268907563e-01 7.5437966342e+00
-1.1764705882e-01 -6.8907563025e-01 7.3783587089e+00
-1.1764705882e-01 -6.5546218487e-01 7.2357353696e+00
-1.1764705882e-01 -6.2184873950e-01 7.1115669874e+00
-1.1764705882e-01 -5.8823529412e-01 7.0026576984e+00
-1.1764705882e-01 -5.5462184874e-01 6.9066003429e+00
-1.1764705882e-01 -5.2100840336e-01 6.8215412451e+00
-1.1764705882e-01 -4.8739495798e-01 6.7460267079e+00
-1.1764705882e-01 -4.5378151261e-01 6.6788994463e+00
-1.1764705882e-01 -4.2016806723e-01 6.6192267233e+00
-1.1764705882e-01 -3.8655462185e-01 6.5662492736e+00
-1.1764705882e-01 -3.5294117647e-01 6.5193442505e+00
-1.1764705882e-01 -3.1932773109e-01 6.4779978734e+00
-1.1764705882e-01 -2.8571428571e-01 6.4417849351e+00
-1.1764705882e-01 -2.5210084034e-01 6.4103532648e+00
-1.1764705882e-01 -2.1848739496e-01 6.3834118381e+00
-1.1764705882e-01 -1.8487394958e-01 6.3607216228e+00
-1.1764705882e-01 -1.5126050420e-01 6.3420885164e+00
-1.1764705882e-01 -1.1764705882e-01 6.3273579153e+00
-1.1764705882e-01 -8.4033613445e-02 6.3164105838e+00
-1.1764705882e-01 -5.0420168067e-02 6.3091595872e+00
-1.1764705882e-01 -1.6806722689e-02 6.3055481208e+00
-1.1764705882e-01 1.6806722689e-02 6.3055481208e+00
-1.1764705882e-01 5.0420168067e-02 6.3091595872e+00
-1.1764705882e-01 8.4033613445e-02 6.3164105838e+00
-1.1764705882e-01 1.1764705882e-01 6.3273579153e+00
-1.1764705882e-01 1.5126050420e-01 6.3420885164e+00
-1.1764705882e-01 1.8487394958e-01 6.3607216228e+00
-1.1764705882e-01 2.1848739496e-01 6.3834118381e+00
-1.1764705882e-01 2.5210084034e-01 6.4103532648e+00
-1.1764705882e-01 2.8571428571e-01 6.4417849351e+00
-1.1764705882e-01 3.1932773109e-01 6.4779978734e+00
-1.1764705882e-01 3.5294117647e-01 6.5193442505e+00
-1.1764705882e-01 3.8655462185e-01 6.5662492736e+00
-1.1764705882e-01 4.2016806723e-01 6.6192267233e+00
-1.1764705882e-01 4.5378151261e-01 6.6788994463e+00
-1.1764705882e-01 4.8739495798e-01 6.7460267079e+00
-1.1764705882e-01 5.2100840336e-01 6.8215412451e+00
-1.1764705882e-01 5.5462184874e-01 6.9066003429e+00
-1.1764705882e-01 5.8823529412e-01 7.0026576984e+00
-1.1764705882e-01 6.2184873950e-01 7.1115669874e+00
-1.1764705882e-01 6.5546218487e-01 7.2357353696e+00
-1.1764705882e-01 6.8907563025e-01 7.3783587089e+00
-1.1764705882e-01 7.2268907563e-01 7.5437966342e+00
-1.1764705882e-01 7.5630252101e-01 7.7382002559e+00
-1.1764705882e-01 7.8991596639e-01 7.9706279455e+00
-1.1764705882e-01 8.2352941176e-01 8.2551875388e+00
-1.1764705882e-01 8.5714285714e-01 8.6155932514e+00
-1.1764705882e-01 8.9075630252e-01 9.0963640820e+00
-1.1764705882e-01 9.2436974790e-01 9.7971932247e+00
-1.1764705882e-01 9.5798319328e-01 1.1031643246e+01
-1.1764705882e-01 9.9159663866e-01 1.7221474285e+01
-1.1764705882e-01 1.0252100840e+00 1.0904890270e+01
-1.1764705882e-01 1.0588235294e+00 9.3751366488e+00
-1.1764705882e-01 1.0924369748e+00 8.4710731389e+00
-1.1764705882e-01 1.1260504202e+00 7.8231362782e+00
-1.1764705882e-01 1.1596638655e+00 7.3169357368e+00
-1.1764705882e-01 1.1932773109e+00 6.9014814873e+00
-1.1764705882e-01 1.2268907563e+00 6.5494342439e+00
-1.1764705882e-01 1.2605042017e+00 6.2443575597e+00
-1.1764705882e-01 1.2941176471e+00 5.9755620472e+00
-1.1764705882e-01 1.3277310924e+00 5.7356848005e+00
-1.1764705882e-01 1.3613445378e+00 5.5194266704e+00
-1.1764705882e-01 1.3949579832e+00 5.3228394406e+00
-1.1764705882e-01 1.4285714286e+00 5.1428978762e+00
-1.1764705882e-01 1.4621848739e+00 4.9772297651e+00
-1.1764705882e-01 1.4957983193e+00 4.8239385549e+00
-1.1764705882e-01 1.5294117647e+00 4.6814827853e+00
-1.1764705882e-01 1.5630252101e+00 4.5485917221e+00
-1.1764705882e-01 1.5966386555e+00 4.4242048308e+00
-1.1764705882e-01 1.6302521008e+00 4.3074274026e+00
-1.1764705882e-01 1.6638655462e+00 4.1974973966e+00
-1.1764705882e-01 1.6974789916e+00 4.0937602414e+00
-1.1764705882e-01 1.7310924370e+00 3.9956493971e+00
-1.1764705882e-01 1.7647058824e+00 3.9026711565e+00
-1.1764705882e-01 1.7983193277e+00 3.8143926165e+00
-1.1764705882e-01 1.8319327731e+00 3.7304320531e+00
-1.1764705882e-01 1.8655462185e+00 3.6504511421e+00
-1.1764705882e-01 1.8991596639e+00 3.5741486144e+00
-1.1764705882e-01 1.9327731092e+00 3.5012550372e+00
-1.1764705882e-01 1.9663865546e+00 3.4315284880e+00
-1.1764705882e-01 2.0000000000e+00 3.3647509442e+00

-8.4033613445e-02 -2.0000000000e+00 3.3680518295e+00
-8.4033613445e-02 -1.9663865546e+00 3.4350322417e+00
-8.4033613445e-02 -1.9327731092e+00 3.5049795739e+00
-8.4033613445e-02 -1.8991596639e+00 3.5781139923e+00
-8.4033613445e-02 -1.8655462185e+00 3.6546798970e+00
-8.4033613445e-02 -1.8319327731e+00 3.7349495994e+00
-8.4033613445e-02 -1.7983193277e+00 3.8192277310e+00
-8.4033613445e-02 -1.7647058824e+00 3.9078565653e+00
-8.4033613445e-02 -1.7310924370e+00 4.0012224949e+00
-8.4033613445e-02 -1.6974789916e+00 4.0997639792e+00
-8.4033613445e-02 -1.6638655462e+00 4.2039813877e+00
-8.4033613445e-02 -1.6302521008e+00 4.3144493152e+00
-8.4033613445e-02 -1.5966386555e+00 4.4318321604e+00
-8.4033613445e-02 -1.5630252101e+00 4.5569040768e+00
-8.4033613445e-02 -1.5294117647e+00 4.6905748722e+00
-8.4033613445e-02 -1.4957983193e+00 4.8339241453e+00
-8.4033613445e-02 -1.4621848739e+00 4.9882470529e+00
-8.4033613445e-02 -1.4285714286e+00 5.1551168636e+00
-8.4033613445e-02 -1.3949579832e+00 5.3364723580e+00
-8.4033613445e-02 -1.3613445378e+00 5.5347430706e+00
-8.4033613445e-02 -1.3277310924e+00 5.7530341167e+00
-8.4033613445e-02 -1.2941176471e+00 5.9954085731e+00
-8.4033613445e-02 -1.2605042017e+00 6.2673371630e+00
-8.4033613445e-02 -1.2268907563e+00 6.5764514797e+00
-8.4033613445e-02 -1.1932773109e+00 6.9338877458e+00
-8.4033613445e-02 -1.1596638655e+00 7.3568866604e+00
-8.4033613445e-02 -1.1260504202e+00 7.8744017363e+00
-8.4033613445e-02 -1.0924369748e+00 8.5412281540e+00
-8.4033613445e-02 -1.0588235294e+00 9.4834578650e+00
-8.4033613445e-02 -1.0252100840e+00 1.1133632590e+01
-8.4033613445e-02 -9.9159663866e-01 1.4848017243e+01
-8.4033613445e-02 -9.5798319328e-01 1.0851631852e+01
-8.4033613445e-02 -9.2436974790e-01 9.7039871194e+00
-8.4033613445e-02 -8.9075630252e-01 9.0334482935e+00
-8.4033613445e-02 -8.5714285714e-01 8.5679903289e+00
-8.4033613445e-02 -8.2352941176e-01 8.2167808458e+00
-8.4033613445e-02 -7.8991596639e-01 7.9383296894e+00
-8.4033613445e-02 -7.5630252101e-01 7.7102374296e+00
-8.4033613445e-02 -7.2268907563e-01 7.5190582983e+00
-8.4033613445e-02 -6.8907563025e-01 7.3561031838e+00
-8.4033613445e-02 -6.5546218487e-01 7.2154429593e+00
-8.4033613445e-02 -6.2184873950e-01 7.0928593342e+00
-8.4033613445e-02 -5.8823529412e-01 6.9852506194e+00
-8.4033613445e-02 -5.5462184874e-01 6.8902747553e+00
-8.4033613445e-02 -5.2100840336e-01 6.8061244543e+00
-8.4033613445e-02 -4.8739495798e-01 6.7313799200e+00
-8.4033613445e-02 -4.5378151261e-01 6.6649091757e+00
-8.4033613445e-02 -4.2016806723e-01 6.6057987201e+00
-8.4033613445e-02 -3.8655462185e-01 6.5533041299e+00
-8.4033613445e-02 -3.5294117647e-01 6.5068141542e+00
-8.4033613445e-02 -3.1932773109e-01 6.4658241631e+00
-8.4033613445e-02 -2.8571428571e-01 6.4299162255e+00
-8.4033613445e-02 -2.5210084034e-01 6.3987439840e+00
-8.4033613445e-02 -2.1848739496e-01 6.3720210669e+00
-8.4033613445e-02 -1.8487394958e-01 6.3495121575e+00
-8.4033613445e-02 -1.5126050420e-01 6.3310260984e+00
-8.4033613445e-02 -1.1764705882e-01 6.3164105838e+00
-8.4033613445e-02 -8.4033613445e-02 6.3055481208e+00
-8.4033613445e-02 -5.0420168067e-02 6.2983530290e+00
-8.4033613445e-02 -1.6806722689e-02 6.2947693155e+00
-8.4033613445e-02 1.6806722689e-02 6.2947693155e+00
-8.4033613445e-02 5.0420168067e-02 6.2983530290e+00
-8.4033613445e-02 8.4033613445e-02 6.3055481208e+00
-8.4033613445e-02 1.1764705882e-01 6.3164105838e+00
-8.4033613445e-02 1.5126050420e-01 6.3310260984e+00
-8.4033613445e-02 1.8487394958e-01 6.3495121575e+00
-8.4033613445e-02 2.1848739496e-01 6.3720210669e+00
-8.4033613445e-02 2.5210084034e-01 6.3987439840e+00
-8.4033613445e-02 2.8571428571e-01 6.4299162255e+00
-8.4033613445e-02 3.1932773109e-01 6.4658241631e+00
-8.4033613445e-02 3.5294117647e-01 6.5068141542e+00
-8.4033613445e-02 3.8655462185e-01 6.5533041299e+00
-8.4033613445e-02 4.2016806723e-01 6.6057987201e+00
-8.4033613445e-02 4.5378151261e-01 6.6649091757e+00
-8.4033613445e-02 4.8739495798e-01 6.7313799200e+00
-8.4033613445e-02 5.2100840336e-01 6.8061244543e+00
-8.4033613445e-02 5.5462184874e-01 6.8902747553e+00
-8.4033613445e-02 5.8823529412e-01 6.9852506194e+00
-8.4033613445e-02 6.2184873950e-01 7.0928593342e+00
-8.4033613445e-02 6.5546218487e-01 7.2154429593e+00
-8.4033613445e-02 6.8907563025e-01 7.3561031838e+00
-8.4033613445e-02 7.2268907563e-01 7.5190582983e+00
-8.4033613445e-02 7.5630252101e-01 7.7102374296e+00
-8.4033613445e-02 7.8991596639e-01 7.9383296894e+00
-8.4033613445e-02 8.2352941176e-01 8.2167808458e+00
-8.4033613445e-02 8.5714285714e-01 8.5679903289e+00
-8.4033613445e-02 8.9075630252e-01 9.0334482935e+00
-8.4033613445e-02 9.2436974790e-01 9.7039871194e+00
-8.4033613445e-02 9.5798319328e-01 1.0851631852e+01
-8.4033613445e-02 9.9159663866e-01 1.4848017243e+01
-8.4033613445e-02 1.0252100840e+00 1.1133632590e+01
-8.4033613445e-02 1.0588235294e+00 9.4834578650e+00
-8.4033613445e-02 1.0924369748e+00 8.5412281540e+00
-8.4033613445e-02 1.1260504202e+00 7.8744017363e+00
-8.4033613445e-02 1.1596638655e+00 7.3568866604e+00
-8.4033613445e-02 1.1932773109e+00 6.9338877458e+00
-8.4033613445e-02 1.2268907563e+00 6.5764514797e+00
-8.4033613445e-02 1.2605042017e+00 6.2673371630e+00
-8.4033613445e-02 1.2941176471e+00 5.9954085731e+00
-8.4033613445e-02 1.3277310924e+00 5.7530341167e+00
-8.4033613445e-02 1.3613445378e+00 5.5347430706e+00
-8.4033613445e-02 1.3949579832e+00 5.3364723580e+00
-8.4033613445e-02 1.4285714286e+00 5.1551168636e+00
-8.4033613445e-02 1.4621848739e+00 4.9882470529e+00
-8.4033613445e-02 1.4957983193e+00 4.8339241453e+00
-8.4033613445e-02 1.5294117647e+00 4.6905748722e+00
-8.4033613445e-02 1.5630252101e+00 4.5569040768e+00
-8.4033613445e-02 1.5966386555e+00 4.4318321604e+00
-8.4033613445e-02 1.6302521008e+00 4.3144493152e+00
-8.4033613445e-02 1.6638655462e+00 4.2039813877e+00
-8.4033613445e-02 1.6974789916e+00 4.0997639792e+00
-8.4033613445e-02 1.7310924370e+00 4.0012224949e+00
-8.4033613445e-02 1.7647058824e+00 3.9078565653e+00
-8.4033613445e-02 1.7983193277e+00 3.8192277310e+00
-8.4033613445e-02 1.8319327731e+00 3.7349495994e+00
-8.4033613445e-02 1.8655462185e+00 3.6546798970e+00
-8.4033613445e-02 1.8991596639e+00 3.5781139923e+00
-8.4033613445e-02 1.9327731092e+00 3.5049795739e+00
-8.4033613445e-02 1.9663865546e+00 3.4350322417e+00
-8.4033613445e-02 2.0000000000e+00 3.3680518295e+00

-5.0420168067e-02 -2.0000000000e+00 3.3702578800e+00
-5.0420168067e-02 -1.9663865546e+00 3.4373741151e+00
-5.0420168067e-02 -1.9327731092e+00 3.5074692917e+00
-5.0420168067e-02 -1.8991596639e+00 3.5807650178e+00
-5.0420168067e-02 -1.8655462185e+00 3.6575073614e+00
-5.0420168067e-02 -1.8319327731e+00 3.7379705725e+00
-5.0420168067e-02 -1.7983193277e+00 3.8224615477e+00
-5.0420168067e-02 -1.7647058824e+00 3.9113252230e+00
-5.0420168067e-02 -1.7310924370e+00 4.0049511396e+00
-5.0420168067e-02 -1.6974789916e+00 4.1037815069e+00
-5.0420168067e-02 -1.6638655462e+00 4.2083211937e+00
-5.0420168067e-02 -1.6302521008e+00 4.3191502386e+00
-5.0420168067e-02 -1.5966386555e+00 4.4369396879e+00
-5.0420168067e-02 -1.5630252101e+00 4.5624718954e+00
-5.0420168067e-02 -1.5294117647e+00 4.6966669021e+00
-5.0420168067e-02 -1.4957983193e+00 4.8406172424e+00
-5.0420168067e-02 -1.4621848739e+00 4.9956346659e+00
-5.0420168067e-02 -1.4285714286e+00 5.1633140854e+00
-5.0420168067e-02 -1.3949579832e+00 5.3456230658e+00
-5.0420168067e-02 -1.3613445378e+00 5.5450302945e+00
-5.0420168067e-02 -1.3277310924e+00 5.7646955800e+00
-5.0420168067e-02 -1.2941176471e+00 6.0087608728e+00
-5.0420168067e-02 -1.2605042017e+00 6.2828151354e+00
-5.0420168067e-02 -1.2268907563e+00 6.5946759576e+00
-5.0420168067e-02 -1.1932773109e+00 6.9557906760e+00
-5.0420168067e-02 -1.1596638655e+00 7.3839643320e+00
-5.0420168067e-02 -1.1260504202e+00 7.9092957188e+00
-5.0420168067e-02 -1.0924369748e+00 8.5893262121e+00
-5.0420168067e-02 -1.0588235294e+00 9.5588557070e+00
-5.0420168067e-02 -1.0252100840e+00 1.1301168699e+01
-5.0420168067e-02 -9.9159663866e-01 1.4091010328e+01
-5.0420168067e-02 -9.5798319328e-01 1.0740718936e+01
-5.0420168067e-02 -9.2436974790e-01 9.6444723442e+00
-5.0420168067e-02 -8.9075630252e-01 8.9927511950e+00
-5.0420168067e-02 -8.5714285714e-01 8.5369912615e+00
-5.0420168067e-02 -8.2352941176e-01 8.1916676483e+00
-5.0420168067e-02 -7.8991596639e-01 7.9171522147e+00
-5.0420168067e-02 -7.5630252101e-01 7.6918661803e+00
-5.0420168067e-02 -7.2268907563e-01 7.5027812086e+00
-5.0420168067e-02 -6.8907563025e-01 7.3414426930e+00
-5.0420168067e-02 -6.5546218487e-01 7.2020632511e+00
-5.0420168067e-02 -6.2184873950e-01 7.0805152264e+00
-5.0420168067e-02 -5.8823529412e-01 6.9737575263e+00
-5.0420168067e-02 -5.5462184874e-01 6.8794900977e+00
-5.0420168067e-02 -5.2100840336e-01 6.7959356550e+00
-5.0420168067e-02 -4.8739495798e-01 6.7216963712e+00
-5.0420168067e-02 -4.5378151261e-01 6.6556566983e+00
-5.0420168067e-02 -4.2016806723e-01 6.5969156396e+00
-5.0420168067e-02 -3.8655462185e-01 6.5447384326e+00
-5.0420168067e-02 -3.5294117647e-01 6.4985213827e+00
-5.0420168067e-02 -3.1932773109e-01 6.4577658283e+00
-5.0420168067e-02 -2.8571428571e-01 6.4220585881e+00
-5.0420168067e-02 -2.5210084034e-01 6.3910571022e+00
-5.0420168067e-02 -2.1848739496e-01 6.3644780405e+00
-5.0420168067e-02 -1.8487394958e-01 6.3420885164e+00
-5.0420168067e-02 -1.5126050420e-01 6.3236992991e+00
-5.0420168067e-02 -1.1764705882e-01 6.3091595872e+00
-5.0420168067e-02 -8.4033613445e-02 6.2983530290e+00
-5.0420168067e-02 -5.0420168067e-02 6.2911947653e+00
-5.0420168067e-02 -1.6806722689e-02 6.2876293352e+00
-5.0420168067e-02 1.6806722689e-02 6.2876293352e+00
-5.0420168067e-02 5.0420168067e-02 6.2911947653e+00
-5.0420168067e-02 8.4033613445e-02 6.2983530290e+00
-5.0420168067e-02 1.1764705882e-01 6.3091595872e+00
-5.0420168067e-02 1.5126050420e-01 6.3236992991e+00
-5.0420168067e-02 1.8487394958e-01 6.3420885164e+00
-5.0420168067e-02 2.1848739496e-01 6.3644780405e+00
-5.0420168067e-02 2.5210084034e-01 6.3910571022e+00
-5.0420168067e-02 2.8571428571e-01 6.4220585881e+00
-5.0420168067e-02 3.1932773109e-01 6.4577658283e+00
-5.0420168067e-02 3.5294117647e-01 6.4985213827e+00
-5.0420168067e-02 3.8655462185e-01 6.5447384326e+00
-5.0420168067e-02 4.2016806723e-01 6.5969156396e+00
-5.0420168067e-02 4.5378151261e-01 6.6556566983e+00
-5.0420168067e-02 4.8739495798e-01 6.7216963712e+00
-5.0420168067e-02 5.2100840336e-01 6.7959356550e+00
-5.0420168067e-02 5.5462184874e-01 6.8794900977e+00
-5.0420168067e-02 5.8823529412e-01 6.9737575263e+00
-5.0420168067e-02 6.2184873950e-01 7.0805152264e+00
-5.0420168067e-02 6.5546218487e-01 7.2020632511e+00
-5.0420168067e-02 6.8907563025e-01 7.3414426930e+00
-5.0420168067e-02 7.2268907563e-01 7.5027812086e+00
-5.0420168067e-02 7.5630252101e-01 7.6918661803e+00
-5.0420168067e-02 7.8991596639e-01 7.9171522147e+00
-5.0420168067e-02 8.2352941176e-01 8.1916676483e+00
-5.0420168067e-02 8.5714285714e-01 8.5369912615e+00
-5.0420168067e-02 8.9075630252e-01 8.9927511950e+00
-5.0420168067e-02 9.2436974790e-01 9.6444723442e+00
-5.0420168067e-02 9.5798319328e-01 1.0740718936e+01
-5.0420168067e-02 9.9159663866e-01 1.4091010328e+01
-5.0420168067e-02 1.0252100840e+00 1.1301168699e+01
-5.0420168067e-02 1.0588235294e+00 9.5588557070e+00
-5.0420168067e-02 1.0924369748e+00 8.5893262121e+00
-5.0420168067e-02 1.1260504202e+00 7.9092957188e+00
-5.0420168067e-02 1.1596638655e+00 7.3839643320e+00
-5.0420168067e-02 1.1932773109e+00 6.9557906760e+00
-5.0420168067e-02 1.2268907563e+00 6.5946759576e+00
-5.0420168067e-02 1.2605042017e+00 6.2828151354e+00
-5.0420168067e-02 1.2941176471e+00 6.0087608728e+00
-5.0420168067e-02 1.3277310924e+00 5.7646955800e+00
-5.0420168067e-02 1.3613445378e+00 5.5450302945e+00
-5.0420168067e-02 1.3949579832e+00 5.3456230658e+00
-5.0420168067e-02 1.4285714286e+00 5.1633140854e+00
-5.0420168067e-02 1.4621848739e+00 4.9956346659e+00
-5.0420168067e-02 1.4957983193e+00 4.8406172424e+00
-5.0420168067e-02 1.5294117647e+00 4.6966669021e+00
-5.0420168067e-02 1.5630252101e+00 4.5624718954e+00
-5.0420168067e-02 1.5966386555e+00 4.4369396879e+00
-5.0420168067e-02 1.6302521008e+00 4.3191502386e+00
-5.0420168067e-02 1.6638655462e+00 4.2083211937e+00
-5.0420168067e-02 1.6974789916e+00 4.1037815069e+00
-5.0420168067e-02 1.7310924370e+00 4.0049511396e+00
-5.0420168067e-02 1.7647058824e+00 3.9113252230e+00
-5.0420168067e-02 1.7983193277e+00 3.8224615477e+00
-5.0420168067e-02 1.8319327731e+00 3.7379705725e+00
-5.0420168067e-02 1.8655462185e+00 3.6575073614e+00
-5.0420168067e-02 1.8991596639e+00 3.5807650178e+00
-5.0420168067e-02 1.9327731092e+00 3.5074692917e+00
-5.0420168067e-02 1.9663865546e+00 3.4373741151e+00
-5.0420168067e-02 2.0000000000e+00 3.3702578800e+00

-1.6806722689e-02 -2.0000000000e+00 3.3713625488e+00
-1.6806722689e-02 -1.9663865546e+00 3.4385468695e+00
-1.6806722689e-02 -1.9327731092e+00 3.5087161658e+00
-1.6806722689e-02 -1.8991596639e+00 3.5820927711e+00
-1.6806722689e-02 -1.8655462185e+00 3.6589235918e+00
-1.6806722689e-02 -1.8319327731e+00 3.7394838533e+00
-1.6806722689e-02 -1.7983193277e+00 3.8240815919e+00
-1.6806722689e-02 -1.7647058824e+00 3.9130630836e+00
-1.6806722689e-02 -1.7310924370e+00 4.0068194551e+00
-1.6806722689e-02 -1.6974789916e+00 4.1057948046e+00
-1.6806722689e-02 -1.6638655462e+00 4.2104962681e+00
-1.6806722689e-02 -1.6302521008e+00 4.3215066288e+00
-1.6806722689e-02 -1.5966386555e+00 4.4395002855e+00
-1.6806722689e-02 -1.5630252101e+00 4.5652637307e+00
-1.6806722689e-02 -1.5294117647e+00 4.6997221729e+00
-1.6806722689e-02 -1.4957983193e+00 4.8439746833e+00
-1.6806722689e-02 -1.4621848739e+00 4.9993414029e+00
-1.6806722689e-02 -1.4285714286e+00 5.1674282009e+00
-1.6806722689e-02 -1.3949579832e+00 5.3502172280e+00
-1.6806722689e-02 -1.3613445378e+00 5.5501970364e+00
-1.6806722689e-02 -1.3277310924e+00 5.7705552243e+00
-1.6806722689e-02 -1.2941176471e+00 6.0154738892e+00
-1.6806722689e-02 -1.2605042017e+00 6.2906023086e+00
-1.6806722689e-02 -1.2268907563e+00 6.6038532101e+00
-1.6806722689e-02 -1.1932773109e+00 6.9668336284e+00
-1.6806722689e-02 -1.1596638655e+00 7.3976396698e+00
-1.6806722689e-02 -1.1260504202e+00 7.9269648386e+00
-1.6806722689e-02 -1.0924369748e+00 8.6137916730e+00
-1.6806722689e-02 -1.0588235294e+00 9.5975786413e+00
-1.6806722689e-02 -1.0252100840e+00 1.1390210352e+01
-1.6806722689e-02 -9.9159663866e-01 1.3800089782e+01
-1.6806722689e-02 -9.5798319328e-01 1.0687680623e+01
-1.6806722689e-02 -9.2436974790e-01 9.6154515681e+00
-1.6806722689e-02 -8.9075630252e-01 8.9727598831e+00
-1.6806722689e-02 -8.5714285714e-01 8.5217048679e+00
-1.6806722689e-02 -8.2352941176e-01 8.1792541747e+00
-1.6806722689e-02 -7.8991596639e-01 7.9066672542e+00
-1.6806722689e-02 -7.5630252101e-01 7.6827599794e+00
-1.6806722689e-02 -7.2268907563e-01 7.4947059442e+00
-1.6806722689e-02 -6.8907563025e-01 7.3341644640e+00
-1.6806722689e-02 -6.5546218487e-01 7.1954172363e+00
-1.6806722689e-02 -6.2184873950e-01 7.0743808866e+00
-1.6806722689e-02 -5.8823529412e-01 6.9680439881e+00
-1.6806722689e-02 -5.5462184874e-01 6.8741270868e+00
-1.6806722689e-02 -5.2100840336e-01 6.7908676297e+00
-1.6806722689e-02 -4.8739495798e-01 6.7168785906e+00
-1.6806722689e-02 -4.5378151261e-01 6.6510525065e+00
-1.6806722689e-02 -4.2016806723e-01 6.5924945398e+00
-1.6806722689e-02 -3.8655462185e-01 6.5404746900e+00
-1.6806722689e-02 -3.5294117647e-01 6.4943929892e+00
-1.6806722689e-02 -3.1932773109e-01 6.4537537218e+00
-1.6806722689e-02 -2.8571428571e-01 6.4181460513e+00
-1.6806722689e-02 -2.5210084034e-01 6.3872292941e+00
-1.6806722689e-02 -2.1848739496e-01 6.3607216228e+00
-1.6806722689e-02 -1.8487394958e-01 6.3383913520e+00
-1.6806722689e-02 -1.5126050420e-01 6.3200502039e+00
-1.6806722689e-02 -1.1764705882e-01 6.3055481208e+00
-1.6806722689e-02 -8.4033613445e-02 6.2947693155e+00
-1.6806722689e-02 -5.0420168067e-02 6.2876293352e+00
-1.6806722689e-02 -1.6806722689e-02 6.2840729822e+00
-1.6806722689e-02 1.6806722689e-02 6.2840729822e+00
-1.6806722689e-02 5.0420168067e-02 6.2876293352e+00
-1.6806722689e-02 8.4033613445e-02 6.2947693155e+00
-1.6806722689e-02 1.1764705882e-01 6.3055481208e+00
-1.6806722689e-02 1.5126050420e-01 6.3200502039e+00
-1.6806722689e-02 1.8487394958e-01 6.3383913520e+00
-1.6806722689e-02 2.1848739496e-01 6.3607216228e+00
-1.6806722689e-02 2.5210084034e-01 6.3872292941e+00
-1.6806722689e-02 2.8571428571e-01 6.4181460513e+00
-1.6806722689e-02 3.1932773109e-01 6.4537537218e+00
-1.6806722689e-02 3.5294117647e-01 6.4943929892e+00
-1.6806722689e-02 3.8655462185e-01 6.5404746900e+00
-1.6806722689e-02 4.2016806723e-01 6.5924945398e+00
-1.6806722689e-02 4.5378151261e-01 6.6510525065e+00
-1.6806722689e-02 4.8739495798e-01 6.7168785906e+00
-1.6806722689e-02 5.2100840336e-01 6.7908676297e+00
-1.6806722689e-02 5.5462184874e-01 6.8741270868e+00
-1.6806722689e-02 5.8823529412e-01 6.9680439881e+00
-1.6806722689e-02 6.2184873950e-01 7.0743808866e+00
-1.6806722689e-02 6.5546218487e-01 7.1954172363e+00
-1.6806722689e-02 6.8907563025e-01 7.3341644640e+00
-1.6806722689e-02 7.2268907563e-01 7.4947059442e+00
-1.6806722689e-02 7.5630252101e-01 7.6827599794e+00
-1.6806722689e-02 7.8991596639e-01 7.9066672542e+00
-1.6806722689e-02 8.2352941176e-01 8.1792541747e+00
-1.6806722689e-02 8.5714285714e-01 8.5217048679e+00
-1.6806722689e-02 8.9075630252e-01 8.9727598831e+00
-1.6806722689e-02 9.2436974790e-01 9.6154515681e+00
-1.6806722689e-02 9.5798319328e-01 1.0687680623e+01
-1.6806722689e-02 9.9159663866e-01 1.3800089782e+01
-1.6806722689e-02 1.0252100840e+00 1.1390210352e+01
-1.6806722689e-02 1.0588235294e+00 9.5975786413e+00
-1.6806722689e-02 1.0924369748e+00 8.6137916730e+00
-1.6806722689e-02 1.1260504202e+00 7.9269648386e+00
-1.6806722689e-02 1.1596638655e+00 7.3976396698e+00
-1.6806722689e-02 1.1932773109e+00 6.9668336284e+00
-1.6806722689e-02 1.2268907563e+00 6.6038532101e+00
-1.6806722689e-02 1.2605042017e+00 6.2906023086e+00
-1.6806722689e-02 1.2941176471e+00 6.0154738892e+00
-1.6806722689e-02 1.3277310924e+00 5.7705552243e+00
-1.6806722689e-02 1.3613445378e+00 5.5501970364e+00
-1.6806722689e-02 1.3949579832e+00 5.3502172280e+00
-1.6806722689e-02 1.4285714286e+00 5.1674282009e+00
-1.6806722689e-02 1.4621848739e+00 4.9993414029e+00
-1.6806722689e-02 1.4957983193e+00 4.8439746833e+00
-1.6806722689e-02 1.5294117647e+00 4.6997221729e+00
-1.6806722689e-02 1.5630252101e+00 4.5652637307e+00
-1.6806722689e-02 1.5966386555e+00 4.4395002855e+00
-1.6806722689e-02 1.6302521008e+00 4.3215066288e+00
-1.6806722689e-02 1.6638655462e+00 4.2104962681e+00
-1.6806722689e-02 1.6974789916e+00 4.1057948046e+00
-1.6806722689e-02 1.7310924370e+00 4.0068194551e+00
-1.6806722689e-02 1.7647058824e+00 3.9130630836e+00
-1.6806722689e-02 1.7983193277e+00 3.8240815919e+00
-1.6806722689e-02 1.8319327731e+00 3.7394838533e+00
-1.6806722689e-02 1.8655462185e+00 3.6589235918e+00
-1.6806722689e-02 1.8991596639e+00 3.5820927711e+00
-1.6806722689e-02 1.9327731092e+00 3.5087161658e+00
-1.6806722689e-02 1.9663865546e+00 3.4385468695e+00
-1.6806722689e-02 2.0000000000e+00 3.3713625488e+00

1.6806722689e-02 -2.0000000000e+00 3.3713625488e+00
1.6806722689e-02 -1.9663865546e+00 3.4385468695e+00
1.6806722689e-02 -1.9327731092e+00 3.5087161658e+00
1.6806722689e-02 -1.8991596639e+00 3.5820927711e+00
1.6806722689e-02 -1.8655462185e+00 3.6589235918e+00
1.6806722689e-02 -1.8319327731e+00 3.7394838533e+00
1.6806722689e-02 -1.7983193277e+00 3.8240815919e+00
1.6806722689e-02 -1.7647058824e+00 3.9130630836e+00
1.6806722689e-02 -1.7310924370e+00 4.0068194551e+00
1.6806722689e-02 -1.6974789916e+00 4.1057948046e+00
1.6806722689e-02 -1.6638655462e+00 4.2104962681e+00
1.6806722689e-02 -1.6302521008e+00 4.3215066288e+00
1.6806722689e-02 -1.5966386555e+00 4.4395002855e+00
1.6806722689e-02 -1.5630252101e+00 4.5652637307e+00
1.6806722689e-02 -1.5294117647e+00 4.6997221729e+00
1.6806722689e-02 -1.4957983193e+00 4.8439746833e+00
1.6806722689e-02 -1.4621848739e+00 4.9993414029e+00
1.6806722689e-02 -1.4285714286e+00 5.1674282009e+00
1.6806722689e-02 -1.3949579832e+00 5.3502172280e+00
1.6806722689e-02 -1.3613445378e+00 5.5501970364e+00
1.6806722689e-02 -1.3277310924e+00 5.7705552243e+00
1.6806722689e-02 -1.2941176471e+00 6.0154738892e+00
1.6806722689e-02 -1.2605042017e+00 6.2906023086e+00
1.6806722689e-02 -1.2268907563e+00 6.6038532101e+00
1.6806722689e-02 -1.1932773109e+00 6.9668336284e+00
1.6806722689e-02 -1.1596638655e+00 7.3976396698e+00
1.6806722689e-02 -1.1260504202e+00 7.9269648386e+00
1.6806722689e-02 -1.0924369748e+00 8.6137916730e+00
1.6806722689e-02 -1.0588235294e+00 9.5975786413e+00
1.6806722689e-02 -1.0252100840e+00 1.1390210352e+01
1.6806722689e-02 -9.9159663866e-01 1.3800089782e+01
1.6806722689e-02 -9.5798319328e-01 1.0687680623e+01
1.6806722689e-02 -9.2436974790e-01 9.6154515681e+00
1.6806722689e-02 -8.9075630252e-01 8.9727598831e+00
1.6806722689e-02 -8.5714285714e-01 8.5217048679e+00
1.6806722689e-02 -8.2352941176e-01 8.1792541747e+00
1.6806722689e-02 -7.8991596639e-01 7.9066672542e+00
1.6806722689e-02 -7.5630252101e-01 7.6827599794e+00
1.6806722689e-02 -7.2268907563e-01 7.4947059442e+00
1.6806722689e-02 -6.8907563025e-01 7.3341644640e+00
1.6806722689e-02 -6.5546218487e-01 7.1954172363e+00
1.6806722689e-02 -6.2184873950e-01 7.0743808866e+00
1.6806722689e-02 -5.8823529412e-01 6.9680439881e+00
1.6806722689e-02 -5.5462184874e-01 6.8741270868e+00
1.6806722689e-02 -5.2100840336e-01 6.7908676297e+00
1.6806722689e-02 -4.8739495798e-01 6.7168785906e+00
1.6806722689e-02 -4.5378151261e-01 6.6510525065e+00
1.6806722689e-02 -4.2016806723e-01 6.5924945398e+00
1.6806722689e-02 -3.8655462185e-01 6.5404746900e+00
1.6806722689e-02 -3.5294117647e-01 6.4943929892e+00
1.6806722689e-02 -3.1932773109e-01 6.4537537218e+00
1.6806722689e-02 -2.8571428571e-01 6.4181460513e+00
1.6806722689e-02 -2.5210084034e-01 6.3872292941e+00
1.6806722689e-02 -2.1848739496e-01 6.3607216228e+00
1.6806722689e-02 -1.8487394958e-01 6.3383913520e+00
1.6806722689e-02 -1.5126050420e-01 6.3200502039e+00
1.6806722689e-02 -1.1764705882e-01 6.3055481208e+00
1.6806722689e-02 -8.4033613445e-02 6.2947693155e+00
1.6806722689e-02 -5.0420168067e-02 6.2876293352e+00
1.6806722689e-02 -1.6806722689e-02 6.2840729822e+00
1.6806722689e-02 1.6806722689e-02 6.2840729822e+00
1.6806722689e-02 5.0420168067e-02 6.2876293352e+00
1.6806722689e-02 8.4033613445e-02 6.2947693155e+00
1.6806722689e-02 1.1764705882e-01 6.3055481208e+00
1.6806722689e-02 1.5126050420e-01 6.3200502039e+00
1.6806722689e-02 1.8487394958e-01 6.3383913520e+00
1.6806722689e-02 2.1848739496e-01 6.3607216228e+00
1.6806722689e-02 2.5210084034e-01 6.3872292941e+00
1.6806722689e-02 2.8571428571e-01 6.4181460513e+00
1.6806722689e-02 3.1932773109e-01 6.4537537218e+00
1.6806722689e-02 3.5294117647e-01 6.4943929892e+00
1.6806722689e-02 3.8655462185e-01 6.5404746900e+00
1.6806722689e-02 4.2016806723e-01 6.5924945398e+00
1.6806722689e-02 4.5378151261e-01 6.6510525065e+00
1.6806722689e-02 4.8739495798e-01 6.7168785906e+00
1.6806722689e-02 5.2100840336e-01 6.7908676297e+00
1.6806722689e-02 5.5462184874e-01 6.8741270868e+00
1.6806722689e-02 5.8823529412e-01 6.9680439881e+00
1.6806722689e-02 6.2184873950e-01 7.0743808866e+00
1.6806722689e-02 6.5546218487e-01 7.1954172363e+00
1.6806722689e-02 6.8907563025e-01 7.3341644640e+00
1.6806722689e-02 7.2268907563e-01 7.4947059442e+00
1.6806722689e-02 7.5630252101e-01 7.6827599794e+00
1.6806722689e-02 7.8991596639e-01 7.9066672542e+00
1.6806722689e-02 8.2352941176e-01 8.1792541747e+00
1.6806722689e-02 8.5714285714e-01 8.5217048679e+00
1.6806722689e-02 8.9075630252e-01 8.9727598831e+00
1.6806722689e-02 9.2436974790e-01 9.6154515681e+00
1.6806722689e-02 9.5798319328e-01 1.0687680623e+01
1.6806722689e-02 9.9159663866e-01 1.3800089782e+01
1.6806722689e-02 1.0252100840e+00 1.1390210352e+01
1.6806722689e-02 1.0588235294e+00 9.5975786413e+00
1.6806722689e-02 1.0924369748e+00 8.6137916730e+00
1.6806722689e-02 1.1260504202e+00 7.9269648386e+00
1.6806722689e-02 1.1596638655e+00 7.3976396698e+00
1.6806722689e-02 1.1932773109e+00 6.9668336284e+00
1.6806722689e-02 1.2268907563e+00 6.6038532101e+00
1.6806722689e-02 1.2605042017e+00 6.2906023086e+00
1.6806722689e-02 1.2941176471e+00 6.0154738892e+00
1.6806722689e-02 1.3277310924e+00 5.7705552243e+00
1.6806722689e-02 1.3613445378e+00 5.5501970364e+00
1.6806722689e-02 1.3949579832e+00 5.3502172280e+00
1.6806722689e-02 1.4285714286e+00 5.1674282009e+00
1.6806722689e-02 1.4621848739e+00 4.9993414029e+00
1.6806722689e-02 1.4957983193e+00 4.8439746833e+00
1.6806722689e-02 1.5294117647e+00 4.6997221729e+00
1.6806722689e-02 1.5630252101e+00 4.5652637307e+00
1.6806722689e-02 1.5966386555e+00 4.4395002855e+00
1.6806722689e-02 1.6302521008e+00 4.3215066288e+00
1.6806722689e-02 1.6638655462e+00 4.2104962681e+00
1.6806722689e-02 1.6974789916e+00 4.1057948046e+00
1.6806722689e-02 1.7310924370e+00 4.0068194551e+00
1.6806722689e-02 1.7647058824e+00 3.9130630836e+00
1.6806722689e-02 1.7983193277e+00 3.8240815919e+00
1.6806722689e-02 1.8319327731e+00 3.7394838533e+00
1.6806722689e-02 1.8655462185e+00 3.6589235918e+00
1.6806722689e-02 1.8991596639e+00 3.5820927711e+00
1.6806722689e-02 1.9327731092e+00 3.5087161658e+00
1.6806722689e-02 1.9663865546e+00 3.4385468695e+00
1.6806722689e-02 2.0000000000e+00 3.3713625488e+00

5.0420168067e-02 -2.0000000000e+00 3.3702578800e+00
5.0420168067e-02 -1.9663865546e+00 3.4373741151e+00
5.0420168067e-02 -1.9327731092e+00 3.5074692917e+00
5.0420168067e-02 -1.8991596639e+00 3.5807650178e+00
5.0420168067e-02 -1.8655462185e+00 3.6575073614e+00
5.0420168067e-02 -1.8319327731e+00 3.7379705725e+00
5.0420168067e-02 -1.7983193277e+00 3.8224615477e+00
5.0420168067e-02 -1.7647058824e+00 3.9113252230e+00
5.0420168067e-02 -1.7310924370e+00 4.0049511396e+00
5.0420168067e-02 -1.6974789916e+00 4.1037815069e+00
5.0420168067e-02 -1.6638655462e+00 4.2083211937e+00
5.0420168067e-02 -1.6302521008e+00 4.3191502386e+00
5.0420168067e-02 -1.5966386555e+00 4.4369396879e+00
5.0420168067e-02 -1.5630252101e+00 4.5624718954e+00
5.0420168067e-02 -1.5294117647e+00 4.6966669021e+00
5.0420168067e-02 -1.4957983193e+00 4.8406172424e+00
5.0420168067e-02 -1.4621848739e+00 4.9956346659e+00
5.0420168067e-02 -1.4285714286e+00 5.1633140854e+00
5.0420168067e-02 -1.3949579832e+00 5.3456230658e+00
5.0420168067e-02 -1.3613445378e+00 5.5450302945e+00
5.0420168067e-02 -1.3277310924e+00 5.7646955800e+00
5.0420168067e-02 -1.2941176471e+00 6.0087608728e+00
5.0420168067e-02 -1.2605042017e+00 6.2828151354e+00
5.0420168067e-02 -1.2268907563e+00 6.5946759576e+00
5.0420168067e-02 -1.1932773109e+00 6.9557906760e+00
5.0420168067e-02 -1.1596638655e+00 7.3839643320e+00
5.0420168067e-02 -1.1260504202e+00 7.9092957188e+00
5.0420168067e-02 -1.0924369748e+00 8.5893262121e+00
5.0420168067e-02 -1.0588235294e+00 9.5588557070e+00
5.0420168067e-02 -1.0252100840e+00 1.1301168699e+01
5.0420168067e-02 -9.9159663866e-01 1.4091010328e+01
5.0420168067e-02 -9.5798319328e-01 1.0740718936e+01
5.0420168067e-02 -9.2436974790e-01 9.6444723442e+00
5.0420168067e-02 -8.9075630252e-01 8.9927511950e+00
5.0420168067e-02 -8.5714285714e-01 8.5369912615e+00
5.0420168067e-02 -8.2352941176e-01 8.1916676483e+00
5.0420168067e-02 -7.8991596639e-01 7.9171522147e+00
5.0420168067e-02 -7.5630252101e-01 7.6918661803e+00
5.0420168067e-02 -7.2268907563e-01 7.5027812086e+00
5.0420168067e-02 -6.8907563025e-01 7.3414426930e+00
5.0420168067e-02 -6.5546218487e-01 7.2020632511e+00
5.0420168067e-02 -6.2184873950e-01 7.0805152264e+00
5.0420168067e-02 -5.8823529412e-01 6.9737575263e+00
5.0420168067e-02 -5.5462184874e-01 6.8794900977e+00
5.0420168067e-02 -5.2100840336e-01 6.7959356550e+00
5.0420168067e-02 -4.8739495798e-01 6.7216963712e+00
5.0420168067e-02 -4.5378151261e-01 6.6556566983e+00
5.0420168067e-02 -4.2016806723e-01 6.5969156396e+00
5.0420168067e-02 -3.8655462185e-01 6.5447384326e+00
5.0420168067e-02 -3.5294117647e-01 6.4985213827e+00
5.0420168067e-02 -3.1932773109e-01 6.4577658283e+00
5.0420168067e-02 -2.8571428571e-01 6.4220585881e+00
5.0420168067e-02 -2.5210084034e-01 6.3910571022e+00
5.0420168067e-02 -2.1848739496e-01 6.3644780405e+00
5.0420168067e-02 -1.8487394958e-01 6.3420885164e+00
5.0420168067e-02 -1.5126050420e-01 6.3236992991e+00
5.0420168067e-02 -1.1764705882e-01 6.3091595872e+00
5.0420168067e-02 -8.4033613445e-02 6.2983530290e+00
5.0420168067e-02 -5.0420168067e-02 6.2911947653e+00
5.0420168067e-02 -1.6806722689e-02 6.2876293352e+00
5.0420168067e-02 1.6806722689e-02 6.2876293352e+00
5.0420168067e-02 5.0420168067e-02 6.2911947653e+00
5.0420168067e-02 8.4033613445e-02 6.2983530290e+00
5.0420168067e-02 1.1764705882e-01 6.3091595872e+00
5.0420168067e-02 1.5126050420e-01 6.3236992991e+00
5.0420168067e-02 1.8487394958e-01 6.3420885164e+00
5.0420168067e-02 2.1848739496e-01 6.3644780405e+00
5.0420168067e-02 2.5210084034e-01 6.3910571022e+00
5.0420168067e-02 2.8571428571e-01 6.4220585881e+00
5.0420168067e-02 3.1932773109e-01 6.4577658283e+00
5.0420168067e-02 3.5294117647e-01 6.4985213827e+00
5.0420168067e-02 3.8655462185e-01 6.5447384326e+00
5.0420168067e-02 4.2016806723e-01 6.5969156396e+00
5.0420168067e-02 4.5378151261e-01 6.6556566983e+00
5.0420168067e-02 4.8739495798e-01 6.7216963712e+00
5.0420168067e-02 5.2100840336e-01 6.7959356550e+00
5.0420168067e-02 5.5462184874e-01 6.8794900977e+00
5.0420168067e-02 5.8823529412e-01 6.9737575263e+00
5.0420168067e-02 6.2184873950e-01 7.0805152264e+00
5.0420168067e-02 6.5546218487e-01 7.2020632511e+00
5.0420168067e-02 6.8907563025e-01 7.3414426930e+00
5.0420168067e-02 7.2268907563e-01 7.5027812086e+00
5.0420168067e-02 7.5630252101e-01 7.6918661803e+00
5.0420168067e-02 7.8991596639e-01 7.9171522147e+00
5.0420168067e-02 8.2352941176e-01 8.1916676483e+00
5.0420168067e-02 8.5714285714e-01 8.5369912615e+00
5.0420168067e-02 8.9075630252e-01 8.9927511950e+00
5.0420168067e-02 9.2436974790e-01 9.6444723442e+00
5.0420168067e-02 9.5798319328e-01 1.0740718936e+01
5.0420168067e-02 9.9159663866e-01 1.4091010328e+01
5.0420168067e-02 1.0252100840e+00 1.1301168699e+01
5.0420168067e-02 1.0588235294e+00 9.5588557070e+00
5.0420168067e-02 1.0924369748e+00 8.5893262121e+00
5.0420168067e-02 1.1260504202e+00 7.9092957188e+00
5.0420168067e-02 1.1596638655e+00 7.3839643320e+00
5.0420168067e-02 1.1932773109e+00 6.9557906760e+00
5.0420168067e-02 1.2268907563e+00 6.5946759576e+00
5.0420168067e-02 1.2605042017e+00 6.2828151354e+00
5.0420168067e-02 1.2941176471e+00 6.0087608728e+00
5.0420168067e-02 1.3277310924e+00 5.7646955800e+00
5.0420168067e-02 1.3613445378e+00 5.5450302945e+00
5.0420168067e-02 1.3949579832e+00 5.3456230658e+00
5.0420168067e-02 1.4285714286e+00 5.1633140854e+00
5.0420168067e-02 1.4621848739e+00 4.9956346659e+00
5.0420168067e-02 1.4957983193e+00 4.8406172424e+00
5.0420168067e-02 1.5294117647e+00 4.6966669021e+00
5.0420168067e-02 1.5630252101e+00 4.5624718954e+00
5.0420168067e-02 1.5966386555e+00 4.4369396879e+00
5.0420168067e-02 1.6302521008e+00 4.3191502386e+00
5.0420168067e-02 1.6638655462e+00 4.2083211937e+00
5.0420168067e-02 1.6974789916e+00 4.1037815069e+00
5.0420168067e-02 1.7310924370e+00 4.0049511396e+00
5.0420168067e-02 1.7647058824e+00 3.9113252230e+00
5.0420168067e-02 1.7983193277e+00 3.8224615477e+00
5.0420168067e-02 1.8319327731e+00 3.7379705725e+00
5.0420168067e-02 1.8655462185e+00 3.6575073614e+00
5.0420168067e-02 1.8991596639e+00 3.5807650178e+00
5.0420168067e-02 1.9327731092e+00 3.5074692917e+00
5.0420168067e-02 1.9663865546e+00 3.4373741151e+00
5.0420168067e-02 2.0000000000e+00 3.3702578800e+00

8.4033613445e-02 -2.0000000000e+00 3.3680518295e+00
8.4033613445e-02 -1.9663865546e+00 3.4350322417e+00
8.4033613445e-02 -1.9327731092e+00 3.5049795739e+00
8.4033613445e-02 -1.8991596639e+00 3.5781139923e+00
8.4033613445e-02 -1.8655462185e+00 3.6546798970e+00
8.4033613445e-02 -1.8319327731e+00 3.7349495994e+00
8.4033613445e-02 -1.7983193277e+00 3.8192277310e+00
8.4033613445e-02 -1.7647058824e+00 3.9078565653e+00
8.4033613445e-02 -1.7310924370e+00 4.0012224949e+00
8.4033613445e-02 -1.6974789916e+00 4.0997639792e+00
8.4033613445e-02 -1.6638655462e+00 4.2039813877e+00
8.4033613445e-02 -1.6302521008e+00 4.3144493152e+00
8.4033613445e-02 -1.5966386555e+00 4.4318321604e+00
8.4033613445e-02 -1.5630252101e+00 4.5569040768e+00
8.4033613445e-02 -1.5294117647e+00 4.6905748722e+00
8.4033613445e-02 -1.4957983193e+00 4.8339241453e+00
8.4033613445e-02 -1.4621848739e+00 4.9882470529e+00
8.4033613445e-02 -1.4285714286e+00 5.1551168636e+00
8.4033613445e-02 -1.3949579832e+00 5.3364723580e+00
8.4033613445e-02 -1.3613445378e+00 5.5347430706e+00
8.4033613445e-02 -1.3277310924e+00 5.7530341167e+00
8.4033613445e-02 -1.2941176471e+00 5.9954085731e+00
8.4033613445e-02 -1.2605042017e+00 6.2673371630e+00
8.4033613445e-02 -1.2268907563e+00 6.5764514797e+00
8.4033613445e-02 -1.1932773109e+00 6.9338877458e+00
8.4033613445e-02 -1.1596638655e+00 7.3568866604e+00
8.4033613445e-02 -1.1260504202e+00 7.8744017363e+00
8.4033613445e-02 -1.0924369748e+00 8.5412281540e+00
8.4033613445e-02 -1.0588235294e+00 9.4834578650e+00
8.4033613445e-02 -1.0252100840e+00 1.1133632590e+01
8.4033613445e-02 -9.9159663866e-01 1.4848017243e+01
8.4033613445e-02 -9.5798319328e-01 1.0851631852e+01
8.4033613445e-02 -9.2436974790e-01 9.7039871194e+00
8.4033613445e-02 -8.9075630252e-01 9.0334482935e+00
8.4033613445e-02 -8.5714285714e-01 8.5679903289e+00
8.4033613445e-02 -8.2352941176e-01 8.2167808458e+00
8.4033613445e-02 -7.8991596639e-01 7.9383296894e+00
8.4033613445e-02 -7.5630252101e-01 7.7102374296e+00
8.4033613445e-02 -7.2268907563e-01 7.5190582983e+00
8.4033613445e-02 -6.8907563025e-01 7.3561031838e+00
8.4033613445e-02 -6.5546218487e-01 7.2154429593e+00
8.4033613445e-02 -6.2184873950e-01 7.0928593342e+00
8.4033613445e-02 -5.8823529412e-01 6.9852506194e+00
8.4033613445e-02 -5.5462184874e-01 6.8902747553e+00
8.4033613445e-02 -5.2100840336e-01 6.8061244543e+00
8.4033613445e-02 -4.8739495798e-01 6.7313799200e+00
8.4033613445e-02 -4.5378151261e-01 6.6649091757e+00
8.4033613445e-02 -4.2016806723e-01 6.6057987201e+00
8.4033613445e-02 -3.8655462185e-01 6.5533041299e+00
8.4033613445e-02 -3.5294117647e-01 6.5068141542e+00
8.4033613445e-02 -3.1932773109e-01 6.4658241631e+00
8.4033613445e-02 -2.8571428571e-01 6.4299162255e+00
8.4033613445e-02 -2.5210084034e-01 6.3987439840e+00
8.4033613445e-02 -2.1848739496e-01 6.3720210669e+00
8.4033613445e-02 -1.8487394958e-01 6.3495121575e+00
8.4033613445e-02 -1.5126050420e-01 6.3310260984e+00
8.4033613445e-02 -1.1764705882e-01 6.3164105838e+00
8.4033613445e-02 -8.4033613445e-02 6.3055481208e+00
8.4033613445e-02 -5.0420168067e-02 6.2983530290e+00
8.4033613445e-02 -1.6806722689e-02 6.2947693155e+00
8.4033613445e-02 1.6806722689e-02 6.2947693155e+00
8.4033613445e-02 5.0420168067e-02 6.2983530290e+00
8.4033613445e-02 8.4033613445e-02 6.3055481208e+00
8.4033613445e-02 1.1764705882e-01 6.3164105838e+00
8.4033613445e-02 1.5126050420e-01 6.3310260984e+00
8.4033613445e-02 1.8487394958e-01 6.3495121575e+00
8.4033613445e-02 2.1848739496e-01 6.3720210669e+00
8.4033613445e-02 2.5210084034e-01 6.3987439840e+00
8.4033613445e-02 2.8571428571e-01 6.4299162255e+00
8.4033613445e-02 3.1932773109e-01 6.4658241631e+00
8.4033613445e-02 3.5294117647e-01 6.5068141542e+00
8.4033613445e-02 3.8655462185e-01 6.5533041299e+00
8.4033613445e-02 4.2016806723e-01 6.6057987201e+00
8.4033613445e-02 4.5378151261e-01 6.6649091757e+00
8.4033613445e-02 4.8739495798e-01 6.7313799200e+00
8.4033613445e-02 5.2100840336e-01 6.8061244543e+00
8.4033613445e-02 5.5462184874e-01 6.8902747553e+00
8.4033613445e-02 5.8823529412e-01 6.9852506194e+00
8.4033613445e-02 6.2184873950e-01 7.0928593342e+00
8.4033613445e-02 6.5546218487e-01 7.2154429593e+00
8.4033613445e-02 6.8907563025e-01 7.3561031838e+00
8.4033613445e-02 7.2268907563e-01 7.5190582983e+00
8.4033613445e-02 7.5630252101e-01 7.7102374296e+00
8.4033613445e-02 7.8991596639e-01 7.9383296894e+00
8.4033613445e-02 8.2352941176e-01 8.2167808458e+00
8.4033613445e-02 8.5714285714e-01 8.5679903289e+00
8.4033613445e-02 8.9075630252e-01 9.0334482935e+00
8.4033613445e-02 9.2436974790e-01 9.7039871194e+00
8.4033613445e-02 9.5798319328e-01 1.0851631852e+01
8.4033613445e-02 9.9159663866e-01 1.4848017243e+01
8.4033613445e-02 1.0252100840e+00 1.1133632590e+01
8.4033613445e-02 1.0588235294e+00 9.4834578650e+00
8.4033613445e-02 1.0924369748e+00 8.5412281540e+00
8.4033613445e-02 1.1260504202e+00 7.8744017363e+00
8.4033613445e-02 1.1596638655e+00 7.3568866604e+00
8.4033613445e-02 1.1932773109e+00 6.9338877458e+00
8.4033613445e-02 1.2268907563e+00 6.5764514797e+00
8.4033613445e-02 1.2605042017e+00 6.2673371630e+00
8.4033613445e-02 1.2941176471e+00 5.9954085731e+00
8.4033613445e-02 1.3277310924e+00 5.7530341167e+00
8.4033613445e-02 1.3613445378e+00 5.5347430706e+00
8.4033613445e-02 1.3949579832e+00 5.3364723580e+00
8.4033613445e-02 1.4285714286e+00 5.1551168636e+00
8.4033613445e-02 1.4621848739e+00 4.9882470529e+00
8.4033613445e-02 1.4957983193e+00 4.8339241453e+00
8.4033613445e-02 1.5294117647e+00 4.6905748722e+00
8.4033613445e-02 1.5630252101e+00 4.5569040768e+00
8.4033613445e-02 1.5966386555e+00 4.4318321604e+00
8.4033613445e-02 1.6302521008e+00 4.3144493152e+00
8.4033613445e-02 1.6638655462e+00 4.2039813877e+00
8.4033613445e-02 1.6974789916e+00 4.0997639792e+00
8.4033613445e-02 1.7310924370e+00 4.0012224949e+00
8.4033613445e-02 1.7647058824e+00 3.9078565653e+00
8.4033613445e-02 1.7983193277e+00 3.8192277310e+00
8.4033613445e-02 1.8319327731e+00 3.7349495994e+00
8.4033613445e-02 1.8655462185e+00 3.6546798970e+00
8.4033613445e-02 1.8991596639e+00 3.5781139923e+00
8.4033613445e-02 1.9327731092e+00 3.5049795739e+00
8.4033613445e-02 1.9663865546e+00 3.4350322417e+00
8.4033613445e-02 2.0000000000e+00 3.3680518295e+00

1.1764705882e-01 -2.0000000000e+00 3.3647509442e+00
1.1764705882e-01 -1.9663865546e+00 3.4315284880e+00
1.1764705882e-01 -1.9327731092e+00 3.5012550372e+00
1.1764705882e-01 -1.8991596639e+00 3.5741486144e+00
1.1764705882e-01 -1.8655462185e+00 3.6504511421e+00
1.1764705882e-01 -1.8319327731e+00 3.7304320531e+00
1.1764705882e-01 -1.7983193277e+00 3.8143926165e+00
1.1764705882e-01 -1.7647058824e+00 3.9026711565e+00
1.1764705882e-01 -1.7310924370e+00 3.9956493971e+00
1.1764705882e-01 -1.6974789916e+00 4.0937602414e+00
1.1764705882e-01 -1.6638655462e+00 4.1974973966e+00
1.1764705882e-01 -1.6302521008e+00 4.3074274026e+00
1.1764705882e-01 -1.5966386555e+00 4.4242048308e+00
1.1764705882e-01 -1.5630252101e+00 4.5485917221e+00
1.1764705882e-01 -1.5294117647e+00 4.6814827853e+00
1.1764705882e-01 -1.4957983193e+00 4.8239385549e+00
1.1764705882e-01 -1.4621848739e+00 4.9772297651e+00
1.1764705882e-01 -1.4285714286e+00 5.1428978762e+00
1.1764705882e-01 -1.3949579832e+00 5.3228394406e+00
1.1764705882e-01 -1.3613445378e+00 5.5194266704e+00
1.1764705882e-01 -1.3277310924e+00 5.7356848005e+00
1.1764705882e-01 -1.2941176471e+00 5.9755620472e+00
1.1764705882e-01 -1.2605042017e+00 6.2443575597e+00
1.1764705882e-01 -1.2268907563e+00 6.5494342439e+00
1.1764705882e-01 -1.1932773109e+00 6.9014814873e+00
1.1764705882e-01 -1.1596638655e+00 7.3169357368e+00
1.1764705882e-01 -1.1260504202e+00 7.8231362782e+00
1.1764705882e-01 -1.0924369748e+00 8.4710731389e+00
1.1764705882e-01 -1.0588235294e+00 9.3751366488e+00
1.1764705882e-01 -1.0252100840e+00 1.0904890270e+01
1.1764705882e-01 -9.9159663866e-01 1.7221474285e+01
1.1764705882e-01 -9.5798319328e-01 1.1031643246e+01
1.1764705882e-01 -9.2436974790e-01 9.7971932247e+00
1.1764705882e-01 -8.9075630252e-01 9.0963640820e+00
1.1764705882e-01 -8.5714285714e-01 8.6155932514e+00
1.1764705882e-01 -8.2352941176e-01 8.2551875388e+00
1.1764705882e-01 -7.8991596639e-01 7.9706279455e+00
1.1764705882e-01 -7.5630252101e-01 7.7382002559e+00
1.1764705882e-01 -7.2268907563e-01 7.5437966342e+00
1.1764705882e-01 -6.8907563025e-01 7.3783587089e+00
1.1764705882e-01 -6.5546218487e-01 7.2357353696e+00
1.1764705882e-01 -6.2184873950e-01 7.1115669874e+00
1.1764705882e-01 -5.8823529412e-01 7.0026576984e+00
1.1764705882e-01 -5.5462184874e-01 6.9066003429e+00
1.1764705882e-01 -5.2100840336e-01 6.8215412451e+00
1.1764705882e-01 -4.8739495798e-01 6.7460267079e+00
1.1764705882e-01 -4.5378151261e-01 6.6788994463e+00
1.1764705882e-01 -4.2016806723e-01 6.6192267233e+00
1.1764705882e-01 -3.8655462185e-01 6.5662492736e+00
1.1764705882e-01 -3.5294117647e-01 6.5193442505e+00
1.1764705882e-01 -3.1932773109e-01 6.4779978734e+00
1.1764705882e-01 -2.8571428571e-01 6.4417849351e+00
1.1764705882e-01 -2.5210084034e-01 6.4103532648e+00
1.1764705882e-01 -2.1848739496e-01 6.3834118381e+00
1.1764705882e-01 -1.8487394958e-01 6.3607216228e+00
1.1764705882e-01 -1.5126050420e-01 6.3420885164e+00
1.1764705882e-01 -1.1764705882e-01 6.3273579153e+00
1.1764705882e-01 -8.4033613445e-02 6.3164105838e+00
1.1764705882e-01 -5.0420168067e-02 6.3091595872e+00
1.1764705882e-01 -1.6806722689e-02 6.3055481208e+00
1.1764705882e-01 1.6806722689e-02 6.3055481208e+00
1.1764705882e-01 5.0420168067e-02 6.3091595872e+00
1.1764705882e-01 8.4033613445e-02 6.3164105838e+00
1.1764705882e-01 1.1764705882e-01 6.3273579153e+00
1.1764705882e-01 1.5126050420e-01 6.3420885164e+00
1.1764705882e-01 1.8487394958e-01 6.3607216228e+00
1.1764705882e-01 2.1848739496e-01 6.3834118381e+00
1.1764705882e-01 2.5210084034e-01 6.4103532648e+00
1.1764705882e-01 2.8571428571e-01 6.4417849351e+00
1.1764705882e-01 3.1932773109e-01 6.4779978734e+00
1.1764705882e-01 3.5294117647e-01 6.5193442505e+00
1.1764705882e-01 3.8655462185e-01 6.5662492736e+00
1.1764705882e-01 4.2016806723e-01 6.6192267233e+00
1.1764705882e-01 4.5378151261e-01 6.6788994463e+00
1.1764705882e-01 4.8739495798e-01 6.7460267079e+00
1.1764705882e-01 5.2100840336e-01 6.8215412451e+00
1.1764705882e-01 5.5462184874e-01 6.9066003429e+00
1.1764705882e-01 5.8823529412e-01 7.0026576984e+00
1.1764705882e-01 6.2184873950e-01 7.1115669874e+00
1.1764705882e-01 6.5546218487e-01 7.2357353696e+00
1.1764705882e-01 6.8907563025e-01 7.3783587089e+00
1.1764705882e-01 7.2268907563e-01 7.5437966342e+00
1.1764705882e-01 7.5630252101e-01 7.7382002559e+00
1.1764705882e-01 7.8991596639e-01 7.9706279455e+00
1.1764705882e-01 8.2352941176e-01 8.2551875388e+00
1.1764705882e-01 8.5714285714e-01 8.6155932514e+00
1.1764705882e-01 8.9075630252e-01 9.0963640820e+00
1.1764705882e-01 9.2436974790e-01 9.7971932247e+00
1.1764705882e-01 9.5798319328e-01 1.1031643246e+01
1.1764705882e-01 9.9159663866e-01 1.7221474285e+01
1.1764705882e-01 1.0252100840e+00 1.0904890270e+01
1.1764705882e-01 1.0588235294e+00 9.3751366488e+00
1.1764705882e-01 1.0924369748e+00 8.4710731389e+00
1.1764705882e-01 1.1260504202e+00 7.8231362782e+00
1.1764705882e-01 1.1596638655e+00 7.3169357368e+00
1.1764705882e-01 1.1932773109e+00 6.9014814873e+00
1.1764705882e-01 1.2268907563e+00 6.5494342439e+00
1.1764705882e-01 1.2605042017e+00 6.2443575597e+00
1.1764705882e-01 1.2941176471e+00 5.9755620472e+00
1.1764705882e-01 1.3277310924e+00 5.7356848005e+00
1.1764705882e-01 1.3613445378e+00 5.5194266704e+00
1.1764705882e-01 1.3949579832e+00 5.3228394406e+00
1.1764705882e-01 1.4285714286e+00 5.1428978762e+00
1.1764705882e-01 1.4621848739e+00 4.9772297651e+00
1.1764705882e-01 1.4957983193e+00 4.8239385549e+00
1.1764705882e-01 1.5294117647e+00 4.6814827853e+00
1.1764705882e-01 1.5630252101e+00 4.5485917221e+00
1.1764705882e-01 1.5966386555e+00 4.4242048308e+00
1.1764705882e-01 1.6302521008e+00 4.3074274026e+00
1.1764705882e-01 1.6638655462e+00 4.1974973966e+00
1.1764705882e-01 1.6974789916e+00 4.0937602414e+00
1.1764705882e-01 1.7310924370e+00 3.9956493971e+00
1.1764705882e-01 1.7647058824e+00 3.9026711565e+00
1.1764705882e-01 1.7983193277e+00 3.8143926165e+00
1.1764705882e-01 1.8319327731e+00 3.7304320531e+00
1.1764705882e-01 1.8655462185e+00 3.6504511421e+00
1.1764705882e-01 1.8991596639e+00 3.5741486144e+00
1.1764705882e-01 1.9327731092e+00 3.5012550372e+00
1.1764705882e-01 1.9663865546e+00 3.4315284880e+00
1.1764705882e-01 2.0000000000e+00 3.3647509442e+00

1.5126050420e-01 -2.0000000000e+00 3.3603649763e+00
1.5126050420e-01 -1.9663865546e+00 3.4268736342e+00
1.5126050420e-01 -1.9327731092e+00 3.4963076277e+00
1.5126050420e-01 -1.8991596639e+00 3.5688821583e+00
1.5126050420e-01 -1.8655462185e+00 3.6448358891e+00
1.5126050420e-01 -1.8319327731e+00 3.7244344681e+00
1.5126050420e-01 -1.7983193277e+00 3.8079747472e+00
1.5126050420e-01 -1.7647058824e+00 3.8957898652e+00
1.5126050420e-01 -1.7310924370e+00 3.9882554218e+00
1.5126050420e-01 -1.6974789916e+00 4.0857970375e+00
1.5126050420e-01 -1.6638655462e+00 4.1888996953e+00
1.5126050420e-01 -1.6302521008e+00 4.2981193984e+00
1.5126050420e-01 -1.5966386555e+00 4.4140978777e+00
1.5126050420e-01 -1.5630252101e+00 4.5375813681e+00
1.5126050420e-01 -1.5294117647e+00 4.6694449032e+00
1.5126050420e-01 -1.4957983193e+00 4.8107242155e+00
1.5126050420e-01 -1.4621848739e+00 4.9626583248e+00
1.5126050420e-01 -1.4285714286e+00 5.1267474713e+00
1.5126050420e-01 -1.3949579832e+00 5.3048336177e+00
1.5126050420e-01 -1.3613445378e+00 5.4992150822e+00
1.5126050420e-01 -1.3277310924e+00 5.7128144709e+00
1.5126050420e-01 -1.2941176471e+00 5.9494330194e+00
1.5126050420e-01 -1.2605042017e+00 6.2141514007e+00
1.5126050420e-01 -1.2268907563e+00 6.5139924792e+00
1.5126050420e-01 -1.1932773109e+00 6.8590846009e+00
1.5126050420e-01 -1.1596638655e+00 7.2648650353e+00
1.5126050420e-01 -1.1260504202e+00 7.7566973248e+00
1.5126050420e-01 -1.0924369748e+00 8.3810192840e+00
1.5126050420e-01 -1.0588235294e+00 9.2387736782e+00
1.5126050420e-01 -1.0252100840e+00 1.0633919295e+01
1.5126050420e-01 -9.9159663866e-01 1.5711870064e+01
1.5126050420e-01 -9.5798319328e-01 1.1302646498e+01
1.5126050420e-01 -9.2436974790e-01 9.9296088625e+00
1.5126050420e-01 -8.9075630252e-01 9.1839992488e+00
1.5126050420e-01 -8.5714285714e-01 8.6812408710e+00
1.5126050420e-01 -8.2352941176e-01 8.3078349333e+00
1.5126050420e-01 -7.8991596639e-01 8.0147240537e+00
1.5126050420e-01 -7.5630252101e-01 7.7762675729e+00
1.5126050420e-01 -7.2268907563e-01 7.5774017551e+00
1.5126050420e-01 -6.8907563025e-01 7.4085406425e+00
1.5126050420e-01 -6.5546218487e-01 7.2632184436e+00
1.5126050420e-01 -6.2184873950e-01 7.1368763920e+00
1.5126050420e-01 -5.8823529412e-01 7.0261865865e+00
1.5126050420e-01 -5.5462184874e-01 6.9286509586e+00
1.5126050420e-01 -5.2100840336e-01 6.8423512713e+00
1.5126050420e-01 -4.8739495798e-01 6.7657867775e+00
1.5126050420e-01 -4.5378151261e-01 6.6977651529e+00
1.5126050420e-01 -4.2016806723e-01 6.6373270835e+00
1.5126050420e-01 -3.8655462185e-01 6.5836928342e+00
1.5126050420e-01 -3.5294117647e-01 6.5362235910e+00
1.5126050420e-01 -3.1932773109e-01 6.4943929892e+00
1.5126050420e-01 -2.8571428571e-01 6.4577658283e+00
1.5126050420e-01 -2.5210084034e-01 6.4259819608e+00
1.5126050420e-01 -2.1848739496e-01 6.3987439840e+00
1.5126050420e-01 -1.8487394958e-01 6.3758077757e+00
1.5126050420e-01 -1.5126050420e-01 6.3569752024e+00
1.5126050420e-01 -1.1764705882e-01 6.3420885164e+00
1.5126050420e-01 -8.4033613445e-02 6.3310260984e+00
1.5126050420e-01 -5.0420168067e-02 6.3236992991e+00
1.5126050420e-01 -1.6806722689e-02 6.3200502039e+00
1.5126050420e-01 1.6806722689e-02 6.3200502039e+00
1.5126050420e-01 5.0420168067e-02 6.3236992991e+00
1.5126050420e-01 8.4033613445e-02 6.3310260984e+00
1.5126050420e-01 1.1764705882e-01 6.3420885164e+00
1.5126050420e-01 1.5126050420e-01 6.3569752024e+00
1.5126050420e-01 1.8487394958e-01 6.3758077757e+00
1.5126050420e-01 2.1848739496e-01 6.3987439840e+00
1.5126050420e-01 2.5210084034e-01 6.4259819608e+00
1.5126050420e-01 2.8571428571e-01 6.4577658283e+00
1.5126050420e-01 3.1932773109e-01 6.4943929892e+00
1.5126050420e-01 3.5294117647e-01 6.5362235910e+00
1.5126050420e-01 3.8655462185e-01 6.5836928342e+00
1.5126050420e-01 4.2016806723e-01 6.6373270835e+00
1.5126050420e-01 4.5378151261e-01 6.6977651529e+00
1.5126050420e-01 4.8739495798e-01 6.7657867775e+00
1.5126050420e-01 5.2100840336e-01 6.8423512713e+00
1.5126050420e-01 5.5462184874e-01 6.9286509586e+00
1.5126050420e-01 5.8823529412e-01 7.0261865865e+00
1.5126050420e-01 6.2184873950e-01 7.1368763920e+00
1.5126050420e-01 6.5546218487e-01 7.2632184436e+00
1.5126050420e-01 6.8907563025e-01 7.4085406425e+00
1.5126050420e-01 7.2268907563e-01 7.5774017551e+00
1.5126050420e-01 7.5630252101e-01 7.7762675729e+00
1.5126050420e-01 7.8991596639e-01 8.0147240537e+00
1.5126050420e-01 8.2352941176e-01 8.3078349333e+00
1.5126050420e-01 8.5714285714e-01 8.6812408710e+00
1.5126050420e-01 8.9075630252e-01 9.1839992488e+00
1.5126050420e-01 9.2436974790e-01 9.9296088625e+00
1.5126050420e-01 9.5798319328e-01 1.1302646498e+01
1.5126050420e-01 9.9159663866e-01 1.5711870064e+01
1.5126050420e-01 1.0252100840e+00 1.0633919295e+01
1.5126050420e-01 1.0588235294e+00 9.2387736782e+00
1.5126050420e-01 1.0924369748e+00 8.3810192840e+00
1.5126050420e-01 1.1260504202e+00 7.7566973248e+00
1.5126050420e-01 1.1596638655e+00 7.2648650353e+00
1.5126050420e-01 1.1932773109e+00 6.8590846009e+00
1.5126050420e-01 1.2268907563e+00 6.5139924792e+00
1.5126050420e-01 1.2605042017e+00 6.2141514007e+00
1.5126050420e-01 1.2941176471e+00 5.9494330194e+00
1.5126050420e-01 1.3277310924e+00 5.7128144709e+00
1.5126050420e-01 1.3613445378e+00 5.4992150822e+00
1.5126050420e-01 1.3949579832e+00 5.3048336177e+00
1.5126050420e-01 1.4285714286e+00 5.1267474713e+00
1.5126050420e-01 1.4621848739e+00 4.9626583248e+00
1.5126050420e-01 1.4957983193e+00 4.8107242155e+00
1.5126050420e-01 1.5294117647e+00 4.6694449032e+00
1.5126050420e-01 1.5630252101e+00 4.5375813681e+00
1.5126050420e-01 1.5966386555e+00 4.4140978777e+00
1.5126050420e-01 1.6302521008e+00 4.2981193984e+00
1.5126050420e-01 1.6638655462e+00 4.1888996953e+00
1.5126050420e-01 1.6974789916e+00 4.0857970375e+00
1.5126050420e-01 1.7310924370e+00 3.9882554218e+00
1.5126050420e-01 1.7647058824e+00 3.8957898652e+00
1.5126050420e-01 1.7983193277e+00 3.8079747472e+00
1.5126050420e-01 1.8319327731e+00 3.7244344681e+00
1.5126050420e-01 1.8655462185e+00 3.6448358891e+00
1.5126050420e-01 1.8991596639e+00 3.5688821583e+00
1.5126050420e-01 1.9327731092e+00 3.4963076277e+00
1.5126050420e-01 1.9663865546e+00 3.4268736342e+00
1.5126050420e-01 2.0000000000e+00 3.3603649763e+00

1.8487394958e-01 -2.0000000000e+00 3.3549068030e+00
1.8487394958e-01 -1.9663865546e+00 3.4210819087e+00
1.8487394958e-01 -1.9327731092e+00 3.4901531062e+00
1.8487394958e-01 -1.8991596639e+00 3.5623321288e+00
1.8487394958e-01 -1.8655462185e+00 3.6378536345e+00
1.8487394958e-01 -1.8319327731e+00 3.7169786253e+00
1.8487394958e-01 -1.7983193277e+00 3.7999985346e+00
1.8487394958e-01 -1.7647058824e+00 3.8872401468e+00
1.8487394958e-01 -1.7310924370e+00 3.9790715640e+00
1.8487394958e-01 -1.6974789916e+00 4.0759095006e+00
1.8487394958e-01 -1.6638655462e+00 4.1782282838e+00
1.8487394958e-01 -1.6302521008e+00 4.2865710643e+00
1.8487394958e-01 -1.5966386555e+00 4.4015639326e+00
1.8487394958e-01 -1.5630252101e+00 4.5239339032e+00
1.8487394958e-01 -1.5294117647e+00 4.6545321276e+00
1.8487394958e-01 -1.4957983193e+00 4.7943642945e+00
1.8487394958e-01 -1.4621848739e+00 4.9446310961e+00
1.8487394958e-01 -1.4285714286e+00 5.1067830894e+00
1.8487394958e-01 -1.3949579832e+00 5.2825966399e+00
1.8487394958e-01 -1.3613445378e+00 5.4742815896e+00
1.8487394958e-01 -1.3277310924e+00 5.6846381789e+00
1.8487394958e-01 -1.2941176471e+00 5.9172932816e+00
1.8487394958e-01 -1.2605042017e+00 6.1770699866e+00
1.8487394958e-01 -1.2268907563e+00 6.4705933209e+00
1.8487394958e-01 -1.1932773109e+00 6.8073416707e+00
1.8487394958e-01 -1.1596638655e+00 7.2016098482e+00
1.8487394958e-01 -1.1260504202e+00 7.6765433901e+00
1.8487394958e-01 -1.0924369748e+00 8.2736092260e+00
1.8487394958e-01 -1.0588235294e+00 9.0797474733e+00
1.8487394958e-01 -1.0252100840e+00 1.0337635100e+01
1.8487394958e-01 -9.9159663866e-01 1.3601225820e+01
1.8487394958e-01 -9.5798319328e-01 1.1708427187e+01
1.8487394958e-01 -9.2436974790e-01 1.0110272925e+01
1.8487394958e-01 -8.9075630252e-01 9.3001898513e+00
1.8487394958e-01 -8.5714285714e-01 8.7670722406e+00
1.8487394958e-01 -8.2352941176e-01 8.3761019139e+00
1.8487394958e-01 -7.8991596639e-01 8.0715908682e+00
1.8487394958e-01 -7.5630252101e-01 7.8251695460e+00
1.8487394958e-01 -7.2268907563e-01 7.6204469787e+00
1.8487394958e-01 -6.8907563025e-01 7.4471149472e+00
1.8487394958e-01 -6.5546218487e-01 7.2982813756e+00
1.8487394958e-01 -6.2184873950e-01 7.1691199281e+00
1.8487394958e-01 -5.8823529412e-01 7.0561264449e+00
1.8487394958e-01 -5.5462184874e-01 6.9566821458e+00
1.8487394958e-01 -5.2100840336e-01 6.8687834454e+00
1.8487394958e-01 -4.8739495798e-01 6.7908676297e+00
1.8487394958e-01 -4.5378151261e-01 6.7216963712e+00
1.8487394958e-01 -4.2016806723e-01 6.6602755590e+00
1.8487394958e-01 -3.8655462185e-01 6.6057987201e+00
1.8487394958e-01 -3.5294117647e-01 6.5576062263e+00
1.8487394958e-01 -3.1932773109e-01 6.5151553388e+00
1.8487394958e-01 -2.8571428571e-01 6.4779978734e+00
1.8487394958e-01 -2.5210084034e-01 6.4457633338e+00
1.8487394958e-01 -2.1848739496e-01 6.4181460513e+00
1.8487394958e-01 -1.8487394958e-01 6.3948953147e+00
1.8487394958e-01 -1.5126050420e-01 6.3758077757e+00
1.8487394958e-01 -1.1764705882e-01 6.3607216228e+00
1.8487394958e-01 -8.4033613445e-02 6.3495121575e+00
1.8487394958e-01 -5.0420168067e-02 6.3420885164e+00
1.8487394958e-01 -1.6806722689e-02 6.3383913520e+00
1.8487394958e-01 1.6806722689e-02 6.3383913520e+00
1.8487394958e-01 5.0420168067e-02 6.3420885164e+00
1.8487394958e-01 8.4033613445e-02 6.3495121575e+00
1.8487394958e-01 1.1764705882e-01 6.3607216228e+00
1.8487394958e-01 1.5126050420e-01 6.3758077757e+00
1.8487394958e-01 1.8487394958e-01 6.3948953147e+00
1.8487394958e-01 2.1848739496e-01 6.4181460513e+00
1.8487394958e-01 2.5210084034e-01 6.4457633338e+00
1.8487394958e-01 2.8571428571e-01 6.4779978734e+00
1.8487394958e-01 3.1932773109e-01 6.5151553388e+00
1.8487394958e-01 3.5294117647e-01 6.5576062263e+00
1.8487394958e-01 3.8655462185e-01 6.6057987201e+00
1.8487394958e-01 4.2016806723e-01 6.6602755590e+00
1.8487394958e-01 4.5378151261e-01 6.7216963712e+00
1.8487394958e-01 4.8739495798e-01 6.7908676297e+00
1.8487394958e-01 5.2100840336e-01 6.8687834454e+00
1.8487394958e-01 5.5462184874e-01 6.9566821458e+00
1.8487394958e-01 5.8823529412e-01 7.0561264449e+00
1.8487394958e-01 6.2184873950e-01 7.1691199281e+00
1.8487394958e-01 6.5546218487e-01 7.2982813756e+00
1.8487394958e-01 6.8907563025e-01 7.4471149472e+00
1.8487394958e-01 7.2268907563e-01 7.6204469787e+00
1.8487394958e-01 7.5630252101e-01 7.8251695460e+00
1.8487394958e-01 7.8991596639e-01 8.0715908682e+00
1.8487394958e-01 8.2352941176e-01 8.3761019139e+00
1.8487394958e-01 8.5714285714e-01 8.7670722406e+00
1.8487394958e-01 8.9075630252e-01 9.3001898513e+00
1.8487394958e-01 9.2436974790e-01 1.0110272925e+01
1.8487394958e-01 9.5798319328e-01 1.1708427187e+01
1.8487394958e-01 9.9159663866e-01 1.3601225820e+01
1.8487394958e-01 1.0252100840e+00 1.0337635100e+01
1.8487394958e-01 1.0588235294e+00 9.0797474733e+00
1.8487394958e-01 1.0924369748e+00 8.2736092260e+00
1.8487394958e-01 1.1260504202e+00 7.6765433901e+00
1.8487394958e-01 1.1596638655e+00 7.2016098482e+00
1.8487394958e-01 1.1932773109e+00 6.8073416707e+00
1.8487394958e-01 1.2268907563e+00 6.4705933209e+00
1.8487394958e-01 1.2605042017e+00 6.1770699866e+00
1.8487394958e-01 1.2941176471e+00 5.9172932816e+00
1.8487394958e-01 1.3277310924e+00 5.6846381789e+00
1.8487394958e-01 1.3613445378e+00 5.4742815896e+00
1.8487394958e-01 1.3949579832e+00 5.2825966399e+00
1.8487394958e-01 1.4285714286e+00 5.1067830894e+00
1.8487394958e-01 1.4621848739e+00 4.9446310961e+00
1.8487394958e-01 1.4957983193e+00 4.7943642945e+00
1.8487394958e-01 1.5294117647e+00 4.6545321276e+00
1.8487394958e-01 1.5630252101e+00 4.5239339032e+00
1.8487394958e-01 1.5966386555e+00 4.4015639326e+00
1.8487394958e-01 1.6302521008e+00 4.2865710643e+00
1.8487394958e-01 1.6638655462e+00 4.1782282838e+00
1.8487394958e-01 1.6974789916e+00 4.0759095006e+00
1.8487394958e-01 1.7310924370e+00 3.9790715640e+00
1.8487394958e-01 1.7647058824e+00 3.8872401468e+00
1.8487394958e-01 1.7983193277e+00 3.7999985346e+00
1.8487394958e-01 1.8319327731e+00 3.7169786253e+00
1.8487394958e-01 1.8655462185e+00 3.6378536345e+00
1.8487394958e-01 1.8991596639e+00 3.5623321288e+00
1.8487394958e-01 1.9327731092e+00 3.4901531062e+00
1.8487394958e-01 1.9663865546e+00 3.4210819087e+00
1.8487394958e-01 2.0000000000e+00 3.3549068030e+00

2.1848739496e-01 -2.0000000000e+00 3.3483923216e+00
2.1848739496e-01 -1.9663865546e+00 3.4141708674e+00
2.1848739496e-01 -1.9327731092e+00 3.4828109085e+00
2.1848739496e-01 -1.8991596639e+00 3.5545200988e+00
2.1848739496e-01 -1.8655462185e+00 3.6295283904e+00
2.1848739496e-01 -1.8319327731e+00 3.7080913310e+00
2.1848739496e-01 -1.7983193277e+00 3.7904939999e+00
2.1848739496e-01 -1.7647058824e+00 3.8770557379e+00
2.1848739496e-01 -1.7310924370e+00 3.9681358748e+00
2.1848739496e-01 -1.6974789916e+00 4.0641407194e+00
2.1848739496e-01 -1.6638655462e+00 4.1655321664e+00
2.1848739496e-01 -1.6302521008e+00 4.2728383952e+00
2.1848739496e-01 -1.5966386555e+00 4.3866673104e+00
2.1848739496e-01 -1.5630252101e+00 4.5077236209e+00
2.1848739496e-01 -1.5294117647e+00 4.6368308237e+00
2.1848739496e-01 -1.4957983193e+00 4.7749599045e+00
2.1848739496e-01 -1.4621848739e+00 4.9232674065e+00
2.1848739496e-01 -1.4285714286e+00 5.0831468404e+00
2.1848739496e-01 -1.3949579832e+00 5.2562995289e+00
2.1848739496e-01 -1.3613445378e+00 5.4448345294e+00
2.1848739496e-01 -1.3277310924e+00 5.6514133944e+00
2.1848739496e-01 -1.2941176471e+00 5.8794665637e+00
2.1848739496e-01 -1.2605042017e+00 6.1335290524e+00
2.1848739496e-01 -1.2268907563e+00 6.4197849851e+00
2.1848739496e-01 -1.1932773109e+00 6.7470007368e+00
2.1848739496e-01 -1.1596638655e+00 7.1282386092e+00
2.1848739496e-01 -1.1260504202e+00 7.5843015140e+00
2.1848739496e-01 -1.0924369748e+00 8.1515691046e+00
2.1848739496e-01 -1.0588235294e+00 8.9033859997e+00
2.1848739496e-01 -1.0252100840e+00 1.0029243174e+01
2.1848739496e-01 -9.9159663866e-01 1.2427889190e+01
2.1848739496e-01 -9.5798319328e-01 1.2349706640e+01
2.1848739496e-01 -9.2436974790e-01 1.0354183261e+01
2.1848739496e-01 -8.9075630252e-01 9.4507247487e+00
2.1848739496e-01 -8.5714285714e-01 8.8761714348e+00
2.1848739496e-01 -8.2352941176e-01 8.4619239363e+00
2.1848739496e-01 -7.8991596639e-01 8.1425700417e+00
2.1848739496e-01 -7.5630252101e-01 7.8859006594e+00
2.1848739496e-01 -7.2268907563e-01 7.6737059646e+00
2.1848739496e-01 -6.8907563025e-01 7.4947059442e+00
2.1848739496e-01 -6.5546218487e-01 7.3414426930e+00
2.1848739496e-01 -6.2184873950e-01 7.2087384119e+00
2.1848739496e-01 -5.8823529412e-01 7.0928593342e+00
2.1848739496e-01 -5.5462184874e-01 6.9910304923e+00
2.1848739496e-01 -5.2100840336e-01 6.9011384858e+00
2.1848739496e-01 -4.8739495798e-01 6.8215412451e+00
2.1848739496e-01 -4.5378151261e-01 6.7509417664e+00
2.1848739496e-01 -4.2016806723e-01 6.6883017076e+00
2.1848739496e-01 -3.8655462185e-01 6.6327807101e+00
2.1848739496e-01 -3.5294117647e-01 6.5836928342e+00
2.1848739496e-01 -3.1932773109e-01 6.5404746900e+00
2.1848739496e-01 -2.8571428571e-01 6.5026617494e+00
2.1848739496e-01 -2.5210084034e-01 6.4698705114e+00
2.1848739496e-01 -2.1848739496e-01 6.4417849351e+00
2.1848739496e-01 -1.8487394958e-01 6.4181460513e+00
2.1848739496e-01 -1.5126050420e-01 6.3987439840e+00
2.1848739496e-01 -1.1764705882e-01 6.3834118381e+00
2.1848739496e-01 -8.4033613445e-02 6.3720210669e+00
2.1848739496e-01 -5.0420168067e-02 6.3644780405e+00
2.1848739496e-01 -1.6806722689e-02 6.3607216228e+00
2.1848739496e-01 1.6806722689e-02 6.3607216228e+00
2.1848739496e-01 5.0420168067e-02 6.3644780405e+00
2.1848739496e-01 8.4033613445e-02 6.3720210669e+00
2.1848739496e-01 1.1764705882e-01 6.3834118381e+00
2.1848739496e-01 1.5126050420e-01 6.3987439840e+00
2.1848739496e-01 1.8487394958e-01 6.4181460513e+00
2.1848739496e-01 2.1848739496e-01 6.4417849351e+00
2.1848739496e-01 2.5210084034e-01 6.4698705114e+00
2.1848739496e-01 2.8571428571e-01 6.5026617494e+00
2.1848739496e-01 3.1932773109e-01 6.5404746900e+00
2.1848739496e-01 3.5294117647e-01 6.5836928342e+00
2.1848739496e-01 3.8655462185e-01 6.6327807101e+00
2.1848739496e-01 4.2016806723e-01 6.6883017076e+00
2.1848739496e-01 4.5378151261e-01 6.7509417664e+00
2.1848739496e-01 4.8739495798e-01 6.8215412451e+00
2.1848739496e-01 5.2100840336e-01 6.9011384858e+00
2.1848739496e-01 5.5462184874e-01 6.9910304923e+00
2.1848739496e-01 5.8823529412e-01 7.0928593342e+00
2.1848739496e-01 6.2184873950e-01 7.2087384119e+00
2.1848739496e-01 6.5546218487e-01 7.3414426930e+00
2.1848739496e-01 6.8907563025e-01 7.4947059442e+00
2.1848739496e-01 7.2268907563e-01 7.6737059646e+00
2.1848739496e-01 7.5630252101e-01 7.8859006594e+00
2.1848739496e-01 7.8991596639e-01 8.1425700417e+00
2.1848739496e-01 8.2352941176e-01 8.4619239363e+00
2.1848739496e-01 8.5714285714e-01 8.8761714348e+00
2.1848739496e-01 8.9075630252e-01 9.4507247487e+00
2.1848739496e-01 9.2436974790e-01 1.0354183261e+01
2.1848739496e-01 9.5798319328e-01 1.2349706640e+01
2.1848739496e-01 9.9159663866e-01 1.2427889190e+01
2.1848739496e-01 1.0252100840e+00 1.0029243174e+01
2.1848739496e-01 1.0588235294e+00 8.9033859997e+00
2.1848739496e-01 1.0924369748e+00 8.1515691046e+00
2.1848739496e-01 1.1260504202e+00 7.5843015140e+00
2.1848739496e-01 1.1596638655e+00 7.1282386092e+00
2.1848739496e-01 1.1932773109e+00 6.7470007368e+00
2.1848739496e-01 1.2268907563e+00 6.4197849851e+00
2.1848739496e-01 1.2605042017e+00 6.1335290524e+00
2.1848739496e-01 1.2941176471e+00 5.8794665637e+00
2.1848739496e-01 1.3277310924e+00 5.6514133944e+00
2.1848739496e-01 1.3613445378e+00 5.4448345294e+00
2.1848739496e-01 1.3949579832e+00 5.2562995289e+00
2.1848739496e-01 1.4285714286e+00 5.0831468404e+00
2.1848739496e-01 1.4621848739e+00 4.9232674065e+00
2.1848739496e-01 1.4957983193e+00 4.7749599045e+00
2.1848739496e-01 1.5294117647e+00 4.6368308237e+00
2.1848739496e-01 1.5630252101e+00 4.5077236209e+00
2.1848739496e-01 1.5966386555e+00 4.3866673104e+00
2.1848739496e-01 1.6302521008e+00 4.2728383952e+00
2.1848739496e-01 1.6638655462e+00 4.1655321664e+00
2.1848739496e-01 1.6974789916e+00 4.0641407194e+00
2.1848739496e-01 1.7310924370e+00 3.9681358748e+00
2.1848739496e-01 1.7647058824e+00 3.8770557379e+00
2.1848739496e-01 1.7983193277e+00 3.7904939999e+00
2.1848739496e-01 1.8319327731e+00 3.7080913310e+00
2.1848739496e-01 1.8655462185e+00 3.6295283904e+00
2.1848739496e-01 1.8991596639e+00 3.5545200988e+00
2.1848739496e-01 1.9327731092e+00 3.4828109085e+00
2.1848739496e-01 1.9663865546e+00 3.4141708674e+00
2.1848739496e-01 2.0000000000e+00 3.3483923216e+00

2.5210084034e-01 -2.0000000000e+00 3.3408403209e+00
2.5210084034e-01 -1.9663865546e+00 3.4061612463e+00
2.5210084034e-01 -1.9327731092e+00 3.4743039750e+00
2.5210084034e-01 -1.8991596639e+00 3.5454715129e+00
2.5210084034e-01 -1.8655462185e+00 3.6198884558e+00
2.5210084034e-01 -1.8319327731e+00 3.6978041505e+00
2.5210084034e-01 -1.7983193277e+00 3.7794964609e+00
2.5210084034e-01 -1.7647058824e+00 3.8652762867e+00
2.5210084034e-01 -1.7310924370e+00 3.9554930242e+00
2.5210084034e-01 -1.6974789916e+00 4.0505412166e+00
2.5210084034e-01 -1.6638655462e+00 4.1508687259e+00
2.5210084034e-01 -1.6302521008e+00 4.2569868646e+00
2.5210084034e-01 -1.5966386555e+00 4.3694830906e+00
2.5210084034e-01 -1.5630252101e+00 4.4890370923e+00
2.5210084034e-01 -1.5294117647e+00 4.6164414253e+00
2.5210084034e-01 -1.4957983193e+00 4.7526283579e+00
2.5210084034e-01 -1.4621848739e+00 4.8987053378e+00
2.5210084034e-01 -1.4285714286e+00 5.0560026710e+00
2.5210084034e-01 -1.3949579832e+00 5.2261388885e+00
2.5210084034e-01 -1.3613445378e+00 5.4111124029e+00
2.5210084034e-01 -1.3277310924e+00 5.6134333895e+00
2.5210084034e-01 -1.2941176471e+00 5.8363193557e+00
2.5210084034e-01 -1.2605042017e+00 6.0839956470e+00
2.5210084034e-01 -1.2268907563e+00 6.3621773050e+00
2.5210084034e-01 -1.1932773109e+00 6.6788830418e+00
2.5210084034e-01 -1.1596638655e+00 7.0459029541e+00
2.5210084034e-01 -1.1260504202e+00 7.4816780502e+00
2.5210084034e-01 -1.0924369748e+00 8.0176320056e+00
2.5210084034e-01 -1.0588235294e+00 8.7145823907e+00
2.5210084034e-01 -1.0252100840e+00 9.7181547888e+00
2.5210084034e-01 -9.9159663866e-01 1.1580461492e+01
2.5210084034e-01 -9.5798319328e-01 1.3547107034e+01
2.5210084034e-01 -9.2436974790e-01 1.0687680623e+01
2.5210084034e-01 -8.9075630252e-01 9.6444723442e+00
2.5210084034e-01 -8.5714285714e-01 9.0129788626e+00
2.5210084034e-01 -8.2352941176e-01 8.5679903289e+00
2.5210084034e-01 -7.8991596639e-01 8.2294833749e+00
2.5210084034e-01 -7.5630252101e-01 7.9597897238e+00
2.5210084034e-01 -7.2268907563e-01 7.7382002559e+00
2.5210084034e-01 -6.8907563025e-01 7.5521305230e+00
2.5210084034e-01 -6.5546218487e-01 7.3933760114e+00
2.5210084034e-01 -6.2184873950e-01 7.2563012039e+00
2.5210084034e-01 -5.8823529412e-01 7.1368763920e+00
2.5210084034e-01 -5.5462184874e-01 7.0321269775e+00
2.5210084034e-01 -5.2100840336e-01 6.9398001693e+00
2.5210084034e-01 -4.8739495798e-01 6.8581537520e+00
2.5210084034e-01 -4.5378151261e-01 6.7858170369e+00
2.5210084034e-01 -4.2016806723e-01 6.7216963712e+00
2.5210084034e-01 -3.8655462185e-01 6.6649091757e+00
2.5210084034e-01 -3.5294117647e-01 6.6147368319e+00
2.5210084034e-01 -3.1932773109e-01 6.5705903699e+00
2.5210084034e-01 -2.8571428571e-01 6.5319850662e+00
2.5210084034e-01 -2.5210084034e-01 6.4985213827e+00
2.5210084034e-01 -2.1848739496e-01 6.4698705114e+00
2.5210084034e-01 -1.8487394958e-01 6.4457633338e+00
2.5210084034e-01 -1.5126050420e-01 6.4259819608e+00
2.5210084034e-01 -1.1764705882e-01 6.4103532648e+00
2.5210084034e-01 -8.4033613445e-02 6.3987439840e+00
2.5210084034e-01 -5.0420168067e-02 6.3910571022e+00
2.5210084034e-01 -1.6806722689e-02 6.3872292941e+00
2.5210084034e-01 1.6806722689e-02 6.3872292941e+00
2.5210084034e-01 5.0420168067e-02 6.3910571022e+00
2.5210084034e-01 8.4033613445e-02 6.3987439840e+00
2.5210084034e-01 1.1764705882e-01 6.4103532648e+00
2.5210084034e-01 1.5126050420e-01 6.4259819608e+00
2.5210084034e-01 1.8487394958e-01 6.4457633338e+00
2.5210084034e-01 2.1848739496e-01 6.4698705114e+00
2.5210084034e-01 2.5210084034e-01 6.4985213827e+00
2.5210084034e-01 2.8571428571e-01 6.5319850662e+00
2.5210084034e-01 3.1932773109e-01 6.5705903699e+00
2.5210084034e-01 3.5294117647e-01 6.6147368319e+00
2.5210084034e-01 3.8655462185e-01 6.6649091757e+00
2.5210084034e-01 4.2016806723e-01 6.7216963712e+00
2.5210084034e-01 4.5378151261e-01 6.7858170369e+00
2.5210084034e-01 4.8739495798e-01 6.8581537520e+00
2.5210084034e-01 5.2100840336e-01 6.9398001693e+00
2.5210084034e-01 5.5462184874e-01 7.0321269775e+00
2.5210084034e-01 5.8823529412e-01 7.1368763920e+00
2.5210084034e-01 6.2184873950e-01 7.2563012039e+00
2.5210084034e-01 6.5546218487e-01 7.3933760114e+00
2.5210084034e-01 6.8907563025e-01 7.5521305230e+00
2.5210084034e-01 7.2268907563e-01 7.7382002559e+00
2.5210084034e-01 7.5630252101e-01 7.9597897238e+00
2.5210084034e-01 7.8991596639e-01 8.2294833749e+00
2.5210084034e-01 8.2352941176e-01 8.5679903289e+00
2.5210084034e-01 8.5714285714e-01 9.0129788626e+00
2.5210084034e-01 8.9075630252e-01 9.6444723442e+00
2.5210084034e-01 9.2436974790e-01 1.0687680623e+01
2.5210084034e-01 9.5798319328e-01 1.3547107034e+01
2.5210084034e-01 9.9159663866e-01 1.1580461492e+01
2.5210084034e-01 1.0252100840e+00 9.7181547888e+00
2.5210084034e-01 1.0588235294e+00 8.7145823907e+00
2.5210084034e-01 1.0924369748e+00 8.0176320056e+00
2.5210084034e-01 1.1260504202e+00 7.4816780502e+00
2.5210084034e-01 1.1596638655e+00 7.0459029541e+00
2.5210084034e-01 1.1932773109e+00 6.6788830418e+00
2.5210084034e-01 1.2268907563e+00 6.3621773050e+00
2.5210084034e-01 1.2605042017e+00 6.0839956470e+00
2.5210084034e-01 1.2941176471e+00 5.8363193557e+00
2.5210084034e-01 1.3277310924e+00 5.6134333895e+00
2.5210084034e-01 1.3613445378e+00 5.4111124029e+00
2.5210084034e-01 1.3949579832e+00 5.2261388885e+00
2.5210084034e-01 1.4285714286e+00 5.0560026710e+00
2.5210084034e-01 1.4621848739e+00 4.8987053378e+00
2.5210084034e-01 1.4957983193e+00 4.7526283579e+00
2.5210084034e-01 1.5294117647e+00 4.6164414253e+00
2.5210084034e-01 1.5630252101e+00 4.4890370923e+00
2.5210084034e-01 1.5966386555e+00 4.3694830906e+00
2.5210084034e-01 1.6302521008e+00 4.2569868646e+00
2.5210084034e-01 1.6638655462e+00 4.1508687259e+00
2.5210084034e-01 1.6974789916e+00 4.0505412166e+00
2.5210084034e-01 1.7310924370e+00 3.9554930242e+00
2.5210084034e-01 1.7647058824e+00 3.8652762867e+00
2.5210084034e-01 1.7983193277e+00 3.7794964609e+00
2.5210084034e-01 1.8319327731e+00 3.6978041505e+00
2.5210084034e-01 1.8655462185e+00 3.6198884558e+00
2.5210084034e-01 1.8991596639e+00 3.5454715129e+00
2.5210084034e-01 1.9327731092e+00 3.4743039750e+00
2.5210084034e-01 1.9663865546e+00 3.4061612463e+00
2.5210084034e-01 2.0000000000e+00 3.3408403209e+00

2.8571428571e-01 -2.0000000000e+00 3.3322723321e+00
2.8571428571e-01 -1.9663865546e+00 3.3970767905e+00
2.8571428571e-01 -1.9327731092e+00 3.4646585539e+00
2.8571428571e-01 -1.8991596639e+00 3.5352154587e+00
2.8571428571e-01 -1.8655462185e+00 3.6089661512e+00
2.8571428571e-01 -1.8319327731e+00 3.6861530983e+00
2.8571428571e-01 -1.7983193277e+00 3.7670461701e+00
2.8571428571e-01 -1.7647058824e+00 3.8519469284e+00
2.8571428571e-01 -1.7310924370e+00 3.9411937982e+00
2.8571428571e-01 -1.6974789916e+00 4.0351683517e+00
2.8571428571e-01 -1.6638655462e+00 4.1343030095e+00
2.8571428571e-01 -1.6302521008e+00 4.2390905640e+00
2.8571428571e-01 -1.5966386555e+00 4.3500960750e+00
2.8571428571e-01 -1.5630252101e+00 4.4679718930e+00
2.8571428571e-01 -1.5294117647e+00 4.5934768642e+00
2.8571428571e-01 -1.4957983193e+00 4.7275012128e+00
2.8571428571e-01 -1.4621848739e+00 4.8710992673e+00
2.8571428571e-01 -1.4285714286e+00 5.0255332321e+00
2.8571428571e-01 -1.3949579832e+00 5.1923328578e+00
2.8571428571e-01 -1.3613445378e+00 5.3733785617e+00
2.8571428571e-01 -1.3277310924e+00 5.5710201284e+00
2.8571428571e-01 -1.2941176471e+00 5.7882511811e+00
2.8571428571e-01 -1.2605042017e+00 6.0289744739e+00
2.8571428571e-01 -1.2268907563e+00 6.2984219311e+00
2.8571428571e-01 -1.1932773109e+00 6.6038532101e+00
2.8571428571e-01 -1.1596638655e+00 6.9557906760e+00
2.8571428571e-01 -1.1260504202e+00 7.3703803788e+00
2.8571428571e-01 -1.0924369748e+00 7.8744017363e+00
2.8571428571e-01 -1.0588235294e+00 8.5175833458e+00
2.8571428571e-01 -1.0252100840e+00 9.4106356450e+00
2.8571428571e-01 -9.9159663866e-01 1.0904890270e+01
2.8571428571e-01 -9.5798319328e-01 1.9015781368e+01
2.8571428571e-01 -9.2436974790e-01 1.1162199620e+01
2.8571428571e-01 -8.9075630252e-01 9.8955696319e+00
2.8571428571e-01 -8.5714285714e-01 9.1839992488e+00
2.8571428571e-01 -8.2352941176e-01 8.6980611858e+00
2.8571428571e-01 -7.8991596639e-01 8.3348037940e+00
2.8571428571e-01 -7.5630252101e-01 8.0486040316e+00
2.8571428571e-01 -7.2268907563e-01 7.8152683773e+00
2.8571428571e-01 -6.8907563025e-01 7.6204469787e+00
2.8571428571e-01 -6.5546218487e-01 7.4549462830e+00
2.8571428571e-01 -6.2184873950e-01 7.3125341868e+00
2.8571428571e-01 -5.8823529412e-01 7.1888001299e+00
2.8571428571e-01 -5.5462184874e-01 7.0805152264e+00
2.8571428571e-01 -5.2100840336e-01 6.9852506194e+00
2.8571428571e-01 -4.8739495798e-01 6.9011384858e+00
2.8571428571e-01 -4.5378151261e-01 6.8267162664e+00
2.8571428571e-01 -4.2016806723e-01 6.7608216964e+00
2.8571428571e-01 -3.8655462185e-01 6.7025200520e+00
2.8571428571e-01 -3.5294117647e-01 6.6510525065e+00
2.8571428571e-01 -3.1932773109e-01 6.6057987201e+00
2.8571428571e-01 -2.8571428571e-01 6.5662492736e+00
2.8571428571e-01 -2.5210084034e-01 6.5319850662e+00
2.8571428571e-01 -2.1848739496e-01 6.5026617494e+00
2.8571428571e-01 -1.8487394958e-01 6.4779978734e+00
2.8571428571e-01 -1.5126050420e-01 6.4577658283e+00
2.8571428571e-01 -1.1764705882e-01 6.4417849351e+00
2.8571428571e-01 -8.4033613445e-02 6.4299162255e+00
2.8571428571e-01 -5.0420168067e-02 6.4220585881e+00
2.8571428571e-01 -1.6806722689e-02 6.4181460513e+00
2.8571428571e-01 1.6806722689e-02 6.4181460513e+00
2.8571428571e-01 5.0420168067e-02 6.4220585881e+00
2.8571428571e-01 8.4033613445e-02 6.4299162255e+00
2.8571428571e-01 1.1764705882e-01 6.4417849351e+00
2.8571428571e-01 1.5126050420e-01 6.4577658283e+00
2.8571428571e-01 1.8487394958e-01 6.4779978734e+00
2.8571428571e-01 2.1848739496e-01 6.5026617494e+00
2.8571428571e-01 2.5210084034e-01 6.5319850662e+00
2.8571428571e-01 2.8571428571e-01 6.5662492736e+00
2.8571428571e-01 3.1932773109e-01 6.6057987201e+00
2.8571428571e-01 3.5294117647e-01 6.6510525065e+00
2.8571428571e-01 3.8655462185e-01 6.7025200520e+00
2.8571428571e-01 4.2016806723e-01 6.7608216964e+00
2.8571428571e-01 4.5378151261e-01 6.8267162664e+00
2.8571428571e-01 4.8739495798e-01 6.9011384858e+00
2.8571428571e-01 5.2100840336e-01 6.9852506194e+00
2.8571428571e-01 5.5462184874e-01 7.0805152264e+00
2.8571428571e-01 5.8823529412e-01 7.1888001299e+00
2.8571428571e-01 6.2184873950e-01 7.3125341868e+00
2.8571428571e-01 6.5546218487e-01 7.4549462830e+00
2.8571428571e-01 6.8907563025e-01 7.6204469787e+00
2.8571428571e-01 7.2268907563e-01 7.8152683773e+00
2.8571428571e-01 7.5630252101e-01 8.0486040316e+00
2.8571428571e-01 7.8991596639e-01 8.3348037940e+00
2.8571428571e-01 8.2352941176e-01 8.6980611858e+00
2.8571428571e-01 8.5714285714e-01 9.1839992488e+00
2.8571428571e-01 8.9075630252e-01 9.8955696319e+00
2.8571428571e-01 9.2436974790e-01 1.1162199620e+01
2.8571428571e-01 9.5798319328e-01 1.9015781368e+01
2.8571428571e-01 9.9159663866e-01 1.0904890270e+01
2.8571428571e-01 1.0252100840e+00 9.4106356450e+00
2.8571428571e-01 1.0588235294e+00 8.5175833458e+00
2.8571428571e-01 1.0924369748e+00 7.8744017363e+00
2.8571428571e-01 1.1260504202e+00 7.3703803788e+00
2.8571428571e-01 1.1596638655e+00 6.9557906760e+00
2.8571428571e-01 1.1932773109e+00 6.6038532101e+00
2.8571428571e-01 1.2268907563e+00 6.2984219311e+00
2.8571428571e-01 1.2605042017e+00 6.0289744739e+00
2.8571428571e-01 1.2941176471e+00 5.7882511811e+00
2.8571428571e-01 1.3277310924e+00 5.5710201284e+00
2.8571428571e-01 1.3613445378e+00 5.3733785617e+00
2.8571428571e-01 1.3949579832e+00 5.1923328578e+00
2.8571428571e-01 1.4285714286e+00 5.0255332321e+00
2.8571428571e-01 1.4621848739e+00 4.8710992673e+00
2.8571428571e-01 1.4957983193e+00 4.7275012128e+00
2.8571428571e-01 1.5294117647e+00 4.5934768642e+00
2.8571428571e-01 1.5630252101e+00 4.4679718930e+00
2.8571428571e-01 1.5966386555e+00 4.3500960750e+00
2.8571428571e-01 1.6302521008e+00 4.2390905640e+00
2.8571428571e-01 1.6638655462e+00 4.1343030095e+00
2.8571428571e-01 1.6974789916e+00 4.0351683517e+00
2.8571428571e-01 1.7310924370e+00 3.9411937982e+00
2.8571428571e-01 1.7647058824e+00 3.8519469284e+00
2.8571428571e-01 1.7983193277e+00 3.7670461701e+00
2.8571428571e-01 1.8319327731e+00 3.6861530983e+00
2.8571428571e-01 1.8655462185e+00 3.6089661512e+00
2.8571428571e-01 1.8991596639e+00 3.5352154587e+00
2.8571428571e-01 1.9327731092e+00 3.4646585539e+00
2.8571428571e-01 1.9663865546e+00 3.3970767905e+00
2.8571428571e-01 2.0000000000e+00 3.3322723321e+00

3.1932773109e-01 -2.0000000000e+00 3.3227124610e+00
3.1932773109e-01 -1.9663865546e+00 3.3869440609e+00
3.1932773109e-01 -1.9327731092e+00 3.4539039790e+00
3.1932773109e-01 -1.8991596639e+00 3.5237844119e+00
3.1932773109e-01 -1.8655462185e+00 3.5967975232e+00
3.1932773109e-01 -1.8319327731e+00 3.6731782947e+00
3.1932773109e-01 -1.7983193277e+00 3.7531879130e+00
3.1932773109e-01 -1.7647058824e+00 3.8371178129e+00
3.1932773109e-01 -1.7310924370e+00 3.9252945428e+00
3.1932773109e-01 -1.6974789916e+00 4.0180856613e+00
3.1932773109e-01 -1.6638655462e+00 4.1159069428e+00
3.1932773109e-01 -1.6302521008e+00 4.2192312611e+00
3.1932773109e-01 -1.5966386555e+00 4.3285996495e+00
3.1932773109e-01 -1.5630252101e+00 4.4446352181e+00
3.1932773109e-01 -1.5294117647e+00 4.5680608730e+00
3.1932773109e-01 -1.4957983193e+00 4.6997221729e+00
3.1932773109e-01 -1.4621848739e+00 4.8406172424e+00
3.1932773109e-01 -1.4285714286e+00 4.9919365609e+00
3.1932773109e-01 -1.3949579832e+00 5.1551168636e+00
3.1932773109e-01 -1.3613445378e+00 5.3319156924e+00
3.1932773109e-01 -1.3277310924e+00 5.5245169859e+00
3.1932773109e-01 -1.2941176471e+00 5.7356848005e+00
3.1932773109e-01 -1.2605042017e+00 5.9689944199e+00
3.1932773109e-01 -1.2268907563e+00 6.2291933375e+00
3.1932773109e-01 -1.1932773109e+00 6.5227917018e+00
3.1932773109e-01 -1.1596638655e+00 6.8590846009e+00
3.1932773109e-01 -1.1260504202e+00 7.2520542919e+00
3.1932773109e-01 -1.0924369748e+00 7.7242613532e+00
3.1932773109e-01 -1.0588235294e+00 8.3159176368e+00
3.1932773109e-01 -1.0252100840e+00 9.1106166845e+00
3.1932773109e-01 -9.9159663866e-01 1.0337635100e+01
3.1932773109e-01 -9.5798319328e-01 1.3353422310e+01
3.1932773109e-01 -9.2436974790e-01 1.1898990512e+01
3.1932773109e-01 -8.9075630252e-01 1.0228106049e+01
3.1932773109e-01 -8.5714285714e-01 9.3990883064e+00
3.1932773109e-01 -8.2352941176e-01 8.8574941483e+00
3.1932773109e-01 -7.8991596639e-01 8.4619239363e+00
3.1932773109e-01 -7.5630252101e-01 8.1547066869e+00
3.1932773109e-01 -7.2268907563e-01 7.9066672542e+00
3.1932773109e-01 -6.8907563025e-01 7.7010251372e+00
3.1932773109e-01 -6.5546218487e-01 7.5272609574e+00
3.1932773109e-01 -6.2184873950e-01 7.3783587089e+00
3.1932773109e-01 -5.8823529412e-01 7.2494151192e+00
3.1932773109e-01 -5.5462184874e-01 7.1368763920e+00
3.1932773109e-01 -5.2100840336e-01 7.0380909817e+00
3.1932773109e-01 -4.8739495798e-01 6.9510335337e+00
3.1932773109e-01 -4.5378151261e-01 6.8741270868e+00
3.1932773109e-01 -4.2016806723e-01 6.8061244543e+00
3.1932773109e-01 -3.8655462185e-01 6.7460267079e+00
3.1932773109e-01 -3.5294117647e-01 6.6930257360e+00
3.1932773109e-01 -3.1932773109e-01 6.6464628971e+00
3.1932773109e-01 -2.8571428571e-01 6.6057987201e+00
3.1932773109e-01 -2.5210084034e-01 6.5705903699e+00
3.1932773109e-01 -2.1848739496e-01 6.5404746900e+00
3.1932773109e-01 -1.8487394958e-01 6.5151553388e+00
3.1932773109e-01 -1.5126050420e-01 6.4943929892e+00
3.1932773109e-01 -1.1764705882e-01 6.4779978734e+00
3.1932773109e-01 -8.4033613445e-02 6.4658241631e+00
3.1932773109e-01 -5.0420168067e-02 6.4577658283e+00
3.1932773109e-01 -1.6806722689e-02 6.4537537218e+00
3.1932773109e-01 1.6806722689e-02 6.4537537218e+00
3.1932773109e-01 5.0420168067e-02 6.4577658283e+00
3.1932773109e-01 8.4033613445e-02 6.4658241631e+00
3.1932773109e-01 1.1764705882e-01 6.4779978734e+00
3.1932773109e-01 1.5126050420e-01 6.4943929892e+00
3.1932773109e-01 1.8487394958e-01 6.5151553388e+00
3.1932773109e-01 2.1848739496e-01 6.5404746900e+00
3.1932773109e-01 2.5210084034e-01 6.5705903699e+00
3.1932773109e-01 2.8571428571e-01 6.6057987201e+00
3.1932773109e-01 3.1932773109e-01 6.6464628971e+00
3.1932773109e-01 3.5294117647e-01 6.6930257360e+00
3.1932773109e-01 3.8655462185e-01 6.7460267079e+00
3.1932773109e-01 4.2016806723e-01 6.8061244543e+00
3.1932773109e-01 4.5378151261e-01 6.8741270868e+00
3.1932773109e-01 4.8739495798e-01 6.9510335337e+00
3.1932773109e-01 5.2100840336e-01 7.0380909817e+00
3.1932773109e-01 5.5462184874e-01 7.1368763920e+00
3.1932773109e-01 5.8823529412e-01 7.2494151192e+00
3.1932773109e-01 6.2184873950e-01 7.3783587089e+00
3.1932773109e-01 6.5546218487e-01 7.5272609574e+00
3.1932773109e-01 6.8907563025e-01 7.7010251372e+00
3.1932773109e-01 7.2268907563e-01 7.9066672542e+00
3.1932773109e-01 7.5630252101e-01 8.1547066869e+00
3.1932773109e-01 7.8991596639e-01 8.4619239363e+00
3.1932773109e-01 8.2352941176e-01 8.8574941483e+00
3.1932773109e-01 8.5714285714e-01 9.3990883064e+00
3.1932773109e-01 8.9075630252e-01 1.0228106049e+01
3.1932773109e-01 9.2436974790e-01 1.1898990512e+01
3.1932773109e-01 9.5798319328e-01 1.3353422310e+01
3.1932773109e-01 9.9159663866e-01 1.0337635100e+01
3.1932773109e-01 1.0252100840e+00 9.1106166845e+00
3.1932773109e-01 1.0588235294e+00 8.3159176368e+00
3.1932773109e-01 1.0924369748e+00 7.7242613532e+00
3.1932773109e-01 1.1260504202e+00 7.2520542919e+00
3.1932773109e-01 1.1596638655e+00 6.8590846009e+00
3.1932773109e-01 1.1932773109e+00 6.5227917018e+00
3.1932773109e-01 1.2268907563e+00 6.2291933375e+00
3.1932773109e-01 1.2605042017e+00 5.9689944199e+00
3.1932773109e-01 1.2941176471e+00 5.7356848005e+00
3.1932773109e-01 1.3277310924e+00 5.5245169859e+00
3.1932773109e-01 1.3613445378e+00 5.3319156924e+00
3.1932773109e-01 1.3949579832e+00 5.1551168636e+00
3.1932773109e-01 1.4285714286e+00 4.9919365609e+00
3.1932773109e-01 1.4621848739e+00 4.8406172424e+00
3.1932773109e-01 1.4957983193e+00 4.6997221729e+00
3.1932773109e-01 1.5294117647e+00 4.5680608730e+00
3.1932773109e-01 1.5630252101e+00 4.4446352181e+00
3.1932773109e-01 1.5966386555e+00 4.3285996495e+00
3.1932773109e-01 1.6302521008e+00 4.2192312611e+00
3.1932773109e-01 1.6638655462e+00 4.1159069428e+00
3.1932773109e-01 1.6974789916e+00 4.0180856613e+00
3.1932773109e-01 1.7310924370e+00 3.9252945428e+00
3.1932773109e-01 1.7647058824e+00 3.8371178129e+00
3.1932773109e-01 1.7983193277e+00 3.7531879130e+00
3.1932773109e-01 1.8319327731e+00 3.6731782947e+00
3.1932773109e-01 1.8655462185e+00 3.5967975232e+00
3.1932773109e-01 1.8991596639e+00 3.5237844119e+00
3.1932773109e-01 1.9327731092e+00 3.4539039790e+00
3.1932773109e-01 1.9663865546e+00 3.3869440609e+00
3.1932773109e-01 2.0000000000e+00 3.3227124610e+00

3.5294117647e-01 -2.0000000000e+00 3.3121872035e+00
3.5294117647e-01 -1.9663865546e+00 3.3757922240e+00
3.5294117647e-01 -1.9327731092e+00 3.4420724284e+00
3.5294117647e-01 -1.8991596639e+00 3.5112139570e+00
3.5294117647e-01 -1.8655462185e+00 3.5834220218e+00
3.5294117647e-01 -1.8319327731e+00 3.6589235918e+00
3.5294117647e-01 -1.7983193277e+00 3.7379705725e+00
3.5294117647e-01 -1.7647058824e+00 3.8208435956e+00
3.5294117647e-01 -1.7310924370e+00 3.9078565653e+00
3.5294117647e-01 -1.6974789916e+00 3.9993621528e+00
3.5294117647e-01 -1.6638655462e+00 4.0957584904e+00
3.5294117647e-01 -1.6302521008e+00 4.1974973966e+00
3.5294117647e-01 -1.5966386555e+00 4.3050945796e+00
3.5294117647e-01 -1.5630252101e+00 4.4191424253e+00
3.5294117647e-01 -1.5294117647e+00 4.5403262084e+00
3.5294117647e-01 -1.4957983193e+00 4.6694449032e+00
3.5294117647e-01 -1.4621848739e+00 4.8074382730e+00
3.5294117647e-01 -1.4285714286e+00 4.9554226889e+00
3.5294117647e-01 -1.3949579832e+00 5.1147393251e+00
3.5294117647e-01 -1.3613445378e+00 5.2870203089e+00
3.5294117647e-01 -1.3277310924e+00 5.4742815896e+00
3.5294117647e-01 -1.2941176471e+00 5.6790567656e+00
3.5294117647e-01 -1.2605042017e+00 5.9045958824e+00
3.5294117647e-01 -1.2268907563e+00 6.1551715251e+00
3.5294117647e-01 -1.1932773109e+00 6.4365708374e+00
3.5294117647e-01 -1.1596638655e+00 6.7569291336e+00
3.5294117647e-01 -1.1260504202e+00 7.1282386092e+00
3.5294117647e-01 -1.0924369748e+00 7.5693225435e+00
3.5294117647e-01 -1.0588235294e+00 8.1124182234e+00
3.5294117647e-01 -1.0252100840e+00 8.8204056766e+00
3.5294117647e-01 -9.9159663866e-01 9.8459613577e+00
3.5294117647e-01 -9.5798319328e-01 1.1789675277e+01
3.5294117647e-01 -9.2436974790e-01 1.3323374417e+01
3.5294117647e-01 -8.9075630252e-01 1.0687680623e+01
3.5294117647e-01 -8.5714285714e-01 9.6739788898e+00
3.5294117647e-01 -8.2352941176e-01 9.0541650810e+00
3.5294117647e-01 -7.8991596639e-01 8.6155932514e+00
3.5294117647e-01 -7.5630252101e-01 8.2813005496e+00
3.5294117647e-01 -7.2268907563e-01 8.0147240537e+00
3.5294117647e-01 -6.8907563025e-01 7.7956485987e+00
3.5294117647e-01 -6.5546218487e-01 7.6117430430e+00
3.5294117647e-01 -6.2184873950e-01 7.4549462830e+00
3.5294117647e-01 -5.8823529412e-01 7.3197105106e+00
3.5294117647e-01 -5.5462184874e-01 7.2020632511e+00
3.5294117647e-01 -5.2100840336e-01 7.0990694894e+00
3.5294117647e-01 -4.8739495798e-01 7.0085053601e+00
3.5294117647e-01 -4.5378151261e-01 6.9286509586e+00
3.5294117647e-01 -4.2016806723e-01 6.8581537520e+00
3.5294117647e-01 -3.8655462185e-01 6.7959356550e+00
3.5294117647e-01 -3.5294117647e-01 6.7411281155e+00
3.5294117647e-01 -3.1932773109e-01 6.6930257360e+00
3.5294117647e-01 -2.8571428571e-01 6.6510525065e+00
3.5294117647e-01 -2.5210084034e-01 6.6147368319e+00
3.5294117647e-01 -2.1848739496e-01 6.5836928342e+00
3.5294117647e-01 -1.8487394958e-01 6.5576062263e+00
3.5294117647e-01 -1.5126050420e-01 6.5362235910e+00
3.5294117647e-01 -1.1764705882e-01 6.5193442505e+00
3.5294117647e-01 -8.4033613445e-02 6.5068141542e+00
3.5294117647e-01 -5.0420168067e-02 6.4985213827e+00
3.5294117647e-01 -1.6806722689e-02 6.4943929892e+00
3.5294117647e-01 1.6806722689e-02 6.4943929892e+00
3.5294117647e-01 5.0420168067e-02 6.4985213827e+00
3.5294117647e-01 8.4033613445e-02 6.5068141542e+00
3.5294117647e-01 1.1764705882e-01 6.5193442505e+00
3.5294117647e-01 1.5126050420e-01 6.5362235910e+00
3.5294117647e-01 1.8487394958e-01 6.5576062263e+00
3.5294117647e-01 2.1848739496e-01 6.5836928342e+00
3.5294117647e-01 2.5210084034e-01 6.6147368319e+00
3.5294117647e-01 2.8571428571e-01 6.6510525065e+00
3.5294117647e-01 3.1932773109e-01 6.6930257360e+00
3.5294117647e-01 3.5294117647e-01 6.7411281155e+00
3.5294117647e-01 3.8655462185e-01 6.7959356550e+00
3.5294117647e-01 4.2016806723e-01 6.8581537520e+00
3.5294117647e-01 4.5378151261e-01 6.9286509586e+00
3.5294117647e-01 4.8739495798e-01 7.0085053601e+00
3.5294117647e-01 5.2100840336e-01 7.0990694894e+00
3.5294117647e-01 5.5462184874e-01 7.2020632511e+00
3.5294117647e-01 5.8823529412e-01 7.3197105106e+00
3.5294117647e-01 6.2184873950e-01 7.4549462830e+00
3.5294117647e-01 6.5546218487e-01 7.6117430430e+00
3.5294117647e-01 6.8907563025e-01 7.7956485987e+00
3.5294117647e-01 7.2268907563e-01 8.0147240537e+00
3.5294117647e-01 7.5630252101e-01 8.2813005496e+00
3.5294117647e-01 7.8991596639e-01 8.6155932514e+00
3.5294117647e-01 8.2352941176e-01 9.0541650810e+00
3.5294117647e-01 8.5714285714e-01 9.6739788898e+00
3.5294117647e-01 8.9075630252e-01 1.0687680623e+01
3.5294117647e-01 9.2436974790e-01 1.3323374417e+01
3.5294117647e-01 9.5798319328e-01 1.1789675277e+01
3.5294117647e-01 9.9159663866e-01 9.8459613577e+00
3.5294117647e-01 1.0252100840e+00 8.8204056766e+00
3.5294117647e-01 1.0588235294e+00 8.1124182234e+00
3.5294117647e-01 1.0924369748e+00 7.5693225435e+00
3.5294117647e-01 1.1260504202e+00 7.1282386092e+00
3.5294117647e-01 1.1596638655e+00 6.7569291336e+00
3.5294117647e-01 1.1932773109e+00 6.4365708374e+00
3.5294117647e-01 1.2268907563e+00 6.1551715251e+00
3.5294117647e-01 1.2605042017e+00 5.9045958824e+00
3.5294117647e-01 1.2941176471e+00 5.6790567656e+00
3.5294117647e-01 1.3277310924e+00 5.4742815896e+00
3.5294117647e-01 1.3613445378e+00 5.2870203089e+00
3.5294117647e-01 1.3949579832e+00 5.1147393251e+00
3.5294117647e-01 1.4285714286e+00 4.9554226889e+00
3.5294117647e-01 1.4621848739e+00 4.8074382730e+00
3.5294117647e-01 1.4957983193e+00 4.6694449032e+00
3.5294117647e-01 1.5294117647e+00 4.5403262084e+00
3.5294117647e-01 1.5630252101e+00 4.4191424253e+00
3.5294117647e-01 1.5966386555e+00 4.3050945796e+00
3.5294117647e-01 1.6302521008e+00 4.1974973966e+00
3.5294117647e-01 1.6638655462e+00 4.0957584904e+00
3.5294117647e-01 1.6974789916e+00 3.9993621528e+00
3.5294117647e-01 1.7310924370e+00 3.9078565653e+00
3.5294117647e-01 1.7647058824e+00 3.8208435956e+00
3.5294117647e-01 1.7983193277e+00 3.7379705725e+00
3.5294117647e-01 1.8319327731e+00 3.6589235918e+00
3.5294117647e-01 1.8655462185e+00 3.5834220218e+00
3.5294117647e-01 1.8991596639e+00 3.5112139570e+00
3.5294117647e-01 1.9327731092e+00 3.4420724284e+00
3.5294117647e-01 1.9663865546e+00 3.3757922240e+00
3.5294117647e-01 2.0000000000e+00 3.3121872035e+00

3.8655462185e-01 -2.0000000000e+00 3.3007252479e+00
3.8655462185e-01 -1.9663865546e+00 3.3636528259e+00
3.8655462185e-01 -1.9327731092e+00 3.4291986655e+00
3.8655462185e-01 -1.8991596639e+00 3.4975424902e+00
3.8655462185e-01 -1.8655462185e+00 3.5688821583e+00
3.8655462185e-01 -1.8319327731e+00 3.6434361768e+00
3.8655462185e-01 -1.7983193277e+00 3.7214466685e+00
3.8655462185e-01 -1.7647058824e+00 3.8031829008e+00
3.8655462185e-01 -1.7310924370e+00 3.8889455055e+00
3.8655462185e-01 -1.6974789916e+00 3.9790715640e+00
3.8655462185e-01 -1.6638655462e+00 4.0739407812e+00
3.8655462185e-01 -1.6302521008e+00 4.1739830451e+00
3.8655462185e-01 -1.5966386555e+00 4.2796877673e+00
3.8655462185e-01 -1.5630252101e+00 4.3916155395e+00
3.8655462185e-01 -1.5294117647e+00 4.5104128414e+00
3.8655462185e-01 -1.4957983193e+00 4.6368308237e+00
3.8655462185e-01 -1.4621848739e+00 4.7717496191e+00
3.8655462185e-01 -1.4285714286e+00 4.9162102806e+00
3.8655462185e-01 -1.3949579832e+00 5.0714574491e+00
3.8655462185e-01 -1.3613445378e+00 5.2389974401e+00
3.8655462185e-01 -1.3277310924e+00 5.4206790358e+00
3.8655462185e-01 -1.2941176471e+00 5.6188086646e+00
3.8655462185e-01 -1.2605042017e+00 5.8363193557e+00
3.8655462185e-01 -1.2268907563e+00 6.0770270314e+00
3.8655462185e-01 -1.1932773109e+00 6.3460351221e+00
3.8655462185e-01 -1.1596638655e+00 6.6504050537e+00
3.8655462185e-01 -1.1260504202e+00 7.0003361400e+00
3.8655462185e-01 -1.0924369748e+00 7.4114075644e+00
3.8655462185e-01 -1.0588235294e+00 7.9092957188e+00
3.8655462185e-01 -1.0252100840e+00 8.5412281540e+00
3.8655462185e-01 -9.9159663866e-01 9.4106356450e+00
3.8655462185e-01 -9.5798319328e-01 1.0833829086e+01
3.8655462185e-01 -9.2436974790e-01 1.6639310121e+01
3.8655462185e-01 -8.9075630252e-01 1.1377057334e+01
3.8655462185e-01 -8.5714285714e-01 1.0035804557e+01
3.8655462185e-01 -8.2352941176e-01 9.3001898513e+00
3.8655462185e-01 -7.8991596639e-01 8.8026641917e+00
3.8655462185e-01 -7.5630252101e-01 8.4328203639e+00
3.8655462185e-01 -7.2268907563e-01 8.1425700417e+00
3.8655462185e-01 -6.8907563025e-01 7.9066672542e+00
3.8655462185e-01 -6.5546218487e-01 7.7102374296e+00
3.8655462185e-01 -6.2184873950e-01 7.5437966342e+00
3.8655462185e-01 -5.8823529412e-01 7.4009397414e+00
3.8655462185e-01 -5.5462184874e-01 7.2771474531e+00
3.8655462185e-01 -5.2100840336e-01 7.1691199281e+00
3.8655462185e-01 -4.8739495798e-01 7.0743808866e+00
3.8655462185e-01 -4.5378151261e-01 6.9910304923e+00
3.8655462185e-01 -4.2016806723e-01 6.9175847318e+00
3.8655462185e-01 -3.8655462185e-01 6.8528674435e+00
3.8655462185e-01 -3.5294117647e-01 6.7959356550e+00
3.8655462185e-01 -3.1932773109e-01 6.7460267079e+00
3.8655462185e-01 -2.8571428571e-01 6.7025200520e+00
3.8655462185e-01 -2.5210084034e-01 6.6649091757e+00
3.8655462185e-01 -2.1848739496e-01 6.6327807101e+00
3.8655462185e-01 -1.8487394958e-01 6.6057987201e+00
3.8655462185e-01 -1.5126050420e-01 6.5836928342e+00
3.8655462185e-01 -1.1764705882e-01 6.5662492736e+00
3.8655462185e-01 -8.4033613445e-02 6.5533041299e+00
3.8655462185e-01 -5.0420168067e-02 6.5447384326e+00
3.8655462185e-01 -1.6806722689e-02 6.5404746900e+00
3.8655462185e-01 1.6806722689e-02 6.5404746900e+00
3.8655462185e-01 5.0420168067e-02 6.5447384326e+00
3.8655462185e-01 8.4033613445e-02 6.5533041299e+00
3.8655462185e-01 1.1764705882e-01 6.5662492736e+00
3.8655462185e-01 1.5126050420e-01 6.5836928342e+00
3.8655462185e-01 1.8487394958e-01 6.6057987201e+00
3.8655462185e-01 2.1848739496e-01 6.6327807101e+00
3.8655462185e-01 2.5210084034e-01 6.6649091757e+00
3.8655462185e-01 2.8571428571e-01 6.7025200520e+00
3.8655462185e-01 3.1932773109e-01 6.7460267079e+00
3.8655462185e-01 3.5294117647e-01 6.7959356550e+00
3.8655462185e-01 3.8655462185e-01 6.8528674435e+00
3.8655462185e-01 4.2016806723e-01 6.9175847318e+00
3.8655462185e-01 4.5378151261e-01 6.9910304923e+00
3.8655462185e-01 4.8739495798e-01 7.0743808866e+00
3.8655462185e-01 5.2100840336e-01 7.1691199281e+00
3.8655462185e-01 5.5462184874e-01 7.2771474531e+00
3.8655462185e-01 5.8823529412e-01 7.4009397414e+00
3.8655462185e-01 6.2184873950e-01 7.5437966342e+00
3.8655462185e-01 6.5546218487e-01 7.7102374296e+00
3.8655462185e-01 6.8907563025e-01 7.9066672542e+00
3.8655462185e-01 7.2268907563e-01 8.1425700417e+00
3.8655462185e-01 7.5630252101e-01 8.4328203639e+00
3.8655462185e-01 7.8991596639e-01 8.8026641917e+00
3.8655462185e-01 8.2352941176e-01 9.3001898513e+00
3.8655462185e-01 8.5714285714e-01 1.0035804557e+01
3.8655462185e-01 8.9075630252e-01 1.1377057334e+01
3.8655462185e-01 9.2436974790e-01 1.6639310121e+01
3.8655462185e-01 9.5798319328e-01 1.0833829086e+01
3.8655462185e-01 9.9159663866e-01 9.4106356450e+00
3.8655462185e-01 1.0252100840e+00 8.5412281540e+00
3.8655462185e-01 1.0588235294e+00 7.9092957188e+00
3.8655462185e-01 1.0924369748e+00 7.4114075644e+00
3.8655462185e-01 1.1260504202e+00 7.0003361400e+00
3.8655462185e-01 1.1596638655e+00 6.6504050537e+00
3.8655462185e-01 1.1932773109e+00 6.3460351221e+00
3.8655462185e-01 1.2268907563e+00 6.0770270314e+00
3.8655462185e-01 1.2605042017e+00 5.8363193557e+00
3.8655462185e-01 1.2941176471e+00 5.6188086646e+00
3.8655462185e-01 1.3277310924e+00 5.4206790358e+00
3.8655462185e-01 1.3613445378e+00 5.2389974401e+00
3.8655462185e-01 1.3949579832e+00 5.0714574491e+00
3.8655462185e-01 1.4285714286e+00 4.9162102806e+00
3.8655462185e-01 1.4621848739e+00 4.7717496191e+00
3.8655462185e-01 1.4957983193e+00 4.6368308237e+00
3.8655462185e-01 1.5294117647e+00 4.5104128414e+00
3.8655462185e-01 1.5630252101e+00 4.3916155395e+00
3.8655462185e-01 1.5966386555e+00 4.2796877673e+00
3.8655462185e-01 1.6302521008e+00 4.1739830451e+00
3.8655462185e-01 1.6638655462e+00 4.0739407812e+00
3.8655462185e-01 1.6974789916e+00 3.9790715640e+00
3.8655462185e-01 1.7310924370e+00 3.8889455055e+00
3.8655462185e-01 1.7647058824e+00 3.8031829008e+00
3.8655462185e-01 1.7983193277e+00 3.7214466685e+00
3.8655462185e-01 1.8319327731e+00 3.6434361768e+00
3.8655462185e-01 1.8655462185e+00 3.5688821583e+00
3.8655462185e-01 1.8991596639e+00 3.4975424902e+00
3.8655462185e-01 1.9327731092e+00 3.4291986655e+00
3.8655462185e-01 1.9663865546e+00 3.3636528259e+00
3.8655462185e-01 2.0000000000e+00 3.3007252479e+00

4.2016806723e-01 -2.0000000000e+00 3.2883572666e+00
4.2016806723e-01 -1.9663865546e+00 3.3505595546e+00
4.2016806723e-01 -1.9327731092e+00 3.4153197678e+00
4.2016806723e-01 -1.8991596639e+00 3.4828109085e+00
4.2016806723e-01 -1.8655462185e+00 3.5532231472e+00
4.2016806723e-01 -1.8319327731e+00 3.6267661596e+00
4.2016806723e-01 -1.7983193277e+00 3.7036718804e+00
4.2016806723e-01 -1.7647058824e+00 3.7841977665e+00
4.2016806723e-01 -1.7310924370e+00 3.8686306887e+00
4.2016806723e-01 -1.6974789916e+00 3.9572916053e+00
4.2016806723e-01 -1.6638655462e+00 4.0505412166e+00
4.2016806723e-01 -1.6302521008e+00 4.1487868607e+00
4.2016806723e-01 -1.5966386555e+00 4.2524909989e+00
4.2016806723e-01 -1.5630252101e+00 4.3621817570e+00
4.2016806723e-01 -1.5294117647e+00 4.4784661592e+00
4.2016806723e-01 -1.4957983193e+00 4.6020469359e+00
4.2016806723e-01 -1.4621848739e+00 4.7337441463e+00
4.2016806723e-01 -1.4285714286e+00 4.8745233933e+00
4.2016806723e-01 -1.3949579832e+00 5.0255332321e+00
4.2016806723e-01 -1.3613445378e+00 5.1881556623e+00
4.2016806723e-01 -1.3277310924e+00 5.3640756772e+00
4.2016806723e-01 -1.2941176471e+00 5.5553793075e+00
4.2016806723e-01 -1.2605042017e+00 5.7646955800e+00
4.2016806723e-01 -1.2268907563e+00 5.9954085731e+00
4.2016806723e-01 -1.1932773109e+00 6.2519860939e+00
4.2016806723e-01 -1.1596638655e+00 6.5405122371e+00
4.2016806723e-01 -1.1260504202e+00 6.8695986171e+00
4.2016806723e-01 -1.0924369748e+00 7.2520542919e+00
4.2016806723e-01 -1.0588235294e+00 7.7082324186e+00
4.2016806723e-01 -1.0252100840e+00 8.2736092260e+00
4.2016806723e-01 -9.9159663866e-01 9.0193207524e+00
4.2016806723e-01 -9.5798319328e-01 1.0127158334e+01
4.2016806723e-01 -9.2436974790e-01 1.2427889190e+01
4.2016806723e-01 -8.9075630252e-01 1.2622720034e+01
4.2016806723e-01 -8.5714285714e-01 1.0537217463e+01
4.2016806723e-01 -8.2352941176e-01 9.6154515681e+00
4.2016806723e-01 -7.8991596639e-01 9.0334482935e+00
4.2016806723e-01 -7.5630252101e-01 8.6155932514e+00
4.2016806723e-01 -7.2268907563e-01 8.2945142648e+00
4.2016806723e-01 -6.8907563025e-01 8.0372317305e+00
4.2016806723e-01 -6.5546218487e-01 7.8251695460e+00
4.2016806723e-01 -6.2184873950e-01 7.6468514709e+00
4.2016806723e-01 -5.8823529412e-01 7.4947059442e+00
4.2016806723e-01 -5.5462184874e-01 7.3634860690e+00
4.2016806723e-01 -5.2100840336e-01 7.2494151192e+00
4.2016806723e-01 -4.8739495798e-01 7.1496916174e+00
4.2016806723e-01 -4.5378151261e-01 7.0621866830e+00
4.2016806723e-01 -4.2016806723e-01 6.9852506194e+00
4.2016806723e-01 -3.8655462185e-01 6.9175847318e+00
4.2016806723e-01 -3.5294117647e-01 6.8581537520e+00
4.2016806723e-01 -3.1932773109e-01 6.8061244543e+00
4.2016806723e-01 -2.8571428571e-01 6.7608216964e+00
4.2016806723e-01 -2.5210084034e-01 6.7216963712e+00
4.2016806723e-01 -2.1848739496e-01 6.6883017076e+00
4.2016806723e-01 -1.8487394958e-01 6.6602755590e+00
4.2016806723e-01 -1.5126050420e-01 6.6373270835e+00
4.2016806723e-01 -1.1764705882e-01 6.6192267233e+00
4.2016806723e-01 -8.4033613445e-02 6.6057987201e+00
4.2016806723e-01 -5.0420168067e-02 6.5969156396e+00
4.2016806723e-01 -1.6806722689e-02 6.5924945398e+00
4.2016806723e-01 1.6806722689e-02 6.5924945398e+00
4.2016806723e-01 5.0420168067e-02 6.5969156396e+00
4.2016806723e-01 8.4033613445e-02 6.6057987201e+00
4.2016806723e-01 1.1764705882e-01 6.6192267233e+00
4.2016806723e-01 1.5126050420e-01 6.6373270835e+00
4.2016806723e-01 1.8487394958e-01 6.6602755590e+00
4.2016806723e-01 2.1848739496e-01 6.6883017076e+00
4.2016806723e-01 2.5210084034e-01 6.7216963712e+00
4.2016806723e-01 2.8571428571e-01 6.7608216964e+00
4.2016806723e-01 3.1932773109e-01 6.8061244543e+00
4.2016806723e-01 3.5294117647e-01 6.8581537520e+00
4.2016806723e-01 3.8655462185e-01 6.9175847318e+00
4.2016806723e-01 4.2016806723e-01 6.9852506194e+00
4.2016806723e-01 4.5378151261e-01 7.0621866830e+00
4.2016806723e-01 4.8739495798e-01 7.1496916174e+00
4.2016806723e-01 5.2100840336e-01 7.2494151192e+00
4.2016806723e-01 5.5462184874e-01 7.3634860690e+00
4.2016806723e-01 5.8823529412e-01 7.4947059442e+00
4.2016806723e-01 6.2184873950e-01 7.6468514709e+00
4.2016806723e-01 6.5546218487e-01 7.8251695460e+00
4.2016806723e-01 6.8907563025e-01 8.0372317305e+00
4.2016806723e-01 7.2268907563e-01 8.2945142648e+00
4.2016806723e-01 7.5630252101e-01 8.6155932514e+00
4.2016806723e-01 7.8991596639e-01 9.0334482935e+00
4.2016806723e-01 8.2352941176e-01 9.6154515681e+00
4.2016806723e-01 8.5714285714e-01 1.0537217463e+01
4.2016806723e-01 8.9075630252e-01 1.2622720034e+01
4.2016806723e-01 9.2436974790e-01 1.2427889190e+01
4.2016806723e-01 9.5798319328e-01 1.0127158334e+01
4.2016806723e-01 9.9159663866e-01 9.0193207524e+00
4.2016806723e-01 1.0252100840e+00 8.2736092260e+00
4.2016806723e-01 1.0588235294e+00 7.7082324186e+00
4.2016806723e-01 1.0924369748e+00 7.2520542919e+00
4.2016806723e-01 1.1260504202e+00 6.8695986171e+00
4.2016806723e-01 1.1596638655e+00 6.5405122371e+00
4.2016806723e-01 1.1932773109e+00 6.2519860939e+00
4.2016806723e-01 1.2268907563e+00 5.9954085731e+00
4.2016806723e-01 1.2605042017e+00 5.7646955800e+00
4.2016806723e-01 1.2941176471e+00 5.5553793075e+00
4.2016806723e-01 1.3277310924e+00 5.3640756772e+00
4.2016806723e-01 1.3613445378e+00 5.1881556623e+00
4.2016806723e-01 1.3949579832e+00 5.0255332321e+00
4.2016806723e-01 1.4285714286e+00 4.8745233933e+00
4.2016806723e-01 1.4621848739e+00 4.7337441463e+00
4.2016806723e-01 1.4957983193e+00 4.6020469359e+00
4.2016806723e-01 1.5294117647e+00 4.4784661592e+00
4.2016806723e-01 1.5630252101e+00 4.3621817570e+00
4.2016806723e-01 1.5966386555e+00 4.2524909989e+00
4.2016806723e-01 1.6302521008e+00 4.1487868607e+00
4.2016806723e-01 1.6638655462e+00 4.0505412166e+00
4.2016806723e-01 1.6974789916e+00 3.9572916053e+00
4.2016806723e-01 1.7310924370e+00 3.8686306887e+00
4.2016806723e-01 1.7647058824e+00 3.7841977665e+00
4.2016806723e-01 1.7983193277e+00 3.7036718804e+00
4.2016806723e-01 1.8319327731e+00 3.6267661596e+00
4.2016806723e-01 1.8655462185e+00 3.5532231472e+00
4.2016806723e-01 1.8991596639e+00 3.4828109085e+00
4.2016806723e-01 1.9327731092e+00 3.4153197678e+00
4.2016806723e-01 1.9663865546e+00 3.3505595546e+00
4.2016806723e-01 2.0000000000e+00 3.2883572666e+00

4.5378151261e-01 -2.0000000000e+00 3.2751156993e+00
4.5378151261e-01 -1.9663865546e+00 3.3365479943e+00
4.5378151261e-01 -1.9327731092e+00 3.4004748460e+00
4.5378151261e-01 -1.8991596639e+00 3.4670622894e+00
4.5378151261e-01 -1.8655462185e+00 3.5364925392e+00
4.5378151261e-01 -1.8319327731e+00 3.6089661512e+00
4.5378151261e-01 -1.7983193277e+00 3.6847045606e+00
4.5378151261e-01 -1.7647058824e+00 3.7639530814e+00
4.5378151261e-01 -1.7310924370e+00 3.8469844714e+00
4.5378151261e-01 -1.6974789916e+00 3.9341031976e+00
4.5378151261e-01 -1.6638655462e+00 4.0256505786e+00
4.5378151261e-01 -1.6302521008e+00 4.1220110284e+00
4.5378151261e-01 -1.5966386555e+00 4.2236197072e+00
4.5378151261e-01 -1.5630252101e+00 4.3309719782e+00
4.5378151261e-01 -1.5294117647e+00 4.4446352181e+00
4.5378151261e-01 -1.4957983193e+00 4.5652637307e+00
4.5378151261e-01 -1.4621848739e+00 4.6936178090e+00
4.5378151261e-01 -1.4285714286e+00 4.8305884347e+00
4.5378151261e-01 -1.3949579832e+00 4.9772297651e+00
4.5378151261e-01 -1.3613445378e+00 5.1348025948e+00
4.5378151261e-01 -1.3277310924e+00 5.3048336177e+00
4.5378151261e-01 -1.2941176471e+00 5.4891980086e+00
4.5378151261e-01 -1.2605042017e+00 5.6902374046e+00
4.5378151261e-01 -1.2268907563e+00 5.9109334041e+00
4.5378151261e-01 -1.1932773109e+00 6.1551715251e+00
4.5378151261e-01 -1.1596638655e+00 6.4281593820e+00
4.5378151261e-01 -1.1260504202e+00 6.7371225853e+00
4.5378151261e-01 -1.0924369748e+00 7.0925358076e+00
4.5378151261e-01 -1.0588235294e+00 7.5104778361e+00
4.5378151261e-01 -1.0252100840e+00 8.0176320056e+00
4.5378151261e-01 -9.9159663866e-01 8.6635875946e+00
4.5378151261e-01 -9.5798319328e-01 9.5588557070e+00
4.5378151261e-01 -9.2436974790e-01 1.1054601877e+01
4.5378151261e-01 -8.9075630252e-01 2.2666233375e+01
4.5378151261e-01 -8.5714285714e-01 1.1302646498e+01
4.5378151261e-01 -8.2352941176e-01 1.0035804557e+01
4.5378151261e-01 -7.8991596639e-01 9.3243923856e+00
4.5378151261e-01 -7.5630252101e-01 8.8390199434e+00
4.5378151261e-01 -7.2268907563e-01 8.4766691148e+00
4.5378151261e-01 -6.8907563025e-01 8.1916676483e+00
4.5378151261e-01 -6.5546218487e-01 7.9597897238e+00
4.5378151261e-01 -6.2184873950e-01 7.7666648895e+00
4.5378151261e-01 -5.8823529412e-01 7.6030870439e+00
4.5378151261e-01 -5.5462184874e-01 7.4628173058e+00
4.5378151261e-01 -5.2100840336e-01 7.3414426930e+00
4.5378151261e-01 -4.8739495798e-01 7.2357353696e+00
4.5378151261e-01 -4.5378151261e-01 7.1432704514e+00
4.5378151261e-01 -4.2016806723e-01 7.0621866830e+00
4.5378151261e-01 -3.8655462185e-01 6.9910304923e+00
4.5378151261e-01 -3.5294117647e-01 6.9286509586e+00
4.5378151261e-01 -3.1932773109e-01 6.8741270868e+00
4.5378151261e-01 -2.8571428571e-01 6.8267162664e+00
4.5378151261e-01 -2.5210084034e-01 6.7858170369e+00
4.5378151261e-01 -2.1848739496e-01 6.7509417664e+00
4.5378151261e-01 -1.8487394958e-01 6.7216963712e+00
4.5378151261e-01 -1.5126050420e-01 6.6977651529e+00
4.5378151261e-01 -1.1764705882e-01 6.6788994463e+00
4.5378151261e-01 -8.4033613445e-02 6.6649091757e+00
4.5378151261e-01 -5.0420168067e-02 6.6556566983e+00
4.5378151261e-01 -1.6806722689e-02 6.6510525065e+00
4.5378151261e-01 1.6806722689e-02 6.6510525065e+00
4.5378151261e-01 5.0420168067e-02 6.6556566983e+00
4.5378151261e-01 8.4033613445e-02 6.6649091757e+00
4.5378151261e-01 1.1764705882e-01 6.6788994463e+00
4.5378151261e-01 1.5126050420e-01 6.6977651529e+00
4.5378151261e-01 1.8487394958e-01 6.7216963712e+00
4.5378151261e-01 2.1848739496e-01 6.7509417664e+00
4.5378151261e-01 2.5210084034e-01 6.7858170369e+00
4.5378151261e-01 2.8571428571e-01 6.8267162664e+00
4.5378151261e-01 3.1932773109e-01 6.8741270868e+00
4.5378151261e-01 3.5294117647e-01 6.9286509586e+00
4.5378151261e-01 3.8655462185e-01 6.9910304923e+00
4.5378151261e-01 4.2016806723e-01 7.0621866830e+00
4.5378151261e-01 4.5378151261e-01 7.1432704514e+00
4.5378151261e-01 4.8739495798e-01 7.2357353696e+00
4.5378151261e-01 5.2100840336e-01 7.3414426930e+00
4.5378151261e-01 5.5462184874e-01 7.4628173058e+00
4.5378151261e-01 5.8823529412e-01 7.6030870439e+00
4.5378151261e-01 6.2184873950e-01 7.7666648895e+00
4.5378151261e-01 6.5546218487e-01 7.9597897238e+00
4.5378151261e-01 6.8907563025e-01 8.1916676483e+00
4.5378151261e-01 7.2268907563e-01 8.4766691148e+00
4.5378151261e-01 7.5630252101e-01 8.8390199434e+00
4.5378151261e-01 7.8991596639e-01 9.3243923856e+00
4.5378151261e-01 8.2352941176e-01 1.0035804557e+01
4.5378151261e-01 8.5714285714e-01 1.1302646498e+01
4.5378151261e-01 8.9075630252e-01 2.2666233375e+01
4.5378151261e-01 9.2436974790e-01 1.1054601877e+01
4.5378151261e-01 9.5798319328e-01 9.5588557070e+00
4.5378151261e-01 9.9159663866e-01 8.6635875946e+00
4.5378151261e-01 1.0252100840e+00 8.0176320056e+00
4.5378151261e-01 1.0588235294e+00 7.5104778361e+00
4.5378151261e-01 1.0924369748e+00 7.0925358076e+00
4.5378151261e-01 1.1260504202e+00 6.7371225853e+00
4.5378151261e-01 1.1596638655e+00 6.4281593820e+00
4.5378151261e-01 1.1932773109e+00 6.1551715251e+00
4.5378151261e-01 1.2268907563e+00 5.9109334041e+00
4.5378151261e-01 1.2605042017e+00 5.6902374046e+00
4.5378151261e-01 1.2941176471e+00 5.4891980086e+00
4.5378151261e-01 1.3277310924e+00 5.3048336177e+00
4.5378151261e-01 1.3613445378e+00 5.1348025948e+00
4.5378151261e-01 1.3949579832e+00 4.9772297651e+00
4.5378151261e-01 1.4285714286e+00 4.8305884347e+00
4.5378151261e-01 1.4621848739e+00 4.6936178090e+00
4.5378151261e-01 1.4957983193e+00 4.5652637307e+00
4.5378151261e-01 1.5294117647e+00 4.4446352181e+00
4.5378151261e-01 1.5630252101e+00 4.3309719782e+00
4.5378151261e-01 1.5966386555e+00 4.2236197072e+00
4.5378151261e-01 1.6302521008e+00 4.1220110284e+00
4.5378151261e-01 1.6638655462e+00 4.0256505786e+00
4.5378151261e-01 1.6974789916e+00 3.9341031976e+00
4.5378151261e-01 1.7310924370e+00 3.8469844714e+00
4.5378151261e-01 1.7647058824e+00 3.7639530814e+00
4.5378151261e-01 1.7983193277e+00 3.6847045606e+00
4.5378151261e-01 1.8319327731e+00 3.6089661512e+00
4.5378151261e-01 1.8655462185e+00 3.5364925392e+00
4.5378151261e-01 1.8991596639e+00 3.4670622894e+00
4.5378151261e-01 1.9327731092e+00 3.4004748460e+00
4.5378151261e-01 1.9663865546e+00 3.3365479943e+00
4.5378151261e-01 2.0000000000e+00 3.2751156993e+00

4.8739495798e-01 -2.0000000000e+00 3.2610345316e+00
4.8739495798e-01 -1.9663865546e+00 3.3216553738e+00
4.8739495798e-01 -1.9327731092e+00 3.3847047595e+00
4.8739495798e-01 -1.8991596639e+00 3.4503415659e+00
4.8739495798e-01 -1.8655462185e+00 3.5187398506e+00
4.8739495798e-01 -1.8319327731e+00 3.5900908382e+00
4.8739495798e-01 -1.7983193277e+00 3.6646052462e+00
4.8739495798e-01 -1.7647058824e+00 3.7425160230e+00
4.8739495798e-01 -1.7310924370e+00 3.8240815919e+00
4.8739495798e-01 -1.6974789916e+00 3.9095897187e+00
4.8739495798e-01 -1.6638655462e+00 3.9993621528e+00
4.8739495798e-01 -1.6302521008e+00 4.0937602414e+00
4.8739495798e-01 -1.5966386555e+00 4.1931917735e+00
4.8739495798e-01 -1.5630252101e+00 4.2981193984e+00
4.8739495798e-01 -1.5294117647e+00 4.4090710803e+00
4.8739495798e-01 -1.4957983193e+00 4.5266532192e+00
4.8739495798e-01 -1.4621848739e+00 4.6515673116e+00
4.8739495798e-01 -1.4285714286e+00 4.7846313769e+00
4.8739495798e-01 -1.3949579832e+00 4.9268079105e+00
4.8739495798e-01 -1.3613445378e+00 5.0792409349e+00
4.8739495798e-01 -1.3277310924e+00 5.2433060001e+00
4.8739495798e-01 -1.2941176471e+00 5.4206790358e+00
4.8739495798e-01 -1.2605042017e+00 5.6134333895e+00
4.8739495798e-01 -1.2268907563e+00 5.8241802818e+00
4.8739495798e-01 -1.1932773109e+00 6.0562785397e+00
4.8739495798e-01 -1.1596638655e+00 6.3141595141e+00
4.8739495798e-01 -1.1260504202e+00 6.6038532101e+00
4.8739495798e-01 -1.0924369748e+00 6.9338877458e+00
4.8739495798e-01 -1.0588235294e+00 7.3169357368e+00
4.8739495798e-01 -1.0252100840e+00 7.7731081942e+00
4.8739495798e-01 -9.9159663866e-01 8.3373952825e+00
4.8739495798e-01 -9.5798319328e-01 9.0797474733e+00
4.8739495798e-01 -9.2436974790e-01 1.0177858041e+01
4.8739495798e-01 -8.9075630252e-01 1.2427889190e+01
4.8739495798e-01 -8.5714285714e-01 1.2775399074e+01
4.8739495798e-01 -8.2352941176e-01 1.0636136375e+01
4.8739495798e-01 -7.8991596639e-01 9.7039871194e+00
4.8739495798e-01 -7.5630252101e-01 9.1178584927e+00
4.8739495798e-01 -7.2268907563e-01 8.6980611858e+00
4.8739495798e-01 -6.8907563025e-01 8.3761019139e+00
4.8739495798e-01 -6.5546218487e-01 8.1185645754e+00
4.8739495798e-01 -6.2184873950e-01 7.9066672542e+00
4.8739495798e-01 -5.8823529412e-01 7.7288243856e+00
4.8739495798e-01 -5.5462184874e-01 7.5774017551e+00
4.8739495798e-01 -5.2100840336e-01 7.4471149472e+00
4.8739495798e-01 -4.8739495798e-01 7.3341644640e+00
4.8739495798e-01 -4.5378151261e-01 7.2357353696e+00
4.8739495798e-01 -4.2016806723e-01 7.1496916174e+00
4.8739495798e-01 -3.8655462185e-01 7.0743808866e+00
4.8739495798e-01 -3.5294117647e-01 7.0085053601e+00
4.8739495798e-01 -3.1932773109e-01 6.9510335337e+00
4.8739495798e-01 -2.8571428571e-01 6.9011384858e+00
4.8739495798e-01 -2.5210084034e-01 6.8581537520e+00
4.8739495798e-01 -2.1848739496e-01 6.8215412451e+00
4.8739495798e-01 -1.8487394958e-01 6.7908676297e+00
4.8739495798e-01 -1.5126050420e-01 6.7657867775e+00
4.8739495798e-01 -1.1764705882e-01 6.7460267079e+00
4.8739495798e-01 -8.4033613445e-02 6.7313799200e+00
4.8739495798e-01 -5.0420168067e-02 6.7216963712e+00
4.8739495798e-01 -1.6806722689e-02 6.7168785906e+00
4.8739495798e-01 1.6806722689e-02 6.7168785906e+00
4.8739495798e-01 5.0420168067e-02 6.7216963712e+00
4.8739495798e-01 8.4033613445e-02 6.7313799200e+00
4.8739495798e-01 1.1764705882e-01 6.7460267079e+00
4.8739495798e-01 1.5126050420e-01 6.7657867775e+00
4.8739495798e-01 1.8487394958e-01 6.7908676297e+00
4.8739495798e-01 2.1848739496e-01 6.8215412451e+00
4.8739495798e-01 2.5210084034e-01 6.8581537520e+00
4.8739495798e-01 2.8571428571e-01 6.9011384858e+00
4.8739495798e-01 3.1932773109e-01 6.9510335337e+00
4.8739495798e-01 3.5294117647e-01 7.0085053601e+00
4.8739495798e-01 3.8655462185e-01 7.0743808866e+00
4.8739495798e-01 4.2016806723e-01 7.1496916174e+00
4.8739495798e-01 4.5378151261e-01 7.2357353696e+00
4.8739495798e-01 4.8739495798e-01 7.3341644640e+00
4.8739495798e-01 5.2100840336e-01 7.4471149472e+00
4.8739495798e-01 5.5462184874e-01 7.5774017551e+00
4.8739495798e-01 5.8823529412e-01 7.7288243856e+00
4.8739495798e-01 6.2184873950e-01 7.9066672542e+00
4.8739495798e-01 6.5546218487e-01 8.1185645754e+00
4.8739495798e-01 6.8907563025e-01 8.3761019139e+00
4.8739495798e-01 7.2268907563e-01 8.6980611858e+00
4.8739495798e-01 7.5630252101e-01 9.1178584927e+00
4.8739495798e-01 7.8991596639e-01 9.7039871194e+00
4.8739495798e-01 8.2352941176e-01 1.0636136375e+01
4.8739495798e-01 8.5714285714e-01 1.2775399074e+01
4.8739495798e-01 8.9075630252e-01 1.2427889190e+01
4.8739495798e-01 9.2436974790e-01 1.0177858041e+01
4.8739495798e-01 9.5798319328e-01 9.0797474733e+00
4.8739495798e-01 9.9159663866e-01 8.3373952825e+00
4.8739495798e-01 1.0252100840e+00 7.7731081942e+00
4.8739495798e-01 1.0588235294e+00 7.3169357368e+00
4.8739495798e-01 1.0924369748e+00 6.9338877458e+00
4.8739495798e-01 1.1260504202e+00 6.6038532101e+00
4.8739495798e-01 1.1596638655e+00 6.3141595141e+00
4.8739495798e-01 1.1932773109e+00 6.0562785397e+00
4.8739495798e-01 1.2268907563e+00 5.8241802818e+00
4.8739495798e-01 1.2605042017e+00 5.6134333895e+00
4.8739495798e-01 1.2941176471e+00 5.4206790358e+00
4.8739495798e-01 1.3277310924e+00 5.2433060001e+00
4.8739495798e-01 1.3613445378e+00 5.0792409349e+00
4.8739495798e-01 1.3949579832e+00 4.9268079105e+00
4.8739495798e-01 1.4285714286e+00 4.7846313769e+00
4.8739495798e-01 1.4621848739e+00 4.6515673116e+00
4.8739495798e-01 1.4957983193e+00 4.5266532192e+00
4.8739495798e-01 1.5294117647e+00 4.4090710803e+00
4.8739495798e-01 1.5630252101e+00 4.2981193984e+00
4.8739495798e-01 1.5966386555e+00 4.1931917735e+00
4.8739495798e-01 1.6302521008e+00 4.0937602414e+00
4.8739495798e-01 1.6638655462e+00 3.9993621528e+00
4.8739495798e-01 1.6974789916e+00 3.9095897187e+00
4.8739495798e-01 1.7310924370e+00 3.8240815919e+00
4.8739495798e-01 1.7647058824e+00 3.7425160230e+00
4.8739495798e-01 1.7983193277e+00 3.6646052462e+00
4.8739495798e-01 1.8319327731e+00 3.5900908382e+00
4.8739495798e-01 1.8655462185e+00 3.5187398506e+00
4.8739495798e-01 1.8991596639e+00 3.4503415659e+00
4.8739495798e-01 1.9327731092e+00 3.3847047595e+00
4.8739495798e-01 1.9663865546e+00 3.3216553738e+00
4.8739495798e-01 2.0000000000e+00 3.2610345316e+00

5.2100840336e-01 -2.0000000000e+00 3.2461490711e+00
5.2100840336e-01 -1.9663865546e+00 3.3059203140e+00
5.2100840336e-01 -1.9327731092e+00 3.3680518295e+00
5.2100840336e-01 -1.8991596639e+00 3.4326952012e+00
5.2100840336e-01 -1.8655462185e+00 3.5000161925e+00
5.2100840336e-01 -1.8319327731e+00 3.5701965613e+00
5.2100840336e-01 -1.7983193277e+00 3.6434361768e+00
5.2100840336e-01 -1.7647058824e+00 3.7199555037e+00
5.2100840336e-01 -1.7310924370e+00 3.7999985346e+00
5.2100840336e-01 -1.6974789916e+00 3.8838362705e+00
5.2100840336e-01 -1.6638655462e+00 3.9717708823e+00
5.2100840336e-01 -1.6302521008e+00 4.0641407194e+00
5.2100840336e-01 -1.5966386555e+00 4.1613263868e+00
5.2100840336e-01 -1.5630252101e+00 4.2637581797e+00
5.2100840336e-01 -1.5294117647e+00 4.3719252628e+00
5.2100840336e-01 -1.4957983193e+00 4.4863871190e+00
5.2100840336e-01 -1.4621848739e+00 4.6077879836e+00
5.2100840336e-01 -1.4285714286e+00 4.7368752685e+00
5.2100840336e-01 -1.3949579832e+00 4.8745233933e+00
5.2100840336e-01 -1.3613445378e+00 5.0217650766e+00
5.2100840336e-01 -1.3277310924e+00 5.1798331153e+00
5.2100840336e-01 -1.2941176471e+00 5.3502172280e+00
5.2100840336e-01 -1.2605042017e+00 5.5347430706e+00
5.2100840336e-01 -1.2268907563e+00 5.7356848005e+00
5.2100840336e-01 -1.1932773109e+00 5.9559300583e+00
5.2100840336e-01 -1.1596638655e+00 6.1992299719e+00
5.2100840336e-01 -1.1260504202e+00 6.4705933209e+00
5.2100840336e-01 -1.0924369748e+00 6.7769385711e+00
5.2100840336e-01 -1.0588235294e+00 7.1282386092e+00
5.2100840336e-01 -1.0252100840e+00 7.5396888911e+00
5.2100840336e-01 -9.9159663866e-01 8.0362483275e+00
5.2100840336e-01 -9.5798319328e-01 8.6635875946e+00
5.2100840336e-01 -9.2436974790e-01 9.5208235131e+00
5.2100840336e-01 -8.9075630252e-01 1.0904890270e+01
5.2100840336e-01 -8.5714285714e-01 1.5711924096e+01
5.2100840336e-01 -8.2352941176e-01 1.1619929337e+01
5.2100840336e-01 -7.8991596639e-01 1.0228106049e+01
5.2100840336e-01 -7.5630252101e-01 9.4771266219e+00
5.2100840336e-01 -7.2268907563e-01 8.9727598831e+00
5.2100840336e-01 -6.8907563025e-01 8.5995748197e+00
5.2100840336e-01 -6.5546218487e-01 8.3078349333e+00
5.2100840336e-01 -6.2184873950e-01 8.0715908682e+00
5.2100840336e-01 -5.8823529412e-01 7.8756173796e+00
5.2100840336e-01 -5.5462184874e-01 7.7102374296e+00
5.2100840336e-01 -5.2100840336e-01 7.5689326281e+00
5.2100840336e-01 -4.8739495798e-01 7.4471149472e+00
5.2100840336e-01 -4.5378151261e-01 7.3414426930e+00
5.2100840336e-01 -4.2016806723e-01 7.2494151192e+00
5.2100840336e-01 -3.8655462185e-01 7.1691199281e+00
5.2100840336e-01 -3.5294117647e-01 7.0990694894e+00
5.2100840336e-01 -3.1932773109e-01 7.0380909817e+00
5.2100840336e-01 -2.8571428571e-01 6.9852506194e+00
5.2100840336e-01 -2.5210084034e-01 6.9398001693e+00
5.2100840336e-01 -2.1848739496e-01 6.9011384858e+00
5.2100840336e-01 -1.8487394958e-01 6.8687834454e+00
5.2100840336e-01 -1.5126050420e-01 6.8423512713e+00
5.2100840336e-01 -1.1764705882e-01 6.8215412451e+00
5.2100840336e-01 -8.4033613445e-02 6.8061244543e+00
5.2100840336e-01 -5.0420168067e-02 6.7959356550e+00
5.2100840336e-01 -1.6806722689e-02 6.7908676297e+00
5.2100840336e-01 1.6806722689e-02 6.7908676297e+00
5.2100840336e-01 5.0420168067e-02 6.7959356550e+00
5.2100840336e-01 8.4033613445e-02 6.8061244543e+00
5.2100840336e-01 1.1764705882e-01 6.8215412451e+00
5.2100840336e-01 1.5126050420e-01 6.8423512713e+00
5.2100840336e-01 1.8487394958e-01 6.8687834454e+00
5.2100840336e-01 2.1848739496e-01 6.9011384858e+00
5.2100840336e-01 2.5210084034e-01 6.9398001693e+00
5.2100840336e-01 2.8571428571e-01 6.9852506194e+00
5.2100840336e-01 3.1932773109e-01 7.0380909817e+00
5.2100840336e-01 3.5294117647e-01 7.0990694894e+00
5.2100840336e-01 3.8655462185e-01 7.1691199281e+00
5.2100840336e-01 4.2016806723e-01 7.2494151192e+00
5.2100840336e-01 4.5378151261e-01 7.3414426930e+00
5.2100840336e-01 4.8739495798e-01 7.4471149472e+00
5.2100840336e-01 5.2100840336e-01 7.5689326281e+00
5.2100840336e-01 5.5462184874e-01 7.7102374296e+00
5.2100840336e-01 5.8823529412e-01 7.8756173796e+00
5.2100840336e-01 6.2184873950e-01 8.0715908682e+00
5.2100840336e-01 6.5546218487e-01 8.3078349333e+00
5.2100840336e-01 6.8907563025e-01 8.5995748197e+00
5.2100840336e-01 7.2268907563e-01 8.9727598831e+00
5.2100840336e-01 7.5630252101e-01 9.4771266219e+00
5.2100840336e-01 7.8991596639e-01 1.0228106049e+01
5.2100840336e-01 8.2352941176e-01 1.1619929337e+01
5.2100840336e-01 8.5714285714e-01 1.5711924096e+01
5.2100840336e-01 8.9075630252e-01 1.0904890270e+01
5.2100840336e-01 9.2436974790e-01 9.5208235131e+00
5.2100840336e-01 9.5798319328e-01 8.6635875946e+00
5.2100840336e-01 9.9159663866e-01 8.0362483275e+00
5.2100840336e-01 1.0252100840e+00 7.5396888911e+00
5.2100840336e-01 1.0588235294e+00 7.1282386092e+00
5.2100840336e-01 1.0924369748e+00 6.7769385711e+00
5.2100840336e-01 1.1260504202e+00 6.4705933209e+00
5.2100840336e-01 1.1596638655e+00 6.1992299719e+00
5.2100840336e-01 1.1932773109e+00 5.9559300583e+00
5.2100840336e-01 1.2268907563e+00 5.7356848005e+00
5.2100840336e-01 1.2605042017e+00 5.5347430706e+00
5.2100840336e-01 1.2941176471e+00 5.3502172280e+00
5.2100840336e-01 1.3277310924e+00 5.1798331153e+00
5.2100840336e-01 1.3613445378e+00 5.0217650766e+00
5.2100840336e-01 1.3949579832e+00 4.8745233933e+00
5.2100840336e-01 1.4285714286e+00 4.7368752685e+00
5.2100840336e-01 1.4621848739e+00 4.6077879836e+00
5.2100840336e-01 1.4957983193e+00 4.4863871190e+00
5.2100840336e-01 1.5294117647e+00 4.3719252628e+00
5.2100840336e-01 1.5630252101e+00 4.2637581797e+00
5.2100840336e-01 1.5966386555e+00 4.1613263868e+00
5.2100840336e-01 1.6302521008e+00 4.0641407194e+00
5.2100840336e-01 1.6638655462e+00 3.9717708823e+00
5.2100840336e-01 1.6974789916e+00 3.8838362705e+00
5.2100840336e-01 1.7310924370e+00 3.7999985346e+00
5.2100840336e-01 1.7647058824e+00 3.7199555037e+00
5.2100840336e-01 1.7983193277e+00 3.6434361768e+00
5.2100840336e-01 1.8319327731e+00 3.5701965613e+00
5.2100840336e-01 1.8655462185e+00 3.5000161925e+00
5.2100840336e-01 1.8991596639e+00 3.4326952012e+00
5.2100840336e-01 1.9327731092e+00 3.3680518295e+00
5.2100840336e-01 1.9663865546e+00 3.3059203140e+00
5.2100840336e-01 2.0000000000e+00 3.2461490711e+00

5.5462184874e-01 -2.0000000000e+00 3.2304957237e+00
5.5462184874e-01 -1.9663865546e+00 3.2893825758e+00
5.5462184874e-01 -1.9327731092e+00 3.3505595546e+00
5.5462184874e-01 -1.8991596639e+00 3.4141708674e+00
5.5462184874e-01 -1.8655462185e+00 3.4803739074e+00
5.5462184874e-01 -1.8319327731e+00 3.5493409013e+00
5.5462184874e-01 -1.7983193277e+00 3.6212608234e+00
5.5462184874e-01 -1.7647058824e+00 3.6963416351e+00
5.5462184874e-01 -1.7310924370e+00 3.7748129162e+00
5.5462184874e-01 -1.6974789916e+00 3.8569289772e+00
5.5462184874e-01 -1.6638655462e+00 3.9429725618e+00
5.5462184874e-01 -1.6302521008e+00 4.0332592832e+00
5.5462184874e-01 -1.5966386555e+00 4.1281429782e+00
5.5462184874e-01 -1.5630252101e+00 4.2280222216e+00
5.5462184874e-01 -1.5294117647e+00 4.3333483203e+00
5.5462184874e-01 -1.4957983193e+00 4.4446352181e+00
5.5462184874e-01 -1.4621848739e+00 4.5624718954e+00
5.5462184874e-01 -1.4285714286e+00 4.6875380701e+00
5.5462184874e-01 -1.3949579832e+00 4.8206243322e+00
5.5462184874e-01 -1.3613445378e+00 4.9626583248e+00
5.5462184874e-01 -1.3277310924e+00 5.1147393251e+00
5.5462184874e-01 -1.2941176471e+00 5.2781847234e+00
5.5462184874e-01 -1.2605042017e+00 5.4545937415e+00
5.5462184874e-01 -1.2268907563e+00 5.6459367727e+00
5.5462184874e-01 -1.1932773109e+00 5.8546839285e+00
5.5462184874e-01 -1.1596638655e+00 6.0839956470e+00
5.5462184874e-01 -1.1260504202e+00 6.3380155208e+00
5.5462184874e-01 -1.0924369748e+00 6.6223396538e+00
5.5462184874e-01 -1.0588235294e+00 6.9448089250e+00
5.5462184874e-01 -1.0252100840e+00 7.3169357368e+00
5.5462184874e-01 -9.9159663866e-01 7.7566973248e+00
5.5462184874e-01 -9.5798319328e-01 8.2946570299e+00
5.5462184874e-01 -9.2436974790e-01 8.9897390739e+00
5.5462184874e-01 -8.9075630252e-01 9.9819235452e+00
5.5462184874e-01 -8.5714285714e-01 1.1789675277e+01
5.5462184874e-01 -8.2352941176e-01 1.4091010329e+01
5.5462184874e-01 -7.8991596639e-01 1.1031643246e+01
5.5462184874e-01 -7.5630252101e-01 9.9643105987e+00
5.5462184874e-01 -7.2268907563e-01 9.3243923856e+00
5.5462184874e-01 -6.8907563025e-01 8.8761714348e+00
5.5462184874e-01 -6.5546218487e-01 8.5369912615e+00
5.5462184874e-01 -6.2184873950e-01 8.2681921686e+00
5.5462184874e-01 -5.8823529412e-01 8.0486040316e+00
5.5462184874e-01 -5.5462184874e-01 7.8653997057e+00
5.5462184874e-01 -5.2100840336e-01 7.7102374296e+00
5.5462184874e-01 -4.8739495798e-01 7.5774017551e+00
5.5462184874e-01 -4.5378151261e-01 7.4628173058e+00
5.5462184874e-01 -4.2016806723e-01 7.3634860690e+00
5.5462184874e-01 -3.8655462185e-01 7.2771474531e+00
5.5462184874e-01 -3.5294117647e-01 7.2020632511e+00
5.5462184874e-01 -3.1932773109e-01 7.1368763920e+00
5.5462184874e-01 -2.8571428571e-01 7.0805152264e+00
5.5462184874e-01 -2.5210084034e-01 7.0321269775e+00
5.5462184874e-01 -2.1848739496e-01 6.9910304923e+00
5.5462184874e-01 -1.8487394958e-01 6.9566821458e+00
5.5462184874e-01 -1.5126050420e-01 6.9286509586e+00
5.5462184874e-01 -1.1764705882e-01 6.9066003429e+00
5.5462184874e-01 -8.4033613445e-02 6.8902747553e+00
5.5462184874e-01 -5.0420168067e-02 6.8794900977e+00
5.5462184874e-01 -1.6806722689e-02 6.8741270868e+00
5.5462184874e-01 1.6806722689e-02 6.8741270868e+00
5.5462184874e-01 5.0420168067e-02 6.8794900977e+00
5.5462184874e-01 8.4033613445e-02 6.8902747553e+00
5.5462184874e-01 1.1764705882e-01 6.9066003429e+00
5.5462184874e-01 1.5126050420e-01 6.9286509586e+00
5.5462184874e-01 1.8487394958e-01 6.9566821458e+00
5.5462184874e-01 2.1848739496e-01 6.9910304923e+00
5.5462184874e-01 2.5210084034e-01 7.0321269775e+00
5.5462184874e-01 2.8571428571e-01 7.0805152264e+00
5.5462184874e-01 3.1932773109e-01 7.1368763920e+00
5.5462184874e-01 3.5294117647e-01 7.2020632511e+00
5.5462184874e-01 3.8655462185e-01 7.2771474531e+00
5.5462184874e-01 4.2016806723e-01 7.3634860690e+00
5.5462184874e-01 4.5378151261e-01 7.4628173058e+00
5.5462184874e-01 4.8739495798e-01 7.5774017551e+00
5.5462184874e-01 5.2100840336e-01 7.7102374296e+00
5.5462184874e-01 5.5462184874e-01 7.8653997057e+00
5.5462184874e-01 5.8823529412e-01 8.0486040316e+00
5.5462184874e-01 6.2184873950e-01 8.2681921686e+00
5.5462184874e-01 6.5546218487e-01 8.5369912615e+00
5.5462184874e-01 6.8907563025e-01 8.8761714348e+00
5.5462184874e-01 7.2268907563e-01 9.3243923856e+00
5.5462184874e-01 7.5630252101e-01 9.9643105987e+00
5.5462184874e-01 7.8991596639e-01 1.1031643246e+01
5.5462184874e-01 8.2352941176e-01 1.4091010329e+01
5.5462184874e-01 8.5714285714e-01 1.1789675277e+01
5.5462184874e-01 8.9075630252e-01 9.9819235452e+00
5.5462184874e-01 9.2436974790e-01 8.9897390739e+00
5.5462184874e-01 9.5798319328e-01 8.2946570299e+00
5.5462184874e-01 9.9159663866e-01 7.7566973248e+00
5.5462184874e-01 1.0252100840e+00 7.3169357368e+00
5.5462184874e-01 1.0588235294e+00 6.9448089250e+00
5.5462184874e-01 1.0924369748e+00 6.6223396538e+00
5.5462184874e-01 1.1260504202e+00 6.3380155208e+00
5.5462184874e-01 1.1596638655e+00 6.0839956470e+00
5.5462184874e-01 1.1932773109e+00 5.8546839285e+00
5.5462184874e-01 1.2268907563e+00 5.6459367727e+00
5.5462184874e-01 1.2605042017e+00 5.4545937415e+00
5.5462184874e-01 1.2941176471e+00 5.2781847234e+00
5.5462184874e-01 1.3277310924e+00 5.1147393251e+00
5.5462184874e-01 1.3613445378e+00 4.9626583248e+00
5.5462184874e-01 1.3949579832e+00 4.8206243322e+00
5.5462184874e-01 1.4285714286e+00 4.6875380701e+00
5.5462184874e-01 1.4621848739e+00 4.5624718954e+00
5.5462184874e-01 1.4957983193e+00 4.4446352181e+00
5.5462184874e-01 1.5294117647e+00 4.3333483203e+00
5.5462184874e-01 1.5630252101e+00 4.2280222216e+00
5.5462184874e-01 1.5966386555e+00 4.1281429782e+00
5.5462184874e-01 1.6302521008e+00 4.0332592832e+00
5.5462184874e-01 1.6638655462e+00 3.9429725618e+00
5.5462184874e-01 1.6974789916e+00 3.8569289772e+00
5.5462184874e-01 1.7310924370e+00 3.7748129162e+00
5.5462184874e-01 1.7647058824e+00 3.6963416351e+00
5.5462184874e-01 1.7983193277e+00 3.6212608234e+00
5.5462184874e-01 1.8319327731e+00 3.5493409013e+00
5.5462184874e-01 1.8655462185e+00 3.4803739074e+00
5.5462184874e-01 1.8991596639e+00 3.4141708674e+00
5.5462184874e-01 1.9327731092e+00 3.3505595546e+00
5.5462184874e-01 1.9663865546e+00 3.2893825758e+00
5.5462184874e-01 2.0000000000e+00 3.2304957237e+00

5.8823529412e-01 -2.0000000000e+00 3.2141117724e+00
5.8823529412e-01 -1.9663865546e+00 3.2720828117e+00
5.8823529412e-01 -1.9327731092e+00 3.3322723321e+00
5.8823529412e-01 -1.8991596639e+00 3.3948171313e+00
5.8823529412e-01 -1.8655462185e+00 3.4598662145e+00
5.8823529412e-01 -1.8319327731e+00 3.5275822792e+00
5.8823529412e-01 -1.7983193277e+00 3.5981434364e+00
5.8823529412e-01 -1.7647058824e+00 3.6717452141e+00
5.8823529412e-01 -1.7310924370e+00 3.7486029039e+00
5.8823529412e-01 -1.6974789916e+00 3.8289543227e+00
5.8823529412e-01 -1.6638655462e+00 3.9130630836e+00
5.8823529412e-01 -1.6302521008e+00 4.0012224949e+00
5.8823529412e-01 -1.5966386555e+00 4.0937602414e+00
5.8823529412e-01 -1.5630252101e+00 4.1910440458e+00
5.8823529412e-01 -1.5294117647e+00 4.2934885741e+00
5.8823529412e-01 -1.4957983193e+00 4.4015639326e+00
5.8823529412e-01 -1.4621848739e+00 4.5158062266e+00
5.8823529412e-01 -1.4285714286e+00 4.6368308237e+00
5.8823529412e-01 -1.3949579832e+00 4.7653492095e+00
5.8823529412e-01 -1.3613445378e+00 4.9021906917e+00
5.8823529412e-01 -1.3277310924e+00 5.0483307547e+00
5.8823529412e-01 -1.2941176471e+00 5.2049287039e+00
5.8823529412e-01 -1.2605042017e+00 5.3733785617e+00
5.8823529412e-01 -1.2268907563e+00 5.5553793075e+00
5.8823529412e-01 -1.1932773109e+00 5.7530341167e+00
5.8823529412e-01 -1.1596638655e+00 5.9689944199e+00
5.8823529412e-01 -1.1260504202e+00 6.2066757324e+00
5.8823529412e-01 -1.0924369748e+00 6.4705933209e+00
5.8823529412e-01 -1.0588235294e+00 6.7669082511e+00
5.8823529412e-01 -1.0252100840e+00 7.1043661094e+00
5.8823529412e-01 -9.9159663866e-01 7.4960272246e+00
5.8823529412e-01 -9.5798319328e-01 7.9627596331e+00
5.8823529412e-01 -9.2436974790e-01 8.5412281540e+00
5.8823529412e-01 -8.9075630252e-01 9.3058646073e+00
5.8823529412e-01 -8.5714285714e-01 1.0451238706e+01
5.8823529412e-01 -8.2352941176e-01 1.2932471154e+01
5.8823529412e-01 -7.8991596639e-01 1.2622720034e+01
5.8823529412e-01 -7.5630252101e-01 1.0687680623e+01
5.8823529412e-01 -7.2268907563e-01 9.7971932247e+00
5.8823529412e-01 -6.8907563025e-01 9.2295441392e+00
5.8823529412e-01 -6.5546218487e-01 8.8207446419e+00
5.8823529412e-01 -6.2184873950e-01 8.5065572892e+00
5.8823529412e-01 -5.8823529412e-01 8.2551875388e+00
5.8823529412e-01 -5.5462184874e-01 8.0486040316e+00
5.8823529412e-01 -5.2100840336e-01 7.8756173796e+00
5.8823529412e-01 -4.8739495798e-01 7.7288243856e+00
5.8823529412e-01 -4.5378151261e-01 7.6030870439e+00
5.8823529412e-01 -4.2016806723e-01 7.4947059442e+00
5.8823529412e-01 -3.8655462185e-01 7.4009397414e+00
5.8823529412e-01 -3.5294117647e-01 7.3197105106e+00
5.8823529412e-01 -3.1932773109e-01 7.2494151192e+00
5.8823529412e-01 -2.8571428571e-01 7.1888001299e+00
5.8823529412e-01 -2.5210084034e-01 7.1368763920e+00
5.8823529412e-01 -2.1848739496e-01 7.0928593342e+00
5.8823529412e-01 -1.8487394958e-01 7.0561264449e+00
5.8823529412e-01 -1.5126050420e-01 7.0261865865e+00
5.8823529412e-01 -1.1764705882e-01 7.0026576984e+00
5.8823529412e-01 -8.4033613445e-02 6.9852506194e+00
5.8823529412e-01 -5.0420168067e-02 6.9737575263e+00
5.8823529412e-01 -1.6806722689e-02 6.9680439881e+00
5.8823529412e-01 1.6806722689e-02 6.9680439881e+00
5.8823529412e-01 5.0420168067e-02 6.9737575263e+00
5.8823529412e-01 8.4033613445e-02 6.9852506194e+00
5.8823529412e-01 1.1764705882e-01 7.0026576984e+00
5.8823529412e-01 1.5126050420e-01 7.0261865865e+00
5.8823529412e-01 1.8487394958e-01 7.0561264449e+00
5.8823529412e-01 2.1848739496e-01 7.0928593342e+00
5.8823529412e-01 2.5210084034e-01 7.1368763920e+00
5.8823529412e-01 2.8571428571e-01 7.1888001299e+00
5.8823529412e-01 3.1932773109e-01 7.2494151192e+00
5.8823529412e-01 3.5294117647e-01 7.3197105106e+00
5.8823529412e-01 3.8655462185e-01 7.4009397414e+00
5.8823529412e-01 4.2016806723e-01 7.4947059442e+00
5.8823529412e-01 4.5378151261e-01 7.6030870439e+00
5.8823529412e-01 4.8739495798e-01 7.7288243856e+00
5.8823529412e-01 5.2100840336e-01 7.8756173796e+00
5.8823529412e-01 5.5462184874e-01 8.0486040316e+00
5.8823529412e-01 5.8823529412e-01 8.2551875388e+00
5.8823529412e-01 6.2184873950e-01 8.5065572892e+00
5.8823529412e-01 6.5546218487e-01 8.8207446419e+00
5.8823529412e-01 6.8907563025e-01 9.2295441392e+00
5.8823529412e-01 7.2268907563e-01 9.7971932247e+00
5.8823529412e-01 7.5630252101e-01 1.0687680623e+01
5.8823529412e-01 7.8991596639e-01 1.2622720034e+01
5.8823529412e-01 8.2352941176e-01 1.2932471154e+01
5.8823529412e-01 8.5714285714e-01 1.0451238706e+01
5.8823529412e-01 8.9075630252e-01 9.3058646073e+00
5.8823529412e-01 9.2436974790e-01 8.5412281540e+00
5.8823529412e-01 9.5798319328e-01 7.9627596331e+00
5.8823529412e-01 9.9159663866e-01 7.4960272246e+00
5.8823529412e-01 1.0252100840e+00 7.1043661094e+00
5.8823529412e-01 1.0588235294e+00 6.7669082511e+00
5.8823529412e-01 1.0924369748e+00 6.4705933209e+00
5.8823529412e-01 1.1260504202e+00 6.2066757324e+00
5.8823529412e-01 1.1596638655e+00 5.9689944199e+00
5.8823529412e-01 1.1932773109e+00 5.7530341167e+00
5.8823529412e-01 1.2268907563e+00 5.5553793075e+00
5.8823529412e-01 1.2605042017e+00 5.3733785617e+00
5.8823529412e-01 1.2941176471e+00 5.2049287039e+00
5.8823529412e-01 1.3277310924e+00 5.0483307547e+00
5.8823529412e-01 1.3613445378e+00 4.9021906917e+00
5.8823529412e-01 1.3949579832e+00 4.7653492095e+00
5.8823529412e-01 1.4285714286e+00 4.6368308237e+00
5.8823529412e-01 1.4621848739e+00 4.5158062266e+00
5.8823529412e-01 1.4957983193e+00 4.4015639326e+00
5.8823529412e-01 1.5294117647e+00 4.2934885741e+00
5.8823529412e-01 1.5630252101e+00 4.1910440458e+00
5.8823529412e-01 1.5966386555e+00 4.0937602414e+00
5.8823529412e-01 1.6302521008e+00 4.0012224949e+00
5.8823529412e-01 1.6638655462e+00 3.9130630836e+00
5.8823529412e-01 1.6974789916e+00 3.8289543227e+00
5.8823529412e-01 1.7310924370e+00 3.7486029039e+00
5.8823529412e-01 1.7647058824e+00 3.6717452141e+00
5.8823529412e-01 1.7983193277e+00 3.5981434364e+00
5.8823529412e-01 1.8319327731e+00 3.5275822792e+00
5.8823529412e-01 1.8655462185e+00 3.4598662145e+00
5.8823529412e-01 1.8991596639e+00 3.3948171313e+00
5.8823529412e-01 1.9327731092e+00 3.3322723321e+00
5.8823529412e-01 1.9663865546e+00 3.2720828117e+00
5.8823529412e-01 2.0000000000e+00 3.2141117724e+00

6.2184873950e-01 -2.0000000000e+00 3.1970351609e+00
6.2184873950e-01 -1.9663865546e+00 3.2540623246e+00
6.2184873950e-01 -1.9327731092e+00 3.3132351874e+00
6.2184873950e-01 -1.8991596639e+00 3.3746831516e+00
6.2184873950e-01 -1.8655462185e+00 3.4385468695e+00
6.2184873950e-01 -1.8319327731e+00 3.5049795739e+00
6.2184873950e-01 -1.7983193277e+00 3.5741486144e+00
6.2184873950e-01 -1.7647058824e+00 3.6462372385e+00
6.2184873950e-01 -1.7310924370e+00 3.7214466685e+00
6.2184873950e-01 -1.6974789916e+00 3.7999985346e+00
6.2184873950e-01 -1.6638655462e+00 3.8821377426e+00
6.2184873950e-01 -1.6302521008e+00 3.9681358748e+00
6.2184873950e-01 -1.5966386555e+00 4.0582952496e+00
6.2184873950e-01 -1.5630252101e+00 4.1529538022e+00
6.2184873950e-01 -1.5294117647e+00 4.2524909989e+00
6.2184873950e-01 -1.4957983193e+00 4.3573350641e+00
6.2184873950e-01 -1.4621848739e+00 4.4679718930e+00
6.2184873950e-01 -1.4285714286e+00 4.5849561533e+00
6.2184873950e-01 -1.3949579832e+00 4.7089252685e+00
6.2184873950e-01 -1.3613445378e+00 4.8406172424e+00
6.2184873950e-01 -1.3277310924e+00 4.9808936894e+00
6.2184873950e-01 -1.2941176471e+00 5.1307700351e+00
6.2184873950e-01 -1.2605042017e+00 5.2914557856e+00
6.2184873950e-01 -1.2268907563e+00 5.4644092364e+00
6.2184873950e-01 -1.1932773109e+00 5.6514133944e+00
6.2184873950e-01 -1.1596638655e+00 5.8546839285e+00
6.2184873950e-01 -1.1260504202e+00 6.0770270314e+00
6.2184873950e-01 -1.0924369748e+00 6.3220779766e+00
6.2184873950e-01 -1.0588235294e+00 6.5946759576e+00
6.2184873950e-01 -1.0252100840e+00 6.9014814873e+00
6.2184873950e-01 -9.9159663866e-01 7.2520542919e+00
6.2184873950e-01 -9.5798319328e-01 7.6608797140e+00
6.2184873950e-01 -9.2436974790e-01 8.1515691046e+00
6.2184873950e-01 -8.9075630252e-01 8.7668342315e+00
6.2184873950e-01 -8.5714285714e-01 9.5975786413e+00
6.2184873950e-01 -8.2352941176e-01 1.0904890270e+01
6.2184873950e-01 -7.8991596639e-01 1.4598940269e+01
6.2184873950e-01 -7.5630252101e-01 1.2002016721e+01
6.2184873950e-01 -7.2268907563e-01 1.0489701337e+01
6.2184873950e-01 -6.8907563025e-01 9.7039871194e+00
6.2184873950e-01 -6.5546218487e-01 9.1839992488e+00
6.2184873950e-01 -6.2184873950e-01 8.8026641917e+00
6.2184873950e-01 -5.8823529412e-01 8.5065572892e+00
6.2184873950e-01 -5.5462184874e-01 8.2681921686e+00
6.2184873950e-01 -5.2100840336e-01 8.0715908682e+00
6.2184873950e-01 -4.8739495798e-01 7.9066672542e+00
6.2184873950e-01 -4.5378151261e-01 7.7666648895e+00
6.2184873950e-01 -4.2016806723e-01 7.6468514709e+00
6.2184873950e-01 -3.8655462185e-01 7.5437966342e+00
6.2184873950e-01 -3.5294117647e-01 7.4549462830e+00
6.2184873950e-01 -3.1932773109e-01 7.3783587089e+00
6.2184873950e-01 -2.8571428571e-01 7.3125341868e+00
6.2184873950e-01 -2.5210084034e-01 7.2563012039e+00
6.2184873950e-01 -2.1848739496e-01 7.2087384119e+00
6.2184873950e-01 -1.8487394958e-01 7.1691199281e+00
6.2184873950e-01 -1.5126050420e-01 7.1368763920e+00
6.2184873950e-01 -1.1764705882e-01 7.1115669874e+00
6.2184873950e-01 -8.4033613445e-02 7.0928593342e+00
6.2184873950e-01 -5.0420168067e-02 7.0805152264e+00
6.2184873950e-01 -1.6806722689e-02 7.0743808866e+00
6.2184873950e-01 1.6806722689e-02 7.0743808866e+00
6.2184873950e-01 5.0420168067e-02 7.0805152264e+00
6.2184873950e-01 8.4033613445e-02 7.0928593342e+00
6.2184873950e-01 1.1764705882e-01 7.1115669874e+00
6.2184873950e-01 1.5126050420e-01 7.1368763920e+00
6.2184873950e-01 1.8487394958e-01 7.1691199281e+00
6.2184873950e-01 2.1848739496e-01 7.2087384119e+00
6.2184873950e-01 2.5210084034e-01 7.2563012039e+00
6.2184873950e-01 2.8571428571e-01 7.3125341868e+00
6.2184873950e-01 3.1932773109e-01 7.3783587089e+00
6.2184873950e-01 3.5294117647e-01 7.4549462830e+00
6.2184873950e-01 3.8655462185e-01 7.5437966342e+00
6.2184873950e-01 4.2016806723e-01 7.6468514709e+00
6.2184873950e-01 4.5378151261e-01 7.7666648895e+00
6.2184873950e-01 4.8739495798e-01 7.9066672542e+00
6.2184873950e-01 5.2100840336e-01 8.0715908682e+00
6.2184873950e-01 5.5462184874e-01 8.2681921686e+00
6.2184873950e-01 5.8823529412e-01 8.5065572892e+00
6.2184873950e-01 6.2184873950e-01 8.8026641917e+00
6.2184873950e-01 6.5546218487e-01 9.1839992488e+00
6.2184873950e-01 6.8907563025e-01 9.7039871194e+00
6.2184873950e-01 7.2268907563e-01 1.0489701337e+01
6.2184873950e-01 7.5630252101e-01 1.2002016721e+01
6.2184873950e-01 7.8991596639e-01 1.4598940269e+01
6.2184873950e-01 8.2352941176e-01 1.0904890270e+01
6.2184873950e-01 8.5714285714e-01 9.5975786413e+00
6.2184873950e-01 8.9075630252e-01 8.7668342315e+00
6.2184873950e-01 9.2436974790e-01 8.1515691046e+00
6.2184873950e-01 9.5798319328e-01 7.6608797140e+00
6.2184873950e-01 9.9159663866e-01 7.2520542919e+00
6.2184873950e-01 1.0252100840e+00 6.9014814873e+00
6.2184873950e-01 1.0588235294e+00 6.5946759576e+00
6.2184873950e-01 1.0924369748e+00 6.3220779766e+00
6.2184873950e-01 1.1260504202e+00 6.0770270314e+00
6.2184873950e-01 1.1596638655e+00 5.8546839285e+00
6.2184873950e-01 1.1932773109e+00 5.6514133944e+00
6.2184873950e-01 1.2268907563e+00 5.4644092364e+00
6.2184873950e-01 1.2605042017e+00 5.2914557856e+00
6.2184873950e-01 1.2941176471e+00 5.1307700351e+00
6.2184873950e-01 1.3277310924e+00 4.9808936894e+00
6.2184873950e-01 1.3613445378e+00 4.8406172424e+00
6.2184873950e-01 1.3949579832e+00 4.7089252685e+00
6.2184873950e-01 1.4285714286e+00 4.5849561533e+00
6.2184873950e-01 1.4621848739e+00 4.4679718930e+00
6.2184873950e-01 1.4957983193e+00 4.3573350641e+00
6.2184873950e-01 1.5294117647e+00 4.2524909989e+00
6.2184873950e-01 1.5630252101e+00 4.1529538022e+00
6.2184873950e-01 1.5966386555e+00 4.0582952496e+00
6.2184873950e-01 1.6302521008e+00 3.9681358748e+00
6.2184873950e-01 1.6638655462e+00 3.8821377426e+00
6.2184873950e-01 1.6974789916e+00 3.7999985346e+00
6.2184873950e-01 1.7310924370e+00 3.7214466685e+00
6.2184873950e-01 1.7647058824e+00 3.6462372385e+00
6.2184873950e-01 1.7983193277e+00 3.5741486144e+00
6.2184873950e-01 1.8319327731e+00 3.5049795739e+00
6.2184873950e-01 1.8655462185e+00 3.4385468695e+00
6.2184873950e-01 1.8991596639e+00 3.3746831516e+00
6.2184873950e-01 1.9327731092e+00 3.3132351874e+00
6.2184873950e-01 1.9663865546e+00 3.2540623246e+00
6.2184873950e-01 2.0000000000e+00 3.1970351609e+00

6.5546218487e-01 -2.0000000000e+00 3.1793042850e+00
6.5546218487e-01 -1.9663865546e+00 3.2353628344e+00
6.5546218487e-01 -1.9327731092e+00 3.2934935144e+00
6.5546218487e-01 -1.8991596639e+00 3.3538183887e+00
6.5546218487e-01 -1.8655462185e+00 3.4164698414e+00
6.5546218487e-01 -1.8319327731e+00 3.4815917608e+00
6.5546218487e-01 -1.7983193277e+00 3.5493409013e+00
6.5546218487e-01 -1.7647058824e+00 3.6198884558e+00
6.5546218487e-01 -1.7310924370e+00 3.6934218797e+00
6.5546218487e-01 -1.6974789916e+00 3.7701470193e+00
6.5546218487e-01 -1.6638655462e+00 3.8502906057e+00
6.5546218487e-01 -1.6302521008e+00 3.9341031976e+00
6.5546218487e-01 -1.5966386555e+00 4.0218626733e+00
6.5546218487e-01 -1.5630252101e+00 4.1138784024e+00
6.5546218487e-01 -1.5294117647e+00 4.2104962681e+00
6.5546218487e-01 -1.4957983193e+00 4.3121047592e+00
6.5546218487e-01 -1.4621848739e+00 4.4191424253e+00
6.5546218487e-01 -1.4285714286e+00 4.5321070840e+00
6.5546218487e-01 -1.3949579832e+00 4.6515673116e+00
6.5546218487e-01 -1.3613445378e+00 4.7781769428e+00
6.5546218487e-01 -1.3277310924e+00 4.9126935965e+00
6.5546218487e-01 -1.2941176471e+00 5.0560026710e+00
6.5546218487e-01 -1.2605042017e+00 5.2091488997e+00
6.5546218487e-01 -1.2268907563e+00 5.3733785617e+00
6.5546218487e-01 -1.1932773109e+00 5.5501970364e+00
6.5546218487e-01 -1.1596638655e+00 5.7414490035e+00
6.5546218487e-01 -1.1260504202e+00 5.9494330194e+00
6.5546218487e-01 -1.0924369748e+00 6.1770699866e+00
6.5546218487e-01 -1.0588235294e+00 6.4281593820e+00
6.5546218487e-01 -1.0252100840e+00 6.7077849506e+00
6.5546218487e-01 -9.9159663866e-01 7.0229891527e+00
6.5546218487e-01 -9.5798319328e-01 7.3839643320e+00
6.5546218487e-01 -9.2436974790e-01 7.8063256175e+00
6.5546218487e-01 -8.9075630252e-01 8.3159176368e+00
6.5546218487e-01 -8.5714285714e-01 8.9605632353e+00
6.5546218487e-01 -8.2352941176e-01 9.8459613577e+00
6.5546218487e-01 -7.8991596639e-01 1.1301168699e+01
6.5546218487e-01 -7.5630252101e-01 1.8657791833e+01
6.5546218487e-01 -7.2268907563e-01 1.1708427187e+01
6.5546218487e-01 -6.8907563025e-01 1.0398240582e+01
6.5546218487e-01 -6.5546218487e-01 9.6739788898e+00
6.5546218487e-01 -6.2184873950e-01 9.1839992488e+00
6.5546218487e-01 -5.8823529412e-01 8.8207446419e+00
6.5546218487e-01 -5.5462184874e-01 8.5369912615e+00
6.5546218487e-01 -5.2100840336e-01 8.3078349333e+00
6.5546218487e-01 -4.8739495798e-01 8.1185645754e+00
6.5546218487e-01 -4.5378151261e-01 7.9597897238e+00
6.5546218487e-01 -4.2016806723e-01 7.8251695460e+00
6.5546218487e-01 -3.8655462185e-01 7.7102374296e+00
6.5546218487e-01 -3.5294117647e-01 7.6117430430e+00
6.5546218487e-01 -3.1932773109e-01 7.5272609574e+00
6.5546218487e-01 -2.8571428571e-01 7.4549462830e+00
6.5546218487e-01 -2.5210084034e-01 7.3933760114e+00
6.5546218487e-01 -2.1848739496e-01 7.3414426930e+00
6.5546218487e-01 -1.8487394958e-01 7.2982813756e+00
6.5546218487e-01 -1.5126050420e-01 7.2632184436e+00
6.5546218487e-01 -1.1764705882e-01 7.2357353696e+00
6.5546218487e-01 -8.4033613445e-02 7.2154429593e+00
6.5546218487e-01 -5.0420168067e-02 7.2020632511e+00
6.5546218487e-01 -1.6806722689e-02 7.1954172363e+00
6.5546218487e-01 1.6806722689e-02 7.1954172363e+00
6.5546218487e-01 5.0420168067e-02 7.2020632511e+00
6.5546218487e-01 8.4033613445e-02 7.2154429593e+00
6.5546218487e-01 1.1764705882e-01 7.2357353696e+00
6.5546218487e-01 1.5126050420e-01 7.2632184436e+00
6.5546218487e-01 1.8487394958e-01 7.2982813756e+00
6.5546218487e-01 2.1848739496e-01 7.3414426930e+00
6.5546218487e-01 2.5210084034e-01 7.3933760114e+00
6.5546218487e-01 2.8571428571e-01 7.4549462830e+00
6.5546218487e-01 3.1932773109e-01 7.5272609574e+00
6.5546218487e-01 3.5294117647e-01 7.6117430430e+00
6.5546218487e-01 3.8655462185e-01 7.7102374296e+00
6.5546218487e-01 4.2016806723e-01 7.8251695460e+00
6.5546218487e-01 4.5378151261e-01 7.9597897238e+00
6.5546218487e-01 4.8739495798e-01 8.1185645754e+00
6.5546218487e-01 5.2100840336e-01 8.3078349333e+00
6.5546218487e-01 5.5462184874e-01 8.5369912615e+00
6.5546218487e-01 5.8823529412e-01 8.8207446419e+00
6.5546218487e-01 6.2184873950e-01 9.1839992488e+00
6.5546218487e-01 6.5546218487e-01 9.6739788898e+00
6.5546218487e-01 6.8907563025e-01 1.0398240582e+01
6.5546218487e-01 7.2268907563e-01 1.1708427187e+01
6.5546218487e-01 7.5630252101e-01 1.8657791833e+01
6.5546218487e-01 7.8991596639e-01 1.1301168699e+01
6.5546218487e-01 8.2352941176e-01 9.8459613577e+00
6.5546218487e-01 8.5714285714e-01 8.9605632353e+00
6.5546218487e-01 8.9075630252e-01 8.3159176368e+00
6.5546218487e-01 9.2436974790e-01 7.8063256175e+00
6.5546218487e-01 9.5798319328e-01 7.3839643320e+00
6.5546218487e-01 9.9159663866e-01 7.0229891527e+00
6.5546218487e-01 1.0252100840e+00 6.7077849506e+00
6.5546218487e-01 1.0588235294e+00 6.4281593820e+00
6.5546218487e-01 1.0924369748e+00 6.1770699866e+00
6.5546218487e-01 1.1260504202e+00 5.9494330194e+00
6.5546218487e-01 1.1596638655e+00 5.7414490035e+00
6.5546218487e-01 1.1932773109e+00 5.5501970364e+00
6.5546218487e-01 1.2268907563e+00 5.3733785617e+00
6.5546218487e-01 1.2605042017e+00 5.2091488997e+00
6.5546218487e-01 1.2941176471e+00 5.0560026710e+00
6.5546218487e-01 1.3277310924e+00 4.9126935965e+00
6.5546218487e-01 1.3613445378e+00 4.7781769428e+00
6.5546218487e-01 1.3949579832e+00 4.6515673116e+00
6.5546218487e-01 1.4285714286e+00 4.5321070840e+00
6.5546218487e-01 1.4621848739e+00 4.4191424253e+00
6.5546218487e-01 1.4957983193e+00 4.3121047592e+00
6.5546218487e-01 1.5294117647e+00 4.2104962681e+00
6.5546218487e-01 1.5630252101e+00 4.1138784024e+00
6.5546218487e-01 1.5966386555e+00 4.0218626733e+00
6.5546218487e-01 1.6302521008e+00 3.9341031976e+00
6.5546218487e-01 1.6638655462e+00 3.8502906057e+00
6.5546218487e-01 1.6974789916e+00 3.7701470193e+00
6.5546218487e-01 1.7310924370e+00 3.6934218797e+00
6.5546218487e-01 1.7647058824e+00 3.6198884558e+00
6.5546218487e-01 1.7983193277e+00 3.5493409013e+00
6.5546218487e-01 1.8319327731e+00 3.4815917608e+00
6.5546218487e-01 1.8655462185e+00 3.4164698414e+00
6.5546218487e-01 1.8991596639e+00 3.3538183887e+00
6.5546218487e-01 1.9327731092e+00 3.2934935144e+00
6.5546218487e-01 1.9663865546e+00 3.2353628344e+00
6.5546218487e-01 2.0000000000e+00 3.1793042850e+00

6.8907563025e-01 -2.0000000000e+00 3.1609577911e+00
6.8907563025e-01 -1.9663865546e+00 3.2160262561e+00
6.8907563025e-01 -1.9327731092e+00 3.2730928293e+00
6.8907563025e-01 -1.8991596639e+00 3.3322723321e+00
6.8907563025e-01 -1.8655462185e+00 3.3936890092e+00
6.8907563025e-01 -1.8319327731e+00 3.4574775751e+00
6.8907563025e-01 -1.7983193277e+00 3.5237844119e+00
6.8907563025e-01 -1.7647058824e+00 3.5927689477e+00
6.8907563025e-01 -1.7310924370e+00 3.6646052462e+00
6.8907563025e-01 -1.6974789916e+00 3.7394838533e+00
6.8907563025e-01 -1.6638655462e+00 3.8176139493e+00
6.8907563025e-01 -1.6302521008e+00 3.8992258733e+00
6.8907563025e-01 -1.5966386555e+00 3.9845741014e+00
6.8907563025e-01 -1.5630252101e+00 4.0739407812e+00
6.8907563025e-01 -1.5294117647e+00 4.1676399581e+00
6.8907563025e-01 -1.4957983193e+00 4.2660226634e+00
6.8907563025e-01 -1.4621848739e+00 4.3694830906e+00
6.8907563025e-01 -1.4285714286e+00 4.4784661592e+00
6.8907563025e-01 -1.3949579832e+00 4.5934768642e+00
6.8907563025e-01 -1.3613445378e+00 4.7150919537e+00
6.8907563025e-01 -1.3277310924e+00 4.8439746833e+00
6.8907563025e-01 -1.2941176471e+00 4.9808936894e+00
6.8907563025e-01 -1.2605042017e+00 5.1267474713e+00
6.8907563025e-01 -1.2268907563e+00 5.2825966399e+00
6.8907563025e-01 -1.1932773109e+00 5.4497071357e+00
6.8907563025e-01 -1.1596638655e+00 5.6296092835e+00
6.8907563025e-01 -1.1260504202e+00 5.8241802818e+00
6.8907563025e-01 -1.0924369748e+00 6.0357623746e+00
6.8907563025e-01 -1.0588235294e+00 6.2673371630e+00
6.8907563025e-01 -1.0252100840e+00 6.5227917018e+00
6.8907563025e-01 -9.9159663866e-01 6.8073416707e+00
6.8907563025e-01 -9.5798319328e-01 7.1282386092e+00
6.8907563025e-01 -9.2436974790e-01 7.4960272246e+00
6.8907563025e-01 -8.9075630252e-01 7.9269648386e+00
6.8907563025e-01 -8.5714285714e-01 8.4481966890e+00
6.8907563025e-01 -8.2352941176e-01 9.1106166845e+00
6.8907563025e-01 -7.8991596639e-01 1.0029243174e+01
6.8907563025e-01 -7.5630252101e-01 1.1580461492e+01
6.8907563025e-01 -7.2268907563e-01 1.7223920083e+01
6.8907563025e-01 -6.8907563025e-01 1.1619929337e+01
6.8907563025e-01 -6.5546218487e-01 1.0398240582e+01
6.8907563025e-01 -6.2184873950e-01 9.7039871194e+00
6.8907563025e-01 -5.8823529412e-01 9.2295441392e+00
6.8907563025e-01 -5.5462184874e-01 8.8761714348e+00
6.8907563025e-01 -5.2100840336e-01 8.5995748197e+00
6.8907563025e-01 -4.8739495798e-01 8.3761019139e+00
6.8907563025e-01 -4.5378151261e-01 8.1916676483e+00
6.8907563025e-01 -4.2016806723e-01 8.0372317305e+00
6.8907563025e-01 -3.8655462185e-01 7.9066672542e+00
6.8907563025e-01 -3.5294117647e-01 7.7956485987e+00
6.8907563025e-01 -3.1932773109e-01 7.7010251372e+00
6.8907563025e-01 -2.8571428571e-01 7.6204469787e+00
6.8907563025e-01 -2.5210084034e-01 7.5521305230e+00
6.8907563025e-01 -2.1848739496e-01 7.4947059442e+00
6.8907563025e-01 -1.8487394958e-01 7.4471149472e+00
6.8907563025e-01 -1.5126050420e-01 7.4085406425e+00
6.8907563025e-01 -1.1764705882e-01 7.3783587089e+00
6.8907563025e-01 -8.4033613445e-02 7.3561031838e+00
6.8907563025e-01 -5.0420168067e-02 7.3414426930e+00
6.8907563025e-01 -1.6806722689e-02 7.3341644640e+00
6.8907563025e-01 1.6806722689e-02 7.3341644640e+00
6.8907563025e-01 5.0420168067e-02 7.3414426930e+00
6.8907563025e-01 8.4033613445e-02 7.3561031838e+00
6.8907563025e-01 1.1764705882e-01 7.3783587089e+00
6.8907563025e-01 1.5126050420e-01 7.4085406425e+00
6.8907563025e-01 1.8487394958e-01 7.4471149472e+00
6.8907563025e-01 2.1848739496e-01 7.4947059442e+00
6.8907563025e-01 2.5210084034e-01 7.5521305230e+00
6.8907563025e-01 2.8571428571e-01 7.6204469787e+00
6.8907563025e-01 3.1932773109e-01 7.7010251372e+00
6.8907563025e-01 3.5294117647e-01 7.7956485987e+00
6.8907563025e-01 3.8655462185e-01 7.9066672542e+00
6.8907563025e-01 4.2016806723e-01 8.0372317305e+00
6.8907563025e-01 4.5378151261e-01 8.1916676483e+00
6.8907563025e-01 4.8739495798e-01 8.3761019139e+00
6.8907563025e-01 5.2100840336e-01 8.5995748197e+00
6.8907563025e-01 5.5462184874e-01 8.8761714348e+00
6.8907563025e-01 5.8823529412e-01 9.2295441392e+00
6.8907563025e-01 6.2184873950e-01 9.7039871194e+00
6.8907563025e-01 6.5546218487e-01 1.0398240582e+01
6.8907563025e-01 6.8907563025e-01 1.1619929337e+01
6.8907563025e-01 7.2268907563e-01 1.7223920083e+01
6.8907563025e-01 7.5630252101e-01 1.1580461492e+01
6.8907563025e-01 7.8991596639e-01 1.0029243174e+01
6.8907563025e-01 8.2352941176e-01 9.1106166845e+00
6.8907563025e-01 8.5714285714e-01 8.4481966890e+00
6.8907563025e-01 8.9075630252e-01 7.9269648386e+00
6.8907563025e-01 9.2436974790e-01 7.4960272246e+00
6.8907563025e-01 9.5798319328e-01 7.1282386092e+00
6.8907563025e-01 9.9159663866e-01 6.8073416707e+00
6.8907563025e-01 1.0252100840e+00 6.5227917018e+00
6.8907563025e-01 1.0588235294e+00 6.2673371630e+00
6.8907563025e-01 1.0924369748e+00 6.0357623746e+00
6.8907563025e-01 1.1260504202e+00 5.8241802818e+00
6.8907563025e-01 1.1596638655e+00 5.6296092835e+00
6.8907563025e-01 1.1932773109e+00 5.4497071357e+00
6.8907563025e-01 1.2268907563e+00 5.2825966399e+00
6.8907563025e-01 1.2605042017e+00 5.1267474713e+00
6.8907563025e-01 1.2941176471e+00 4.9808936894e+00
6.8907563025e-01 1.3277310924e+00 4.8439746833e+00
6.8907563025e-01 1.3613445378e+00 4.7150919537e+00
6.8907563025e-01 1.3949579832e+00 4.5934768642e+00
6.8907563025e-01 1.4285714286e+00 4.4784661592e+00
6.8907563025e-01 1.4621848739e+00 4.3694830906e+00
6.8907563025e-01 1.4957983193e+00 4.2660226634e+00
6.8907563025e-01 1.5294117647e+00 4.1676399581e+00
6.8907563025e-01 1.5630252101e+00 4.0739407812e+00
6.8907563025e-01 1.5966386555e+00 3.9845741014e+00
6.8907563025e-01 1.6302521008e+00 3.8992258733e+00
6.8907563025e-01 1.6638655462e+00 3.8176139493e+00
6.8907563025e-01 1.6974789916e+00 3.7394838533e+00
6.8907563025e-01 1.7310924370e+00 3.6646052462e+00
6.8907563025e-01 1.7647058824e+00 3.5927689477e+00
6.8907563025e-01 1.7983193277e+00 3.5237844119e+00
6.8907563025e-01 1.8319327731e+00 3.4574775751e+00
6.8907563025e-01 1.8655462185e+00 3.3936890092e+00
6.8907563025e-01 1.8991596639e+00 3.3322723321e+00
6.8907563025e-01 1.9327731092e+00 3.2730928293e+00
6.8907563025e-01 1.9663865546e+00 3.2160262561e+00
6.8907563025e-01 2.0000000000e+00 3.1609577911e+00

7.2268907563e-01 -2.0000000000e+00 3.1420343863e+00
7.2268907563e-01 -1.9663865546e+00 3.1960944894e+00
7.2268907563e-01 -1.9327731092e+00 3.2520785385e+00
7.2268907563e-01 -1.8991596639e+00 3.3100942441e+00
7.2268907563e-01 -1.8655462185e+00 3.3702578800e+00
7.2268907563e-01 -1.8319327731e+00 3.4326952012e+00
7.2268907563e-01 -1.7983193277e+00 3.4975424902e+00
7.2268907563e-01 -1.7647058824e+00 3.5649477546e+00
7.2268907563e-01 -1.7310924370e+00 3.6350721026e+00
7.2268907563e-01 -1.6974789916e+00 3.7080913310e+00
7.2268907563e-01 -1.6638655462e+00 3.7841977665e+00
7.2268907563e-01 -1.6302521008e+00 3.8636024124e+00
7.2268907563e-01 -1.5966386555e+00 3.9465374655e+00
7.2268907563e-01 -1.5630252101e+00 4.0332592832e+00
7.2268907563e-01 -1.5294117647e+00 4.1240519050e+00
7.2268907563e-01 -1.4957983193e+00 4.2192312611e+00
7.2268907563e-01 -1.4621848739e+00 4.3191502386e+00
7.2268907563e-01 -1.4285714286e+00 4.4242048308e+00
7.2268907563e-01 -1.3949579832e+00 4.5348416654e+00
7.2268907563e-01 -1.3613445378e+00 4.6515673116e+00
7.2268907563e-01 -1.3277310924e+00 4.7749599045e+00
7.2268907563e-01 -1.2941176471e+00 4.9056838326e+00
7.2268907563e-01 -1.2605042017e+00 5.0445085301e+00
7.2268907563e-01 -1.2268907563e+00 5.1923328578e+00
7.2268907563e-01 -1.1932773109e+00 5.3502172280e+00
7.2268907563e-01 -1.1596638655e+00 5.5194266704e+00
7.2268907563e-01 -1.1260504202e+00 5.7014896992e+00
7.2268907563e-01 -1.0924369748e+00 5.8982805761e+00
7.2268907563e-01 -1.0588235294e+00 6.1121372060e+00
7.2268907563e-01 -1.0252100840e+00 6.3460351221e+00
7.2268907563e-01 -9.9159663866e-01 6.6038532101e+00
7.2268907563e-01 -9.5798319328e-01 6.8907964902e+00
7.2268907563e-01 -9.2436974790e-01 7.2141030571e+00
7.2268907563e-01 -8.9075630252e-01 7.5843015140e+00
7.2268907563e-01 -8.5714285714e-01 8.0176320056e+00
7.2268907563e-01 -8.2352941176e-01 8.5412281540e+00
7.2268907563e-01 -7.8991596639e-01 9.2060042205e+00
7.2268907563e-01 -7.5630252101e-01 1.0127158334e+01
7.2268907563e-01 -7.2268907563e-01 1.1682461962e+01
7.2268907563e-01 -6.8907563025e-01 1.7223920083e+01
7.2268907563e-01 -6.5546218487e-01 1.1708427187e+01
7.2268907563e-01 -6.2184873950e-01 1.0489701337e+01
7.2268907563e-01 -5.8823529412e-01 9.7971932247e+00
7.2268907563e-01 -5.5462184874e-01 9.3243923856e+00
7.2268907563e-01 -5.2100840336e-01 8.9727598831e+00
7.2268907563e-01 -4.8739495798e-01 8.6980611858e+00
7.2268907563e-01 -4.5378151261e-01 8.4766691148e+00
7.2268907563e-01 -4.2016806723e-01 8.2945142648e+00
7.2268907563e-01 -3.8655462185e-01 8.1425700417e+00
7.2268907563e-01 -3.5294117647e-01 8.0147240537e+00
7.2268907563e-01 -3.1932773109e-01 7.9066672542e+00
7.2268907563e-01 -2.8571428571e-01 7.8152683773e+00
7.2268907563e-01 -2.5210084034e-01 7.7382002559e+00
7.2268907563e-01 -2.1848739496e-01 7.6737059646e+00
7.2268907563e-01 -1.8487394958e-01 7.6204469787e+00
7.2268907563e-01 -1.5126050420e-01 7.5774017551e+00
7.2268907563e-01 -1.1764705882e-01 7.5437966342e+00
7.2268907563e-01 -8.4033613445e-02 7.5190582983e+00
7.2268907563e-01 -5.0420168067e-02 7.5027812086e+00
7.2268907563e-01 -1.6806722689e-02 7.4947059442e+00
7.2268907563e-01 1.6806722689e-02 7.4947059442e+00
7.2268907563e-01 5.0420168067e-02 7.5027812086e+00
7.2268907563e-01 8.4033613445e-02 7.5190582983e+00
7.2268907563e-01 1.1764705882e-01 7.5437966342e+00
7.2268907563e-01 1.5126050420e-01 7.5774017551e+00
7.2268907563e-01 1.8487394958e-01 7.6204469787e+00
7.2268907563e-01 2.1848739496e-01 7.6737059646e+00
7.2268907563e-01 2.5210084034e-01 7.7382002559e+00
7.2268907563e-01 2.8571428571e-01 7.8152683773e+00
7.2268907563e-01 3.1932773109e-01 7.9066672542e+00
7.2268907563e-01 3.5294117647e-01 8.0147240537e+00
7.2268907563e-01 3.8655462185e-01 8.1425700417e+00
7.2268907563e-01 4.2016806723e-01 8.2945142648e+00
7.2268907563e-01 4.5378151261e-01 8.4766691148e+00
7.2268907563e-01 4.8739495798e-01 8.6980611858e+00
7.2268907563e-01 5.2100840336e-01 8.9727598831e+00
7.2268907563e-01 5.5462184874e-01 9.3243923856e+00
7.2268907563e-01 5.8823529412e-01 9.7971932247e+00
7.2268907563e-01 6.2184873950e-01 1.0489701337e+01
7.2268907563e-01 6.5546218487e-01 1.1708427187e+01
7.2268907563e-01 6.8907563025e-01 1.7223920083e+01
7.2268907563e-01 7.2268907563e-01 1.1682461962e+01
7.2268907563e-01 7.5630252101e-01 1.0127158334e+01
7.2268907563e-01 7.8991596639e-01 9.2060042205e+00
7.2268907563e-01 8.2352941176e-01 8.5412281540e+00
7.2268907563e-01 8.5714285714e-01 8.0176320056e+00
7.2268907563e-01 8.9075630252e-01 7.5843015140e+00
7.2268907563e-01 9.2436974790e-01 7.2141030571e+00
7.2268907563e-01 9.5798319328e-01 6.8907964902e+00
7.2268907563e-01 9.9159663866e-01 6.6038532101e+00
7.2268907563e-01 1.0252100840e+00 6.3460351221e+00
7.2268907563e-01 1.0588235294e+00 6.1121372060e+00
7.2268907563e-01 1.0924369748e+00 5.8982805761e+00
7.2268907563e-01 1.1260504202e+00 5.7014896992e+00
7.2268907563e-01 1.1596638655e+00 5.5194266704e+00
7.2268907563e-01 1.1932773109e+00 5.3502172280e+00
7.2268907563e-01 1.2268907563e+00 5.1923328578e+00
7.2268907563e-01 1.2605042017e+00 5.0445085301e+00
7.2268907563e-01 1.2941176471e+00 4.9056838326e+00
7.2268907563e-01 1.3277310924e+00 4.7749599045e+00
7.2268907563e-01 1.3613445378e+00 4.6515673116e+00
7.2268907563e-01 1.3949579832e+00 4.5348416654e+00
7.2268907563e-01 1.4285714286e+00 4.4242048308e+00
7.2268907563e-01 1.4621848739e+00 4.3191502386e+00
7.2268907563e-01 1.4957983193e+00 4.2192312611e+00
7.2268907563e-01 1.5294117647e+00 4.1240519050e+00
7.2268907563e-01 1.5630252101e+00 4.0332592832e+00
7.2268907563e-01 1.5966386555e+00 3.9465374655e+00
7.2268907563e-01 1.6302521008e+00 3.8636024124e+00
7.2268907563e-01 1.6638655462e+00 3.7841977665e+00
7.2268907563e-01 1.6974789916e+00 3.7080913310e+00
7.2268907563e-01 1.7310924370e+00 3.6350721026e+00
7.2268907563e-01 1.7647058824e+00 3.5649477546e+00
7.2268907563e-01 1.7983193277e+00 3.4975424902e+00
7.2268907563e-01 1.8319327731e+00 3.4326952012e+00
7.2268907563e-01 1.8655462185e+00 3.3702578800e+00
7.2268907563e-01 1.8991596639e+00 3.3100942441e+00
7.2268907563e-01 1.9327731092e+00 3.2520785385e+00
7.2268907563e-01 1.9663865546e+00 3.1960944894e+00
7.2268907563e-01 2.0000000000e+00 3.1420343863e+00

7.5630252101e-01 -2.0000000000e+00 3.1225726592e+00
7.5630252101e-01 -1.9663865546e+00 3.1756092227e+00
7.5630252101e-01 -1.9327731092e+00 3.2304957237e+00
7.5630252101e-01 -1.8991596639e+00 3.2873329245e+00
7.5630252101e-01 -1.8655462185e+00 3.3462293307e+00
7.5630252101e-01 -1.8319327731e+00 3.4073019903e+00
7.5630252101e-01 -1.7983193277e+00 3.4706774004e+00
7.5630252101e-01 -1.7647058824e+00 3.5364925392e+00
7.5630252101e-01 -1.7310924370e+00 3.6048960450e+00
7.5630252101e-01 -1.6974789916e+00 3.6760495705e+00
7.5630252101e-01 -1.6638655462e+00 3.7501293434e+00
7.5630252101e-01 -1.6302521008e+00 3.8273279748e+00
7.5630252101e-01 -1.5966386555e+00 3.9078565653e+00
7.5630252101e-01 -1.5630252101e+00 3.9919471703e+00
7.5630252101e-01 -1.5294117647e+00 4.0798557053e+00
7.5630252101e-01 -1.4957983193e+00 4.1718653888e+00
7.5630252101e-01 -1.4621848739e+00 4.2682908536e+00
7.5630252101e-01 -1.4285714286e+00 4.3694830906e+00
7.5630252101e-01 -1.3949579832e+00 4.4758354425e+00
7.5630252101e-01 -1.3613445378e+00 4.5877909359e+00
7.5630252101e-01 -1.3277310924e+00 4.7058513343e+00
7.5630252101e-01 -1.2941176471e+00 4.8305884347e+00
7.5630252101e-01 -1.2605042017e+00 4.9626583248e+00
7.5630252101e-01 -1.2268907563e+00 5.1028196037e+00
7.5630252101e-01 -1.1932773109e+00 5.2519569925e+00
7.5630252101e-01 -1.1596638655e+00 5.4111124029e+00
7.5630252101e-01 -1.1260504202e+00 5.5815265249e+00
7.5630252101e-01 -1.0924369748e+00 5.7646955800e+00
7.5630252101e-01 -1.0588235294e+00 5.9624504747e+00
7.5630252101e-01 -1.0252100840e+00 6.1770699866e+00
7.5630252101e-01 -9.9159663866e-01 6.4114473494e+00
7.5630252101e-01 -9.5798319328e-01 6.6693438459e+00
7.5630252101e-01 -9.2436974790e-01 6.9557906760e+00
7.5630252101e-01 -8.9075630252e-01 7.2777575517e+00
7.5630252101e-01 -8.5714285714e-01 7.6453342737e+00
7.5630252101e-01 -8.2352941176e-01 8.0739863519e+00
7.5630252101e-01 -7.8991596639e-01 8.5893262121e+00
7.5630252101e-01 -7.5630252101e-01 9.2387736782e+00
7.5630252101e-01 -7.2268907563e-01 1.0127158334e+01
7.5630252101e-01 -6.8907563025e-01 1.1580461492e+01
7.5630252101e-01 -6.5546218487e-01 1.8657791833e+01
7.5630252101e-01 -6.2184873950e-01 1.2002016721e+01
7.5630252101e-01 -5.8823529412e-01 1.0687680623e+01
7.5630252101e-01 -5.5462184874e-01 9.9643105987e+00
7.5630252101e-01 -5.2100840336e-01 9.4771266219e+00
7.5630252101e-01 -4.8739495798e-01 9.1178584927e+00
7.5630252101e-01 -4.5378151261e-01 8.8390199434e+00
7.5630252101e-01 -4.2016806723e-01 8.6155932514e+00
7.5630252101e-01 -3.8655462185e-01 8.4328203639e+00
7.5630252101e-01 -3.5294117647e-01 8.2813005496e+00
7.5630252101e-01 -3.1932773109e-01 8.1547066869e+00
7.5630252101e-01 -2.8571428571e-01 8.0486040316e+00
7.5630252101e-01 -2.5210084034e-01 7.9597897238e+00
7.5630252101e-01 -2.1848739496e-01 7.8859006594e+00
7.5630252101e-01 -1.8487394958e-01 7.8251695460e+00
7.5630252101e-01 -1.5126050420e-01 7.7762675729e+00
7.5630252101e-01 -1.1764705882e-01 7.7382002559e+00
7.5630252101e-01 -8.4033613445e-02 7.7102374296e+00
7.5630252101e-01 -5.0420168067e-02 7.6918661803e+00
7.5630252101e-01 -1.6806722689e-02 7.6827599794e+00
7.5630252101e-01 1.6806722689e-02 7.6827599794e+00
7.5630252101e-01 5.0420168067e-02 7.6918661803e+00
7.5630252101e-01 8.4033613445e-02 7.7102374296e+00
7.5630252101e-01 1.1764705882e-01 7.7382002559e+00
7.5630252101e-01 1.5126050420e-01 7.7762675729e+00
7.5630252101e-01 1.8487394958e-01 7.8251695460e+00
7.5630252101e-01 2.1848739496e-01 7.8859006594e+00
7.5630252101e-01 2.5210084034e-01 7.9597897238e+00
7.5630252101e-01 2.8571428571e-01 8.0486040316e+00
7.5630252101e-01 3.1932773109e-01 8.1547066869e+00
7.5630252101e-01 3.5294117647e-01 8.2813005496e+00
7.5630252101e-01 3.8655462185e-01 8.4328203639e+00
7.5630252101e-01 4.2016806723e-01 8.6155932514e+00
7.5630252101e-01 4.5378151261e-01 8.8390199434e+00
7.5630252101e-01 4.8739495798e-01 9.1178584927e+00
7.5630252101e-01 5.2100840336e-01 9.4771266219e+00
7.5630252101e-01 5.5462184874e-01 9.9643105987e+00
7.5630252101e-01 5.8823529412e-01 1.0687680623e+01
7.5630252101e-01 6.2184873950e-01 1.2002016721e+01
7.5630252101e-01 6.5546218487e-01 1.8657791833e+01
7.5630252101e-01 6.8907563025e-01 1.1580461492e+01
7.5630252101e-01 7.2268907563e-01 1.0127158334e+01
7.5630252101e-01 7.5630252101e-01 9.2387736782e+00
7.5630252101e-01 7.8991596639e-01 8.5893262121e+00
7.5630252101e-01 8.2352941176e-01 8.0739863519e+00
7.5630252101e-01 8.5714285714e-01 7.6453342737e+00
7.5630252101e-01 8.9075630252e-01 7.2777575517e+00
7.5630252101e-01 9.2436974790e-01 6.9557906760e+00
7.5630252101e-01 9.5798319328e-01 6.6693438459e+00
7.5630252101e-01 9.9159663866e-01 6.4114473494e+00
7.5630252101e-01 1.0252100840e+00 6.1770699866e+00
7.5630252101e-01 1.0588235294e+00 5.9624504747e+00
7.5630252101e-01 1.0924369748e+00 5.7646955800e+00
7.5630252101e-01 1.1260504202e+00 5.5815265249e+00
7.5630252101e-01 1.1596638655e+00 5.4111124029e+00
7.5630252101e-01 1.1932773109e+00 5.2519569925e+00
7.5630252101e-01 1.2268907563e+00 5.1028196037e+00
7.5630252101e-01 1.2605042017e+00 4.9626583248e+00
7.5630252101e-01 1.2941176471e+00 4.8305884347e+00
7.5630252101e-01 1.3277310924e+00 4.7058513343e+00
7.5630252101e-01 1.3613445378e+00 4.5877909359e+00
7.5630252101e-01 1.3949579832e+00 4.4758354425e+00
7.5630252101e-01 1.4285714286e+00 4.3694830906e+00
7.5630252101e-01 1.4621848739e+00 4.2682908536e+00
7.5630252101e-01 1.4957983193e+00 4.1718653888e+00
7.5630252101e-01 1.5294117647e+00 4.0798557053e+00
7.5630252101e-01 1.5630252101e+00 3.9919471703e+00
7.5630252101e-01 1.5966386555e+00 3.9078565653e+00
7.5630252101e-01 1.6302521008e+00 3.8273279748e+00
7.5630252101e-01 1.6638655462e+00 3.7501293434e+00
7.5630252101e-01 1.6974789916e+00 3.6760495705e+00
7.5630252101e-01 1.7310924370e+00 3.6048960450e+00
7.5630252101e-01 1.7647058824e+00 3.5364925392e+00
7.5630252101e-01 1.7983193277e+00 3.4706774004e+00
7.5630252101e-01 1.8319327731e+00 3.4073019903e+00
7.5630252101e-01 1.8655462185e+00 3.3462293307e+00
7.5630252101e-01 1.8991596639e+00 3.2873329245e+00
7.5630252101e-01 1.9327731092e+00 3.2304957237e+00
7.5630252101e-01 1.9663865546e+00 3.1756092227e+00
7.5630252101e-01 2.0000000000e+00 3.1225726592e+00

7.8991596639e-01 -2.0000000000e+00 3.1026109131e+00
7.8991596639e-01 -1.9663865546e+00 3.1546117509e+00
7.8991596639e-01 -1.9327731092e+00 3.2083889437e+00
7.8991596639e-01 -1.8991596639e+00 3.2640364948e+00
7.8991596639e-01 -1.8655462185e+00 3.3216553738e+00
7.8991596639e-01 -1.8319327731e+00 3.3813542066e+00
7.8991596639e-01 -1.7983193277e+00 3.4432500538e+00
7.8991596639e-01 -1.7647058824e+00 3.5074692917e+00
7.8991596639e-01 -1.7310924370e+00 3.5741486144e+00
7.8991596639e-01 -1.6974789916e+00 3.6434361768e+00
7.8991596639e-01 -1.6638655462e+00 3.7154929042e+00
7.8991596639e-01 -1.6302521008e+00 3.7904939999e+00
7.8991596639e-01 -1.5966386555e+00 3.8686306887e+00
7.8991596639e-01 -1.5630252101e+00 3.9501122430e+00
7.8991596639e-01 -1.5294117647e+00 4.0351683517e+00
7.8991596639e-01 -1.4957983193e+00 4.1240519050e+00
7.8991596639e-01 -1.4621848739e+00 4.2170422897e+00
7.8991596639e-01 -1.4285714286e+00 4.3144493152e+00
7.8991596639e-01 -1.3949579832e+00 4.4166179260e+00
7.8991596639e-01 -1.3613445378e+00 4.5239339032e+00
7.8991596639e-01 -1.3277310924e+00 4.6368308237e+00
7.8991596639e-01 -1.2941176471e+00 4.7557986348e+00
7.8991596639e-01 -1.2605042017e+00 4.8813943276e+00
7.8991596639e-01 -1.2268907563e+00 5.0142553757e+00
7.8991596639e-01 -1.1932773109e+00 5.1551168636e+00
7.8991596639e-01 -1.1596638655e+00 5.3048336177e+00
7.8991596639e-01 -1.1260504202e+00 5.4644092364e+00
7.8991596639e-01 -1.0924369748e+00 5.6350348118e+00
7.8991596639e-01 -1.0588235294e+00 5.8181415595e+00
7.8991596639e-01 -1.0252100840e+00 6.0154738892e+00
7.8991596639e-01 -9.9159663866e-01 6.2291933375e+00
7.8991596639e-01 -9.5798319328e-01 6.4620305839e+00
7.8991596639e-01 -9.2436974790e-01 6.7175151511e+00
7.8991596639e-01 -8.9075630252e-01 7.0003361400e+00
7.8991596639e-01 -8.5714285714e-01 7.3169357368e+00
7.8991596639e-01 -8.2352941176e-01 7.6765433901e+00
7.8991596639e-01 -7.8991596639e-01 8.0931140160e+00
7.8991596639e-01 -7.5630252101e-01 8.5893262121e+00
7.8991596639e-01 -7.2268907563e-01 9.2060042205e+00
7.8991596639e-01 -6.8907563025e-01 1.0029243174e+01
7.8991596639e-01 -6.5546218487e-01 1.1301168699e+01
7.8991596639e-01 -6.2184873950e-01 1.4598940269e+01
7.8991596639e-01 -5.8823529412e-01 1.2622720034e+01
7.8991596639e-01 -5.5462184874e-01 1.1031643246e+01
7.8991596639e-01 -5.2100840336e-01 1.0228106049e+01
7.8991596639e-01 -4.8739495798e-01 9.7039871194e+00
7.8991596639e-01 -4.5378151261e-01 9.3243923856e+00
7.8991596639e-01 -4.2016806723e-01 9.0334482935e+00
7.8991596639e-01 -3.8655462185e-01 8.8026641917e+00
7.8991596639e-01 -3.5294117647e-01 8.6155932514e+00
7.8991596639e-01 -3.1932773109e-01 8.4619239363e+00
7.8991596639e-01 -2.8571428571e-01 8.3348037940e+00
7.8991596639e-01 -2.5210084034e-01 8.2294833749e+00
7.8991596639e-01 -2.1848739496e-01 8.1425700417e+00
7.8991596639e-01 -1.8487394958e-01 8.0715908682e+00
7.8991596639e-01 -1.5126050420e-01 8.0147240537e+00
7.8991596639e-01 -1.1764705882e-01 7.9706279455e+00
7.8991596639e-01 -8.4033613445e-02 7.9383296894e+00
7.8991596639e-01 -5.0420168067e-02 7.9171522147e+00
7.8991596639e-01 -1.6806722689e-02 7.9066672542e+00
7.8991596639e-01 1.6806722689e-02 7.9066672542e+00
7.8991596639e-01 5.0420168067e-02 7.9171522147e+00
7.8991596639e-01 8.4033613445e-02 7.9383296894e+00
7.8991596639e-01 1.1764705882e-01 7.9706279455e+00
7.8991596639e-01 1.5126050420e-01 8.0147240537e+00
7.8991596639e-01 1.8487394958e-01 8.0715908682e+00
7.8991596639e-01 2.1848739496e-01 8.1425700417e+00
7.8991596639e-01 2.5210084034e-01 8.2294833749e+00
7.8991596639e-01 2.8571428571e-01 8.3348037940e+00
7.8991596639e-01 3.1932773109e-01 8.4619239363e+00
7.8991596639e-01 3.5294117647e-01 8.6155932514e+00
7.8991596639e-01 3.8655462185e-01 8.8026641917e+00
7.8991596639e-01 4.2016806723e-01 9.0334482935e+00
7.8991596639e-01 4.5378151261e-01 9.3243923856e+00
7.8991596639e-01 4.8739495798e-01 9.7039871194e+00
7.8991596639e-01 5.2100840336e-01 1.0228106049e+01
7.8991596639e-01 5.5462184874e-01 1.1031643246e+01
7.8991596639e-01 5.8823529412e-01 1.2622720034e+01
7.8991596639e-01 6.2184873950e-01 1.4598940269e+01
7.8991596639e-01 6.5546218487e-01 1.1301168699e+01
7.8991596639e-01 6.8907563025e-01 1.0029243174e+01
7.8991596639e-01 7.2268907563e-01 9.2060042205e+00
7.8991596639e-01 7.5630252101e-01 8.5893262121e+00
7.8991596639e-01 7.8991596639e-01 8.0931140160e+00
7.8991596639e-01 8.2352941176e-01 7.6765433901e+00
7.8991596639e-01 8.5714285714e-01 7.3169357368e+00
7.8991596639e-01 8.9075630252e-01 7.0003361400e+00
7.8991596639e-01 9.2436974790e-01 6.7175151511e+00
7.8991596639e-01 9.5798319328e-01 6.4620305839e+00
7.8991596639e-01 9.9159663866e-01 6.2291933375e+00
7.8991596639e-01 1.0252100840e+00 6.0154738892e+00
7.8991596639e-01 1.0588235294e+00 5.8181415595e+00
7.8991596639e-01 1.0924369748e+00 5.6350348118e+00
7.8991596639e-01 1.1260504202e+00 5.4644092364e+00
7.8991596639e-01 1.1596638655e+00 5.3048336177e+00
7.8991596639e-01 1.1932773109e+00 5.1551168636e+00
7.8991596639e-01 1.2268907563e+00 5.0142553757e+00
7.8991596639e-01 1.2605042017e+00 4.8813943276e+00
7.8991596639e-01 1.2941176471e+00 4.7557986348e+00
7.8991596639e-01 1.3277310924e+00 4.6368308237e+00
7.8991596639e-01 1.3613445378e+00 4.5239339032e+00
7.8991596639e-01 1.3949579832e+00 4.4166179260e+00
7.8991596639e-01 1.4285714286e+00 4.3144493152e+00
7.8991596639e-01 1.4621848739e+00 4.2170422897e+00
7.8991596639e-01 1.4957983193e+00 4.1240519050e+00
7.8991596639e-01 1.5294117647e+00 4.0351683517e+00
7.8991596639e-01 1.5630252101e+00 3.9501122430e+00
7.8991596639e-01 1.5966386555e+00 3.8686306887e+00
7.8991596639e-01 1.6302521008e+00 3.7904939999e+00
7.8991596639e-01 1.6638655462e+00 3.7154929042e+00
7.8991596639e-01 1.6974789916e+00 3.6434361768e+00
7.8991596639e-01 1.7310924370e+00 3.5741486144e+00
7.8991596639e-01 1.7647058824e+00 3.5074692917e+00
7.8991596639e-01 1.7983193277e+00 3.4432500538e+00
7.8991596639e-01 1.8319327731e+00 3.3813542066e+00
7.8991596639e-01 1.8655462185e+00 3.3216553738e+00
7.8991596639e-01 1.8991596639e+00 3.2640364948e+00
7.8991596639e-01 1.9327731092e+00 3.2083889437e+00
7.8991596639e-01 1.9663865546e+00 3.1546117509e+00
7.8991596639e-01 2.0000000000e+00 3.1026109131e+00

8.2352941176e-01 -2.0000000000e+00 3.0821870121e+00
8.2352941176e-01 -1.9663865546e+00 3.1331428093e+00
8.2352941176e-01 -1.9327731092e+00 3.1858020545e+00
8.2352941176e-01 -1.8991596639e+00 3.2402522040e+00
8.2352941176e-01 -1.8655462185e+00 3.2965869486e+00
8.2352941176e-01 -1.8319327731e+00 3.3549068030e+00
8.2352941176e-01 -1.7983193277e+00 3.4153197678e+00
8.2352941176e-01 -1.7647058824e+00 3.4779420745e+00
8.2352941176e-01 -1.7310924370e+00 3.5428990281e+00
8.2352941176e-01 -1.6974789916e+00 3.6103259613e+00
8.2352941176e-01 -1.6638655462e+00 3.6803693216e+00
8.2352941176e-01 -1.6302521008e+00 3.7531879130e+00
8.2352941176e-01 -1.5966386555e+00 3.8289543227e+00
8.2352941176e-01 -1.5630252101e+00 3.9078565653e+00
8.2352941176e-01 -1.5294117647e+00 3.9900999895e+00
8.2352941176e-01 -1.4957983193e+00 4.0759095006e+00
8.2352941176e-01 -1.4621848739e+00 4.1655321664e+00
8.2352941176e-01 -1.4285714286e+00 4.2592402906e+00
8.2352941176e-01 -1.3949579832e+00 4.3573350641e+00
8.2352941176e-01 -1.3613445378e+00 4.4601509343e+00
8.2352941176e-01 -1.3277310924e+00 4.5680608730e+00
8.2352941176e-01 -1.2941176471e+00 4.6814827853e+00
8.2352941176e-01 -1.2605042017e+00 4.8008873768e+00
8.2352941176e-01 -1.2268907563e+00 4.9268079105e+00
8.2352941176e-01 -1.1932773109e+00 5.0598524393e+00
8.2352941176e-01 -1.1596638655e+00 5.2007193306e+00
8.2352941176e-01 -1.1260504202e+00 5.3502172280e+00
8.2352941176e-01 -1.0924369748e+00 5.5092910975e+00
8.2352941176e-01 -1.0588235294e+00 5.6790567656e+00
8.2352941176e-01 -1.0252100840e+00 5.8608475543e+00
8.2352941176e-01 -9.9159663866e-01 6.0562785397e+00
8.2352941176e-01 -9.5798319328e-01 6.2673371630e+00
8.2352941176e-01 -9.2436974790e-01 6.4965144213e+00
8.2352941176e-01 -8.9075630252e-01 6.7470007368e+00
8.2352941176e-01 -8.5714285714e-01 7.0229891527e+00
8.2352941176e-01 -8.2352941176e-01 7.3301654361e+00
8.2352941176e-01 -7.8991596639e-01 7.6765433901e+00
8.2352941176e-01 -7.5630252101e-01 8.0739863519e+00
8.2352941176e-01 -7.2268907563e-01 8.5412281540e+00
8.2352941176e-01 -6.8907563025e-01 9.1106166845e+00
8.2352941176e-01 -6.5546218487e-01 9.8459613577e+00
8.2352941176e-01 -6.2184873950e-01 1.0904890270e+01
8.2352941176e-01 -5.8823529412e-01 1.2932471154e+01
8.2352941176e-01 -5.5462184874e-01 1.4091010329e+01
8.2352941176e-01 -5.2100840336e-01 1.1619929337e+01
8.2352941176e-01 -4.8739495798e-01 1.0636136375e+01
8.2352941176e-01 -4.5378151261e-01 1.0035804557e+01
8.2352941176e-01 -4.2016806723e-01 9.6154515681e+00
8.2352941176e-01 -3.8655462185e-01 9.3001898513e+00
8.2352941176e-01 -3.5294117647e-01 9.0541650810e+00
8.2352941176e-01 -3.1932773109e-01 8.8574941483e+00
8.2352941176e-01 -2.8571428571e-01 8.6980611858e+00
8.2352941176e-01 -2.5210084034e-01 8.5679903289e+00
8.2352941176e-01 -2.1848739496e-01 8.4619239363e+00
8.2352941176e-01 -1.8487394958e-01 8.3761019139e+00
8.2352941176e-01 -1.5126050420e-01 8.3078349333e+00
8.2352941176e-01 -1.1764705882e-01 8.2551875388e+00
8.2352941176e-01 -8.4033613445e-02 8.2167808458e+00
8.2352941176e-01 -5.0420168067e-02 8.1916676483e+00
8.2352941176e-01 -1.6806722689e-02 8.1792541747e+00
8.2352941176e-01 1.6806722689e-02 8.1792541747e+00
8.2352941176e-01 5.0420168067e-02 8.1916676483e+00
8.2352941176e-01 8.4033613445e-02 8.2167808458e+00
8.2352941176e-01 1.1764705882e-01 8.2551875388e+00
8.2352941176e-01 1.5126050420e-01 8.3078349333e+00
8.2352941176e-01 1.8487394958e-01 8.3761019139e+00
8.2352941176e-01 2.1848739496e-01 8.4619239363e+00
8.2352941176e-01 2.5210084034e-01 8.5679903289e+00
8.2352941176e-01 2.8571428571e-01 8.6980611858e+00
8.2352941176e-01 3.1932773109e-01 8.8574941483e+00
8.2352941176e-01 3.5294117647e-01 9.0541650810e+00
8.2352941176e-01 3.8655462185e-01 9.3001898513e+00
8.2352941176e-01 4.2016806723e-01 9.6154515681e+00
8.2352941176e-01 4.5378151261e-01 1.0035804557e+01
8.2352941176e-01 4.8739495798e-01 1.0636136375e+01
8.2352941176e-01 5.2100840336e-01 1.1619929337e+01
8.2352941176e-01 5.5462184874e-01 1.4091010329e+01
8.2352941176e-01 5.8823529412e-01 1.2932471154e+01
8.2352941176e-01 6.2184873950e-01 1.0904890270e+01
8.2352941176e-01 6.5546218487e-01 9.8459613577e+00
8.2352941176e-01 6.8907563025e-01 9.1106166845e+00
8.2352941176e-01 7.2268907563e-01 8.5412281540e+00
8.2352941176e-01 7.5630252101e-01 8.0739863519e+00
8.2352941176e-01 7.8991596639e-01 7.6765433901e+00
8.2352941176e-01 8.2352941176e-01 7.3301654361e+00
8.2352941176e-01 8.5714285714e-01 7.0229891527e+00
8.2352941176e-01 8.9075630252e-01 6.7470007368e+00
8.2352941176e-01 9.2436974790e-01 6.4965144213e+00
8.2352941176e-01 9.5798319328e-01 6.2673371630e+00
8.2352941176e-01 9.9159663866e-01 6.0562785397e+00
8.2352941176e-01 1.0252100840e+00 5.8608475543e+00
8.2352941176e-01 1.0588235294e+00 5.6790567656e+00
8.2352941176e-01 1.0924369748e+00 5.5092910975e+00
8.2352941176e-01 1.1260504202e+00 5.3502172280e+00
8.2352941176e-01 1.1596638655e+00 5.2007193306e+00
8.2352941176e-01 1.1932773109e+00 5.0598524393e+00
8.2352941176e-01 1.2268907563e+00 4.9268079105e+00
8.2352941176e-01 1.2605042017e+00 4.8008873768e+00
8.2352941176e-01 1.2941176471e+00 4.6814827853e+00
8.2352941176e-01 1.3277310924e+00 4.5680608730e+00
8.2352941176e-01 1.3613445378e+00 4.4601509343e+00
8.2352941176e-01 1.3949579832e+00 4.3573350641e+00
8.2352941176e-01 1.4285714286e+00 4.2592402906e+00
8.2352941176e-01 1.4621848739e+00 4.1655321664e+00
8.2352941176e-01 1.4957983193e+00 4.0759095006e+00
8.2352941176e-01 1.5294117647e+00 3.9900999895e+00
8.2352941176e-01 1.5630252101e+00 3.9078565653e+00
8.2352941176e-01 1.5966386555e+00 3.8289543227e+00
8.2352941176e-01 1.6302521008e+00 3.7531879130e+00
8.2352941176e-01 1.6638655462e+00 3.6803693216e+00
8.2352941176e-01 1.6974789916e+00 3.6103259613e+00
8.2352941176e-01 1.7310924370e+00 3.5428990281e+00
8.2352941176e-01 1.7647058824e+00 3.4779420745e+00
8.2352941176e-01 1.7983193277e+00 3.4153197678e+00
8.2352941176e-01 1.8319327731e+00 3.3549068030e+00
8.2352941176e-01 1.8655462185e+00 3.2965869486e+00
8.2352941176e-01 1.8991596639e+00 3.2402522040e+00
8.2352941176e-01 1.9327731092e+00 3.1858020545e+00
8.2352941176e-01 1.9663865546e+00 3.1331428093e+00
8.2352941176e-01 2.0000000000e+00 3.0821870121e+00

8.5714285714e-01 -2.0000000000e+00 3.0613382415e+00
8.5714285714e-01 -1.9663865546e+00 3.1112424229e+00
8.5714285714e-01 -1.9327731092e+00 3.1627780475e+00
8.5714285714e-01 -1.8991596639e+00 3.2160262561e+00
8.5714285714e-01 -1.8655462185e+00 3.2710737372e+00
8.5714285714e-01 -1.8319327731e+00 3.3280132259e+00
8.5714285714e-01 -1.7983193277e+00 3.3869440609e+00
8.5714285714e-01 -1.7647058824e+00 3.4479728075e+00
8.5714285714e-01 -1.7310924370e+00 3.5112139570e+00
8.5714285714e-01 -1.6974789916e+00 3.5767907144e+00
8.5714285714e-01 -1.6638655462e+00 3.6448358891e+00
8.5714285714e-01 -1.6302521008e+00 3.7154929042e+00
8.5714285714e-01 -1.5966386555e+00 3.7889169474e+00
8.5714285714e-01 -1.5630252101e+00 3.8652762867e+00
8.5714285714e-01 -1.5294117647e+00 3.9447537823e+00
8.5714285714e-01 -1.4957983193e+00 4.0275486329e+00
8.5714285714e-01 -1.4621848739e+00 4.1138784024e+00
8.5714285714e-01 -1.4285714286e+00 4.2039813877e+00
8.5714285714e-01 -1.3949579832e+00 4.2981193984e+00
8.5714285714e-01 -1.3613445378e+00 4.3965810457e+00
8.5714285714e-01 -1.3277310924e+00 4.4996856584e+00
8.5714285714e-01 -1.2941176471e+00 4.6077879836e+00
8.5714285714e-01 -1.2605042017e+00 4.7212838755e+00
8.5714285714e-01 -1.2268907563e+00 4.8406172424e+00
8.5714285714e-01 -1.1932773109e+00 4.9662886138e+00
8.5714285714e-01 -1.1596638655e+00 5.0988658172e+00
8.5714285714e-01 -1.1260504202e+00 5.2389974401e+00
8.5714285714e-01 -1.0924369748e+00 5.3874300190e+00
8.5714285714e-01 -1.0588235294e+00 5.5450302945e+00
8.5714285714e-01 -1.0252100840e+00 5.7128144709e+00
8.5714285714e-01 -9.9159663866e-01 5.8919873460e+00
8.5714285714e-01 -9.5798319328e-01 6.0839956470e+00
8.5714285714e-01 -9.2436974790e-01 6.2906023086e+00
8.5714285714e-01 -8.9075630252e-01 6.5139924792e+00
8.5714285714e-01 -8.5714285714e-01 6.7569291336e+00
8.5714285714e-01 -8.2352941176e-01 7.0229891527e+00
8.5714285714e-01 -7.8991596639e-01 7.3169357368e+00
8.5714285714e-01 -7.5630252101e-01 7.6453342737e+00
8.5714285714e-01 -7.2268907563e-01 8.0176320056e+00
8.5714285714e-01 -6.8907563025e-01 8.4481966890e+00
8.5714285714e-01 -6.5546218487e-01 8.9605632353e+00
8.5714285714e-01 -6.2184873950e-01 9.5975786413e+00
8.5714285714e-01 -5.8823529412e-01 1.0451238706e+01
8.5714285714e-01 -5.5462184874e-01 1.1789675277e+01
8.5714285714e-01 -5.2100840336e-01 1.5711924096e+01
8.5714285714e-01 -4.8739495798e-01 1.2775399074e+01
8.5714285714e-01 -4.5378151261e-01 1.1302646498e+01
8.5714285714e-01 -4.2016806723e-01 1.0537217463e+01
8.5714285714e-01 -3.8655462185e-01 1.0035804557e+01
8.5714285714e-01 -3.5294117647e-01 9.6739788898e+00
8.5714285714e-01 -3.1932773109e-01 9.3990883064e+00
8.5714285714e-01 -2.8571428571e-01 9.1839992488e+00
8.5714285714e-01 -2.5210084034e-01 9.0129788626e+00
8.5714285714e-01 -2.1848739496e-01 8.8761714348e+00
8.5714285714e-01 -1.8487394958e-01 8.7670722406e+00
8.5714285714e-01 -1.5126050420e-01 8.6812408710e+00
8.5714285714e-01 -1.1764705882e-01 8.6155932514e+00
8.5714285714e-01 -8.4033613445e-02 8.5679903289e+00
8.5714285714e-01 -5.0420168067e-02 8.5369912615e+00
8.5714285714e-01 -1.6806722689e-02 8.5217048679e+00
8.5714285714e-01 1.6806722689e-02 8.5217048679e+00
8.5714285714e-01 5.0420168067e-02 8.5369912615e+00
8.5714285714e-01 8.4033613445e-02 8.5679903289e+00
8.5714285714e-01 1.1764705882e-01 8.6155932514e+00
8.5714285714e-01 1.5126050420e-01 8.6812408710e+00
8.5714285714e-01 1.8487394958e-01 8.7670722406e+00
8.5714285714e-01 2.1848739496e-01 8.8761714348e+00
8.5714285714e-01 2.5210084034e-01 9.0129788626e+00
8.5714285714e-01 2.8571428571e-01 9.1839992488e+00
8.5714285714e-01 3.1932773109e-01 9.3990883064e+00
8.5714285714e-01 3.5294117647e-01 9.6739788898e+00
8.5714285714e-01 3.8655462185e-01 1.0035804557e+01
8.5714285714e-01 4.2016806723e-01 1.0537217463e+01
8.5714285714e-01 4.5378151261e-01 1.1302646498e+01
8.5714285714e-01 4.8739495798e-01 1.2775399074e+01
8.5714285714e-01 5.2100840336e-01 1.5711924096e+01
8.5714285714e-01 5.5462184874e-01 1.1789675277e+01
8.5714285714e-01 5.8823529412e-01 1.0451238706e+01
8.5714285714e-01 6.2184873950e-01 9.5975786413e+00
8.5714285714e-01 6.5546218487e-01 8.9605632353e+00
8.5714285714e-01 6.8907563025e-01 8.4481966890e+00
8.5714285714e-01 7.2268907563e-01 8.0176320056e+00
8.5714285714e-01 7.5630252101e-01 7.6453342737e+00
8.5714285714e-01 7.8991596639e-01 7.3169357368e+00
8.5714285714e-01 8.2352941176e-01 7.0229891527e+00
8.5714285714e-01 8.5714285714e-01 6.7569291336e+00
8.5714285714e-01 8.9075630252e-01 6.5139924792e+00
8.5714285714e-01 9.2436974790e-01 6.2906023086e+00
8.5714285714e-01 9.5798319328e-01 6.0839956470e+00
8.5714285714e-01 9.9159663866e-01 5.8919873460e+00
8.5714285714e-01 1.0252100840e+00 5.7128144709e+00
8.5714285714e-01 1.0588235294e+00 5.5450302945e+00
8.5714285714e-01 1.0924369748e+00 5.3874300190e+00
8.5714285714e-01 1.1260504202e+00 5.2389974401e+00
8.5714285714e-01 1.1596638655e+00 5.0988658172e+00
8.5714285714e-01 1.1932773109e+00 4.9662886138e+00
8.5714285714e-01 1.2268907563e+00 4.8406172424e+00
8.5714285714e-01 1.2605042017e+00 4.7212838755e+00
8.5714285714e-01 1.2941176471e+00 4.6077879836e+00
8.5714285714e-01 1.3277310924e+00 4.4996856584e+00
8.5714285714e-01 1.3613445378e+00 4.3965810457e+00
8.5714285714e-01 1.3949579832e+00 4.2981193984e+00
8.5714285714e-01 1.4285714286e+00 4.2039813877e+00
8.5714285714e-01 1.4621848739e+00 4.1138784024e+00
8.5714285714e-01 1.4957983193e+00 4.0275486329e+00
8.5714285714e-01 1.5294117647e+00 3.9447537823e+00
8.5714285714e-01 1.5630252101e+00 3.8652762867e+00
8.5714285714e-01 1.5966386555e+00 3.7889169474e+00
8.5714285714e-01 1.6302521008e+00 3.7154929042e+00
8.5714285714e-01 1.6638655462e+00 3.6448358891e+00
8.5714285714e-01 1.6974789916e+00 3.5767907144e+00
8.5714285714e-01 1.7310924370e+00 3.5112139570e+00
8.5714285714e-01 1.7647058824e+00 3.4479728075e+00
8.5714285714e-01 1.7983193277e+00 3.3869440609e+00
8.5714285714e-01 1.8319327731e+00 3.3280132259e+00
8.5714285714e-01 1.8655462185e+00 3.2710737372e+00
8.5714285714e-01 1.8991596639e+00 3.2160262561e+00
8.5714285714e-01 1.9327731092e+00 3.1627780475e+00
8.5714285714e-01 1.9663865546e+00 3.1112424229e+00
8.5714285714e-01 2.0000000000e+00 3.0613382415e+00

8.9075630252e-01 -2.0000000000e+00 3.0401011809e+00
8.9075630252e-01 -1.9663865546e+00 3.0889497716e+00
8.9075630252e-01 -1.9327731092e+00 3.1393589068e+00
8.9075630252e-01 -1.8991596639e+00 3.1914036582e+00
8.9075630252e-01 -1.8655462185e+00 3.2451640042e+00
8.9075630252e-01 -1.8319327731e+00 3.3007252479e+00
8.9075630252e-01 -1.7983193277e+00 3.3581784795e+00
8.9075630252e-01 -1.7647058824e+00 3.4176210903e+00
8.9075630252e-01 -1.7310924370e+00 3.4791573461e+00
8.9075630252e-01 -1.6974789916e+00 3.5428990281e+00
8.9075630252e-01 -1.6638655462e+00 3.6089661512e+00
8.9075630252e-01 -1.6302521008e+00 3.6774877724e+00
8.9075630252e-01 -1.5966386555e+00 3.7486029039e+00
8.9075630252e-01 -1.5630252101e+00 3.8224615477e+00
8.9075630252e-01 -1.5294117647e+00 3.8992258733e+00
8.9075630252e-01 -1.4957983193e+00 3.9790715640e+00
8.9075630252e-01 -1.4621848739e+00 4.0621893633e+00
8.9075630252e-01 -1.4285714286e+00 4.1487868607e+00
8.9075630252e-01 -1.3949579832e+00 4.2390905640e+00
8.9075630252e-01 -1.3613445378e+00 4.3333483203e+00
8.9075630252e-01 -1.3277310924e+00 4.4318321604e+00
8.9075630252e-01 -1.2941176471e+00 4.5348416654e+00
8.9075630252e-01 -1.2605042017e+00 4.6427079799e+00
8.9075630252e-01 -1.2268907563e+00 4.7557986348e+00
8.9075630252e-01 -1.1932773109e+00 4.8745233933e+00
8.9075630252e-01 -1.1596638655e+00 4.9993414029e+00
8.9075630252e-01 -1.1260504202e+00 5.1307700351e+00
8.9075630252e-01 -1.0924369748e+00 5.2693959299e+00
8.9075630252e-01 -1.0588235294e+00 5.4158889614e+00
8.9075630252e-01 -1.0252100840e+00 5.5710201284e+00
8.9075630252e-01 -9.9159663866e-01 5.7356848005e+00
8.9075630252e-01 -9.5798319328e-01 5.9109334041e+00
8.9075630252e-01 -9.2436974790e-01 6.0980126386e+00
8.9075630252e-01 -8.9075630252e-01 6.2984219311e+00
8.9075630252e-01 -8.5714285714e-01 6.5139924792e+00
8.9075630252e-01 -8.2352941176e-01 6.7470007368e+00
8.9075630252e-01 -7.8991596639e-01 7.0003361400e+00
8.9075630252e-01 -7.5630252101e-01 7.2777575517e+00
8.9075630252e-01 -7.2268907563e-01 7.5843015140e+00
8.9075630252e-01 -6.8907563025e-01 7.9269648386e+00
8.9075630252e-01 -6.5546218487e-01 8.3159176368e+00
8.9075630252e-01 -6.2184873950e-01 8.7668342315e+00
8.9075630252e-01 -5.8823529412e-01 9.3058646073e+00
8.9075630252e-01 -5.5462184874e-01 9.9819235452e+00
8.9075630252e-01 -5.2100840336e-01 1.0904890270e+01
8.9075630252e-01 -4.8739495798e-01 1.2427889190e+01
8.9075630252e-01 -4.5378151261e-01 2.2666233375e+01
8.9075630252e-01 -4.2016806723e-01 1.2622720034e+01
8.9075630252e-01 -3.8655462185e-01 1.1377057334e+01
8.9075630252e-01 -3.5294117647e-01 1.0687680623e+01
8.9075630252e-01 -3.1932773109e-01 1.0228106049e+01
8.9075630252e-01 -2.8571428571e-01 9.8955696319e+00
8.9075630252e-01 -2.5210084034e-01 9.6444723442e+00
8.9075630252e-01 -2.1848739496e-01 9.4507247487e+00
8.9075630252e-01 -1.8487394958e-01 9.3001898513e+00
8.9075630252e-01 -1.5126050420e-01 9.1839992488e+00
8.9075630252e-01 -1.1764705882e-01 9.0963640820e+00
8.9075630252e-01 -8.4033613445e-02 9.0334482935e+00
8.9075630252e-01 -5.0420168067e-02 8.9927511950e+00
8.9075630252e-01 -1.6806722689e-02 8.9727598831e+00
8.9075630252e-01 1.6806722689e-02 8.9727598831e+00
8.9075630252e-01 5.0420168067e-02 8.9927511950e+00
8.9075630252e-01 8.4033613445e-02 9.0334482935e+00
8.9075630252e-01 1.1764705882e-01 9.0963640820e+00
8.9075630252e-01 1.5126050420e-01 9.1839992488e+00
8.9075630252e-01 1.8487394958e-01 9.3001898513e+00
8.9075630252e-01 2.1848739496e-01 9.4507247487e+00
8.9075630252e-01 2.5210084034e-01 9.6444723442e+00
8.9075630252e-01 2.8571428571e-01 9.8955696319e+00
8.9075630252e-01 3.1932773109e-01 1.0228106049e+01
8.9075630252e-01 3.5294117647e-01 1.0687680623e+01
8.9075630252e-01 3.8655462185e-01 1.1377057334e+01
8.9075630252e-01 4.2016806723e-01 1.2622720034e+01
8.9075630252e-01 4.5378151261e-01 2.2666233375e+01
8.9075630252e-01 4.8739495798e-01 1.2427889190e+01
8.9075630252e-01 5.2100840336e-01 1.0904890270e+01
8.9075630252e-01 5.5462184874e-01 9.9819235452e+00
8.9075630252e-01 5.8823529412e-01 9.3058646073e+00
8.9075630252e-01 6.2184873950e-01 8.7668342315e+00
8.9075630252e-01 6.5546218487e-01 8.3159176368e+00
8.9075630252e-01 6.8907563025e-01 7.9269648386e+00
8.9075630252e-01 7.2268907563e-01 7.5843015140e+00
8.9075630252e-01 7.5630252101e-01 7.2777575517e+00
8.9075630252e-01 7.8991596639e-01 7.0003361400e+00
8.9075630252e-01 8.2352941176e-01 6.7470007368e+00
8.9075630252e-01 8.5714285714e-01 6.5139924792e+00
8.9075630252e-01 8.9075630252e-01 6.2984219311e+00
8.9075630252e-01 9.2436974790e-01 6.0980126386e+00
8.9075630252e-01 9.5798319328e-01 5.9109334041e+00
8.9075630252e-01 9.9159663866e-01 5.7356848005e+00
8.9075630252e-01 1.0252100840e+00 5.5710201284e+00
8.9075630252e-01 1.0588235294e+00 5.4158889614e+00
8.9075630252e-01 1.0924369748e+00 5.2693959299e+00
8.9075630252e-01 1.1260504202e+00 5.1307700351e+00
8.9075630252e-01 1.1596638655e+00 4.9993414029e+00
8.9075630252e-01 1.1932773109e+00 4.8745233933e+00
8.9075630252e-01 1.2268907563e+00 4.7557986348e+00
8.9075630252e-01 1.2605042017e+00 4.6427079799e+00
8.9075630252e-01 1.2941176471e+00 4.5348416654e+00
8.9075630252e-01 1.3277310924e+00 4.4318321604e+00
8.9075630252e-01 1.3613445378e+00 4.3333483203e+00
8.9075630252e-01 1.3949579832e+00 4.2390905640e+00
8.9075630252e-01 1.4285714286e+00 4.1487868607e+00
8.9075630252e-01 1.4621848739e+00 4.0621893633e+00
8.9075630252e-01 1.4957983193e+00 3.9790715640e+00
8.9075630252e-01 1.5294117647e+00 3.8992258733e+00
8.9075630252e-01 1.5630252101e+00 3.8224615477e+00
8.9075630252e-01 1.5966386555e+00 3.7486029039e+00
8.9075630252e-01 1.6302521008e+00 3.6774877724e+00
8.9075630252e-01 1.6638655462e+00 3.6089661512e+00
8.9075630252e-01 1.6974789916e+00 3.5428990281e+00
8.9075630252e-01 1.7310924370e+00 3.4791573461e+00
8.9075630252e-01 1.7647058824e+00 3.4176210903e+00
8.9075630252e-01 1.7983193277e+00 3.3581784795e+00
8.9075630252e-01 1.8319327731e+00 3.3007252479e+00
8.9075630252e-01 1.8655462185e+00 3.2451640042e+00
8.9075630252e-01 1.8991596639e+00 3.1914036582e+00
8.9075630252e-01 1.9327731092e+00 3.1393589068e+00
8.9075630252e-01 1.9663865546e+00 3.0889497716e+00
8.9075630252e-01 2.0000000000e+00 3.0401011809e+00

9.2436974790e-01 -2.0000000000e+00 3.0185115923e+00
9.2436974790e-01 -1.9663865546e+00 3.0663030714e+00
9.2436974790e-01 -1.9327731092e+00 3.1155854840e+00
9.2436974790e-01 -1.8991596639e+00 3.1664280900e+00
9.2436974790e-01 -1.8655462185e+00 3.2189044621e+00
9.2436974790e-01 -1.8319327731e+00 3.2730928293e+00
9.2436974790e-01 -1.7983193277e+00 3.3290764562e+00
9.2436974790e-01 -1.7647058824e+00 3.3869440609e+00
9.2436974790e-01 -1.7310924370e+00 3.4467902769e+00
9.2436974790e-01 -1.6974789916e+00 3.5087161658e+00
9.2436974790e-01 -1.6638655462e+00 3.5728297866e+00
9.2436974790e-01 -1.6302521008e+00 3.6392468304e+00
9.2436974790e-01 -1.5966386555e+00 3.7080913310e+00
9.2436974790e-01 -1.5630252101e+00 3.7794964609e+00
9.2436974790e-01 -1.5294117647e+00 3.8536054280e+00
9.2436974790e-01 -1.4957983193e+00 3.9305724901e+00
9.2436974790e-01 -1.4621848739e+00 4.0105641048e+00
9.2436974790e-01 -1.4285714286e+00 4.0937602414e+00
9.2436974790e-01 -1.3949579832e+00 4.1803558838e+00
9.2436974790e-01 -1.3613445378e+00 4.2705627608e+00
9.2436974790e-01 -1.3277310924e+00 4.3646113500e+00
9.2436974790e-01 -1.2941176471e+00 4.4627532126e+00
9.2436974790e-01 -1.2605042017e+00 4.5652637307e+00
9.2436974790e-01 -1.2268907563e+00 4.6724453400e+00
9.2436974790e-01 -1.1932773109e+00 4.7846313769e+00
9.2436974790e-01 -1.1596638655e+00 4.9021906917e+00
9.2436974790e-01 -1.1260504202e+00 5.0255332321e+00
9.2436974790e-01 -1.0924369748e+00 5.1551168636e+00
9.2436974790e-01 -1.0588235294e+00 5.2914557856e+00
9.2436974790e-01 -1.0252100840e+00 5.4351310330e+00
9.2436974790e-01 -9.9159663866e-01 5.5868037345e+00
9.2436974790e-01 -9.5798319328e-01 5.7472320721e+00
9.2436974790e-01 -9.2436974790e-01 5.9172932816e+00
9.2436974790e-01 -8.9075630252e-01 6.0980126386e+00
9.2436974790e-01 -8.5714285714e-01 6.2906023086e+00
9.2436974790e-01 -8.2352941176e-01 6.4965144213e+00
9.2436974790e-01 -7.8991596639e-01 6.7175151511e+00
9.2436974790e-01 -7.5630252101e-01 6.9557906760e+00
9.2436974790e-01 -7.2268907563e-01 7.2141030571e+00
9.2436974790e-01 -6.8907563025e-01 7.4960272246e+00
9.2436974790e-01 -6.5546218487e-01 7.8063256175e+00
9.2436974790e-01 -6.2184873950e-01 8.1515691046e+00
9.2436974790e-01 -5.8823529412e-01 8.5412281540e+00
9.2436974790e-01 -5.5462184874e-01 8.9897390739e+00
9.2436974790e-01 -5.2100840336e-01 9.5208235131e+00
9.2436974790e-01 -4.8739495798e-01 1.0177858041e+01
9.2436974790e-01 -4.5378151261e-01 1.1054601877e+01
9.2436974790e-01 -4.2016806723e-01 1.2427889190e+01
9.2436974790e-01 -3.8655462185e-01 1.6639310121e+01
9.2436974790e-01 -3.5294117647e-01 1.3323374417e+01
9.2436974790e-01 -3.1932773109e-01 1.1898990512e+01
9.2436974790e-01 -2.8571428571e-01 1.1162199620e+01
9.2436974790e-01 -2.5210084034e-01 1.0687680623e+01
9.2436974790e-01 -2.1848739496e-01 1.0354183261e+01
9.2436974790e-01 -1.8487394958e-01 1.0110272925e+01
9.2436974790e-01 -1.5126050420e-01 9.9296088625e+00
9.2436974790e-01 -1.1764705882e-01 9.7971932247e+00
9.2436974790e-01 -8.4033613445e-02 9.7039871194e+00
9.2436974790e-01 -5.0420168067e-02 9.6444723442e+00
9.2436974790e-01 -1.6806722689e-02 9.6154515681e+00
9.2436974790e-01 1.6806722689e-02 9.6154515681e+00
9.2436974790e-01 5.0420168067e-02 9.6444723442e+00
9.2436974790e-01 8.4033613445e-02 9.7039871194e+00
9.2436974790e-01 1.1764705882e-01 9.7971932247e+00
9.2436974790e-01 1.5126050420e-01 9.9296088625e+00
9.2436974790e-01 1.8487394958e-01 1.0110272925e+01
9.2436974790e-01 2.1848739496e-01 1.0354183261e+01
9.2436974790e-01 2.5210084034e-01 1.0687680623e+01
9.2436974790e-01 2.8571428571e-01 1.1162199620e+01
9.2436974790e-01 3.1932773109e-01 1.1898990512e+01
9.2436974790e-01 3.5294117647e-01 1.3323374417e+01
9.2436974790e-01 3.8655462185e-01 1.6639310121e+01
9.2436974790e-01 4.2016806723e-01 1.2427889190e+01
9.2436974790e-01 4.5378151261e-01 1.1054601877e+01
9.2436974790e-01 4.8739495798e-01 1.0177858041e+01
9.2436974790e-01 5.2100840336e-01 9.5208235131e+00
9.2436974790e-01 5.5462184874e-01 8.9897390739e+00
9.2436974790e-01 5.8823529412e-01 8.5412281540e+00
9.2436974790e-01 6.2184873950e-01 8.1515691046e+00
9.2436974790e-01 6.5546218487e-01 7.8063256175e+00
9.2436974790e-01 6.8907563025e-01 7.4960272246e+00
9.2436974790e-01 7.2268907563e-01 7.2141030571e+00
9.2436974790e-01 7.5630252101e-01 6.9557906760e+00
9.2436974790e-01 7.8991596639e-01 6.7175151511e+00
9.2436974790e-01 8.2352941176e-01 6.4965144213e+00
9.2436974790e-01 8.5714285714e-01 6.2906023086e+00
9.2436974790e-01 8.9075630252e-01 6.0980126386e+00
9.2436974790e-01 9.2436974790e-01 5.9172932816e+00
9.2436974790e-01 9.5798319328e-01 5.7472320721e+00
9.2436974790e-01 9.9159663866e-01 5.5868037345e+00
9.2436974790e-01 1.0252100840e+00 5.4351310330e+00
9.2436974790e-01 1.0588235294e+00 5.2914557856e+00
9.2436974790e-01 1.0924369748e+00 5.1551168636e+00
9.2436974790e-01 1.1260504202e+00 5.0255332321e+00
9.2436974790e-01 1.1596638655e+00 4.9021906917e+00
9.2436974790e-01 1.1932773109e+00 4.7846313769e+00
9.2436974790e-01 1.2268907563e+00 4.6724453400e+00
9.2436974790e-01 1.2605042017e+00 4.5652637307e+00
9.2436974790e-01 1.2941176471e+00 4.4627532126e+00
9.2436974790e-01 1.3277310924e+00 4.3646113500e+00
9.2436974790e-01 1.3613445378e+00 4.2705627608e+00
9.2436974790e-01 1.3949579832e+00 4.1803558838e+00
9.2436974790e-01 1.4285714286e+00 4.0937602414e+00
9.2436974790e-01 1.4621848739e+00 4.0105641048e+00
9.2436974790e-01 1.4957983193e+00 3.9305724901e+00
9.2436974790e-01 1.5294117647e+00 3.8536054280e+00
9.2436974790e-01 1.5630252101e+00 3.7794964609e+00
9.2436974790e-01 1.5966386555e+00 3.7080913310e+00
9.2436974790e-01 1.6302521008e+00 3.6392468304e+00
9.2436974790e-01 1.6638655462e+00 3.5728297866e+00
9.2436974790e-01 1.6974789916e+00 3.5087161658e+00
9.2436974790e-01 1.7310924370e+00 3.4467902769e+00
9.2436974790e-01 1.7647058824e+00 3.3869440609e+00
9.2436974790e-01 1.7983193277e+00 3.3290764562e+00
9.2436974790e-01 1.8319327731e+00 3.2730928293e+00
9.2436974790e-01 1.8655462185e+00 3.2189044621e+00
9.2436974790e-01 1.8991596639e+00 3.1664280900e+00
9.2436974790e-01 1.9327731092e+00 3.1155854840e+00
9.2436974790e-01 1.9663865546e+00 3.0663030714e+00
9.2436974790e-01 2.0000000000e+00 3.0185115923e+00

9.5798319328e-01 -2.0000000000e+00 2.9966043209e+00
9.5798319328e-01 -1.9663865546e+00 3.0433394715e+00
9.5798319328e-01 -1.9327731092e+00 3.0914973910e+00
9.5798319328e-01 -1.8991596639e+00 3.1411417940e+00
9.5798319328e-01 -1.8655462185e+00 3.1923401584e+00
9.5798319328e-01 -1.8319327731e+00 3.2451640042e+00
9.5798319328e-01 -1.7983193277e+00 3.2996891984e+00
9.5798319328e-01 -1.7647058824e+00 3.3559962884e+00
9.5798319328e-01 -1.7310924370e+00 3.4141708674e+00
9.5798319328e-01 -1.6974789916e+00 3.4743039750e+00
9.5798319328e-01 -1.6638655462e+00 3.5364925392e+00
9.5798319328e-01 -1.6302521008e+00 3.6008398624e+00
9.5798319328e-01 -1.5966386555e+00 3.6674561598e+00
9.5798319328e-01 -1.5630252101e+00 3.7364591558e+00
9.5798319328e-01 -1.5294117647e+00 3.8079747472e+00
9.5798319328e-01 -1.4957983193e+00 3.8821377426e+00
9.5798319328e-01 -1.4621848739e+00 3.9590926901e+00
9.5798319328e-01 -1.4285714286e+00 4.0389948071e+00
9.5798319328e-01 -1.3949579832e+00 4.1220110284e+00
9.5798319328e-01 -1.3613445378e+00 4.2083211937e+00
9.5798319328e-01 -1.3277310924e+00 4.2981193984e+00
9.5798319328e-01 -1.2941176471e+00 4.3916155395e+00
9.5798319328e-01 -1.2605042017e+00 4.4890370923e+00
9.5798319328e-01 -1.2268907563e+00 4.5906311669e+00
9.5798319328e-01 -1.1932773109e+00 4.6966669021e+00
9.5798319328e-01 -1.1596638655e+00 4.8074382730e+00
9.5798319328e-01 -1.1260504202e+00 4.9232674065e+00
9.5798319328e-01 -1.0924369748e+00 5.0445085301e+00
9.5798319328e-01 -1.0588235294e+00 5.1715527136e+00
9.5798319328e-01 -1.0252100840e+00 5.3048336177e+00
9.5798319328e-01 -9.9159663866e-01 5.4448345294e+00
9.5798319328e-01 -9.5798319328e-01 5.5920970671e+00
9.5798319328e-01 -9.2436974790e-01 5.7472320721e+00
9.5798319328e-01 -8.9075630252e-01 5.9109334041e+00
9.5798319328e-01 -8.5714285714e-01 6.0839956470e+00
9.5798319328e-01 -8.2352941176e-01 6.2673371630e+00
9.5798319328e-01 -7.8991596639e-01 6.4620305839e+00
9.5798319328e-01 -7.5630252101e-01 6.6693438459e+00
9.5798319328e-01 -7.2268907563e-01 6.8907964902e+00
9.5798319328e-01 -6.8907563025e-01 7.1282386092e+00
9.5798319328e-01 -6.5546218487e-01 7.3839643320e+00
9.5798319328e-01 -6.2184873950e-01 7.6608797140e+00
9.5798319328e-01 -5.8823529412e-01 7.9627596331e+00
9.5798319328e-01 -5.5462184874e-01 8.2946570299e+00
9.5798319328e-01 -5.2100840336e-01 8.6635875946e+00
9.5798319328e-01 -4.8739495798e-01 9.0797474733e+00
9.5798319328e-01 -4.5378151261e-01 9.5588557070e+00
9.5798319328e-01 -4.2016806723e-01 1.0127158334e+01
9.5798319328e-01 -3.8655462185e-01 1.0833829086e+01
9.5798319328e-01 -3.5294117647e-01 1.1789675277e+01
9.5798319328e-01 -3.1932773109e-01 1.3353422310e+01
9.5798319328e-01 -2.8571428571e-01 1.9015781368e+01
9.5798319328e-01 -2.5210084034e-01 1.3547107034e+01
9.5798319328e-01 -2.1848739496e-01 1.2349706640e+01
9.5798319328e-01 -1.8487394958e-01 1.1708427187e+01
9.5798319328e-01 -1.5126050420e-01 1.1302646498e+01
9.5798319328e-01 -1.1764705882e-01 1.1031643246e+01
9.5798319328e-01 -8.4033613445e-02 1.0851631852e+01
9.5798319328e-01 -5.0420168067e-02 1.0740718936e+01
9.5798319328e-01 -1.6806722689e-02 1.0687680623e+01
9.5798319328e-01 1.6806722689e-02 1.0687680623e+01
9.5798319328e-01 5.0420168067e-02 1.0740718936e+01
9.5798319328e-01 8.4033613445e-02 1.0851631852e+01
9.5798319328e-01 1.1764705882e-01 1.1031643246e+01
9.5798319328e-01 1.5126050420e-01 1.1302646498e+01
9.5798319328e-01 1.8487394958e-01 1.1708427187e+01
9.5798319328e-01 2.1848739496e-01 1.2349706640e+01
9.5798319328e-01 2.5210084034e-01 1.3547107034e+01
9.5798319328e-01 2.8571428571e-01 1.9015781368e+01
9.5798319328e-01 3.1932773109e-01 1.3353422310e+01
9.5798319328e-01 3.5294117647e-01 1.1789675277e+01
9.5798319328e-01 3.8655462185e-01 1.0833829086e+01
9.5798319328e-01 4.2016806723e-01 1.0127158334e+01
9.5798319328e-01 4.5378151261e-01 9.5588557070e+00
9.5798319328e-01 4.8739495798e-01 9.0797474733e+00
9.5798319328e-01 5.2100840336e-01 8.6635875946e+00
9.5798319328e-01 5.5462184874e-01 8.2946570299e+00
9.5798319328e-01 5.8823529412e-01 7.9627596331e+00
9.5798319328e-01 6.2184873950e-01 7.6608797140e+00
9.5798319328e-01 6.5546218487e-01 7.3839643320e+00
9.5798319328e-01 6.8907563025e-01 7.1282386092e+00
9.5798319328e-01 7.2268907563e-01 6.8907964902e+00
9.5798319328e-01 7.5630252101e-01 6.6693438459e+00
9.5798319328e-01 7.8991596639e-01 6.4620305839e+00
9.5798319328e-01 8.2352941176e-01 6.2673371630e+00
9.5798319328e-01 8.5714285714e-01 6.0839956470e+00
9.5798319328e-01 8.9075630252e-01 5.9109334041e+00
9.5798319328e-01 9.2436974790e-01 5.7472320721e+00
9.5798319328e-01 9.5798319328e-01 5.5920970671e+00
9.5798319328e-01 9.9159663866e-01 5.4448345294e+00
9.5798319328e-01 1.0252100840e+00 5.3048336177e+00
9.5798319328e-01 1.0588235294e+00 5.1715527136e+00
9.5798319328e-01 1.0924369748e+00 5.0445085301e+00
9.5798319328e-01 1.1260504202e+00 4.9232674065e+00
9.5798319328e-01 1.1596638655e+00 4.8074382730e+00
9.5798319328e-01 1.1932773109e+00 4.6966669021e+00
9.5798319328e-01 1.2268907563e+00 4.5906311669e+00
9.5798319328e-01 1.2605042017e+00 4.4890370923e+00
9.5798319328e-01 1.2941176471e+00 4.3916155395e+00
9.5798319328e-01 1.3277310924e+00 4.2981193984e+00
9.5798319328e-01 1.3613445378e+00 4.2083211937e+00
9.5798319328e-01 1.3949579832e+00 4.1220110284e+00
9.5798319328e-01 1.4285714286e+00 4.0389948071e+00
9.5798319328e-01 1.4621848739e+00 3.9590926901e+00
9.5798319328e-01 1.4957983193e+00 3.8821377426e+00
9.5798319328e-01 1.5294117647e+00 3.8079747472e+00
9.5798319328e-01 1.5630252101e+00 3.7364591558e+00
9.5798319328e-01 1.5966386555e+00 3.6674561598e+00
9.5798319328e-01 1.6302521008e+00 3.6008398624e+00
9.5798319328e-01 1.6638655462e+00 3.5364925392e+00
9.5798319328e-01 1.6974789916e+00 3.4743039750e+00
9.5798319328e-01 1.7310924370e+00 3.4141708674e+00
9.5798319328e-01 1.7647058824e+00 3.3559962884e+00
9.5798319328e-01 1.7983193277e+00 3.2996891984e+00
9.5798319328e-01 1.8319327731e+00 3.2451640042e+00
9.5798319328e-01 1.8655462185e+00 3.1923401584e+00
9.5798319328e-01 1.8991596639e+00 3.1411417940e+00
9.5798319328e-01 1.9327731092e+00 3.0914973910e+00
9.5798319328e-01 1.9663865546e+00 3.0433394715e+00
9.5798319328e-01 2.0000000000e+00 2.9966043209e+00

9.9159663866e-01 -2.0000000000e+00 2.9744132099e+00
9.9159663866e-01 -1.9663865546e+00 3.0200949661e+00
9.9159663866e-01 -1.9327731092e+00 3.0671329105e+00
9.9159663866e-01 -1.8991596639e+00 3.1155854840e+00
9.9159663866e-01 -1.8655462185e+00 3.1655143853e+00
9.9159663866e-01 -1.8319327731e+00 3.2169847927e+00
9.9159663866e-01 -1.7983193277e+00 3.2700656041e+00
9.9159663866e-01 -1.7647058824e+00 3.3248296962e+00
9.9159663866e-01 -1.7310924370e+00 3.3813542066e+00
9.9159663866e-01 -1.6974789916e+00 3.4397208384e+00
9.9159663866e-01 -1.6638655462e+00 3.5000161925e+00
9.9159663866e-01 -1.6302521008e+00 3.5623321288e+00
9.9159663866e-01 -1.5966386555e+00 3.6267661596e+00
9.9159663866e-01 -1.5630252101e+00 3.6934218797e+00
9.9159663866e-01 -1.5294117647e+00 3.7624094370e+00
9.9159663866e-01 -1.4957983193e+00 3.8338460481e+00
9.9159663866e-01 -1.4621848739e+00 3.9078565653e+00
9.9159663866e-01 -1.4285714286e+00 3.9845741014e+00
9.9159663866e-01 -1.3949579832e+00 4.0641407194e+00
9.9159663866e-01 -1.3613445378e+00 4.1467081981e+00
9.9159663866e-01 -1.3277310924e+00 4.2324388814e+00
9.9159663866e-01 -1.2941176471e+00 4.3215066288e+00
9.9159663866e-01 -1.2605042017e+00 4.4140978777e+00
9.9159663866e-01 -1.2268907563e+00 4.5104128414e+00
9.9159663866e-01 -1.1932773109e+00 4.6106668628e+00
9.9159663866e-01 -1.1596638655e+00 4.7150919537e+00
9.9159663866e-01 -1.1260504202e+00 4.8239385549e+00
9.9159663866e-01 -1.0924369748e+00 4.9374775619e+00
9.9159663866e-01 -1.0588235294e+00 5.0560026710e+00
9.9159663866e-01 -1.0252100840e+00 5.1798331153e+00
9.9159663866e-01 -9.9159663866e-01 5.3093168830e+00
9.9159663866e-01 -9.5798319328e-01 5.4448345294e+00
9.9159663866e-01 -9.2436974790e-01 5.5868037345e+00
9.9159663866e-01 -8.9075630252e-01 5.7356848005e+00
9.9159663866e-01 -8.5714285714e-01 5.8919873460e+00
9.9159663866e-01 -8.2352941176e-01 6.0562785397e+00
9.9159663866e-01 -7.8991596639e-01 6.2291933375e+00
9.9159663866e-01 -7.5630252101e-01 6.4114473494e+00
9.9159663866e-01 -7.2268907563e-01 6.6038532101e+00
9.9159663866e-01 -6.8907563025e-01 6.8073416707e+00
9.9159663866e-01 -6.5546218487e-01 7.0229891527e+00
9.9159663866e-01 -6.2184873950e-01 7.2520542919e+00
9.9159663866e-01 -5.8823529412e-01 7.4960272246e+00
9.9159663866e-01 -5.5462184874e-01 7.7566973248e+00
9.9159663866e-01 -5.2100840336e-01 8.0362483275e+00
9.9159663866e-01 -4.8739495798e-01 8.3373952825e+00
9.9159663866e-01 -4.5378151261e-01 8.6635875946e+00
9.9159663866e-01 -4.2016806723e-01 9.0193207524e+00
9.9159663866e-01 -3.8655462185e-01 9.4106356450e+00
9.9159663866e-01 -3.5294117647e-01 9.8459613577e+00
9.9159663866e-01 -3.1932773109e-01 1.0337635100e+01
9.9159663866e-01 -2.8571428571e-01 1.0904890270e+01
9.9159663866e-01 -2.5210084034e-01 1.1580461492e+01
9.9159663866e-01 -2.1848739496e-01 1.2427889190e+01
9.9159663866e-01 -1.8487394958e-01 1.3601225820e+01
9.9159663866e-01 -1.5126050420e-01 1.5711870064e+01
9.9159663866e-01 -1.1764705882e-01 1.7221474285e+01
9.9159663866e-01 -8.4033613445e-02 1.4848017243e+01
9.9159663866e-01 -5.0420168067e-02 1.4091010328e+01
9.9159663866e-01 -1.6806722689e-02 1.3800089782e+01
9.9159663866e-01 1.6806722689e-02 1.3800089782e+01
9.9159663866e-01 5.0420168067e-02 1.4091010328e+01
9.9159663866e-01 8.4033613445e-02 1.4848017243e+01
9.9159663866e-01 1.1764705882e-01 1.7221474285e+01
9.9159663866e-01 1.5126050420e-01 1.5711870064e+01
9.9159663866e-01 1.8487394958e-01 1.3601225820e+01
9.9159663866e-01 2.1848739496e-01 1.2427889190e+01
9.9159663866e-01 2.5210084034e-01 1.1580461492e+01
9.9159663866e-01 2.8571428571e-01 1.0904890270e+01
9.9159663866e-01 3.1932773109e-01 1.0337635100e+01
9.9159663866e-01 3.5294117647e-01 9.8459613577e+00
9.9159663866e-01 3.8655462185e-01 9.4106356450e+00
9.9159663866e-01 4.2016806723e-01 9.0193207524e+00
9.9159663866e-01 4.5378151261e-01 8.6635875946e+00
9.9159663866e-01 4.8739495798e-01 8.3373952825e+00
9.9159663866e-01 5.2100840336e-01 8.0362483275e+00
9.9159663866e-01 5.5462184874e-01 7.7566973248e+00
9.9159663866e-01 5.8823529412e-01 7.4960272246e+00
9.9159663866e-01 6.2184873950e-01 7.2520542919e+00
9.9159663866e-01 6.5546218487e-01 7.0229891527e+00
9.9159663866e-01 6.8907563025e-01 6.8073416707e+00
9.9159663866e-01 7.2268907563e-01 6.6038532101e+00
9.9159663866e-01 7.5630252101e-01 6.4114473494e+00
9.9159663866e-01 7.8991596639e-01 6.2291933375e+00
9.9159663866e-01 8.2352941176e-01 6.0562785397e+00
9.9159663866e-01 8.5714285714e-01 5.8919873460e+00
9.9159663866e-01 8.9075630252e-01 5.7356848005e+00
9.9159663866e-01 9.2436974790e-01 5.5868037345e+00
9.9159663866e-01 9.5798319328e-01 5.4448345294e+00
9.9159663866e-01 9.9159663866e-01 5.3093168830e+00
9.9159663866e-01 1.0252100840e+00 5.1798331153e+00
9.9159663866e-01 1.0588235294e+00 5.0560026710e+00
9.9159663866e-01 1.0924369748e+00 4.9374775619e+00
9.9159663866e-01 1.1260504202e+00 4.8239385549e+00
9.9159663866e-01 1.1596638655e+00 4.7150919537e+00
9.9159663866e-01 1.1932773109e+00 4.6106668628e+00
9.9159663866e-01 1.2268907563e+00 4.5104128414e+00
9.9159663866e-01 1.2605042017e+00 4.4140978777e+00
9.9159663866e-01 1.2941176471e+00 4.3215066288e+00
9.9159663866e-01 1.3277310924e+00 4.2324388814e+00
9.9159663866e-01 1.3613445378e+00 4.1467081981e+00
9.9159663866e-01 1.3949579832e+00 4.0641407194e+00
9.9159663866e-01 1.4285714286e+00 3.9845741014e+00
9.9159663866e-01 1.4621848739e+00 3.9078565653e+00
9.9159663866e-01 1.4957983193e+00 3.8338460481e+00
9.9159663866e-01 1.5294117647e+00 3.7624094370e+00
9.9159663866e-01 1.5630252101e+00 3.6934218797e+00
9.9159663866e-01 1.5966386555e+00 3.6267661596e+00
9.9159663866e-01 1.6302521008e+00 3.5623321288e+00
9.9159663866e-01 1.6638655462e+00 3.5000161925e+00
9.9159663866e-01 1.6974789916e+00 3.4397208384e+00
9.9159663866e-01 1.7310924370e+00 3.3813542066e+00
9.9159663866e-01 1.7647058824e+00 3.3248296962e+00
9.9159663866e-01 1.7983193277e+00 3.2700656041e+00
9.9159663866e-01 1.8319327731e+00 3.2169847927e+00
9.9159663866e-01 1.8655462185e+00 3.1655143853e+00
9.9159663866e-01 1.8991596639e+00 3.1155854840e+00
9.9159663866e-01 1.9327731092e+00 3.0671329105e+00
9.9159663866e-01 1.9663865546e+00 3.0200949661e+00
9.9159663866e-01 2.0000000000e+00 2.9744132099e+00

1.0252100840e+00 -2.0000000000e+00 2.9519710282e+00
1.0252100840e+00 -1.9663865546e+00 2.9966043209e+00
1.0252100840e+00 -1.9327731092e+00 3.0425289222e+00
1.0252100840e+00 -1.8991596639e+00 3.0897982730e+00
1.0252100840e+00 -1.8655462185e+00 3.1384686098e+00
1.0252100840e+00 -1.8319327731e+00 3.1885991356e+00
1.0252100840e+00 -1.7983193277e+00 3.2402522040e+00
1.0252100840e+00 -1.7647058824e+00 3.2934935144e+00
1.0252100840e+00 -1.7310924370e+00 3.3483923216e+00
1.0252100840e+00 -1.6974789916e+00 3.4050216597e+00
1.0252100840e+00 -1.6638655462e+00 3.4634585809e+00
1.0252100840e+00 -1.6302521008e+00 3.5237844119e+00
1.0252100840e+00 -1.5966386555e+00 3.5860850273e+00
1.0252100840e+00 -1.5630252101e+00 3.6504511421e+00
1.0252100840e+00 -1.5294117647e+00 3.7169786253e+00
1.0252100840e+00 -1.4957983193e+00 3.7857688350e+00
1.0252100840e+00 -1.4621848739e+00 3.8569289772e+00
1.0252100840e+00 -1.4285714286e+00 3.9305724901e+00
1.0252100840e+00 -1.3949579832e+00 4.0068194551e+00
1.0252100840e+00 -1.3613445378e+00 4.0857970375e+00
1.0252100840e+00 -1.3277310924e+00 4.1676399581e+00
1.0252100840e+00 -1.2941176471e+00 4.2524909989e+00
1.0252100840e+00 -1.2605042017e+00 4.3405015440e+00
1.0252100840e+00 -1.2268907563e+00 4.4318321604e+00
1.0252100840e+00 -1.1932773109e+00 4.5266532192e+00
1.0252100840e+00 -1.1596638655e+00 4.6251455616e+00
1.0252100840e+00 -1.1260504202e+00 4.7275012128e+00
1.0252100840e+00 -1.0924369748e+00 4.8339241453e+00
1.0252100840e+00 -1.0588235294e+00 4.9446310961e+00
1.0252100840e+00 -1.0252100840e+00 5.0598524393e+00
1.0252100840e+00 -9.9159663866e-01 5.1798331153e+00
1.0252100840e+00 -9.5798319328e-01 5.3048336177e+00
1.0252100840e+00 -9.2436974790e-01 5.4351310330e+00
1.0252100840e+00 -8.9075630252e-01 5.5710201284e+00
1.0252100840e+00 -8.5714285714e-01 5.7128144709e+00
1.0252100840e+00 -8.2352941176e-01 5.8608475543e+00
1.0252100840e+00 -7.8991596639e-01 6.0154738892e+00
1.0252100840e+00 -7.5630252101e-01 6.1770699866e+00
1.0252100840e+00 -7.2268907563e-01 6.3460351221e+00
1.0252100840e+00 -6.8907563025e-01 6.5227917018e+00
1.0252100840e+00 -6.5546218487e-01 6.7077849506e+00
1.0252100840e+00 -6.2184873950e-01 6.9014814873e+00
1.0252100840e+00 -5.8823529412e-01 7.1043661094e+00
1.0252100840e+00 -5.5462184874e-01 7.3169357368e+00
1.0252100840e+00 -5.2100840336e-01 7.5396888911e+00
1.0252100840e+00 -4.8739495798e-01 7.7731081942e+00
1.0252100840e+00 -4.5378151261e-01 8.0176320056e+00
1.0252100840e+00 -4.2016806723e-01 8.2736092260e+00
1.0252100840e+00 -3.8655462185e-01 8.5412281540e+00
1.0252100840e+00 -3.5294117647e-01 8.8204056766e+00
1.0252100840e+00 -3.1932773109e-01 9.1106166845e+00
1.0252100840e+00 -2.8571428571e-01 9.4106356450e+00
1.0252100840e+00 -2.5210084034e-01 9.7181547888e+00
1.0252100840e+00 -2.1848739496e-01 1.0029243174e+01
1.0252100840e+00 -1.8487394958e-01 1.0337635100e+01
1.0252100840e+00 -1.5126050420e-01 1.0633919295e+01
1.0252100840e+00 -1.1764705882e-01 1.0904890270e+01
1.0252100840e+00 -8.4033613445e-02 1.1133632590e+01
1.0252100840e+00 -5.0420168067e-02 1.1301168699e+01
1.0252100840e+00 -1.6806722689e-02 1.1390210352e+01
1.0252100840e+00 1.6806722689e-02 1.1390210352e+01
1.0252100840e+00 5.0420168067e-02 1.1301168699e+01
1.0252100840e+00 8.4033613445e-02 1.1133632590e+01
1.0252100840e+00 1.1764705882e-01 1.0904890270e+01
1.0252100840e+00 1.5126050420e-01 1.0633919295e+01
1.0252100840e+00 1.8487394958e-01 1.0337635100e+01
1.0252100840e+00 2.1848739496e-01 1.0029243174e+01
1.0252100840e+00 2.5210084034e-01 9.7181547888e+00
1.0252100840e+00 2.8571428571e-01 9.4106356450e+00
1.0252100840e+00 3.1932773109e-01 9.1106166845e+00
1.0252100840e+00 3.5294117647e-01 8.8204056766e+00
1.0252100840e+00 3.8655462185e-01 8.5412281540e+00
1.0252100840e+00 4.2016806723e-01 8.2736092260e+00
1.0252100840e+00 4.5378151261e-01 8.0176320056e+00
1.0252100840e+00 4.8739495798e-01 7.7731081942e+00
1.0252100840e+00 5.2100840336e-01 7.5396888911e+00
1.0252100840e+00 5.5462184874e-01 7.3169357368e+00
1.0252100840e+00 5.8823529412e-01 7.1043661094e+00
1.0252100840e+00 6.2184873950e-01 6.9014814873e+00
1.0252100840e+00 6.5546218487e-01 6.7077849506e+00
1.0252100840e+00 6.8907563025e-01 6.5227917018e+00
1.0252100840e+00 7.2268907563e-01 6.3460351221e+00
1.0252100840e+00 7.5630252101e-01 6.1770699866e+00
1.0252100840e+00 7.8991596639e-01 6.0154738892e+00
1.0252100840e+00 8.2352941176e-01 5.8608475543e+00
1.0252100840e+00 8.5714285714e-01 5.7128144709e+00
1.0252100840e+00 8.9075630252e-01 5.5710201284e+00
1.0252100840e+00 9.2436974790e-01 5.4351310330e+00
1.0252100840e+00 9.5798319328e-01 5.3048336177e+00
1.0252100840e+00 9.9159663866e-01 5.1798331153e+00
1.0252100840e+00 1.0252100840e+00 5.0598524393e+00
1.0252100840e+00 1.0588235294e+00 4.9446310961e+00
1.0252100840e+00 1.0924369748e+00 4.8339241453e+00
1.0252100840e+00 1.1260504202e+00 4.7275012128e+00
1.0252100840e+00 1.1596638655e+00 4.6251455616e+00
1.0252100840e+00 1.1932773109e+00 4.5266532192e+00
1.0252100840e+00 1.2268907563e+00 4.4318321604e+00
1.0252100840e+00 1.2605042017e+00 4.3405015440e+00
1.0252100840e+00 1.2941176471e+00 4.2524909989e+00
1.0252100840e+00 1.3277310924e+00 4.1676399581e+00
1.0252100840e+00 1.3613445378e+00 4.0857970375e+00
1.0252100840e+00 1.3949579832e+00 4.0068194551e+00
1.0252100840e+00 1.4285714286e+00 3.9305724901e+00
1.0252100840e+00 1.4621848739e+00 3.8569289772e+00
1.0252100840e+00 1.4957983193e+00 3.7857688350e+00
1.0252100840e+00 1.5294117647e+00 3.7169786253e+00
1.0252100840e+00 1.5630252101e+00 3.6504511421e+00
1.0252100840e+00 1.5966386555e+00 3.5860850273e+00
1.0252100840e+00 1.6302521008e+00 3.5237844119e+00
1.0252100840e+00 1.6638655462e+00 3.4634585809e+00
1.0252100840e+00 1.6974789916e+00 3.4050216597e+00
1.0252100840e+00 1.7310924370e+00 3.3483923216e+00
1.0252100840e+00 1.7647058824e+00 3.2934935144e+00
1.0252100840e+00 1.7983193277e+00 3.2402522040e+00
1.0252100840e+00 1.8319327731e+00 3.1885991356e+00
1.0252100840e+00 1.8655462185e+00 3.1384686098e+00
1.0252100840e+00 1.8991596639e+00 3.0897982730e+00
1.0252100840e+00 1.9327731092e+00 3.0425289222e+00
1.0252100840e+00 1.9663865546e+00 2.9966043209e+00
1.0252100840e+00 2.0000000000e+00 2.9519710282e+00

1.0588235294e+00 -2.0000000000e+00 2.9293094104e+00
1.0588235294e+00 -1.9663865546e+00 2.9729010142e+00
1.0588235294e+00 -1.9327731092e+00 3.0177208450e+00
1.0588235294e+00 -1.8991596639e+00 3.0638176182e+00
1.0588235294e+00 -1.8655462185e+00 3.1112424229e+00
1.0588235294e+00 -1.8319327731e+00 3.1600488500e+00
1.0588235294e+00 -1.7983193277e+00 3.2102931266e+00
1.0588235294e+00 -1.7647058824e+00 3.2620342572e+00
1.0588235294e+00 -1.7310924370e+00 3.3153341716e+00
1.0588235294e+00 -1.6974789916e+00 3.3702578800e+00
1.0588235294e+00 -1.6638655462e+00 3.4268736342e+00
1.0588235294e+00 -1.6302521008e+00 3.4852530962e+00
1.0588235294e+00 -1.5966386555e+00 3.5454715129e+00
1.0588235294e+00 -1.5630252101e+00 3.6076078971e+00
1.0588235294e+00 -1.5294117647e+00 3.6717452141e+00
1.0588235294e+00 -1.4957983193e+00 3.7379705725e+00
1.0588235294e+00 -1.4621848739e+00 3.8063754196e+00
1.0588235294e+00 -1.4285714286e+00 3.8770557379e+00
1.0588235294e+00 -1.3949579832e+00 3.9501122430e+00
1.0588235294e+00 -1.3613445378e+00 4.0256505786e+00
1.0588235294e+00 -1.3277310924e+00 4.1037815069e+00
1.0588235294e+00 -1.2941176471e+00 4.1846210893e+00
1.0588235294e+00 -1.2605042017e+00 4.2682908536e+00
1.0588235294e+00 -1.2268907563e+00 4.3549179398e+00
1.0588235294e+00 -1.1932773109e+00 4.4446352181e+00
1.0588235294e+00 -1.1596638655e+00 4.5375813681e+00
1.0588235294e+00 -1.1260504202e+00 4.6339009061e+00
1.0588235294e+00 -1.0924369748e+00 4.7337441463e+00
1.0588235294e+00 -1.0588235294e+00 4.8372670722e+00
1.0588235294e+00 -1.0252100840e+00 4.9446310961e+00
1.0588235294e+00 -9.9159663866e-01 5.0560026710e+00
1.0588235294e+00 -9.5798319328e-01 5.1715527136e+00
1.0588235294e+00 -9.2436974790e-01 5.2914557856e+00
1.0588235294e+00 -8.9075630252e-01 5.4158889614e+00
1.0588235294e+00 -8.5714285714e-01 5.5450302945e+00
1.0588235294e+00 -8.2352941176e-01 5.6790567656e+00
1.0588235294e+00 -7.8991596639e-01 5.8181415595e+00
1.0588235294e+00 -7.5630252101e-01 5.9624504747e+00
1.0588235294e+00 -7.2268907563e-01 6.1121372060e+00
1.0588235294e+00 -6.8907563025e-01 6.2673371630e+00
1.0588235294e+00 -6.5546218487e-01 6.4281593820e+00
1.0588235294e+00 -6.2184873950e-01 6.5946759576e+00
1.0588235294e+00 -5.8823529412e-01 6.7669082511e+00
1.0588235294e+00 -5.5462184874e-01 6.9448089250e+00
1.0588235294e+00 -5.2100840336e-01 7.1282386092e+00
1.0588235294e+00 -4.8739495798e-01 7.3169357368e+00
1.0588235294e+00 -4.5378151261e-01 7.5104778361e+00
1.0588235294e+00 -4.2016806723e-01 7.7082324186e+00
1.0588235294e+00 -3.8655462185e-01 7.9092957188e+00
1.0588235294e+00 -3.5294117647e-01 8.1124182234e+00
1.0588235294e+00 -3.1932773109e-01 8.3159176368e+00
1.0588235294e+00 -2.8571428571e-01 8.5175833458e+00
1.0588235294e+00 -2.5210084034e-01 8.7145823907e+00
1.0588235294e+00 -2.1848739496e-01 8.9033859997e+00
1.0588235294e+00 -1.8487394958e-01 9.0797474733e+00
1.0588235294e+00 -1.5126050420e-01 9.2387736782e+00
1.0588235294e+00 -1.1764705882e-01 9.3751366488e+00
1.0588235294e+00 -8.4033613445e-02 9.4834578650e+00
1.0588235294e+00 -5.0420168067e-02 9.5588557070e+00
1.0588235294e+00 -1.6806722689e-02 9.5975786413e+00
1.0588235294e+00 1.6806722689e-02 9.5975786413e+00
1.0588235294e+00 5.0420168067e-02 9.5588557070e+00
1.0588235294e+00 8.4033613445e-02 9.4834578650e+00
1.0588235294e+00 1.1764705882e-01 9.3751366488e+00
1.0588235294e+00 1.5126050420e-01 9.2387736782e+00
1.0588235294e+00 1.8487394958e-01 9.0797474733e+00
1.0588235294e+00 2.1848739496e-01 8.9033859997e+00
1.0588235294e+00 2.5210084034e-01 8.7145823907e+00
1.0588235294e+00 2.8571428571e-01 8.5175833458e+00
1.0588235294e+00 3.1932773109e-01 8.3159176368e+00
1.0588235294e+00 3.5294117647e-01 8.1124182234e+00
1.0588235294e+00 3.8655462185e-01 7.9092957188e+00
1.0588235294e+00 4.2016806723e-01 7.7082324186e+00
1.0588235294e+00 4.5378151261e-01 7.5104778361e+00
1.0588235294e+00 4.8739495798e-01 7.3169357368e+00
1.0588235294e+00 5.2100840336e-01 7.1282386092e+00
1.0588235294e+00 5.5462184874e-01 6.9448089250e+00
1.0588235294e+00 5.8823529412e-01 6.7669082511e+00
1.0588235294e+00 6.2184873950e-01 6.5946759576e+00
1.0588235294e+00 6.5546218487e-01 6.4281593820e+00
1.0588235294e+00 6.8907563025e-01 6.2673371630e+00
1.0588235294e+00 7.2268907563e-01 6.1121372060e+00
1.0588235294e+00 7.5630252101e-01 5.9624504747e+00
1.0588235294e+00 7.8991596639e-01 5.8181415595e+00
1.0588235294e+00 8.2352941176e-01 5.6790567656e+00
1.0588235294e+00 8.5714285714e-01 5.5450302945e+00
1.0588235294e+00 8.9075630252e-01 5.4158889614e+00
1.0588235294e+00 9.2436974790e-01 5.2914557856e+00
1.0588235294e+00 9.5798319328e-01 5.1715527136e+00
1.0588235294e+00 9.9159663866e-01 5.0560026710e+00
1.0588235294e+00 1.0252100840e+00 4.9446310961e+00
1.0588235294e+00 1.0588235294e+00 4.8372670722e+00
1.0588235294e+00 1.0924369748e+00 4.7337441463e+00
1.0588235294e+00 1.1260504202e+00 4.6339009061e+00
1.0588235294e+00 1.1596638655e+00 4.5375813681e+00
1.0588235294e+00 1.1932773109e+00 4.4446352181e+00
1.0588235294e+00 1.2268907563e+00 4.3549179398e+00
1.0588235294e+00 1.2605042017e+00 4.2682908536e+00
1.0588235294e+00 1.2941176471e+00 4.1846210893e+00
1.0588235294e+00 1.3277310924e+00 4.1037815069e+00
1.0588235294e+00 1.3613445378e+00 4.0256505786e+00
1.0588235294e+00 1.3949579832e+00 3.9501122430e+00
1.0588235294e+00 1.4285714286e+00 3.8770557379e+00
1.0588235294e+00 1.4621848739e+00 3.8063754196e+00
1.0588235294e+00 1.4957983193e+00 3.7379705725e+00
1.0588235294e+00 1.5294117647e+00 3.6717452141e+00
1.0588235294e+00 1.5630252101e+00 3.6076078971e+00
1.0588235294e+00 1.5966386555e+00 3.5454715129e+00
1.0588235294e+00 1.6302521008e+00 3.4852530962e+00
1.0588235294e+00 1.6638655462e+00 3.4268736342e+00
1.0588235294e+00 1.6974789916e+00 3.3702578800e+00
1.0588235294e+00 1.7310924370e+00 3.3153341716e+00
1.0588235294e+00 1.7647058824e+00 3.2620342572e+00
1.0588235294e+00 1.7983193277e+00 3.2102931266e+00
1.0588235294e+00 1.8319327731e+00 3.1600488500e+00
1.0588235294e+00 1.8655462185e+00 3.1112424229e+00
1.0588235294e+00 1.8991596639e+00 3.0638176182e+00
1.0588235294e+00 1.9327731092e+00 3.0177208450e+00
1.0588235294e+00 1.9663865546e+00 2.9729010142e+00
1.0588235294e+00 2.0000000000e+00 2.9293094104e+00

1.0924369748e+00 -2.0000000000e+00 2.9064588086e+00
1.0924369748e+00 -1.9663865546e+00 2.9490171897e+00
1.0924369748e+00 -1.9327731092e+00 2.9927425934e+00
1.0924369748e+00 -1.8991596639e+00 3.0376792815e+00
1.0924369748e+00 -1.8655462185e+00 3.0838735070e+00
1.0924369748e+00 -1.8319327731e+00 3.1313736047e+00
1.0924369748e+00 -1.7983193277e+00 3.1802300842e+00
1.0924369748e+00 -1.7647058824e+00 3.2304957237e+00
1.0924369748e+00 -1.7310924370e+00 3.2822256672e+00
1.0924369748e+00 -1.6974789916e+00 3.3354775207e+00
1.0924369748e+00 -1.6638655462e+00 3.3903114500e+00
1.0924369748e+00 -1.6302521008e+00 3.4467902769e+00
1.0924369748e+00 -1.5966386555e+00 3.5049795739e+00
1.0924369748e+00 -1.5630252101e+00 3.5649477546e+00
1.0924369748e+00 -1.5294117647e+00 3.6267661596e+00
1.0924369748e+00 -1.4957983193e+00 3.6905091344e+00
1.0924369748e+00 -1.4621848739e+00 3.7562540971e+00
1.0924369748e+00 -1.4285714286e+00 3.8240815919e+00
1.0924369748e+00 -1.3949579832e+00 3.8940753261e+00
1.0924369748e+00 -1.3613445378e+00 3.9663221831e+00
1.0924369748e+00 -1.3277310924e+00 4.0409122077e+00
1.0924369748e+00 -1.2941176471e+00 4.1179385553e+00
1.0924369748e+00 -1.2605042017e+00 4.1974973966e+00
1.0924369748e+00 -1.2268907563e+00 4.2796877673e+00
1.0924369748e+00 -1.1932773109e+00 4.3646113500e+00
1.0924369748e+00 -1.1596638655e+00 4.4523721723e+00
1.0924369748e+00 -1.1260504202e+00 4.5430762031e+00
1.0924369748e+00 -1.0924369748e+00 4.6368308237e+00
1.0924369748e+00 -1.0588235294e+00 4.7337441463e+00
1.0924369748e+00 -1.0252100840e+00 4.8339241453e+00
1.0924369748e+00 -9.9159663866e-01 4.9374775619e+00
1.0924369748e+00 -9.5798319328e-01 5.0445085301e+00
1.0924369748e+00 -9.2436974790e-01 5.1551168636e+00
1.0924369748e+00 -8.9075630252e-01 5.2693959299e+00
1.0924369748e+00 -8.5714285714e-01 5.3874300190e+00
1.0924369748e+00 -8.2352941176e-01 5.5092910975e+00
1.0924369748e+00 -7.8991596639e-01 5.6350348118e+00
1.0924369748e+00 -7.5630252101e-01 5.7646955800e+00
1.0924369748e+00 -7.2268907563e-01 5.8982805761e+00
1.0924369748e+00 -6.8907563025e-01 6.0357623746e+00
1.0924369748e+00 -6.5546218487e-01 6.1770699866e+00
1.0924369748e+00 -6.2184873950e-01 6.3220779766e+00
1.0924369748e+00 -5.8823529412e-01 6.4705933209e+00
1.0924369748e+00 -5.5462184874e-01 6.6223396538e+00
1.0924369748e+00 -5.2100840336e-01 6.7769385711e+00
1.0924369748e+00 -4.8739495798e-01 6.9338877458e+00
1.0924369748e+00 -4.5378151261e-01 7.0925358076e+00
1.0924369748e+00 -4.2016806723e-01 7.2520542919e+00
1.0924369748e+00 -3.8655462185e-01 7.4114075644e+00
1.0924369748e+00 -3.5294117647e-01 7.5693225435e+00
1.0924369748e+00 -3.1932773109e-01 7.7242613532e+00
1.0924369748e+00 -2.8571428571e-01 7.8744017363e+00
1.0924369748e+00 -2.5210084034e-01 8.0176320056e+00
1.0924369748e+00 -2.1848739496e-01 8.1515691046e+00
1.0924369748e+00 -1.8487394958e-01 8.2736092260e+00
1.0924369748e+00 -1.5126050420e-01 8.3810192840e+00
1.0924369748e+00 -1.1764705882e-01 8.4710731389e+00
1.0924369748e+00 -8.4033613445e-02 8.5412281540e+00
1.0924369748e+00 -5.0420168067e-02 8.5893262121e+00
1.0924369748e+00 -1.6806722689e-02 8.6137916730e+00
1.0924369748e+00 1.6806722689e-02 8.6137916730e+00
1.0924369748e+00 5.0420168067e-02 8.5893262121e+00
1.0924369748e+00 8.4033613445e-02 8.5412281540e+00
1.0924369748e+00 1.1764705882e-01 8.4710731389e+00
1.0924369748e+00 1.5126050420e-01 8.3810192840e+00
1.0924369748e+00 1.8487394958e-01 8.2736092260e+00
1.0924369748e+00 2.1848739496e-01 8.1515691046e+00
1.0924369748e+00 2.5210084034e-01 8.0176320056e+00
1.0924369748e+00 2.8571428571e-01 7.8744017363e+00
1.0924369748e+00 3.1932773109e-01 7.7242613532e+00
1.0924369748e+00 3.5294117647e-01 7.5693225435e+00
1.0924369748e+00 3.8655462185e-01 7.4114075644e+00
1.0924369748e+00 4.2016806723e-01 7.2520542919e+00
1.0924369748e+00 4.5378151261e-01 7.0925358076e+00
1.0924369748e+00 4.8739495798e-01 6.9338877458e+00
1.0924369748e+00 5.2100840336e-01 6.7769385711e+00
1.0924369748e+00 5.5462184874e-01 6.6223396538e+00
1.0924369748e+00 5.8823529412e-01 6.4705933209e+00
1.0924369748e+00 6.2184873950e-01 6.3220779766e+00
1.0924369748e+00 6.5546218487e-01 6.1770699866e+00
1.0924369748e+00 6.8907563025e-01 6.0357623746e+00
1.0924369748e+00 7.2268907563e-01 5.8982805761e+00
1.0924369748e+00 7.5630252101e-01 5.7646955800e+00
1.0924369748e+00 7.8991596639e-01 5.6350348118e+00
1.0924369748e+00 8.2352941176e-01 5.5092910975e+00
1.0924369748e+00 8.5714285714e-01 5.3874300190e+00
1.0924369748e+00 8.9075630252e-01 5.2693959299e+00
1.0924369748e+00 9.2436974790e-01 5.1551168636e+00
1.0924369748e+00 9.5798319328e-01 5.0445085301e+00
1.0924369748e+00 9.9159663866e-01 4.9374775619e+00
1.0924369748e+00 1.0252100840e+00 4.8339241453e+00
1.0924369748e+00 1.0588235294e+00 4.7337441463e+00
1.0924369748e+00 1.0924369748e+00 4.6368308237e+00
1.0924369748e+00 1.1260504202e+00 4.5430762031e+00
1.0924369748e+00 1.1596638655e+00 4.4523721723e+00
1.0924369748e+00 1.1932773109e+00 4.3646113500e+00
1.0924369748e+00 1.2268907563e+00 4.2796877673e+00
1.0924369748e+00 1.2605042017e+00 4.1974973966e+00
1.0924369748e+00 1.2941176471e+00 4.1179385553e+00
1.0924369748e+00 1.3277310924e+00 4.0409122077e+00
1.0924369748e+00 1.3613445378e+00 3.9663221831e+00
1.0924369748e+00 1.3949579832e+00 3.8940753261e+00
1.0924369748e+00 1.4285714286e+00 3.8240815919e+00
1.0924369748e+00 1.4621848739e+00 3.7562540971e+00
1.0924369748e+00 1.4957983193e+00 3.6905091344e+00
1.0924369748e+00 1.5294117647e+00 3.6267661596e+00
1.0924369748e+00 1.5630252101e+00 3.5649477546e+00
1.0924369748e+00 1.5966386555e+00 3.5049795739e+00
1.0924369748e+00 1.6302521008e+00 3.4467902769e+00
1.0924369748e+00 1.6638655462e+00 3.3903114500e+00
1.0924369748e+00 1.6974789916e+00 3.3354775207e+00
1.0924369748e+00 1.7310924370e+00 3.2822256672e+00
1.0924369748e+00 1.7647058824e+00 3.2304957237e+00
1.0924369748e+00 1.7983193277e+00 3.1802300842e+00
1.0924369748e+00 1.8319327731e+00 3.1313736047e+00
1.0924369748e+00 1.8655462185e+00 3.0838735070e+00
1.0924369748e+00 1.8991596639e+00 3.0376792815e+00
1.0924369748e+00 1.9327731092e+00 2.9927425934e+00
1.0924369748e+00 1.9663865546e+00 2.9490171897e+00
1.0924369748e+00 2.0000000000e+00 2.9064588086e+00

1.1260504202e+00 -2.0000000000e+00 2.8834484557e+00
1.1260504202e+00 -1.9663865546e+00 2.9249836231e+00
1.1260504202e+00 -1.9327731092e+00 2.9676265476e+00
1.1260504202e+00 -1.8991596639e+00 3.0114173052e+00
1.1260504202e+00 -1.8655462185e+00 3.0563976181e+00
1.1260504202e+00 -1.8319327731e+00 3.1026109131e+00
1.1260504202e+00 -1.7983193277e+00 3.1501023784e+00
1.1260504202e+00 -1.7647058824e+00 3.1989190192e+00
1.1260504202e+00 -1.7310924370e+00 3.2491097109e+00
1.1260504202e+00 -1.6974789916e+00 3.3007252479e+00
1.1260504202e+00 -1.6638655462e+00 3.3538183887e+00
1.1260504202e+00 -1.6302521008e+00 3.4084438934e+00
1.1260504202e+00 -1.5966386555e+00 3.4646585539e+00
1.1260504202e+00 -1.5630252101e+00 3.5225212129e+00
1.1260504202e+00 -1.5294117647e+00 3.5820927711e+00
1.1260504202e+00 -1.4957983193e+00 3.6434361768e+00
1.1260504202e+00 -1.4621848739e+00 3.7066163971e+00
1.1260504202e+00 -1.4285714286e+00 3.7717003643e+00
1.1260504202e+00 -1.3949579832e+00 3.8387568937e+00
1.1260504202e+00 -1.3613445378e+00 3.9078565653e+00
1.1260504202e+00 -1.3277310924e+00 3.9790715640e+00
1.1260504202e+00 -1.2941176471e+00 4.0524754683e+00
1.1260504202e+00 -1.2605042017e+00 4.1281429782e+00
1.1260504202e+00 -1.2268907563e+00 4.2061495700e+00
1.1260504202e+00 -1.1932773109e+00 4.2865710643e+00
1.1260504202e+00 -1.1596638655e+00 4.3694830906e+00
1.1260504202e+00 -1.1260504202e+00 4.4549604286e+00
1.1260504202e+00 -1.0924369748e+00 4.5430762031e+00
1.1260504202e+00 -1.0588235294e+00 4.6339009061e+00
1.1260504202e+00 -1.0252100840e+00 4.7275012128e+00
1.1260504202e+00 -9.9159663866e-01 4.8239385549e+00
1.1260504202e+00 -9.5798319328e-01 4.9232674065e+00
1.1260504202e+00 -9.2436974790e-01 5.0255332321e+00
1.1260504202e+00 -8.9075630252e-01 5.1307700351e+00
1.1260504202e+00 -8.5714285714e-01 5.2389974401e+00
1.1260504202e+00 -8.2352941176e-01 5.3502172280e+00
1.1260504202e+00 -7.8991596639e-01 5.4644092364e+00
1.1260504202e+00 -7.5630252101e-01 5.5815265249e+00
1.1260504202e+00 -7.2268907563e-01 5.7014896992e+00
1.1260504202e+00 -6.8907563025e-01 5.8241802818e+00
1.1260504202e+00 -6.5546218487e-01 5.9494330194e+00
1.1260504202e+00 -6.2184873950e-01 6.0770270314e+00
1.1260504202e+00 -5.8823529412e-01 6.2066757324e+00
1.1260504202e+00 -5.5462184874e-01 6.3380155208e+00
1.1260504202e+00 -5.2100840336e-01 6.4705933209e+00
1.1260504202e+00 -4.8739495798e-01 6.6038532101e+00
1.1260504202e+00 -4.5378151261e-01 6.7371225853e+00
1.1260504202e+00 -4.2016806723e-01 6.8695986171e+00
1.1260504202e+00 -3.8655462185e-01 7.0003361400e+00
1.1260504202e+00 -3.5294117647e-01 7.1282386092e+00
1.1260504202e+00 -3.1932773109e-01 7.2520542919e+00
1.1260504202e+00 -2.8571428571e-01 7.3703803788e+00
1.1260504202e+00 -2.5210084034e-01 7.4816780502e+00
1.1260504202e+00 -2.1848739496e-01 7.5843015140e+00
1.1260504202e+00 -1.8487394958e-01 7.6765433901e+00
1.1260504202e+00 -1.5126050420e-01 7.7566973248e+00
1.1260504202e+00 -1.1764705882e-01 7.8231362782e+00
1.1260504202e+00 -8.4033613445e-02 7.8744017363e+00
1.1260504202e+00 -5.0420168067e-02 7.9092957188e+00
1.1260504202e+00 -1.6806722689e-02 7.9269648386e+00
1.1260504202e+00 1.6806722689e-02 7.9269648386e+00
1.1260504202e+00 5.0420168067e-02 7.9092957188e+00
1.1260504202e+00 8.4033613445e-02 7.8744017363e+00
1.1260504202e+00 1.1764705882e-01 7.8231362782e+00
1.1260504202e+00 1.5126050420e-01 7.7566973248e+00
1.1260504202e+00 1.8487394958e-01 7.6765433901e+00
1.1260504202e+00 2.1848739496e-01 7.5843015140e+00
1.1260504202e+00 2.5210084034e-01 7.4816780502e+00
1.1260504202e+00 2.8571428571e-01 7.3703803788e+00
1.1260504202e+00 3.1932773109e-01 7.2520542919e+00
1.1260504202e+00 3.5294117647e-01 7.1282386092e+00
1.1260504202e+00 3.8655462185e-01 7.0003361400e+00
1.1260504202e+00 4.2016806723e-01 6.8695986171e+00
1.1260504202e+00 4.5378151261e-01 6.7371225853e+00
1.1260504202e+00 4.8739495798e-01 6.6038532101e+00
1.1260504202e+00 5.2100840336e-01 6.4705933209e+00
1.1260504202e+00 5.5462184874e-01 6.3380155208e+00
1.1260504202e+00 5.8823529412e-01 6.2066757324e+00
1.1260504202e+00 6.2184873950e-01 6.0770270314e+00
1.1260504202e+00 6.5546218487e-01 5.9494330194e+00
1.1260504202e+00 6.8907563025e-01 5.8241802818e+00
1.1260504202e+00 7.2268907563e-01 5.7014896992e+00
1.1260504202e+00 7.5630252101e-01 5.5815265249e+00
1.1260504202e+00 7.8991596639e-01 5.4644092364e+00
1.1260504202e+00 8.2352941176e-01 5.3502172280e+00
1.1260504202e+00 8.5714285714e-01 5.2389974401e+00
1.1260504202e+00 8.9075630252e-01 5.1307700351e+00
1.1260504202e+00 9.2436974790e-01 5.0255332321e+00
1.1260504202e+00 9.5798319328e-01 4.9232674065e+00
1.1260504202e+00 9.9159663866e-01 4.8239385549e+00
1.1260504202e+00 1.0252100840e+00 4.7275012128e+00
1.1260504202e+00 1.0588235294e+00 4.6339009061e+00
1.1260504202e+00 1.0924369748e+00 4.5430762031e+00
1.1260504202e+00 1.1260504202e+00 4.4549604286e+00
1.1260504202e+00 1.1596638655e+00 4.3694830906e+00
1.1260504202e+00 1.1932773109e+00 4.2865710643e+00
1.1260504202e+00 1.2268907563e+00 4.2061495700e+00
1.1260504202e+00 1.2605042017e+00 4.1281429782e+00
1.1260504202e+00 1.2941176471e+00 4.0524754683e+00
1.1260504202e+00 1.3277310924e+00 3.9790715640e+00
1.1260504202e+00 1.3613445378e+00 3.9078565653e+00
1.1260504202e+00 1.3949579832e+00 3.8387568937e+00
1.1260504202e+00 1.4285714286e+00 3.7717003643e+00
1.1260504202e+00 1.4621848739e+00 3.7066163971e+00
1.1260504202e+00 1.4957983193e+00 3.6434361768e+00
1.1260504202e+00 1.5294117647e+00 3.5820927711e+00
1.1260504202e+00 1.5630252101e+00 3.5225212129e+00
1.1260504202e+00 1.5966386555e+00 3.4646585539e+00
1.1260504202e+00 1.6302521008e+00 3.4084438934e+00
1.1260504202e+00 1.6638655462e+00 3.3538183887e+00
1.1260504202e+00 1.6974789916e+00 3.3007252479e+00
1.1260504202e+00 1.7310924370e+00 3.2491097109e+00
1.1260504202e+00 1.7647058824e+00 3.1989190192e+00
1.1260504202e+00 1.7983193277e+00 3.1501023784e+00
1.1260504202e+00 1.8319327731e+00 3.1026109131e+00
1.1260504202e+00 1.8655462185e+00 3.0563976181e+00
1.1260504202e+00 1.8991596639e+00 3.0114173052e+00
1.1260504202e+00 1.9327731092e+00 2.9676265476e+00
1.1260504202e+00 1.9663865546e+00 2.9249836231e+00
1.1260504202e+00 2.0000000000e+00 2.8834484557e+00

1.1596638655e+00 -2.0000000000e+00 2.8603063380e+00
1.1596638655e+00 -1.9663865546e+00 2.9008296987e+00
1.1596638655e+00 -1.9327731092e+00 2.9424035354e+00
1.1596638655e+00 -1.8991596639e+00 2.9850640009e+00
1.1596638655e+00 -1.8655462185e+00 3.0288485841e+00
1.1596638655e+00 -1.8319327731e+00 3.0737961410e+00
1.1596638655e+00 -1.7983193277e+00 3.1199469216e+00
1.1596638655e+00 -1.7647058824e+00 3.1673425928e+00
1.1596638655e+00 -1.7310924370e+00 3.2160262561e+00
1.1596638655e+00 -1.6974789916e+00 3.2660424574e+00
1.1596638655e+00 -1.6638655462e+00 3.3174371887e+00
1.1596638655e+00 -1.6302521008e+00 3.3702578800e+00
1.1596638655e+00 -1.5966386555e+00 3.4245533775e+00
1.1596638655e+00 -1.5630252101e+00 3.4803739074e+00
1.1596638655e+00 -1.5294117647e+00 3.5377710220e+00
1.1596638655e+00 -1.4957983193e+00 3.5967975232e+00
1.1596638655e+00 -1.4621848739e+00 3.6575073614e+00
1.1596638655e+00 -1.4285714286e+00 3.7199555037e+00
1.1596638655e+00 -1.3949579832e+00 3.7841977665e+00
1.1596638655e+00 -1.3613445378e+00 3.8502906057e+00
1.1596638655e+00 -1.3277310924e+00 3.9182908576e+00
1.1596638655e+00 -1.2941176471e+00 3.9882554218e+00
1.1596638655e+00 -1.2605042017e+00 4.0602408758e+00
1.1596638655e+00 -1.2268907563e+00 4.1343030095e+00
1.1596638655e+00 -1.1932773109e+00 4.2104962681e+00
1.1596638655e+00 -1.1596638655e+00 4.2888730851e+00
1.1596638655e+00 -1.1260504202e+00 4.3694830906e+00
1.1596638655e+00 -1.0924369748e+00 4.4523721723e+00
1.1596638655e+00 -1.0588235294e+00 4.5375813681e+00
1.1596638655e+00 -1.0252100840e+00 4.6251455616e+00
1.1596638655e+00 -9.9159663866e-01 4.7150919537e+00
1.1596638655e+00 -9.5798319328e-01 4.8074382730e+00
1.1596638655e+00 -9.2436974790e-01 4.9021906917e+00
1.1596638655e+00 -8.9075630252e-01 4.9993414029e+00
1.1596638655e+00 -8.5714285714e-01 5.0988658172e+00
1.1596638655e+00 -8.2352941176e-01 5.2007193306e+00
1.1596638655e+00 -7.8991596639e-01 5.3048336177e+00
1.1596638655e+00 -7.5630252101e-01 5.4111124029e+00
1.1596638655e+00 -7.2268907563e-01 5.5194266704e+00
1.1596638655e+00 -6.8907563025e-01 5.6296092835e+00
1.1596638655e+00 -6.5546218487e-01 5.7414490035e+00
1.1596638655e+00 -6.2184873950e-01 5.8546839285e+00
1.1596638655e+00 -5.8823529412e-01 5.9689944199e+00
1.1596638655e+00 -5.5462184874e-01 6.0839956470e+00
1.1596638655e+00 -5.2100840336e-01 6.1992299719e+00
1.1596638655e+00 -4.8739495798e-01 6.3141595141e+00
1.1596638655e+00 -4.5378151261e-01 6.4281593820e+00
1.1596638655e+00 -4.2016806723e-01 6.5405122371e+00
1.1596638655e+00 -3.8655462185e-01 6.6504050537e+00
1.1596638655e+00 -3.5294117647e-01 6.7569291336e+00
1.1596638655e+00 -3.1932773109e-01 6.8590846009e+00
1.1596638655e+00 -2.8571428571e-01 6.9557906760e+00
1.1596638655e+00 -2.5210084034e-01 7.0459029541e+00
1.1596638655e+00 -2.1848739496e-01 7.1282386092e+00
1.1596638655e+00 -1.8487394958e-01 7.2016098482e+00
1.1596638655e+00 -1.5126050420e-01 7.2648650353e+00
1.1596638655e+00 -1.1764705882e-01 7.3169357368e+00
1.1596638655e+00 -8.4033613445e-02 7.3568866604e+00
1.1596638655e+00 -5.0420168067e-02 7.3839643320e+00
1.1596638655e+00 -1.6806722689e-02 7.3976396698e+00
1.1596638655e+00 1.6806722689e-02 7.3976396698e+00
1.1596638655e+00 5.0420168067e-02 7.3839643320e+00
1.1596638655e+00 8.4033613445e-02 7.3568866604e+00
1.1596638655e+00 1.1764705882e-01 7.3169357368e+00
1.1596638655e+00 1.5126050420e-01 7.2648650353e+00
1.1596638655e+00 1.8487394958e-01 7.2016098482e+00
1.1596638655e+00 2.1848739496e-01 7.1282386092e+00
1.1596638655e+00 2.5210084034e-01 7.0459029541e+00
1.1596638655e+00 2.8571428571e-01 6.9557906760e+00
1.1596638655e+00 3.1932773109e-01 6.8590846009e+00
1.1596638655e+00 3.5294117647e-01 6.7569291336e+00
1.1596638655e+00 3.8655462185e-01 6.6504050537e+00
1.1596638655e+00 4.2016806723e-01 6.5405122371e+00
1.1596638655e+00 4.5378151261e-01 6.4281593820e+00
1.1596638655e+00 4.8739495798e-01 6.3141595141e+00
1.1596638655e+00 5.2100840336e-01 6.1992299719e+00
1.1596638655e+00 5.5462184874e-01 6.0839956470e+00
1.1596638655e+00 5.8823529412e-01 5.9689944199e+00
1.1596638655e+00 6.2184873950e-01 5.8546839285e+00
1.1596638655e+00 6.5546218487e-01 5.7414490035e+00
1.1596638655e+00 6.8907563025e-01 5.6296092835e+00
1.1596638655e+00 7.2268907563e-01 5.5194266704e+00
1.1596638655e+00 7.5630252101e-01 5.4111124029e+00
1.1596638655e+00 7.8991596639e-01 5.3048336177e+00
1.1596638655e+00 8.2352941176e-01 5.2007193306e+00
1.1596638655e+00 8.5714285714e-01 5.0988658172e+00
1.1596638655e+00 8.9075630252e-01 4.9993414029e+00
1.1596638655e+00 9.2436974790e-01 4.9021906917e+00
1.1596638655e+00 9.5798319328e-01 4.8074382730e+00
1.1596638655e+00 9.9159663866e-01 4.7150919537e+00
1.1596638655e+00 1.0252100840e+00 4.6251455616e+00
1.1596638655e+00 1.0588235294e+00 4.5375813681e+00
1.1596638655e+00 1.0924369748e+00 4.4523721723e+00
1.1596638655e+00 1.1260504202e+00 4.3694830906e+00
1.1596638655e+00 1.1596638655e+00 4.2888730851e+00
1.1596638655e+00 1.1932773109e+00 4.2104962681e+00
1.1596638655e+00 1.2268907563e+00 4.1343030095e+00
1.1596638655e+00 1.2605042017e+00 4.0602408758e+00
1.1596638655e+00 1.2941176471e+00 3.9882554218e+00
1.1596638655e+00 1.3277310924e+00 3.9182908576e+00
1.1596638655e+00 1.3613445378e+00 3.8502906057e+00
1.1596638655e+00 1.3949579832e+00 3.7841977665e+00
1.1596638655e+00 1.4285714286e+00 3.7199555037e+00
1.1596638655e+00 1.4621848739e+00 3.6575073614e+00
1.1596638655e+00 1.4957983193e+00 3.5967975232e+00
1.1596638655e+00 1.5294117647e+00 3.5377710220e+00
1.1596638655e+00 1.5630252101e+00 3.4803739074e+00
1.1596638655e+00 1.5966386555e+00 3.4245533775e+00
1.1596638655e+00 1.6302521008e+00 3.3702578800e+00
1.1596638655e+00 1.6638655462e+00 3.3174371887e+00
1.1596638655e+00 1.6974789916e+00 3.2660424574e+00
1.1596638655e+00 1.7310924370e+00 3.2160262561e+00
1.1596638655e+00 1.7647058824e+00 3.1673425928e+00
1.1596638655e+00 1.7983193277e+00 3.1199469216e+00
1.1596638655e+00 1.8319327731e+00 3.0737961410e+00
1.1596638655e+00 1.8655462185e+00 3.0288485841e+00
1.1596638655e+00 1.8991596639e+00 2.9850640009e+00
1.1596638655e+00 1.9327731092e+00 2.9424035354e+00
1.1596638655e+00 1.9663865546e+00 2.9008296987e+00
1.1596638655e+00 2.0000000000e+00 2.8603063380e+00

1.1932773109e+00 -2.0000000000e+00 2.8370591786e+00
1.1932773109e+00 -1.9663865546e+00 2.8765833971e+00
1.1932773109e+00 -1.9327731092e+00 2.9171028258e+00
1.1932773109e+00 -1.8991596639e+00 2.9586499503e+00
1.1932773109e+00 -1.8655462185e+00 3.0012583145e+00
1.1932773109e+00 -1.8319327731e+00 3.0449625289e+00
1.1932773109e+00 -1.7983193277e+00 3.0897982730e+00
1.1932773109e+00 -1.7647058824e+00 3.1358022914e+00
1.1932773109e+00 -1.7310924370e+00 3.1830123816e+00
1.1932773109e+00 -1.6974789916e+00 3.2314673733e+00
1.1932773109e+00 -1.6638655462e+00 3.2812070957e+00
1.1932773109e+00 -1.6302521008e+00 3.3322723321e+00
1.1932773109e+00 -1.5966386555e+00 3.3847047595e+00
1.1932773109e+00 -1.5630252101e+00 3.4385468695e+00
1.1932773109e+00 -1.5294117647e+00 3.4938418680e+00
1.1932773109e+00 -1.4957983193e+00 3.5506335511e+00
1.1932773109e+00 -1.4621848739e+00 3.6089661512e+00
1.1932773109e+00 -1.4285714286e+00 3.6688841500e+00
1.1932773109e+00 -1.3949579832e+00 3.7304320531e+00
1.1932773109e+00 -1.3613445378e+00 3.7936541190e+00
1.1932773109e+00 -1.3277310924e+00 3.8585940366e+00
1.1932773109e+00 -1.2941176471e+00 3.9252945428e+00
1.1932773109e+00 -1.2605042017e+00 3.9937969708e+00
1.1932773109e+00 -1.2268907563e+00 4.0641407194e+00
1.1932773109e+00 -1.1932773109e+00 4.1363626315e+00
1.1932773109e+00 -1.1596638655e+00 4.2104962681e+00
1.1932773109e+00 -1.1260504202e+00 4.2865710643e+00
1.1932773109e+00 -1.0924369748e+00 4.3646113500e+00
1.1932773109e+00 -1.0588235294e+00 4.4446352181e+00
1.1932773109e+00 -1.0252100840e+00 4.5266532192e+00
1.1932773109e+00 -9.9159663866e-01 4.6106668628e+00
1.1932773109e+00 -9.5798319328e-01 4.6966669021e+00
1.1932773109e+00 -9.2436974790e-01 4.7846313769e+00
1.1932773109e+00 -8.9075630252e-01 4.8745233933e+00
1.1932773109e+00 -8.5714285714e-01 4.9662886138e+00
1.1932773109e+00 -8.2352941176e-01 5.0598524393e+00
1.1932773109e+00 -7.8991596639e-01 5.1551168636e+00
1.1932773109e+00 -7.5630252101e-01 5.2519569925e+00
1.1932773109e+00 -7.2268907563e-01 5.3502172280e+00
1.1932773109e+00 -6.8907563025e-01 5.4497071357e+00
1.1932773109e+00 -6.5546218487e-01 5.5501970364e+00
1.1932773109e+00 -6.2184873950e-01 5.6514133944e+00
1.1932773109e+00 -5.8823529412e-01 5.7530341167e+00
1.1932773109e+00 -5.5462184874e-01 5.8546839285e+00
1.1932773109e+00 -5.2100840336e-01 5.9559300583e+00
1.1932773109e+00 -4.8739495798e-01 6.0562785397e+00
1.1932773109e+00 -4.5378151261e-01 6.1551715251e+00
1.1932773109e+00 -4.2016806723e-01 6.2519860939e+00
1.1932773109e+00 -3.8655462185e-01 6.3460351221e+00
1.1932773109e+00 -3.5294117647e-01 6.4365708374e+00
1.1932773109e+00 -3.1932773109e-01 6.5227917018e+00
1.1932773109e+00 -2.8571428571e-01 6.6038532101e+00
1.1932773109e+00 -2.5210084034e-01 6.6788830418e+00
1.1932773109e+00 -2.1848739496e-01 6.7470007368e+00
1.1932773109e+00 -1.8487394958e-01 6.8073416707e+00
1.1932773109e+00 -1.5126050420e-01 6.8590846009e+00
1.1932773109e+00 -1.1764705882e-01 6.9014814873e+00
1.1932773109e+00 -8.4033613445e-02 6.9338877458e+00
1.1932773109e+00 -5.0420168067e-02 6.9557906760e+00
1.1932773109e+00 -1.6806722689e-02 6.9668336284e+00
1.1932773109e+00 1.6806722689e-02 6.9668336284e+00
1.1932773109e+00 5.0420168067e-02 6.9557906760e+00
1.1932773109e+00 8.4033613445e-02 6.9338877458e+00
1.1932773109e+00 1.1764705882e-01 6.9014814873e+00
1.1932773109e+00 1.5126050420e-01 6.8590846009e+00
1.1932773109e+00 1.8487394958e-01 6.8073416707e+00
1.1932773109e+00 2.1848739496e-01 6.7470007368e+00
1.1932773109e+00 2.5210084034e-01 6.6788830418e+00
1.1932773109e+00 2.8571428571e-01 6.6038532101e+00
1.1932773109e+00 3.1932773109e-01 6.5227917018e+00
1.1932773109e+00 3.5294117647e-01 6.4365708374e+00
1.1932773109e+00 3.8655462185e-01 6.3460351221e+00
1.1932773109e+00 4.2016806723e-01 6.2519860939e+00
1.1932773109e+00 4.5378151261e-01 6.1551715251e+00
1.1932773109e+00 4.8739495798e-01 6.0562785397e+00
1.1932773109e+00 5.2100840336e-01 5.9559300583e+00
1.1932773109e+00 5.5462184874e-01 5.8546839285e+00
1.1932773109e+00 5.8823529412e-01 5.7530341167e+00
1.1932773109e+00 6.2184873950e-01 5.6514133944e+00
1.1932773109e+00 6.5546218487e-01 5.5501970364e+00
1.1932773109e+00 6.8907563025e-01 5.4497071357e+00
1.1932773109e+00 7.2268907563e-01 5.3502172280e+00
1.1932773109e+00 7.5630252101e-01 5.2519569925e+00
1.1932773109e+00 7.8991596639e-01 5.1551168636e+00
1.1932773109e+00 8.2352941176e-01 5.0598524393e+00
1.1932773109e+00 8.5714285714e-01 4.9662886138e+00
1.1932773109e+00 8.9075630252e-01 4.8745233933e+00
1.1932773109e+00 9.2436974790e-01 4.7846313769e+00
1.1932773109e+00 9.5798319328e-01 4.6966669021e+00
1.1932773109e+00 9.9159663866e-01 4.6106668628e+00
1.1932773109e+00 1.0252100840e+00 4.5266532192e+00
1.1932773109e+00 1.0588235294e+00 4.4446352181e+00
1.1932773109e+00 1.0924369748e+00 4.3646113500e+00
1.1932773109e+00 1.1260504202e+00 4.2865710643e+00
1.1932773109e+00 1.1596638655e+00 4.2104962681e+00
1.1932773109e+00 1.1932773109e+00 4.1363626315e+00
1.1932773109e+00 1.2268907563e+00 4.0641407194e+00
1.1932773109e+00 1.2605042017e+00 3.9937969708e+00
1.1932773109e+00 1.2941176471e+00 3.9252945428e+00
1.1932773109e+00 1.3277310924e+00 3.8585940366e+00
1.1932773109e+00 1.3613445378e+00 3.7936541190e+00
1.1932773109e+00 1.3949579832e+00 3.7304320531e+00
1.1932773109e+00 1.4285714286e+00 3.6688841500e+00
1.1932773109e+00 1.4621848739e+00 3.6089661512e+00
1.1932773109e+00 1.4957983193e+00 3.5506335511e+00
1.1932773109e+00 1.5294117647e+00 3.4938418680e+00
1.1932773109e+00 1.5630252101e+00 3.4385468695e+00
1.1932773109e+00 1.5966386555e+00 3.3847047595e+00
1.1932773109e+00 1.6302521008e+00 3.3322723321e+00
1.1932773109e+00 1.6638655462e+00 3.2812070957e+00
1.1932773109e+00 1.6974789916e+00 3.2314673733e+00
1.1932773109e+00 1.7310924370e+00 3.1830123816e+00
1.1932773109e+00 1.7647058824e+00 3.1358022914e+00
1.1932773109e+00 1.7983193277e+00 3.0897982730e+00
1.1932773109e+00 1.8319327731e+00 3.0449625289e+00
1.1932773109e+00 1.8655462185e+00 3.0012583145e+00
1.1932773109e+00 1.8991596639e+00 2.9586499503e+00
1.1932773109e+00 1.9327731092e+00 2.9171028258e+00
1.1932773109e+00 1.9663865546e+00 2.8765833971e+00
1.1932773109e+00 2.0000000000e+00 2.8370591786e+00

1.2268907563e+00 -2.0000000000e+00 2.8137324288e+00
1.2268907563e+00 -1.9663865546e+00 2.8522712918e+00
1.2268907563e+00 -1.9327731092e+00 2.8917521326e+00
1.2268907563e+00 -1.8991596639e+00 2.9322040169e+00
1.2268907563e+00 -1.8655462185e+00 2.9736568219e+00
1.2268907563e+00 -1.8319327731e+00 3.0161412252e+00
1.2268907563e+00 -1.7983193277e+00 3.0596886872e+00
1.2268907563e+00 -1.7647058824e+00 3.1043314253e+00
1.2268907563e+00 -1.7310924370e+00 3.1501023784e+00
1.2268907563e+00 -1.6974789916e+00 3.1970351609e+00
1.2268907563e+00 -1.6638655462e+00 3.2451640042e+00
1.2268907563e+00 -1.6302521008e+00 3.2945236822e+00
1.2268907563e+00 -1.5966386555e+00 3.3451494216e+00
1.2268907563e+00 -1.5630252101e+00 3.3970767905e+00
1.2268907563e+00 -1.5294117647e+00 3.4503415659e+00
1.2268907563e+00 -1.4957983193e+00 3.5049795739e+00
1.2268907563e+00 -1.4621848739e+00 3.5610265007e+00
1.2268907563e+00 -1.4285714286e+00 3.6185176685e+00
1.2268907563e+00 -1.3949579832e+00 3.6774877724e+00
1.2268907563e+00 -1.3613445378e+00 3.7379705725e+00
1.2268907563e+00 -1.3277310924e+00 3.7999985346e+00
1.2268907563e+00 -1.2941176471e+00 3.8636024124e+00
1.2268907563e+00 -1.2605042017e+00 3.9288107648e+00
1.2268907563e+00 -1.2268907563e+00 3.9956493971e+00
1.2268907563e+00 -1.1932773109e+00 4.0641407194e+00
1.2268907563e+00 -1.1596638655e+00 4.1343030095e+00
1.2268907563e+00 -1.1260504202e+00 4.2061495700e+00
1.2268907563e+00 -1.0924369748e+00 4.2796877673e+00
1.2268907563e+00 -1.0588235294e+00 4.3549179398e+00
1.2268907563e+00 -1.0252100840e+00 4.4318321604e+00
1.2268907563e+00 -9.9159663866e-01 4.5104128414e+00
1.2268907563e+00 -9.5798319328e-01 4.5906311669e+00
1.2268907563e+00 -9.2436974790e-01 4.6724453400e+00
1.2268907563e+00 -8.9075630252e-01 4.7557986348e+00
1.2268907563e+00 -8.5714285714e-01 4.8406172424e+00
1.2268907563e+00 -8.2352941176e-01 4.9268079105e+00
1.2268907563e+00 -7.8991596639e-01 5.0142553757e+00
1.2268907563e+00 -7.5630252101e-01 5.1028196037e+00
1.2268907563e+00 -7.2268907563e-01 5.1923328578e+00
1.2268907563e+00 -6.8907563025e-01 5.2825966399e+00
1.2268907563e+00 -6.5546218487e-01 5.3733785617e+00
1.2268907563e+00 -6.2184873950e-01 5.4644092364e+00
1.2268907563e+00 -5.8823529412e-01 5.5553793075e+00
1.2268907563e+00 -5.5462184874e-01 5.6459367727e+00
1.2268907563e+00 -5.2100840336e-01 5.7356848005e+00
1.2268907563e+00 -4.8739495798e-01 5.8241802818e+00
1.2268907563e+00 -4.5378151261e-01 5.9109334041e+00
1.2268907563e+00 -4.2016806723e-01 5.9954085731e+00
1.2268907563e+00 -3.8655462185e-01 6.0770270314e+00
1.2268907563e+00 -3.5294117647e-01 6.1551715251e+00
1.2268907563e+00 -3.1932773109e-01 6.2291933375e+00
1.2268907563e+00 -2.8571428571e-01 6.2984219311e+00
1.2268907563e+00 -2.5210084034e-01 6.3621773050e+00
1.2268907563e+00 -2.1848739496e-01 6.4197849851e+00
1.2268907563e+00 -1.8487394958e-01 6.4705933209e+00
1.2268907563e+00 -1.5126050420e-01 6.5139924792e+00
1.2268907563e+00 -1.1764705882e-01 6.5494342439e+00
1.2268907563e+00 -8.4033613445e-02 6.5764514797e+00
1.2268907563e+00 -5.0420168067e-02 6.5946759576e+00
1.2268907563e+00 -1.6806722689e-02 6.6038532101e+00
1.2268907563e+00 1.6806722689e-02 6.6038532101e+00
1.2268907563e+00 5.0420168067e-02 6.5946759576e+00
1.2268907563e+00 8.4033613445e-02 6.5764514797e+00
1.2268907563e+00 1.1764705882e-01 6.5494342439e+00
1.2268907563e+00 1.5126050420e-01 6.5139924792e+00
1.2268907563e+00 1.8487394958e-01 6.4705933209e+00
1.2268907563e+00 2.1848739496e-01 6.4197849851e+00
1.2268907563e+00 2.5210084034e-01 6.3621773050e+00
1.2268907563e+00 2.8571428571e-01 6.2984219311e+00
1.2268907563e+00 3.1932773109e-01 6.2291933375e+00
1.2268907563e+00 3.5294117647e-01 6.1551715251e+00
1.2268907563e+00 3.8655462185e-01 6.0770270314e+00
1.2268907563e+00 4.2016806723e-01 5.9954085731e+00
1.2268907563e+00 4.5378151261e-01 5.9109334041e+00
1.2268907563e+00 4.8739495798e-01 5.8241802818e+00
1.2268907563e+00 5.2100840336e-01 5.7356848005e+00
1.2268907563e+00 5.5462184874e-01 5.6459367727e+00
1.2268907563e+00 5.8823529412e-01 5.5553793075e+00
1.2268907563e+00 6.2184873950e-01 5.4644092364e+00
1.2268907563e+00 6.5546218487e-01 5.3733785617e+00
1.2268907563e+00 6.8907563025e-01 5.2825966399e+00
1.2268907563e+00 7.2268907563e-01 5.1923328578e+00
1.2268907563e+00 7.5630252101e-01 5.1028196037e+00
1.2268907563e+00 7.8991596639e-01 5.0142553757e+00
1.2268907563e+00 8.2352941176e-01 4.9268079105e+00
1.2268907563e+00 8.5714285714e-01 4.8406172424e+00
1.2268907563e+00 8.9075630252e-01 4.7557986348e+00
1.2268907563e+00 9.2436974790e-01 4.6724453400e+00
1.2268907563e+00 9.5798319328e-01 4.5906311669e+00
1.2268907563e+00 9.9159663866e-01 4.5104128414e+00
1.2268907563e+00 1.0252100840e+00 4.4318321604e+00
1.2268907563e+00 1.0588235294e+00 4.3549179398e+00
1.2268907563e+00 1.0924369748e+00 4.2796877673e+00
1.2268907563e+00 1.1260504202e+00 4.2061495700e+00
1.2268907563e+00 1.1596638655e+00 4.1343030095e+00
1.2268907563e+00 1.1932773109e+00 4.0641407194e+00
1.2268907563e+00 1.2268907563e+00 3.9956493971e+00
1.2268907563e+00 1.2605042017e+00 3.9288107648e+00
1.2268907563e+00 1.2941176471e+00 3.8636024124e+00
1.2268907563e+00 1.3277310924e+00 3.7999985346e+00
1.2268907563e+00 1.3613445378e+00 3.7379705725e+00
1.2268907563e+00 1.3949579832e+00 3.6774877724e+00
1.2268907563e+00 1.4285714286e+00 3.6185176685e+00
1.2268907563e+00 1.4621848739e+00 3.5610265007e+00
1.2268907563e+00 1.4957983193e+00 3.5049795739e+00
1.2268907563e+00 1.5294117647e+00 3.4503415659e+00
1.2268907563e+00 1.5630252101e+00 3.3970767905e+00
1.2268907563e+00 1.5966386555e+00 3.3451494216e+00
1.2268907563e+00 1.6302521008e+00 3.2945236822e+00
1.2268907563e+00 1.6638655462e+00 3.2451640042e+00
1.2268907563e+00 1.6974789916e+00 3.1970351609e+00
1.2268907563e+00 1.7310924370e+00 3.1501023784e+00
1.2268907563e+00 1.7647058824e+00 3.1043314253e+00
1.2268907563e+00 1.7983193277e+00 3.0596886872e+00
1.2268907563e+00 1.8319327731e+00 3.0161412252e+00
1.2268907563e+00 1.8655462185e+00 2.9736568219e+00
1.2268907563e+00 1.8991596639e+00 2.9322040169e+00
1.2268907563e+00 1.9327731092e+00 2.8917521326e+00
1.2268907563e+00 1.9663865546e+00 2.8522712918e+00
1.2268907563e+00 2.0000000000e+00 2.8137324288e+00

1.2605042017e+00 -2.0000000000e+00 2.7903502673e+00
1.2605042017e+00 -1.9663865546e+00 2.8279185548e+00
1.2605042017e+00 -1.9327731092e+00 2.8663776265e+00
1.2605042017e+00 -1.8991596639e+00 2.9057533671e+00
1.2605042017e+00 -1.8655462185e+00 2.9460722539e+00
1.2605042017e+00 -1.8319327731e+00 2.9873613306e+00
1.2605042017e+00 -1.7983193277e+00 3.0296481727e+00
1.2605042017e+00 -1.7647058824e+00 3.0729608447e+00
1.2605042017e+00 -1.7310924370e+00 3.1173278465e+00
1.2605042017e+00 -1.6974789916e+00 3.1627780475e+00
1.2605042017e+00 -1.6638655462e+00 3.2093406079e+00
1.2605042017e+00 -1.6302521008e+00 3.2570448836e+00
1.2605042017e+00 -1.5966386555e+00 3.3059203140e+00
1.2605042017e+00 -1.5630252101e+00 3.3559962884e+00
1.2605042017e+00 -1.5294117647e+00 3.4073019903e+00
1.2605042017e+00 -1.4957983193e+00 3.4598662145e+00
1.2605042017e+00 -1.4621848739e+00 3.5137171550e+00
1.2605042017e+00 -1.4285714286e+00 3.5688821583e+00
1.2605042017e+00 -1.3949579832e+00 3.6253874395e+00
1.2605042017e+00 -1.3613445378e+00 3.6832577542e+00
1.2605042017e+00 -1.3277310924e+00 3.7425160230e+00
1.2605042017e+00 -1.2941176471e+00 3.8031829008e+00
1.2605042017e+00 -1.2605042017e+00 3.8652762867e+00
1.2605042017e+00 -1.2268907563e+00 3.9288107648e+00
1.2605042017e+00 -1.1932773109e+00 3.9937969708e+00
1.2605042017e+00 -1.1596638655e+00 4.0602408758e+00
1.2605042017e+00 -1.1260504202e+00 4.1281429782e+00
1.2605042017e+00 -1.0924369748e+00 4.1974973966e+00
1.2605042017e+00 -1.0588235294e+00 4.2682908536e+00
1.2605042017e+00 -1.0252100840e+00 4.3405015440e+00
1.2605042017e+00 -9.9159663866e-01 4.4140978777e+00
1.2605042017e+00 -9.5798319328e-01 4.4890370923e+00
1.2605042017e+00 -9.2436974790e-01 4.5652637307e+00
1.2605042017e+00 -8.9075630252e-01 4.6427079799e+00
1.2605042017e+00 -8.5714285714e-01 4.7212838755e+00
1.2605042017e+00 -8.2352941176e-01 4.8008873768e+00
1.2605042017e+00 -7.8991596639e-01 4.8813943276e+00
1.2605042017e+00 -7.5630252101e-01 4.9626583248e+00
1.2605042017e+00 -7.2268907563e-01 5.0445085301e+00
1.2605042017e+00 -6.8907563025e-01 5.1267474713e+00
1.2605042017e+00 -6.5546218487e-01 5.2091488997e+00
1.2605042017e+00 -6.2184873950e-01 5.2914557856e+00
1.2605042017e+00 -5.8823529412e-01 5.3733785617e+00
1.2605042017e+00 -5.5462184874e-01 5.4545937415e+00
1.2605042017e+00 -5.2100840336e-01 5.5347430706e+00
1.2605042017e+00 -4.8739495798e-01 5.6134333895e+00
1.2605042017e+00 -4.5378151261e-01 5.6902374046e+00
1.2605042017e+00 -4.2016806723e-01 5.7646955800e+00
1.2605042017e+00 -3.8655462185e-01 5.8363193557e+00
1.2605042017e+00 -3.5294117647e-01 5.9045958824e+00
1.2605042017e+00 -3.1932773109e-01 5.9689944199e+00
1.2605042017e+00 -2.8571428571e-01 6.0289744739e+00
1.2605042017e+00 -2.5210084034e-01 6.0839956470e+00
1.2605042017e+00 -2.1848739496e-01 6.1335290524e+00
1.2605042017e+00 -1.8487394958e-01 6.1770699866e+00
1.2605042017e+00 -1.5126050420e-01 6.2141514007e+00
1.2605042017e+00 -1.1764705882e-01 6.2443575597e+00
1.2605042017e+00 -8.4033613445e-02 6.2673371630e+00
1.2605042017e+00 -5.0420168067e-02 6.2828151354e+00
1.2605042017e+00 -1.6806722689e-02 6.2906023086e+00
1.2605042017e+00 1.6806722689e-02 6.2906023086e+00
1.2605042017e+00 5.0420168067e-02 6.2828151354e+00
1.2605042017e+00 8.4033613445e-02 6.2673371630e+00
1.2605042017e+00 1.1764705882e-01 6.2443575597e+00
1.2605042017e+00 1.5126050420e-01 6.2141514007e+00
1.2605042017e+00 1.8487394958e-01 6.1770699866e+00
1.2605042017e+00 2.1848739496e-01 6.1335290524e+00
1.2605042017e+00 2.5210084034e-01 6.0839956470e+00
1.2605042017e+00 2.8571428571e-01 6.0289744739e+00
1.2605042017e+00 3.1932773109e-01 5.9689944199e+00
1.2605042017e+00 3.5294117647e-01 5.9045958824e+00
1.2605042017e+00 3.8655462185e-01 5.8363193557e+00
1.2605042017e+00 4.2016806723e-01 5.7646955800e+00
1.2605042017e+00 4.5378151261e-01 5.6902374046e+00
1.2605042017e+00 4.8739495798e-01 5.6134333895e+00
1.2605042017e+00 5.2100840336e-01 5.5347430706e+00
1.2605042017e+00 5.5462184874e-01 5.4545937415e+00
1.2605042017e+00 5.8823529412e-01 5.3733785617e+00
1.2605042017e+00 6.2184873950e-01 5.2914557856e+00
1.2605042017e+00 6.5546218487e-01 5.2091488997e+00
1.2605042017e+00 6.8907563025e-01 5.1267474713e+00
1.2605042017e+00 7.2268907563e-01 5.0445085301e+00
1.2605042017e+00 7.5630252101e-01 4.9626583248e+00
1.2605042017e+00 7.8991596639e-01 4.8813943276e+00
1.2605042017e+00 8.2352941176e-01 4.8008873768e+00
1.2605042017e+00 8.5714285714e-01 4.7212838755e+00
1.2605042017e+00 8.9075630252e-01 4.6427079799e+00
1.2605042017e+00 9.2436974790e-01 4.5652637307e+00
1.2605042017e+00 9.5798319328e-01 4.4890370923e+00
1.2605042017e+00 9.9159663866e-01 4.4140978777e+00
1.2605042017e+00 1.0252100840e+00 4.3405015440e+00
1.2605042017e+00 1.0588235294e+00 4.2682908536e+00
1.2605042017e+00 1.0924369748e+00 4.1974973966e+00
1.2605042017e+00 1.1260504202e+00 4.1281429782e+00
1.2605042017e+00 1.1596638655e+00 4.0602408758e+00
1.2605042017e+00 1.1932773109e+00 3.9937969708e+00
1.2605042017e+00 1.2268907563e+00 3.9288107648e+00
1.2605042017e+00 1.2605042017e+00 3.8652762867e+00
1.2605042017e+00 1.2941176471e+00 3.8031829008e+00
1.2605042017e+00 1.3277310924e+00 3.7425160230e+00
1.2605042017e+00 1.3613445378e+00 3.6832577542e+00
1.2605042017e+00 1.3949579832e+00 3.6253874395e+00
1.2605042017e+00 1.4285714286e+00 3.5688821583e+00
1.2605042017e+00 1.4621848739e+00 3.5137171550e+00
1.2605042017e+00 1.4957983193e+00 3.4598662145e+00
1.2605042017e+00 1.5294117647e+00 3.4073019903e+00
1.2605042017e+00 1.5630252101e+00 3.3559962884e+00
1.2605042017e+00 1.5966386555e+00 3.3059203140e+00
1.2605042017e+00 1.6302521008e+00 3.2570448836e+00
1.2605042017e+00 1.6638655462e+00 3.2093406079e+00
1.2605042017e+00 1.6974789916e+00 3.1627780475e+00
1.2605042017e+00 1.7310924370e+00 3.1173278465e+00
1.2605042017e+00 1.7647058824e+00 3.0729608447e+00
1.2605042017e+00 1.7983193277e+00 3.0296481727e+00
1.2605042017e+00 1.8319327731e+00 2.9873613306e+00
1.2605042017e+00 1.8655462185e+00 2.9460722539e+00
1.2605042017e+00 1.8991596639e+00 2.9057533671e+00
1.2605042017e+00 1.9327731092e+00 2.8663776265e+00
1.2605042017e+00 1.9663865546e+00 2.8279185548e+00
1.2605042017e+00 2.0000000000e+00 2.7903502673e+00

1.2941176471e+00 -2.0000000000e+00 2.7669356068e+00
1.2941176471e+00 -1.9663865546e+00 2.8035489692e+00
1.2941176471e+00 -1.9327731092e+00 2.8410039557e+00
1.2941176471e+00 -1.8991596639e+00 2.8793234994e+00
1.2941176471e+00 -1.8655462185e+00 2.9185309329e+00
1.2941176471e+00 -1.8319327731e+00 2.9586499503e+00
1.2941176471e+00 -1.7983193277e+00 2.9997045592e+00
1.2941176471e+00 -1.7647058824e+00 3.0417190245e+00
1.2941176471e+00 -1.7310924370e+00 3.0847178007e+00
1.2941176471e+00 -1.6974789916e+00 3.1287254513e+00
1.2941176471e+00 -1.6638655462e+00 3.1737665554e+00
1.2941176471e+00 -1.6302521008e+00 3.2198655974e+00
1.2941176471e+00 -1.5966386555e+00 3.2670468392e+00
1.2941176471e+00 -1.5630252101e+00 3.3153341716e+00
1.2941176471e+00 -1.5294117647e+00 3.3647509442e+00
1.2941176471e+00 -1.4957983193e+00 3.4153197678e+00
1.2941176471e+00 -1.4621848739e+00 3.4670622894e+00
1.2941176471e+00 -1.4285714286e+00 3.5199989347e+00
1.2941176471e+00 -1.3949579832e+00 3.5741486144e+00
1.2941176471e+00 -1.3613445378e+00 3.6295283904e+00
1.2941176471e+00 -1.3277310924e+00 3.6861530983e+00
1.2941176471e+00 -1.2941176471e+00 3.7440349196e+00
1.2941176471e+00 -1.2605042017e+00 3.8031829008e+00
1.2941176471e+00 -1.2268907563e+00 3.8636024124e+00
1.2941176471e+00 -1.1932773109e+00 3.9252945428e+00
1.2941176471e+00 -1.1596638655e+00 3.9882554218e+00
1.2941176471e+00 -1.1260504202e+00 4.0524754683e+00
1.2941176471e+00 -1.0924369748e+00 4.1179385553e+00
1.2941176471e+00 -1.0588235294e+00 4.1846210893e+00
1.2941176471e+00 -1.0252100840e+00 4.2524909989e+00
1.2941176471e+00 -9.9159663866e-01 4.3215066288e+00
1.2941176471e+00 -9.5798319328e-01 4.3916155395e+00
1.2941176471e+00 -9.2436974790e-01 4.4627532126e+00
1.2941176471e+00 -8.9075630252e-01 4.5348416654e+00
1.2941176471e+00 -8.5714285714e-01 4.6077879836e+00
1.2941176471e+00 -8.2352941176e-01 4.6814827853e+00
1.2941176471e+00 -7.8991596639e-01 4.7557986348e+00
1.2941176471e+00 -7.5630252101e-01 4.8305884347e+00
1.2941176471e+00 -7.2268907563e-01 4.9056838326e+00
1.2941176471e+00 -6.8907563025e-01 4.9808936894e+00
1.2941176471e+00 -6.5546218487e-01 5.0560026710e+00
1.2941176471e+00 -6.2184873950e-01 5.1307700351e+00
1.2941176471e+00 -5.8823529412e-01 5.2049287039e+00
1.2941176471e+00 -5.5462184874e-01 5.2781847234e+00
1.2941176471e+00 -5.2100840336e-01 5.3502172280e+00
1.2941176471e+00 -4.8739495798e-01 5.4206790358e+00
1.2941176471e+00 -4.5378151261e-01 5.4891980086e+00
1.2941176471e+00 -4.2016806723e-01 5.5553793075e+00
1.2941176471e+00 -3.8655462185e-01 5.6188086646e+00
1.2941176471e+00 -3.5294117647e-01 5.6790567656e+00
1.2941176471e+00 -3.1932773109e-01 5.7356848005e+00
1.2941176471e+00 -2.8571428571e-01 5.7882511811e+00
1.2941176471e+00 -2.5210084034e-01 5.8363193557e+00
1.2941176471e+00 -2.1848739496e-01 5.8794665637e+00
1.2941176471e+00 -1.8487394958e-01 5.9172932816e+00
1.2941176471e+00 -1.5126050420e-01 5.9494330194e+00
1.2941176471e+00 -1.1764705882e-01 5.9755620472e+00
1.2941176471e+00 -8.4033613445e-02 5.9954085731e+00
1.2941176471e+00 -5.0420168067e-02 6.0087608728e+00
1.2941176471e+00 -1.6806722689e-02 6.0154738892e+00
1.2941176471e+00 1.6806722689e-02 6.0154738892e+00
1.2941176471e+00 5.0420168067e-02 6.0087608728e+00
1.2941176471e+00 8.4033613445e-02 5.9954085731e+00
1.2941176471e+00 1.1764705882e-01 5.9755620472e+00
1.2941176471e+00 1.5126050420e-01 5.9494330194e+00
1.2941176471e+00 1.8487394958e-01 5.9172932816e+00
1.2941176471e+00 2.1848739496e-01 5.8794665637e+00
1.2941176471e+00 2.5210084034e-01 5.8363193557e+00
1.2941176471e+00 2.8571428571e-01 5.7882511811e+00
1.2941176471e+00 3.1932773109e-01 5.7356848005e+00
1.2941176471e+00 3.5294117647e-01 5.6790567656e+00
1.2941176471e+00 3.8655462185e-01 5.6188086646e+00
1.2941176471e+00 4.2016806723e-01 5.5553793075e+00
1.2941176471e+00 4.5378151261e-01 5.4891980086e+00
1.2941176471e+00 4.8739495798e-01 5.4206790358e+00
1.2941176471e+00 5.2100840336e-01 5.3502172280e+00
1.2941176471e+00 5.5462184874e-01 5.2781847234e+00
1.2941176471e+00 5.8823529412e-01 5.2049287039e+00
1.2941176471e+00 6.2184873950e-01 5.1307700351e+00
1.2941176471e+00 6.5546218487e-01 5.0560026710e+00
1.2941176471e+00 6.8907563025e-01 4.9808936894e+00
1.2941176471e+00 7.2268907563e-01 4.9056838326e+00
1.2941176471e+00 7.5630252101e-01 4.8305884347e+00
1.2941176471e+00 7.8991596639e-01 4.7557986348e+00
1.2941176471e+00 8.2352941176e-01 4.6814827853e+00
1.2941176471e+00 8.5714285714e-01 4.6077879836e+00
1.2941176471e+00 8.9075630252e-01 4.5348416654e+00
1.2941176471e+00 9.2436974790e-01 4.4627532126e+00
1.2941176471e+00 9.5798319328e-01 4.3916155395e+00
1.2941176471e+00 9.9159663866e-01 4.3215066288e+00
1.2941176471e+00 1.0252100840e+00 4.2524909989e+00
1.2941176471e+00 1.0588235294e+00 4.1846210893e+00
1.2941176471e+00 1.0924369748e+00 4.1179385553e+00
1.2941176471e+00 1.1260504202e+00 4.0524754683e+00
1.2941176471e+00 1.1596638655e+00 3.9882554218e+00
1.2941176471e+00 1.1932773109e+00 3.9252945428e+00
1.2941176471e+00 1.2268907563e+00 3.8636024124e+00
1.2941176471e+00 1.2605042017e+00 3.8031829008e+00
1.2941176471e+00 1.2941176471e+00 3.7440349196e+00
1.2941176471e+00 1.3277310924e+00 3.6861530983e+00
1.2941176471e+00 1.3613445378e+00 3.6295283904e+00
1.2941176471e+00 1.3949579832e+00 3.5741486144e+00
1.2941176471e+00 1.4285714286e+00 3.5199989347e+00
1.2941176471e+00 1.4621848739e+00 3.4670622894e+00
1.2941176471e+00 1.4957983193e+00 3.4153197678e+00
1.2941176471e+00 1.5294117647e+00 3.3647509442e+00
1.2941176471e+00 1.5630252101e+00 3.3153341716e+00
1.2941176471e+00 1.5966386555e+00 3.2670468392e+00
1.2941176471e+00 1.6302521008e+00 3.2198655974e+00
1.2941176471e+00 1.6638655462e+00 3.1737665554e+00
1.2941176471e+00 1.6974789916e+00 3.1287254513e+00
1.2941176471e+00 1.7310924370e+00 3.0847178007e+00
1.2941176471e+00 1.7647058824e+00 3.0417190245e+00
1.2941176471e+00 1.7983193277e+00 2.9997045592e+00
1.2941176471e+00 1.8319327731e+00 2.9586499503e+00
1.2941176471e+00 1.8655462185e+00 2.9185309329e+00
1.2941176471e+00 1.8991596639e+00 2.8793234994e+00
1.2941176471e+00 1.9327731092e+00 2.8410039557e+00
1.2941176471e+00 1.9663865546e+00 2.8035489692e+00
1.2941176471e+00 2.0000000000e+00 2.7669356068e+00

1.3277310924e+00 -2.0000000000e+00 2.7435101072e+00
1.3277310924e+00 -1.9663865546e+00 2.7791849484e+00
1.3277310924e+00 -1.9327731092e+00 2.8156542727e+00
1.3277310924e+00 -1.8991596639e+00 2.8529382803e+00
1.3277310924e+00 -1.8655462185e+00 2.8910574027e+00
1.3277310924e+00 -1.8319327731e+00 2.9300322535e+00
1.3277310924e+00 -1.7983193277e+00 2.9698835720e+00
1.3277310924e+00 -1.7647058824e+00 3.0106321552e+00
1.3277310924e+00 -1.7310924370e+00 3.0522987806e+00
1.3277310924e+00 -1.6974789916e+00 3.0949041149e+00
1.3277310924e+00 -1.6638655462e+00 3.1384686098e+00
1.3277310924e+00 -1.6302521008e+00 3.1830123816e+00
1.3277310924e+00 -1.5966386555e+00 3.2285550739e+00
1.3277310924e+00 -1.5630252101e+00 3.2751156993e+00
1.3277310924e+00 -1.5294117647e+00 3.3227124610e+00
1.3277310924e+00 -1.4957983193e+00 3.3713625488e+00
1.3277310924e+00 -1.4621848739e+00 3.4210819087e+00
1.3277310924e+00 -1.4285714286e+00 3.4718849819e+00
1.3277310924e+00 -1.3949579832e+00 3.5237844119e+00
1.3277310924e+00 -1.3613445378e+00 3.5767907144e+00
1.3277310924e+00 -1.3277310924e+00 3.6309119075e+00
1.3277310924e+00 -1.2941176471e+00 3.6861530983e+00
1.3277310924e+00 -1.2605042017e+00 3.7425160230e+00
1.3277310924e+00 -1.2268907563e+00 3.7999985346e+00
1.3277310924e+00 -1.1932773109e+00 3.8585940366e+00
1.3277310924e+00 -1.1596638655e+00 3.9182908576e+00
1.3277310924e+00 -1.1260504202e+00 3.9790715640e+00
1.3277310924e+00 -1.0924369748e+00 4.0409122077e+00
1.3277310924e+00 -1.0588235294e+00 4.1037815069e+00
1.3277310924e+00 -1.0252100840e+00 4.1676399581e+00
1.3277310924e+00 -9.9159663866e-01 4.2324388814e+00
1.3277310924e+00 -9.5798319328e-01 4.2981193984e+00
1.3277310924e+00 -9.2436974790e-01 4.3646113500e+00
1.3277310924e+00 -8.9075630252e-01 4.4318321604e+00
1.3277310924e+00 -8.5714285714e-01 4.4996856584e+00
1.3277310924e+00 -8.2352941176e-01 4.5680608730e+00
1.3277310924e+00 -7.8991596639e-01 4.6368308237e+00
1.3277310924e+00 -7.5630252101e-01 4.7058513343e+00
1.3277310924e+00 -7.2268907563e-01 4.7749599045e+00
1.3277310924e+00 -6.8907563025e-01 4.8439746833e+00
1.3277310924e+00 -6.5546218487e-01 4.9126935965e+00
1.3277310924e+00 -6.2184873950e-01 4.9808936894e+00
1.3277310924e+00 -5.8823529412e-01 5.0483307547e+00
1.3277310924e+00 -5.5462184874e-01 5.1147393251e+00
1.3277310924e+00 -5.2100840336e-01 5.1798331153e+00
1.3277310924e+00 -4.8739495798e-01 5.2433060001e+00
1.3277310924e+00 -4.5378151261e-01 5.3048336177e+00
1.3277310924e+00 -4.2016806723e-01 5.3640756772e+00
1.3277310924e+00 -3.8655462185e-01 5.4206790358e+00
1.3277310924e+00 -3.5294117647e-01 5.4742815896e+00
1.3277310924e+00 -3.1932773109e-01 5.5245169859e+00
1.3277310924e+00 -2.8571428571e-01 5.5710201284e+00
1.3277310924e+00 -2.5210084034e-01 5.6134333895e+00
1.3277310924e+00 -2.1848739496e-01 5.6514133944e+00
1.3277310924e+00 -1.8487394958e-01 5.6846381789e+00
1.3277310924e+00 -1.5126050420e-01 5.7128144709e+00
1.3277310924e+00 -1.1764705882e-01 5.7356848005e+00
1.3277310924e+00 -8.4033613445e-02 5.7530341167e+00
1.3277310924e+00 -5.0420168067e-02 5.7646955800e+00
1.3277310924e+00 -1.6806722689e-02 5.7705552243e+00
1.3277310924e+00 1.6806722689e-02 5.7705552243e+00
1.3277310924e+00 5.0420168067e-02 5.7646955800e+00
1.3277310924e+00 8.4033613445e-02 5.7530341167e+00
1.3277310924e+00 1.1764705882e-01 5.7356848005e+00
1.3277310924e+00 1.5126050420e-01 5.7128144709e+00
1.3277310924e+00 1.8487394958e-01 5.6846381789e+00
1.3277310924e+00 2.1848739496e-01 5.6514133944e+00
1.3277310924e+00 2.5210084034e-01 5.6134333895e+00
1.3277310924e+00 2.8571428571e-01 5.5710201284e+00
1.3277310924e+00 3.1932773109e-01 5.5245169859e+00
1.3277310924e+00 3.5294117647e-01 5.4742815896e+00
1.3277310924e+00 3.8655462185e-01 5.4206790358e+00
1.3277310924e+00 4.2016806723e-01 5.3640756772e+00
1.3277310924e+00 4.5378151261e-01 5.3048336177e+00
1.3277310924e+00 4.8739495798e-01 5.2433060001e+00
1.3277310924e+00 5.2100840336e-01 5.1798331153e+00
1.3277310924e+00 5.5462184874e-01 5.1147393251e+00
1.3277310924e+00 5.8823529412e-01 5.0483307547e+00
1.3277310924e+00 6.2184873950e-01 4.9808936894e+00
1.3277310924e+00 6.5546218487e-01 4.9126935965e+00
1.3277310924e+00 6.8907563025e-01 4.8439746833e+00
1.3277310924e+00 7.2268907563e-01 4.7749599045e+00
1.3277310924e+00 7.5630252101e-01 4.7058513343e+00
1.3277310924e+00 7.8991596639e-01 4.6368308237e+00
1.3277310924e+00 8.2352941176e-01 4.5680608730e+00
1.3277310924e+00 8.5714285714e-01 4.4996856584e+00
1.3277310924e+00 8.9075630252e-01 4.4318321604e+00
1.3277310924e+00 9.2436974790e-01 4.3646113500e+00
1.3277310924e+00 9.5798319328e-01 4.2981193984e+00
1.3277310924e+00 9.9159663866e-01 4.2324388814e+00
1.3277310924e+00 1.0252100840e+00 4.1676399581e+00
1.3277310924e+00 1.0588235294e+00 4.1037815069e+00
1.3277310924e+00 1.0924369748e+00 4.0409122077e+00
1.3277310924e+00 1.1260504202e+00 3.9790715640e+00
1.3277310924e+00 1.1596638655e+00 3.9182908576e+00
1.3277310924e+00 1.1932773109e+00 3.8585940366e+00
1.3277310924e+00 1.2268907563e+00 3.7999985346e+00
1.3277310924e+00 1.2605042017e+00 3.7425160230e+00
1.3277310924e+00 1.2941176471e+00 3.6861530983e+00
1.3277310924e+00 1.3277310924e+00 3.6309119075e+00
1.3277310924e+00 1.3613445378e+00 3.5767907144e+00
1.3277310924e+00 1.3949579832e+00 3.5237844119e+00
1.3277310924e+00 1.4285714286e+00 3.4718849819e+00
1.3277310924e+00 1.4621848739e+00 3.4210819087e+00
1.3277310924e+00 1.4957983193e+00 3.3713625488e+00
1.3277310924e+00 1.5294117647e+00 3.3227124610e+00
1.3277310924e+00 1.5630252101e+00 3.2751156993e+00
1.3277310924e+00 1.5966386555e+00 3.2285550739e+00
1.3277310924e+00 1.6302521008e+00 3.1830123816e+00
1.3277310924e+00 1.6638655462e+00 3.1384686098e+00
1.3277310924e+00 1.6974789916e+00 3.0949041149e+00
1.3277310924e+00 1.7310924370e+00 3.0522987806e+00
1.3277310924e+00 1.7647058824e+00 3.0106321552e+00
1.3277310924e+00 1.7983193277e+00 2.9698835720e+00
1.3277310924e+00 1.8319327731e+00 2.9300322535e+00
1.3277310924e+00 1.8655462185e+00 2.8910574027e+00
1.3277310924e+00 1.8991596639e+00 2.8529382803e+00
1.3277310924e+00 1.9327731092e+00 2.8156542727e+00
1.3277310924e+00 1.9663865546e+00 2.7791849484e+00
1.3277310924e+00 2.0000000000e+00 2.7435101072e+00

1.3613445378e+00 -2.0000000000e+00 2.7200941935e+00
1.3613445378e+00 -1.9663865546e+00 2.7548475615e+00
1.3613445378e+00 -1.9327731092e+00 2.7903502673e+00
1.3613445378e+00 -1.8991596639e+00 2.8266199872e+00
1.3613445378e+00 -1.8655462185e+00 2.8636744816e+00
1.3613445378e+00 -1.8319327731e+00 2.9015315391e+00
1.3613445378e+00 -1.7983193277e+00 2.9402089114e+00
1.3613445378e+00 -1.7647058824e+00 2.9797242391e+00
1.3613445378e+00 -1.7310924370e+00 3.0200949661e+00
1.3613445378e+00 -1.6974789916e+00 3.0613382415e+00
1.3613445378e+00 -1.6638655462e+00 3.1034708089e+00
1.3613445378e+00 -1.6302521008e+00 3.1465088793e+00
1.3613445378e+00 -1.5966386555e+00 3.1904679884e+00
1.3613445378e+00 -1.5630252101e+00 3.2353628344e+00
1.3613445378e+00 -1.5294117647e+00 3.2812070957e+00
1.3613445378e+00 -1.4957983193e+00 3.3280132259e+00
1.3613445378e+00 -1.4621848739e+00 3.3757922240e+00
1.3613445378e+00 -1.4285714286e+00 3.4245533775e+00
1.3613445378e+00 -1.3949579832e+00 3.4743039750e+00
1.3613445378e+00 -1.3613445378e+00 3.5250489877e+00
1.3613445378e+00 -1.3277310924e+00 3.5767907144e+00
1.3613445378e+00 -1.2941176471e+00 3.6295283904e+00
1.3613445378e+00 -1.2605042017e+00 3.6832577542e+00
1.3613445378e+00 -1.2268907563e+00 3.7379705725e+00
1.3613445378e+00 -1.1932773109e+00 3.7936541190e+00
1.3613445378e+00 -1.1596638655e+00 3.8502906057e+00
1.3613445378e+00 -1.1260504202e+00 3.9078565653e+00
1.3613445378e+00 -1.0924369748e+00 3.9663221831e+00
1.3613445378e+00 -1.0588235294e+00 4.0256505786e+00
1.3613445378e+00 -1.0252100840e+00 4.0857970375e+00
1.3613445378e+00 -9.9159663866e-01 4.1467081981e+00
1.3613445378e+00 -9.5798319328e-01 4.2083211937e+00
1.3613445378e+00 -9.2436974790e-01 4.2705627608e+00
1.3613445378e+00 -8.9075630252e-01 4.3333483203e+00
1.3613445378e+00 -8.5714285714e-01 4.3965810457e+00
1.3613445378e+00 -8.2352941176e-01 4.4601509343e+00
1.3613445378e+00 -7.8991596639e-01 4.5239339032e+00
1.3613445378e+00 -7.5630252101e-01 4.5877909359e+00
1.3613445378e+00 -7.2268907563e-01 4.6515673116e+00
1.3613445378e+00 -6.8907563025e-01 4.7150919537e+00
1.3613445378e+00 -6.5546218487e-01 4.7781769428e+00
1.3613445378e+00 -6.2184873950e-01 4.8406172424e+00
1.3613445378e+00 -5.8823529412e-01 4.9021906917e+00
1.3613445378e+00 -5.5462184874e-01 4.9626583248e+00
1.3613445378e+00 -5.2100840336e-01 5.0217650766e+00
1.3613445378e+00 -4.8739495798e-01 5.0792409349e+00
1.3613445378e+00 -4.5378151261e-01 5.1348025948e+00
1.3613445378e+00 -4.2016806723e-01 5.1881556623e+00
1.3613445378e+00 -3.8655462185e-01 5.2389974401e+00
1.3613445378e+00 -3.5294117647e-01 5.2870203089e+00
1.3613445378e+00 -3.1932773109e-01 5.3319156924e+00
1.3613445378e+00 -2.8571428571e-01 5.3733785617e+00
1.3613445378e+00 -2.5210084034e-01 5.4111124029e+00
1.3613445378e+00 -2.1848739496e-01 5.4448345294e+00
1.3613445378e+00 -1.8487394958e-01 5.4742815896e+00
1.3613445378e+00 -1.5126050420e-01 5.4992150822e+00
1.3613445378e+00 -1.1764705882e-01 5.5194266704e+00
1.3613445378e+00 -8.4033613445e-02 5.5347430706e+00
1.3613445378e+00 -5.0420168067e-02 5.5450302945e+00
1.3613445378e+00 -1.6806722689e-02 5.5501970364e+00
1.3613445378e+00 1.6806722689e-02 5.5501970364e+00
1.3613445378e+00 5.0420168067e-02 5.5450302945e+00
1.3613445378e+00 8.4033613445e-02 5.5347430706e+00
1.3613445378e+00 1.1764705882e-01 5.5194266704e+00
1.3613445378e+00 1.5126050420e-01 5.4992150822e+00
1.3613445378e+00 1.8487394958e-01 5.4742815896e+00
1.3613445378e+00 2.1848739496e-01 5.4448345294e+00
1.3613445378e+00 2.5210084034e-01 5.4111124029e+00
1.3613445378e+00 2.8571428571e-01 5.3733785617e+00
1.3613445378e+00 3.1932773109e-01 5.3319156924e+00
1.3613445378e+00 3.5294117647e-01 5.2870203089e+00
1.3613445378e+00 3.8655462185e-01 5.2389974401e+00
1.3613445378e+00 4.2016806723e-01 5.1881556623e+00
1.3613445378e+00 4.5378151261e-01 5.1348025948e+00
1.3613445378e+00 4.8739495798e-01 5.0792409349e+00
1.3613445378e+00 5.2100840336e-01 5.0217650766e+00
1.3613445378e+00 5.5462184874e-01 4.9626583248e+00
1.3613445378e+00 5.8823529412e-01 4.9021906917e+00
1.3613445378e+00 6.2184873950e-01 4.8406172424e+00
1.3613445378e+00 6.5546218487e-01 4.7781769428e+00
1.3613445378e+00 6.8907563025e-01 4.7150919537e+00
1.3613445378e+00 7.2268907563e-01 4.6515673116e+00
1.3613445378e+00 7.5630252101e-01 4.5877909359e+00
1.3613445378e+00 7.8991596639e-01 4.5239339032e+00
1.3613445378e+00 8.2352941176e-01 4.4601509343e+00
1.3613445378e+00 8.5714285714e-01 4.3965810457e+00
1.3613445378e+00 8.9075630252e-01 4.3333483203e+00
1.3613445378e+00 9.2436974790e-01 4.2705627608e+00
1.3613445378e+00 9.5798319328e-01 4.2083211937e+00
1.3613445378e+00 9.9159663866e-01 4.1467081981e+00
1.3613445378e+00 1.0252100840e+00 4.0857970375e+00
1.3613445378e+00 1.0588235294e+00 4.0256505786e+00
1.3613445378e+00 1.0924369748e+00 3.9663221831e+00
1.3613445378e+00 1.1260504202e+00 3.9078565653e+00
1.3613445378e+00 1.1596638655e+00 3.8502906057e+00
1.3613445378e+00 1.1932773109e+00 3.7936541190e+00
1.3613445378e+00 1.2268907563e+00 3.7379705725e+00
1.3613445378e+00 1.2605042017e+00 3.6832577542e+00
1.3613445378e+00 1.2941176471e+00 3.6295283904e+00
1.3613445378e+00 1.3277310924e+00 3.5767907144e+00
1.3613445378e+00 1.3613445378e+00 3.5250489877e+00
1.3613445378e+00 1.3949579832e+00 3.4743039750e+00
1.3613445378e+00 1.4285714286e+00 3.4245533775e+00
1.3613445378e+00 1.4621848739e+00 3.3757922240e+00
1.3613445378e+00 1.4957983193e+00 3.3280132259e+00
1.3613445378e+00 1.5294117647e+00 3.2812070957e+00
1.3613445378e+00 1.5630252101e+00 3.2353628344e+00
1.3613445378e+00 1.5966386555e+00 3.1904679884e+00
1.3613445378e+00 1.6302521008e+00 3.1465088793e+00
1.3613445378e+00 1.6638655462e+00 3.1034708089e+00
1.3613445378e+00 1.6974789916e+00 3.0613382415e+00
1.3613445378e+00 1.7310924370e+00 3.0200949661e+00
1.3613445378e+00 1.7647058824e+00 2.9797242391e+00
1.3613445378e+00 1.7983193277e+00 2.9402089114e+00
1.3613445378e+00 1.8319327731e+00 2.9015315391e+00
1.3613445378e+00 1.8655462185e+00 2.8636744816e+00
1.3613445378e+00 1.8991596639e+00 2.8266199872e+00
1.3613445378e+00 1.9327731092e+00 2.7903502673e+00
1.3613445378e+00 1.9663865546e+00 2.7548475615e+00
1.3613445378e+00 2.0000000000e+00 2.7200941935e+00

1.3949579832e+00 -2.0000000000e+00 2.6967070792e+00
1.3949579832e+00 -1.9663865546e+00 2.7305565631e+00
1.3949579832e+00 -1.9327731092e+00 2.7651122048e+00
1.3949579832e+00 -1.8991596639e+00 2.8003893546e+00
1.3949579832e+00 -1.8655462185e+00 2.8364033202e+00
1.3949579832e+00 -1.8319327731e+00 2.8731693046e+00
1.3949579832e+00 -1.7983193277e+00 2.9107023364e+00
1.3949579832e+00 -1.7647058824e+00 2.9490171897e+00
1.3949579832e+00 -1.7310924370e+00 2.9881282941e+00
1.3949579832e+00 -1.6974789916e+00 3.0280496326e+00
1.3949579832e+00 -1.6638655462e+00 3.0687946261e+00
1.3949579832e+00 -1.6302521008e+00 3.1103760044e+00
1.3949579832e+00 -1.5966386555e+00 3.1528056608e+00
1.3949579832e+00 -1.5630252101e+00 3.1960944894e+00
1.3949579832e+00 -1.5294117647e+00 3.2402522040e+00
1.3949579832e+00 -1.4957983193e+00 3.2852871356e+00
1.3949579832e+00 -1.4621848739e+00 3.3312060076e+00
1.3949579832e+00 -1.4285714286e+00 3.3780136874e+00
1.3949579832e+00 -1.3949579832e+00 3.4257129101e+00
1.3949579832e+00 -1.3613445378e+00 3.4743039750e+00
1.3949579832e+00 -1.3277310924e+00 3.5237844119e+00
1.3949579832e+00 -1.2941176471e+00 3.5741486144e+00
1.3949579832e+00 -1.2605042017e+00 3.6253874395e+00
1.3949579832e+00 -1.2268907563e+00 3.6774877724e+00
1.3949579832e+00 -1.1932773109e+00 3.7304320531e+00
1.3949579832e+00 -1.1596638655e+00 3.7841977665e+00
1.3949579832e+00 -1.1260504202e+00 3.8387568937e+00
1.3949579832e+00 -1.0924369748e+00 3.8940753261e+00
1.3949579832e+00 -1.0588235294e+00 3.9501122430e+00
1.3949579832e+00 -1.0252100840e+00 4.0068194551e+00
1.3949579832e+00 -9.9159663866e-01 4.0641407194e+00
1.3949579832e+00 -9.5798319328e-01 4.1220110284e+00
1.3949579832e+00 -9.2436974790e-01 4.1803558838e+00
1.3949579832e+00 -8.9075630252e-01 4.2390905640e+00
1.3949579832e+00 -8.5714285714e-01 4.2981193984e+00
1.3949579832e+00 -8.2352941176e-01 4.3573350641e+00
1.3949579832e+00 -7.8991596639e-01 4.4166179260e+00
1.3949579832e+00 -7.5630252101e-01 4.4758354425e+00
1.3949579832e+00 -7.2268907563e-01 4.5348416654e+00
1.3949579832e+00 -6.8907563025e-01 4.5934768642e+00
1.3949579832e+00 -6.5546218487e-01 4.6515673116e+00
1.3949579832e+00 -6.2184873950e-01 4.7089252685e+00
1.3949579832e+00 -5.8823529412e-01 4.7653492095e+00
1.3949579832e+00 -5.5462184874e-01 4.8206243322e+00
1.3949579832e+00 -5.2100840336e-01 4.8745233933e+00
1.3949579832e+00 -4.8739495798e-01 4.9268079105e+00
1.3949579832e+00 -4.5378151261e-01 4.9772297651e+00
1.3949579832e+00 -4.2016806723e-01 5.0255332321e+00
1.3949579832e+00 -3.8655462185e-01 5.0714574491e+00
1.3949579832e+00 -3.5294117647e-01 5.1147393251e+00
1.3949579832e+00 -3.1932773109e-01 5.1551168636e+00
1.3949579832e+00 -2.8571428571e-01 5.1923328578e+00
1.3949579832e+00 -2.5210084034e-01 5.2261388885e+00
1.3949579832e+00 -2.1848739496e-01 5.2562995289e+00
1.3949579832e+00 -1.8487394958e-01 5.2825966399e+00
1.3949579832e+00 -1.5126050420e-01 5.3048336177e+00
1.3949579832e+00 -1.1764705882e-01 5.3228394406e+00
1.3949579832e+00 -8.4033613445e-02 5.3364723580e+00
1.3949579832e+00 -5.0420168067e-02 5.3456230658e+00
1.3949579832e+00 -1.6806722689e-02 5.3502172280e+00
1.3949579832e+00 1.6806722689e-02 5.3502172280e+00
1.3949579832e+00 5.0420168067e-02 5.3456230658e+00
1.3949579832e+00 8.4033613445e-02 5.3364723580e+00
1.3949579832e+00 1.1764705882e-01 5.3228394406e+00
1.3949579832e+00 1.5126050420e-01 5.3048336177e+00
1.3949579832e+00 1.8487394958e-01 5.2825966399e+00
1.3949579832e+00 2.1848739496e-01 5.2562995289e+00
1.3949579832e+00 2.5210084034e-01 5.2261388885e+00
1.3949579832e+00 2.8571428571e-01 5.1923328578e+00
1.3949579832e+00 3.1932773109e-01 5.1551168636e+00
1.3949579832e+00 3.5294117647e-01 5.1147393251e+00
1.3949579832e+00 3.8655462185e-01 5.0714574491e+00
1.3949579832e+00 4.2016806723e-01 5.0255332321e+00
1.3949579832e+00 4.5378151261e-01 4.9772297651e+00
1.3949579832e+00 4.8739495798e-01 4.9268079105e+00
1.3949579832e+00 5.2100840336e-01 4.8745233933e+00
1.3949579832e+00 5.5462184874e-01 4.8206243322e+00
1.3949579832e+00 5.8823529412e-01 4.7653492095e+00
1.3949579832e+00 6.2184873950e-01 4.7089252685e+00
1.3949579832e+00 6.5546218487e-01 4.6515673116e+00
1.3949579832e+00 6.8907563025e-01 4.5934768642e+00
1.3949579832e+00 7.2268907563e-01 4.5348416654e+00
1.3949579832e+00 7.5630252101e-01 4.4758354425e+00
1.3949579832e+00 7.8991596639e-01 4.4166179260e+00
1.3949579832e+00 8.2352941176e-01 4.3573350641e+00
1.3949579832e+00 8.5714285714e-01 4.2981193984e+00
1.3949579832e+00 8.9075630252e-01 4.2390905640e+00
1.3949579832e+00 9.2436974790e-01 4.1803558838e+00
1.3949579832e+00 9.5798319328e-01 4.1220110284e+00
1.3949579832e+00 9.9159663866e-01 4.0641407194e+00
1.3949579832e+00 1.0252100840e+00 4.0068194551e+00
1.3949579832e+00 1.0588235294e+00 3.9501122430e+00
1.3949579832e+00 1.0924369748e+00 3.8940753261e+00
1.3949579832e+00 1.1260504202e+00 3.8387568937e+00
1.3949579832e+00 1.1596638655e+00 3.7841977665e+00
1.3949579832e+00 1.1932773109e+00 3.7304320531e+00
1.3949579832e+00 1.2268907563e+00 3.6774877724e+00
1.3949579832e+00 1.2605042017e+00 3.6253874395e+00
1.3949579832e+00 1.2941176471e+00 3.5741486144e+00
1.3949579832e+00 1.3277310924e+00 3.5237844119e+00
1.3949579832e+00 1.3613445378e+00 3.4743039750e+00
1.3949579832e+00 1.3949579832e+00 3.4257129101e+00
1.3949579832e+00 1.4285714286e+00 3.3780136874e+00
1.3949579832e+00 1.4621848739e+00 3.3312060076e+00
1.3949579832e+00 1.4957983193e+00 3.2852871356e+00
1.3949579832e+00 1.5294117647e+00 3.2402522040e+00
1.3949579832e+00 1.5630252101e+00 3.1960944894e+00
1.3949579832e+00 1.5966386555e+00 3.1528056608e+00
1.3949579832e+00 1.6302521008e+00 3.1103760044e+00
1.3949579832e+00 1.6638655462e+00 3.0687946261e+00
1.3949579832e+00 1.6974789916e+00 3.0280496326e+00
1.3949579832e+00 1.7310924370e+00 2.9881282941e+00
1.3949579832e+00 1.7647058824e+00 2.9490171897e+00
1.3949579832e+00 1.7983193277e+00 2.9107023364e+00
1.3949579832e+00 1.8319327731e+00 2.8731693046e+00
1.3949579832e+00 1.8655462185e+00 2.8364033202e+00
1.3949579832e+00 1.8991596639e+00 2.8003893546e+00
1.3949579832e+00 1.9327731092e+00 2.7651122048e+00
1.3949579832e+00 1.9663865546e+00 2.7305565631e+00
1.3949579832e+00 2.0000000000e+00 2.6967070792e+00

1.4285714286e+00 -2.0000000000e+00 2.6733667938e+00
1.4285714286e+00 -1.9663865546e+00 2.7063304279e+00
1.4285714286e+00 -1.9327731092e+00 2.7399589679e+00
1.4285714286e+00 -1.8991596639e+00 2.7742656260e+00
1.4285714286e+00 -1.8655462185e+00 2.8092634625e+00
1.4285714286e+00 -1.8319327731e+00 2.8449653201e+00
1.4285714286e+00 -1.7983193277e+00 2.8813837509e+00
1.4285714286e+00 -1.7647058824e+00 2.9185309329e+00
1.4285714286e+00 -1.7310924370e+00 2.9564185776e+00
1.4285714286e+00 -1.6974789916e+00 2.9950578253e+00
1.4285714286e+00 -1.6638655462e+00 3.0344591288e+00
1.4285714286e+00 -1.6302521008e+00 3.0746321237e+00
1.4285714286e+00 -1.5966386555e+00 3.1155854840e+00
1.4285714286e+00 -1.5630252101e+00 3.1573267615e+00
1.4285714286e+00 -1.5294117647e+00 3.1998622085e+00
1.4285714286e+00 -1.4957983193e+00 3.2431965814e+00
1.4285714286e+00 -1.4621848739e+00 3.2873329245e+00
1.4285714286e+00 -1.4285714286e+00 3.3322723321e+00
1.4285714286e+00 -1.3949579832e+00 3.3780136874e+00
1.4285714286e+00 -1.3613445378e+00 3.4245533775e+00
1.4285714286e+00 -1.3277310924e+00 3.4718849819e+00
1.4285714286e+00 -1.2941176471e+00 3.5199989347e+00
1.4285714286e+00 -1.2605042017e+00 3.5688821583e+00
1.4285714286e+00 -1.2268907563e+00 3.6185176685e+00
1.4285714286e+00 -1.1932773109e+00 3.6688841500e+00
1.4285714286e+00 -1.1596638655e+00 3.7199555037e+00
1.4285714286e+00 -1.1260504202e+00 3.7717003643e+00
1.4285714286e+00 -1.0924369748e+00 3.8240815919e+00
1.4285714286e+00 -1.0588235294e+00 3.8770557379e+00
1.4285714286e+00 -1.0252100840e+00 3.9305724901e+00
1.4285714286e+00 -9.9159663866e-01 3.9845741014e+00
1.4285714286e+00 -9.5798319328e-01 4.0389948071e+00
1.4285714286e+00 -9.2436974790e-01 4.0937602414e+00
1.4285714286e+00 -8.9075630252e-01 4.1487868607e+00
1.4285714286e+00 -8.5714285714e-01 4.2039813877e+00
1.4285714286e+00 -8.2352941176e-01 4.2592402906e+00
1.4285714286e+00 -7.8991596639e-01 4.3144493152e+00
1.4285714286e+00 -7.5630252101e-01 4.3694830906e+00
1.4285714286e+00 -7.2268907563e-01 4.4242048308e+00
1.4285714286e+00 -6.8907563025e-01 4.4784661592e+00
1.4285714286e+00 -6.5546218487e-01 4.5321070840e+00
1.4285714286e+00 -6.2184873950e-01 4.5849561533e+00
1.4285714286e+00 -5.8823529412e-01 4.6368308237e+00
1.4285714286e+00 -5.5462184874e-01 4.6875380701e+00
1.4285714286e+00 -5.2100840336e-01 4.7368752685e+00
1.4285714286e+00 -4.8739495798e-01 4.7846313769e+00
1.4285714286e+00 -4.5378151261e-01 4.8305884347e+00
1.4285714286e+00 -4.2016806723e-01 4.8745233933e+00
1.4285714286e+00 -3.8655462185e-01 4.9162102806e+00
1.4285714286e+00 -3.5294117647e-01 4.9554226889e+00
1.4285714286e+00 -3.1932773109e-01 4.9919365609e+00
1.4285714286e+00 -2.8571428571e-01 5.0255332321e+00
1.4285714286e+00 -2.5210084034e-01 5.0560026710e+00
1.4285714286e+00 -2.1848739496e-01 5.0831468404e+00
1.4285714286e+00 -1.8487394958e-01 5.1067830894e+00
1.4285714286e+00 -1.5126050420e-01 5.1267474713e+00
1.4285714286e+00 -1.1764705882e-01 5.1428978762e+00
1.4285714286e+00 -8.4033613445e-02 5.1551168636e+00
1.4285714286e+00 -5.0420168067e-02 5.1633140854e+00
1.4285714286e+00 -1.6806722689e-02 5.1674282009e+00
1.4285714286e+00 1.6806722689e-02 5.1674282009e+00
1.4285714286e+00 5.0420168067e-02 5.1633140854e+00
1.4285714286e+00 8.4033613445e-02 5.1551168636e+00
1.4285714286e+00 1.1764705882e-01 5.1428978762e+00
1.4285714286e+00 1.5126050420e-01 5.1267474713e+00
1.4285714286e+00 1.8487394958e-01 5.1067830894e+00
1.4285714286e+00 2.1848739496e-01 5.0831468404e+00
1.4285714286e+00 2.5210084034e-01 5.0560026710e+00
1.4285714286e+00 2.8571428571e-01 5.0255332321e+00
1.4285714286e+00 3.1932773109e-01 4.9919365609e+00
1.4285714286e+00 3.5294117647e-01 4.9554226889e+00
1.4285714286e+00 3.8655462185e-01 4.9162102806e+00
1.4285714286e+00 4.2016806723e-01 4.8745233933e+00
1.4285714286e+00 4.5378151261e-01 4.8305884347e+00
1.4285714286e+00 4.8739495798e-01 4.7846313769e+00
1.4285714286e+00 5.2100840336e-01 4.7368752685e+00
1.4285714286e+00 5.5462184874e-01 4.6875380701e+00
1.4285714286e+00 5.8823529412e-01 4.6368308237e+00
1.4285714286e+00 6.2184873950e-01 4.5849561533e+00
1.4285714286e+00 6.5546218487e-01 4.5321070840e+00
1.4285714286e+00 6.8907563025e-01 4.4784661592e+00
1.4285714286e+00 7.2268907563e-01 4.4242048308e+00
1.4285714286e+00 7.5630252101e-01 4.3694830906e+00
1.4285714286e+00 7.8991596639e-01 4.3144493152e+00
1.4285714286e+00 8.2352941176e-01 4.2592402906e+00
1.4285714286e+00 8.5714285714e-01 4.2039813877e+00
1.4285714286e+00 8.9075630252e-01 4.1487868607e+00
1.4285714286e+00 9.2436974790e-01 4.0937602414e+00
1.4285714286e+00 9.5798319328e-01 4.0389948071e+00
1.4285714286e+00 9.9159663866e-01 3.9845741014e+00
1.4285714286e+00 1.0252100840e+00 3.9305724901e+00
1.4285714286e+00 1.0588235294e+00 3.8770557379e+00
1.4285714286e+00 1.0924369748e+00 3.8240815919e+00
1.4285714286e+00 1.1260504202e+00 3.7717003643e+00
1.4285714286e+00 1.1596638655e+00 3.7199555037e+00
1.4285714286e+00 1.1932773109e+00 3.6688841500e+00
1.4285714286e+00 1.2268907563e+00 3.6185176685e+00
1.4285714286e+00 1.2605042017e+00 3.5688821583e+00
1.4285714286e+00 1.2941176471e+00 3.5199989347e+00
1.4285714286e+00 1.3277310924e+00 3.4718849819e+00
1.4285714286e+00 1.3613445378e+00 3.4245533775e+00
1.4285714286e+00 1.3949579832e+00 3.3780136874e+00
1.4285714286e+00 1.4285714286e+00 3.3322723321e+00
1.4285714286e+00 1.4621848739e+00 3.2873329245e+00
1.4285714286e+00 1.4957983193e+00 3.2431965814e+00
1.4285714286e+00 1.5294117647e+00 3.1998622085e+00
1.4285714286e+00 1.5630252101e+00 3.1573267615e+00
1.4285714286e+00 1.5966386555e+00 3.1155854840e+00
1.4285714286e+00 1.6302521008e+00 3.0746321237e+00
1.4285714286e+00 1.6638655462e+00 3.0344591288e+00
1.4285714286e+00 1.6974789916e+00 2.9950578253e+00
1.4285714286e+00 1.7310924370e+00 2.9564185776e+00
1.4285714286e+00 1.7647058824e+00 2.9185309329e+00
1.4285714286e+00 1.7983193277e+00 2.8813837509e+00
1.4285714286e+00 1.8319327731e+00 2.8449653201e+00
1.4285714286e+00 1.8655462185e+00 2.8092634625e+00
1.4285714286e+00 1.8991596639e+00 2.7742656260e+00
1.4285714286e+00 1.9327731092e+00 2.7399589679e+00
1.4285714286e+00 1.9663865546e+00 2.7063304279e+00
1.4285714286e+00 2.0000000000e+00 2.6733667938e+00

1.4621848739e+00 -2.0000000000e+00 2.6500902136e+00
1.4621848739e+00 -1.9663865546e+00 2.6821863877e+00
1.4621848739e+00 -1.9327731092e+00 2.7149081020e+00
1.4621848739e+00 -1.8991596639e+00 2.7482666075e+00
1.4621848739e+00 -1.8655462185e+00 2.7822729099e+00
1.4621848739e+00 -1.8319327731e+00 2.8169377029e+00
1.4621848739e+00 -1.7983193277e+00 2.8522712918e+00
1.4621848739e+00 -1.7647058824e+00 2.8882835097e+00
1.4621848739e+00 -1.7310924370e+00 2.9249836231e+00
1.4621848739e+00 -1.6974789916e+00 2.9623802279e+00
1.4621848739e+00 -1.6638655462e+00 3.0004811331e+00
1.4621848739e+00 -1.6302521008e+00 3.0392932332e+00
1.4621848739e+00 -1.5966386555e+00 3.0788223661e+00
1.4621848739e+00 -1.5630252101e+00 3.1190731577e+00
1.4621848739e+00 -1.5294117647e+00 3.1600488500e+00
1.4621848739e+00 -1.4957983193e+00 3.2017511136e+00
1.4621848739e+00 -1.4621848739e+00 3.2441798414e+00
1.4621848739e+00 -1.4285714286e+00 3.2873329245e+00
1.4621848739e+00 -1.3949579832e+00 3.3312060076e+00
1.4621848739e+00 -1.3613445378e+00 3.3757922240e+00
1.4621848739e+00 -1.3277310924e+00 3.4210819087e+00
1.4621848739e+00 -1.2941176471e+00 3.4670622894e+00
1.4621848739e+00 -1.2605042017e+00 3.5137171550e+00
1.4621848739e+00 -1.2268907563e+00 3.5610265007e+00
1.4621848739e+00 -1.1932773109e+00 3.6089661512e+00
1.4621848739e+00 -1.1596638655e+00 3.6575073614e+00
1.4621848739e+00 -1.1260504202e+00 3.7066163971e+00
1.4621848739e+00 -1.0924369748e+00 3.7562540971e+00
1.4621848739e+00 -1.0588235294e+00 3.8063754196e+00
1.4621848739e+00 -1.0252100840e+00 3.8569289772e+00
1.4621848739e+00 -9.9159663866e-01 3.9078565653e+00
1.4621848739e+00 -9.5798319328e-01 3.9590926901e+00
1.4621848739e+00 -9.2436974790e-01 4.0105641048e+00
1.4621848739e+00 -8.9075630252e-01 4.0621893633e+00
1.4621848739e+00 -8.5714285714e-01 4.1138784024e+00
1.4621848739e+00 -8.2352941176e-01 4.1655321664e+00
1.4621848739e+00 -7.8991596639e-01 4.2170422897e+00
1.4621848739e+00 -7.5630252101e-01 4.2682908536e+00
1.4621848739e+00 -7.2268907563e-01 4.3191502386e+00
1.4621848739e+00 -6.8907563025e-01 4.3694830906e+00
1.4621848739e+00 -6.5546218487e-01 4.4191424253e+00
1.4621848739e+00 -6.2184873950e-01 4.4679718930e+00
1.4621848739e+00 -5.8823529412e-01 4.5158062266e+00
1.4621848739e+00 -5.5462184874e-01 4.5624718954e+00
1.4621848739e+00 -5.2100840336e-01 4.6077879836e+00
1.4621848739e+00 -4.8739495798e-01 4.6515673116e+00
1.4621848739e+00 -4.5378151261e-01 4.6936178090e+00
1.4621848739e+00 -4.2016806723e-01 4.7337441463e+00
1.4621848739e+00 -3.8655462185e-01 4.7717496191e+00
1.4621848739e+00 -3.5294117647e-01 4.8074382730e+00
1.4621848739e+00 -3.1932773109e-01 4.8406172424e+00
1.4621848739e+00 -2.8571428571e-01 4.8710992673e+00
1.4621848739e+00 -2.5210084034e-01 4.8987053378e+00
1.4621848739e+00 -2.1848739496e-01 4.9232674065e+00
1.4621848739e+00 -1.8487394958e-01 4.9446310961e+00
1.4621848739e+00 -1.5126050420e-01 4.9626583248e+00
1.4621848739e+00 -1.1764705882e-01 4.9772297651e+00
1.4621848739e+00 -8.4033613445e-02 4.9882470529e+00
1.4621848739e+00 -5.0420168067e-02 4.9956346659e+00
1.4621848739e+00 -1.6806722689e-02 4.9993414029e+00
1.4621848739e+00 1.6806722689e-02 4.9993414029e+00
1.4621848739e+00 5.0420168067e-02 4.9956346659e+00
1.4621848739e+00 8.4033613445e-02 4.9882470529e+00
1.4621848739e+00 1.1764705882e-01 4.9772297651e+00
1.4621848739e+00 1.5126050420e-01 4.9626583248e+00
1.4621848739e+00 1.8487394958e-01 4.9446310961e+00
1.4621848739e+00 2.1848739496e-01 4.9232674065e+00
1.4621848739e+00 2.5210084034e-01 4.8987053378e+00
1.4621848739e+00 2.8571428571e-01 4.8710992673e+00
1.4621848739e+00 3.1932773109e-01 4.8406172424e+00
1.4621848739e+00 3.5294117647e-01 4.8074382730e+00
1.4621848739e+00 3.8655462185e-01 4.7717496191e+00
1.4621848739e+00 4.2016806723e-01 4.7337441463e+00
1.4621848739e+00 4.5378151261e-01 4.6936178090e+00
1.4621848739e+00 4.8739495798e-01 4.6515673116e+00
1.4621848739e+00 5.2100840336e-01 4.6077879836e+00
1.4621848739e+00 5.5462184874e-01 4.5624718954e+00
1.4621848739e+00 5.8823529412e-01 4.5158062266e+00
1.4621848739e+00 6.2184873950e-01 4.4679718930e+00
1.4621848739e+00 6.5546218487e-01 4.4191424253e+00
1.4621848739e+00 6.8907563025e-01 4.3694830906e+00
1.4621848739e+00 7.2268907563e-01 4.3191502386e+00
1.4621848739e+00 7.5630252101e-01 4.2682908536e+00
1.4621848739e+00 7.8991596639e-01 4.2170422897e+00
1.4621848739e+00 8.2352941176e-01 4.1655321664e+00
1.4621848739e+00 8.5714285714e-01 4.1138784024e+00
1.4621848739e+00 8.9075630252e-01 4.0621893633e+00
1.4621848739e+00 9.2436974790e-01 4.0105641048e+00
1.4621848739e+00 9.5798319328e-01 3.9590926901e+00
1.4621848739e+00 9.9159663866e-01 3.9078565653e+00
1.4621848739e+00 1.0252100840e+00 3.8569289772e+00
1.4621848739e+00 1.0588235294e+00 3.8063754196e+00
1.4621848739e+00 1.0924369748e+00 3.7562540971e+00
1.4621848739e+00 1.1260504202e+00 3.7066163971e+00
1.4621848739e+00 1.1596638655e+00 3.6575073614e+00
1.4621848739e+00 1.1932773109e+00 3.6089661512e+00
1.4621848739e+00 1.2268907563e+00 3.5610265007e+00
1.4621848739e+00 1.2605042017e+00 3.5137171550e+00
1.4621848739e+00 1.2941176471e+00 3.4670622894e+00
1.4621848739e+00 1.3277310924e+00 3.4210819087e+00
1.4621848739e+00 1.3613445378e+00 3.3757922240e+00
1.4621848739e+00 1.3949579832e+00 3.3312060076e+00
1.4621848739e+00 1.4285714286e+00 3.2873329245e+00
1.4621848739e+00 1.4621848739e+00 3.2441798414e+00
1.4621848739e+00 1.4957983193e+00 3.2017511136e+00
1.4621848739e+00 1.5294117647e+00 3.1600488500e+00
1.4621848739e+00 1.5630252101e+00 3.1190731577e+00
1.4621848739e+00 1.5966386555e+00 3.0788223661e+00
1.4621848739e+00 1.6302521008e+00 3.0392932332e+00
1.4621848739e+00 1.6638655462e+00 3.0004811331e+00
1.4621848739e+00 1.6974789916e+00 2.9623802279e+00
1.4621848739e+00 1.7310924370e+00 2.9249836231e+00
1.4621848739e+00 1.7647058824e+00 2.8882835097e+00
1.4621848739e+00 1.7983193277e+00 2.8522712918e+00
1.4621848739e+00 1.8319327731e+00 2.8169377029e+00
1.4621848739e+00 1.8655462185e+00 2.7822729099e+00
1.4621848739e+00 1.8991596639e+00 2.7482666075e+00
1.4621848739e+00 1.9327731092e+00 2.7149081020e+00
1.4621848739e+00 1.9663865546e+00 2.6821863877e+00
1.4621848739e+00 2.0000000000e+00 2.6500902136e+00

1.4957983193e+00 -2.0000000000e+00 2.6268930956e+00
1.4957983193e+00 -1.9663865546e+00 2.6581404723e+00
1.4957983193e+00 -1.9327731092e+00 2.6899758634e+00
1.4957983193e+00 -1.8991596639e+00 2.7224087243e+00
1.4957983193e+00 -1.8655462185e+00 2.7554481878e+00
1.4957983193e+00 -1.8319327731e+00 2.7891029948e+00
1.4957983193e+00 -1.7983193277e+00 2.8233814180e+00
1.4957983193e+00 -1.7647058824e+00 2.8582911778e+00
1.4957983193e+00 -1.7310924370e+00 2.8938393481e+00
1.4957983193e+00 -1.6974789916e+00 2.9300322535e+00
1.4957983193e+00 -1.6638655462e+00 2.9668753560e+00
1.4957983193e+00 -1.6302521008e+00 3.0043731292e+00
1.4957983193e+00 -1.5966386555e+00 3.0425289222e+00
1.4957983193e+00 -1.5630252101e+00 3.0813448091e+00
1.4957983193e+00 -1.5294117647e+00 3.1208214258e+00
1.4957983193e+00 -1.4957983193e+00 3.1609577911e+00
1.4957983193e+00 -1.4621848739e+00 3.2017511136e+00
1.4957983193e+00 -1.4285714286e+00 3.2431965814e+00
1.4957983193e+00 -1.3949579832e+00 3.2852871356e+00
1.4957983193e+00 -1.3613445378e+00 3.3280132259e+00
1.4957983193e+00 -1.3277310924e+00 3.3713625488e+00
1.4957983193e+00 -1.2941176471e+00 3.4153197678e+00
1.4957983193e+00 -1.2605042017e+00 3.4598662145e+00
1.4957983193e+00 -1.2268907563e+00 3.5049795739e+00
1.4957983193e+00 -1.1932773109e+00 3.5506335511e+00
1.4957983193e+00 -1.1596638655e+00 3.5967975232e+00
1.4957983193e+00 -1.1260504202e+00 3.6434361768e+00
1.4957983193e+00 -1.0924369748e+00 3.6905091344e+00
1.4957983193e+00 -1.0588235294e+00 3.7379705725e+00
1.4957983193e+00 -1.0252100840e+00 3.7857688350e+00
1.4957983193e+00 -9.9159663866e-01 3.8338460481e+00
1.4957983193e+00 -9.5798319328e-01 3.8821377426e+00
1.4957983193e+00 -9.2436974790e-01 3.9305724901e+00
1.4957983193e+00 -8.9075630252e-01 3.9790715640e+00
1.4957983193e+00 -8.5714285714e-01 4.0275486329e+00
1.4957983193e+00 -8.2352941176e-01 4.0759095006e+00
1.4957983193e+00 -7.8991596639e-01 4.1240519050e+00
1.4957983193e+00 -7.5630252101e-01 4.1718653888e+00
1.4957983193e+00 -7.2268907563e-01 4.2192312611e+00
1.4957983193e+00 -6.8907563025e-01 4.2660226634e+00
1.4957983193e+00 -6.5546218487e-01 4.3121047592e+00
1.4957983193e+00 -6.2184873950e-01 4.3573350641e+00
1.4957983193e+00 -5.8823529412e-01 4.4015639326e+00
1.4957983193e+00 -5.5462184874e-01 4.4446352181e+00
1.4957983193e+00 -5.2100840336e-01 4.4863871190e+00
1.4957983193e+00 -4.8739495798e-01 4.5266532192e+00
1.4957983193e+00 -4.5378151261e-01 4.5652637307e+00
1.4957983193e+00 -4.2016806723e-01 4.6020469359e+00
1.4957983193e+00 -3.8655462185e-01 4.6368308237e+00
1.4957983193e+00 -3.5294117647e-01 4.6694449032e+00
1.4957983193e+00 -3.1932773109e-01 4.6997221729e+00
1.4957983193e+00 -2.8571428571e-01 4.7275012128e+00
1.4957983193e+00 -2.5210084034e-01 4.7526283579e+00
1.4957983193e+00 -2.1848739496e-01 4.7749599045e+00
1.4957983193e+00 -1.8487394958e-01 4.7943642945e+00
1.4957983193e+00 -1.5126050420e-01 4.8107242155e+00
1.4957983193e+00 -1.1764705882e-01 4.8239385549e+00
1.4957983193e+00 -8.4033613445e-02 4.8339241453e+00
1.4957983193e+00 -5.0420168067e-02 4.8406172424e+00
1.4957983193e+00 -1.6806722689e-02 4.8439746833e+00
1.4957983193e+00 1.6806722689e-02 4.8439746833e+00
1.4957983193e+00 5.0420168067e-02 4.8406172424e+00
1.4957983193e+00 8.4033613445e-02 4.8339241453e+00
1.4957983193e+00 1.1764705882e-01 4.8239385549e+00
1.4957983193e+00 1.5126050420e-01 4.8107242155e+00
1.4957983193e+00 1.8487394958e-01 4.7943642945e+00
1.4957983193e+00 2.1848739496e-01 4.7749599045e+00
1.4957983193e+00 2.5210084034e-01 4.7526283579e+00
1.4957983193e+00 2.8571428571e-01 4.7275012128e+00
1.4957983193e+00 3.1932773109e-01 4.6997221729e+00
1.4957983193e+00 3.5294117647e-01 4.6694449032e+00
1.4957983193e+00 3.8655462185e-01 4.6368308237e+00
1.4957983193e+00 4.2016806723e-01 4.6020469359e+00
1.4957983193e+00 4.5378151261e-01 4.5652637307e+00
1.4957983193e+00 4.8739495798e-01 4.5266532192e+00
1.4957983193e+00 5.2100840336e-01 4.4863871190e+00
1.4957983193e+00 5.5462184874e-01 4.4446352181e+00
1.4957983193e+00 5.8823529412e-01 4.4015639326e+00
1.4957983193e+00 6.2184873950e-01 4.3573350641e+00
1.4957983193e+00 6.5546218487e-01 4.3121047592e+00
1.4957983193e+00 6.8907563025e-01 4.2660226634e+00
1.4957983193e+00 7.2268907563e-01 4.2192312611e+00
1.4957983193e+00 7.5630252101e-01 4.1718653888e+00
1.4957983193e+00 7.8991596639e-01 4.1240519050e+00
1.4957983193e+00 8.2352941176e-01 4.0759095006e+00
1.4957983193e+00 8.5714285714e-01 4.0275486329e+00
1.4957983193e+00 8.9075630252e-01 3.9790715640e+00
1.4957983193e+00 9.2436974790e-01 3.9305724901e+00
1.4957983193e+00 9.5798319328e-01 3.8821377426e+00
1.4957983193e+00 9.9159663866e-01 3.8338460481e+00
1.4957983193e+00 1.0252100840e+00 3.7857688350e+00
1.4957983193e+00 1.0588235294e+00 3.7379705725e+00
1.4957983193e+00 1.0924369748e+00 3.6905091344e+00
1.4957983193e+00 1.1260504202e+00 3.6434361768e+00
1.4957983193e+00 1.1596638655e+00 3.5967975232e+00
1.4957983193e+00 1.1932773109e+00 3.5506335511e+00
1.4957983193e+00 1.2268907563e+00 3.5049795739e+00
1.4957983193e+00 1.2605042017e+00 3.4598662145e+00
1.4957983193e+00 1.2941176471e+00 3.4153197678e+00
1.4957983193e+00 1.3277310924e+00 3.3713625488e+00
1.4957983193e+00 1.3613445378e+00 3.3280132259e+00
1.4957983193e+00 1.3949579832e+00 3.2852871356e+00
1.4957983193e+00 1.4285714286e+00 3.2431965814e+00
1.4957983193e+00 1.4621848739e+00 3.2017511136e+00
1.4957983193e+00 1.4957983193e+00 3.1609577911e+00
1.4957983193e+00 1.5294117647e+00 3.1208214258e+00
1.4957983193e+00 1.5630252101e+00 3.0813448091e+00
1.4957983193e+00 1.5966386555e+00 3.0425289222e+00
1.4957983193e+00 1.6302521008e+00 3.0043731292e+00
1.4957983193e+00 1.6638655462e+00 2.9668753560e+00
1.4957983193e+00 1.6974789916e+00 2.9300322535e+00
1.4957983193e+00 1.7310924370e+00 2.8938393481e+00
1.4957983193e+00 1.7647058824e+00 2.8582911778e+00
1.4957983193e+00 1.7983193277e+00 2.8233814180e+00
1.4957983193e+00 1.8319327731e+00 2.7891029948e+00
1.4957983193e+00 1.8655462185e+00 2.7554481878e+00
1.4957983193e+00 1.8991596639e+00 2.7224087243e+00
1.4957983193e+00 1.9327731092e+00 2.6899758634e+00
1.4957983193e+00 1.9663865546e+00 2.6581404723e+00
1.4957983193e+00 2.0000000000e+00 2.6268930956e+00

1.5294117647e+00 -2.0000000000e+00 2.6037901133e+00
1.5294117647e+00 -1.9663865546e+00 2.6342075522e+00
1.5294117647e+00 -1.9327731092e+00 2.6651772687e+00
1.5294117647e+00 -1.8991596639e+00 2.6967070792e+00
1.5294117647e+00 -1.8655462185e+00 2.7288044122e+00
1.5294117647e+00 -1.8319327731e+00 2.7614762394e+00
1.5294117647e+00 -1.7983193277e+00 2.7947289992e+00
1.5294117647e+00 -1.7647058824e+00 2.8285685136e+00
1.5294117647e+00 -1.7310924370e+00 2.8629998959e+00
1.5294117647e+00 -1.6974789916e+00 2.8980274502e+00
1.5294117647e+00 -1.6638655462e+00 2.9336545608e+00
1.5294117647e+00 -1.6302521008e+00 2.9698835720e+00
1.5294117647e+00 -1.5966386555e+00 3.0067156566e+00
1.5294117647e+00 -1.5630252101e+00 3.0441506735e+00
1.5294117647e+00 -1.5294117647e+00 3.0821870121e+00
1.5294117647e+00 -1.4957983193e+00 3.1208214258e+00
1.5294117647e+00 -1.4621848739e+00 3.1600488500e+00
1.5294117647e+00 -1.4285714286e+00 3.1998622085e+00
1.5294117647e+00 -1.3949579832e+00 3.2402522040e+00
1.5294117647e+00 -1.3613445378e+00 3.2812070957e+00
1.5294117647e+00 -1.3277310924e+00 3.3227124610e+00
1.5294117647e+00 -1.2941176471e+00 3.3647509442e+00
1.5294117647e+00 -1.2605042017e+00 3.4073019903e+00
1.5294117647e+00 -1.2268907563e+00 3.4503415659e+00
1.5294117647e+00 -1.1932773109e+00 3.4938418680e+00
1.5294117647e+00 -1.1596638655e+00 3.5377710220e+00
1.5294117647e+00 -1.1260504202e+00 3.5820927711e+00
1.5294117647e+00 -1.0924369748e+00 3.6267661596e+00
1.5294117647e+00 -1.0588235294e+00 3.6717452141e+00
1.5294117647e+00 -1.0252100840e+00 3.7169786253e+00
1.5294117647e+00 -9.9159663866e-01 3.7624094370e+00
1.5294117647e+00 -9.5798319328e-01 3.8079747472e+00
1.5294117647e+00 -9.2436974790e-01 3.8536054280e+00
1.5294117647e+00 -8.9075630252e-01 3.8992258733e+00
1.5294117647e+00 -8.5714285714e-01 3.9447537823e+00
1.5294117647e+00 -8.2352941176e-01 3.9900999895e+00
1.5294117647e+00 -7.8991596639e-01 4.0351683517e+00
1.5294117647e+00 -7.5630252101e-01 4.0798557053e+00
1.5294117647e+00 -7.2268907563e-01 4.1240519050e+00
1.5294117647e+00 -6.8907563025e-01 4.1676399581e+00
1.5294117647e+00 -6.5546218487e-01 4.2104962681e+00
1.5294117647e+00 -6.2184873950e-01 4.2524909989e+00
1.5294117647e+00 -5.8823529412e-01 4.2934885741e+00
1.5294117647e+00 -5.5462184874e-01 4.3333483203e+00
1.5294117647e+00 -5.2100840336e-01 4.3719252628e+00
1.5294117647e+00 -4.8739495798e-01 4.4090710803e+00
1.5294117647e+00 -4.5378151261e-01 4.4446352181e+00
1.5294117647e+00 -4.2016806723e-01 4.4784661592e+00
1.5294117647e+00 -3.8655462185e-01 4.5104128414e+00
1.5294117647e+00 -3.5294117647e-01 4.5403262084e+00
1.5294117647e+00 -3.1932773109e-01 4.5680608730e+00
1.5294117647e+00 -2.8571428571e-01 4.5934768642e+00
1.5294117647e+00 -2.5210084034e-01 4.6164414253e+00
1.5294117647e+00 -2.1848739496e-01 4.6368308237e+00
1.5294117647e+00 -1.8487394958e-01 4.6545321276e+00
1.5294117647e+00 -1.5126050420e-01 4.6694449032e+00
1.5294117647e+00 -1.1764705882e-01 4.6814827853e+00
1.5294117647e+00 -8.4033613445e-02 4.6905748722e+00
1.5294117647e+00 -5.0420168067e-02 4.6966669021e+00
1.5294117647e+00 -1.6806722689e-02 4.6997221729e+00
1.5294117647e+00 1.6806722689e-02 4.6997221729e+00
1.5294117647e+00 5.0420168067e-02 4.6966669021e+00
1.5294117647e+00 8.4033613445e-02 4.6905748722e+00
1.5294117647e+00 1.1764705882e-01 4.6814827853e+00
1.5294117647e+00 1.5126050420e-01 4.6694449032e+00
1.5294117647e+00 1.8487394958e-01 4.6545321276e+00
1.5294117647e+00 2.1848739496e-01 4.6368308237e+00
1.5294117647e+00 2.5210084034e-01 4.6164414253e+00
1.5294117647e+00 2.8571428571e-01 4.5934768642e+00
1.5294117647e+00 3.1932773109e-01 4.5680608730e+00
1.5294117647e+00 3.5294117647e-01 4.5403262084e+00
1.5294117647e+00 3.8655462185e-01 4.5104128414e+00
1.5294117647e+00 4.2016806723e-01 4.4784661592e+00
1.5294117647e+00 4.5378151261e-01 4.4446352181e+00
1.5294117647e+00 4.8739495798e-01 4.4090710803e+00
1.5294117647e+00 5.2100840336e-01 4.3719252628e+00
1.5294117647e+00 5.5462184874e-01 4.3333483203e+00
1.5294117647e+00 5.8823529412e-01 4.2934885741e+00
1.5294117647e+00 6.2184873950e-01 4.2524909989e+00
1.5294117647e+00 6.5546218487e-01 4.2104962681e+00
1.5294117647e+00 6.8907563025e-01 4.1676399581e+00
1.5294117647e+00 7.2268907563e-01 4.1240519050e+00
1.5294117647e+00 7.5630252101e-01 4.0798557053e+00
1.5294117647e+00 7.8991596639e-01 4.0351683517e+00
1.5294117647e+00 8.2352941176e-01 3.9900999895e+00
1.5294117647e+00 8.5714285714e-01 3.9447537823e+00
1.5294117647e+00 8.9075630252e-01 3.8992258733e+00
1.5294117647e+00 9.2436974790e-01 3.8536054280e+00
1.5294117647e+00 9.5798319328e-01 3.8079747472e+00
1.5294117647e+00 9.9159663866e-01 3.7624094370e+00
1.5294117647e+00 1.0252100840e+00 3.7169786253e+00
1.5294117647e+00 1.0588235294e+00 3.6717452141e+00
1.5294117647e+00 1.0924369748e+00 3.6267661596e+00
1.5294117647e+00 1.1260504202e+00 3.5820927711e+00
1.5294117647e+00 1.1596638655e+00 3.5377710220e+00
1.5294117647e+00 1.1932773109e+00 3.4938418680e+00
1.5294117647e+00 1.2268907563e+00 3.4503415659e+00
1.5294117647e+00 1.2605042017e+00 3.4073019903e+00
1.5294117647e+00 1.2941176471e+00 3.3647509442e+00
1.5294117647e+00 1.3277310924e+00 3.3227124610e+00
1.5294117647e+00 1.3613445378e+00 3.2812070957e+00
1.5294117647e+00 1.3949579832e+00 3.2402522040e+00
1.5294117647e+00 1.4285714286e+00 3.1998622085e+00
1.5294117647e+00 1.4621848739e+00 3.1600488500e+00
1.5294117647e+00 1.4957983193e+00 3.1208214258e+00
1.5294117647e+00 1.5294117647e+00 3.0821870121e+00
1.5294117647e+00 1.5630252101e+00 3.0441506735e+00
1.5294117647e+00 1.5966386555e+00 3.0067156566e+00
1.5294117647e+00 1.6302521008e+00 2.9698835720e+00
1.5294117647e+00 1.6638655462e+00 2.9336545608e+00
1.5294117647e+00 1.6974789916e+00 2.8980274502e+00
1.5294117647e+00 1.7310924370e+00 2.8629998959e+00
1.5294117647e+00 1.7647058824e+00 2.8285685136e+00
1.5294117647e+00 1.7983193277e+00 2.7947289992e+00
1.5294117647e+00 1.8319327731e+00 2.7614762394e+00
1.5294117647e+00 1.8655462185e+00 2.7288044122e+00
1.5294117647e+00 1.8991596639e+00 2.6967070792e+00
1.5294117647e+00 1.9327731092e+00 2.6651772687e+00
1.5294117647e+00 1.9663865546e+00 2.6342075522e+00
1.5294117647e+00 2.0000000000e+00 2.6037901133e+00

1.5630252101e+00 -2.0000000000e+00 2.5807948951e+00
1.5630252101e+00 -1.9663865546e+00 2.6104013825e+00
1.5630252101e+00 -1.9327731092e+00 2.6405261468e+00
1.5630252101e+00 -1.8991596639e+00 2.6711755113e+00
1.5630252101e+00 -1.8655462185e+00 2.7023553581e+00
1.5630252101e+00 -1.8319327731e+00 2.7340710596e+00
1.5630252101e+00 -1.7983193277e+00 2.7663274035e+00
1.5630252101e+00 -1.7647058824e+00 2.7991285113e+00
1.5630252101e+00 -1.7310924370e+00 2.8324777483e+00
1.5630252101e+00 -1.6974789916e+00 2.8663776265e+00
1.5630252101e+00 -1.6638655462e+00 2.9008296987e+00
1.5630252101e+00 -1.6302521008e+00 2.9358344426e+00
1.5630252101e+00 -1.5966386555e+00 2.9713911368e+00
1.5630252101e+00 -1.5630252101e+00 3.0074977256e+00
1.5630252101e+00 -1.5294117647e+00 3.0441506735e+00
1.5630252101e+00 -1.4957983193e+00 3.0813448091e+00
1.5630252101e+00 -1.4621848739e+00 3.1190731577e+00
1.5630252101e+00 -1.4285714286e+00 3.1573267615e+00
1.5630252101e+00 -1.3949579832e+00 3.1960944894e+00
1.5630252101e+00 -1.3613445378e+00 3.2353628344e+00
1.5630252101e+00 -1.3277310924e+00 3.2751156993e+00
1.5630252101e+00 -1.2941176471e+00 3.3153341716e+00
1.5630252101e+00 -1.2605042017e+00 3.3559962884e+00
1.5630252101e+00 -1.2268907563e+00 3.3970767905e+00
1.5630252101e+00 -1.1932773109e+00 3.4385468695e+00
1.5630252101e+00 -1.1596638655e+00 3.4803739074e+00
1.5630252101e+00 -1.1260504202e+00 3.5225212129e+00
1.5630252101e+00 -1.0924369748e+00 3.5649477546e+00
1.5630252101e+00 -1.0588235294e+00 3.6076078971e+00
1.5630252101e+00 -1.0252100840e+00 3.6504511421e+00
1.5630252101e+00 -9.9159663866e-01 3.6934218797e+00
1.5630252101e+00 -9.5798319328e-01 3.7364591558e+00
1.5630252101e+00 -9.2436974790e-01 3.7794964609e+00
1.5630252101e+00 -8.9075630252e-01 3.8224615477e+00
1.5630252101e+00 -8.5714285714e-01 3.8652762867e+00
1.5630252101e+00 -8.2352941176e-01 3.9078565653e+00
1.5630252101e+00 -7.8991596639e-01 3.9501122430e+00
1.5630252101e+00 -7.5630252101e-01 3.9919471703e+00
1.5630252101e+00 -7.2268907563e-01 4.0332592832e+00
1.5630252101e+00 -6.8907563025e-01 4.0739407812e+00
1.5630252101e+00 -6.5546218487e-01 4.1138784024e+00
1.5630252101e+00 -6.2184873950e-01 4.1529538022e+00
1.5630252101e+00 -5.8823529412e-01 4.1910440458e+00
1.5630252101e+00 -5.5462184874e-01 4.2280222216e+00
1.5630252101e+00 -5.2100840336e-01 4.2637581797e+00
1.5630252101e+00 -4.8739495798e-01 4.2981193984e+00
1.5630252101e+00 -4.5378151261e-01 4.3309719782e+00
1.5630252101e+00 -4.2016806723e-01 4.3621817570e+00
1.5630252101e+00 -3.8655462185e-01 4.3916155395e+00
1.5630252101e+00 -3.5294117647e-01 4.4191424253e+00
1.5630252101e+00 -3.1932773109e-01 4.4446352181e+00
1.5630252101e+00 -2.8571428571e-01 4.4679718930e+00
1.5630252101e+00 -2.5210084034e-01 4.4890370923e+00
1.5630252101e+00 -2.1848739496e-01 4.5077236209e+00
1.5630252101e+00 -1.8487394958e-01 4.5239339032e+00
1.5630252101e+00 -1.5126050420e-01 4.5375813681e+00
1.5630252101e+00 -1.1764705882e-01 4.5485917221e+00
1.5630252101e+00 -8.4033613445e-02 4.5569040768e+00
1.5630252101e+00 -5.0420168067e-02 4.5624718954e+00
1.5630252101e+00 -1.6806722689e-02 4.5652637307e+00
1.5630252101e+00 1.6806722689e-02 4.5652637307e+00
1.5630252101e+00 5.0420168067e-02 4.5624718954e+00
1.5630252101e+00 8.4033613445e-02 4.5569040768e+00
1.5630252101e+00 1.1764705882e-01 4.5485917221e+00
1.5630252101e+00 1.5126050420e-01 4.5375813681e+00
1.5630252101e+00 1.8487394958e-01 4.5239339032e+00
1.5630252101e+00 2.1848739496e-01 4.5077236209e+00
1.5630252101e+00 2.5210084034e-01 4.4890370923e+00
1.5630252101e+00 2.8571428571e-01 4.4679718930e+00
1.5630252101e+00 3.1932773109e-01 4.4446352181e+00
1.5630252101e+00 3.5294117647e-01 4.4191424253e+00
1.5630252101e+00 3.8655462185e-01 4.3916155395e+00
1.5630252101e+00 4.2016806723e-01 4.3621817570e+00
1.5630252101e+00 4.5378151261e-01 4.3309719782e+00
1.5630252101e+00 4.8739495798e-01 4.2981193984e+00
1.5630252101e+00 5.2100840336e-01 4.2637581797e+00
1.5630252101e+00 5.5462184874e-01 4.2280222216e+00
1.5630252101e+00 5.8823529412e-01 4.1910440458e+00
1.5630252101e+00 6.2184873950e-01 4.1529538022e+00
1.5630252101e+00 6.5546218487e-01 4.1138784024e+00
1.5630252101e+00 6.8907563025e-01 4.0739407812e+00
1.5630252101e+00 7.2268907563e-01 4.0332592832e+00
1.5630252101e+00 7.5630252101e-01 3.9919471703e+00
1.5630252101e+00 7.8991596639e-01 3.9501122430e+00
1.5630252101e+00 8.2352941176e-01 3.9078565653e+00
1.5630252101e+00 8.5714285714e-01 3.8652762867e+00
1.5630252101e+00 8.9075630252e-01 3.8224615477e+00
1.5630252101e+00 9.2436974790e-01 3.7794964609e+00
1.5630252101e+00 9.5798319328e-01 3.7364591558e+00
1.5630252101e+00 9.9159663866e-01 3.6934218797e+00
1.5630252101e+00 1.0252100840e+00 3.6504511421e+00
1.5630252101e+00 1.0588235294e+00 3.6076078971e+00
1.5630252101e+00 1.0924369748e+00 3.5649477546e+00
1.5630252101e+00 1.1260504202e+00 3.5225212129e+00
1.5630252101e+00 1.1596638655e+00 3.4803739074e+00
1.5630252101e+00 1.1932773109e+00 3.4385468695e+00
1.5630252101e+00 1.2268907563e+00 3.3970767905e+00
1.5630252101e+00 1.2605042017e+00 3.3559962884e+00
1.5630252101e+00 1.2941176471e+00 3.3153341716e+00
1.5630252101e+00 1.3277310924e+00 3.2751156993e+00
1.5630252101e+00 1.3613445378e+00 3.2353628344e+00
1.5630252101e+00 1.3949579832e+00 3.1960944894e+00
1.5630252101e+00 1.4285714286e+00 3.1573267615e+00
1.5630252101e+00 1.4621848739e+00 3.1190731577e+00
1.5630252101e+00 1.4957983193e+00 3.0813448091e+00
1.5630252101e+00 1.5294117647e+00 3.0441506735e+00
1.5630252101e+00 1.5630252101e+00 3.0074977256e+00
1.5630252101e+00 1.5966386555e+00 2.9713911368e+00
1.5630252101e+00 1.6302521008e+00 2.9358344426e+00
1.5630252101e+00 1.6638655462e+00 2.9008296987e+00
1.5630252101e+00 1.6974789916e+00 2.8663776265e+00
1.5630252101e+00 1.7310924370e+00 2.8324777483e+00
1.5630252101e+00 1.7647058824e+00 2.7991285113e+00
1.5630252101e+00 1.7983193277e+00 2.7663274035e+00
1.5630252101e+00 1.8319327731e+00 2.7340710596e+00
1.5630252101e+00 1.8655462185e+00 2.7023553581e+00
1.5630252101e+00 1.8991596639e+00 2.6711755113e+00
1.5630252101e+00 1.9327731092e+00 2.6405261468e+00
1.5630252101e+00 1.9663865546e+00 2.6104013825e+00
1.5630252101e+00 2.0000000000e+00 2.5807948951e+00

1.5966386555e+00 -2.0000000000e+00 2.5579200634e+00
1.5966386555e+00 -1.9663865546e+00 2.5867346486e+00
1.5966386555e+00 -1.9327731092e+00 2.6160351905e+00
1.5966386555e+00 -1.8991596639e+00 2.6458266558e+00
1.5966386555e+00 -1.8655462185e+00 2.6761135268e+00
1.5966386555e+00 -1.8319327731e+00 2.7068997343e+00
1.5966386555e+00 -1.7983193277e+00 2.7381885848e+00
1.5966386555e+00 -1.7647058824e+00 2.7699826806e+00
1.5966386555e+00 -1.7310924370e+00 2.8022838341e+00
1.5966386555e+00 -1.6974789916e+00 2.8350929739e+00
1.5966386555e+00 -1.6638655462e+00 2.8684100435e+00
1.5966386555e+00 -1.6302521008e+00 2.9022338920e+00
1.5966386555e+00 -1.5966386555e+00 2.9365621569e+00
1.5966386555e+00 -1.5630252101e+00 2.9713911368e+00
1.5966386555e+00 -1.5294117647e+00 3.0067156566e+00
1.5966386555e+00 -1.4957983193e+00 3.0425289222e+00
1.5966386555e+00 -1.4621848739e+00 3.0788223661e+00
1.5966386555e+00 -1.4285714286e+00 3.1155854840e+00
1.5966386555e+00 -1.3949579832e+00 3.1528056608e+00
1.5966386555e+00 -1.3613445378e+00 3.1904679884e+00
1.5966386555e+00 -1.3277310924e+00 3.2285550739e+00
1.5966386555e+00 -1.2941176471e+00 3.2670468392e+00
1.5966386555e+00 -1.2605042017e+00 3.3059203140e+00
1.5966386555e+00 -1.2268907563e+00 3.3451494216e+00
1.5966386555e+00 -1.1932773109e+00 3.3847047595e+00
1.5966386555e+00 -1.1596638655e+00 3.4245533775e+00
1.5966386555e+00 -1.1260504202e+00 3.4646585539e+00
1.5966386555e+00 -1.0924369748e+00 3.5049795739e+00
1.5966386555e+00 -1.0588235294e+00 3.5454715129e+00
1.5966386555e+00 -1.0252100840e+00 3.5860850273e+00
1.5966386555e+00 -9.9159663866e-01 3.6267661596e+00
1.5966386555e+00 -9.5798319328e-01 3.6674561598e+00
1.5966386555e+00 -9.2436974790e-01 3.7080913310e+00
1.5966386555e+00 -8.9075630252e-01 3.7486029039e+00
1.5966386555e+00 -8.5714285714e-01 3.7889169474e+00
1.5966386555e+00 -8.2352941176e-01 3.8289543227e+00
1.5966386555e+00 -7.8991596639e-01 3.8686306887e+00
1.5966386555e+00 -7.5630252101e-01 3.9078565653e+00
1.5966386555e+00 -7.2268907563e-01 3.9465374655e+00
1.5966386555e+00 -6.8907563025e-01 3.9845741014e+00
1.5966386555e+00 -6.5546218487e-01 4.0218626733e+00
1.5966386555e+00 -6.2184873950e-01 4.0582952496e+00
1.5966386555e+00 -5.8823529412e-01 4.0937602414e+00
1.5966386555e+00 -5.5462184874e-01 4.1281429782e+00
1.5966386555e+00 -5.2100840336e-01 4.1613263868e+00
1.5966386555e+00 -4.8739495798e-01 4.1931917735e+00
1.5966386555e+00 -4.5378151261e-01 4.2236197072e+00
1.5966386555e+00 -4.2016806723e-01 4.2524909989e+00
1.5966386555e+00 -3.8655462185e-01 4.2796877673e+00
1.5966386555e+00 -3.5294117647e-01 4.3050945796e+00
1.5966386555e+00 -3.1932773109e-01 4.3285996495e+00
1.5966386555e+00 -2.8571428571e-01 4.3500960750e+00
1.5966386555e+00 -2.5210084034e-01 4.3694830906e+00
1.5966386555e+00 -2.1848739496e-01 4.3866673104e+00
1.5966386555e+00 -1.8487394958e-01 4.4015639326e+00
1.5966386555e+00 -1.5126050420e-01 4.4140978777e+00
1.5966386555e+00 -1.1764705882e-01 4.4242048308e+00
1.5966386555e+00 -8.4033613445e-02 4.4318321604e+00
1.5966386555e+00 -5.0420168067e-02 4.4369396879e+00
1.5966386555e+00 -1.6806722689e-02 4.4395002855e+00
1.5966386555e+00 1.6806722689e-02 4.4395002855e+00
1.5966386555e+00 5.0420168067e-02 4.4369396879e+00
1.5966386555e+00 8.4033613445e-02 4.4318321604e+00
1.5966386555e+00 1.1764705882e-01 4.4242048308e+00
1.5966386555e+00 1.5126050420e-01 4.4140978777e+00
1.5966386555e+00 1.8487394958e-01 4.4015639326e+00
1.5966386555e+00 2.1848739496e-01 4.3866673104e+00
1.5966386555e+00 2.5210084034e-01 4.3694830906e+00
1.5966386555e+00 2.8571428571e-01 4.3500960750e+00
1.5966386555e+00 3.1932773109e-01 4.3285996495e+00
1.5966386555e+00 3.5294117647e-01 4.3050945796e+00
1.5966386555e+00 3.8655462185e-01 4.2796877673e+00
1.5966386555e+00 4.2016806723e-01 4.2524909989e+00
1.5966386555e+00 4.5378151261e-01 4.2236197072e+00
1.5966386555e+00 4.8739495798e-01 4.1931917735e+00
1.5966386555e+00 5.2100840336e-01 4.1613263868e+00
1.5966386555e+00 5.5462184874e-01 4.1281429782e+00
1.5966386555e+00 5.8823529412e-01 4.0937602414e+00
1.5966386555e+00 6.2184873950e-01 4.0582952496e+00
1.5966386555e+00 6.5546218487e-01 4.0218626733e+00
1.5966386555e+00 6.8907563025e-01 3.9845741014e+00
1.5966386555e+00 7.2268907563e-01 3.9465374655e+00
1.5966386555e+00 7.5630252101e-01 3.9078565653e+00
1.5966386555e+00 7.8991596639e-01 3.8686306887e+00
1.5966386555e+00 8.2352941176e-01 3.8289543227e+00
1.5966386555e+00 8.5714285714e-01 3.7889169474e+00
1.5966386555e+00 8.9075630252e-01 3.7486029039e+00
1.5966386555e+00 9.2436974790e-01 3.7080913310e+00
1.5966386555e+00 9.5798319328e-01 3.6674561598e+00
1.5966386555e+00 9.9159663866e-01 3.6267661596e+00
1.5966386555e+00 1.0252100840e+00 3.5860850273e+00
1.5966386555e+00 1.0588235294e+00 3.5454715129e+00
1.5966386555e+00 1.0924369748e+00 3.5049795739e+00
1.5966386555e+00 1.1260504202e+00 3.4646585539e+00
1.5966386555e+00 1.1596638655e+00 3.4245533775e+00
1.5966386555e+00 1.1932773109e+00 3.3847047595e+00
1.5966386555e+00 1.2268907563e+00 3.3451494216e+00
1.5966386555e+00 1.2605042017e+00 3.3059203140e+00
1.5966386555e+00 1.2941176471e+00 3.2670468392e+00
1.5966386555e+00 1.3277310924e+00 3.2285550739e+00
1.5966386555e+00 1.3613445378e+00 3.1904679884e+00
1.5966386555e+00 1.3949579832e+00 3.1528056608e+00
1.5966386555e+00 1.4285714286e+00 3.1155854840e+00
1.5966386555e+00 1.4621848739e+00 3.0788223661e+00
1.5966386555e+00 1.4957983193e+00 3.0425289222e+00
1.5966386555e+00 1.5294117647e+00 3.0067156566e+00
1.5966386555e+00 1.5630252101e+00 2.9713911368e+00
1.5966386555e+00 1.5966386555e+00 2.9365621569e+00
1.5966386555e+00 1.6302521008e+00 2.9022338920e+00
1.5966386555e+00 1.6638655462e+00 2.8684100435e+00
1.5966386555e+00 1.6974789916e+00 2.8350929739e+00
1.5966386555e+00 1.7310924370e+00 2.8022838341e+00
1.5966386555e+00 1.7647058824e+00 2.7699826806e+00
1.5966386555e+00 1.7983193277e+00 2.7381885848e+00
1.5966386555e+00 1.8319327731e+00 2.7068997343e+00
1.5966386555e+00 1.8655462185e+00 2.6761135268e+00
1.5966386555e+00 1.8991596639e+00 2.6458266558e+00
1.5966386555e+00 1.9327731092e+00 2.6160351905e+00
1.5966386555e+00 1.9663865546e+00 2.5867346486e+00
1.5966386555e+00 2.0000000000e+00 2.5579200634e+00

1.6302521008e+00 -2.0000000000e+00 2.5351772750e+00
1.6302521008e+00 -1.9663865546e+00 2.5632190121e+00
1.6302521008e+00 -1.9327731092e+00 2.5917160094e+00
1.6302521008e+00 -1.8991596639e+00 2.6206720037e+00
1.6302521008e+00 -1.8655462185e+00 2.6500902136e+00
1.6302521008e+00 -1.8319327731e+00 2.6799732744e+00
1.6302521008e+00 -1.7983193277e+00 2.7103231669e+00
1.6302521008e+00 -1.7647058824e+00 2.7411411415e+00
1.6302521008e+00 -1.7310924370e+00 2.7724276353e+00
1.6302521008e+00 -1.6974789916e+00 2.8041821828e+00
1.6302521008e+00 -1.6638655462e+00 2.8364033202e+00
1.6302521008e+00 -1.6302521008e+00 2.8690884823e+00
1.6302521008e+00 -1.5966386555e+00 2.9022338920e+00
1.6302521008e+00 -1.5630252101e+00 2.9358344426e+00
1.6302521008e+00 -1.5294117647e+00 2.9698835720e+00
1.6302521008e+00 -1.4957983193e+00 3.0043731292e+00
1.6302521008e+00 -1.4621848739e+00 3.0392932332e+00
1.6302521008e+00 -1.4285714286e+00 3.0746321237e+00
1.6302521008e+00 -1.3949579832e+00 3.1103760044e+00
1.6302521008e+00 -1.3613445378e+00 3.1465088793e+00
1.6302521008e+00 -1.3277310924e+00 3.1830123816e+00
1.6302521008e+00 -1.2941176471e+00 3.2198655974e+00
1.6302521008e+00 -1.2605042017e+00 3.2570448836e+00
1.6302521008e+00 -1.2268907563e+00 3.2945236822e+00
1.6302521008e+00 -1.1932773109e+00 3.3322723321e+00
1.6302521008e+00 -1.1596638655e+00 3.3702578800e+00
1.6302521008e+00 -1.1260504202e+00 3.4084438934e+00
1.6302521008e+00 -1.0924369748e+00 3.4467902769e+00
1.6302521008e+00 -1.0588235294e+00 3.4852530962e+00
1.6302521008e+00 -1.0252100840e+00 3.5237844119e+00
1.6302521008e+00 -9.9159663866e-01 3.5623321288e+00
1.6302521008e+00 -9.5798319328e-01 3.6008398624e+00
1.6302521008e+00 -9.2436974790e-01 3.6392468304e+00
1.6302521008e+00 -8.9075630252e-01 3.6774877724e+00
1.6302521008e+00 -8.5714285714e-01 3.7154929042e+00
1.6302521008e+00 -8.2352941176e-01 3.7531879130e+00
1.6302521008e+00 -7.8991596639e-01 3.7904939999e+00
1.6302521008e+00 -7.5630252101e-01 3.8273279748e+00
1.6302521008e+00 -7.2268907563e-01 3.8636024124e+00
1.6302521008e+00 -6.8907563025e-01 3.8992258733e+00
1.6302521008e+00 -6.5546218487e-01 3.9341031976e+00
1.6302521008e+00 -6.2184873950e-01 3.9681358748e+00
1.6302521008e+00 -5.8823529412e-01 4.0012224949e+00
1.6302521008e+00 -5.5462184874e-01 4.0332592832e+00
1.6302521008e+00 -5.2100840336e-01 4.0641407194e+00
1.6302521008e+00 -4.8739495798e-01 4.0937602414e+00
1.6302521008e+00 -4.5378151261e-01 4.1220110284e+00
1.6302521008e+00 -4.2016806723e-01 4.1487868607e+00
1.6302521008e+00 -3.8655462185e-01 4.1739830451e+00
1.6302521008e+00 -3.5294117647e-01 4.1974973966e+00
1.6302521008e+00 -3.1932773109e-01 4.2192312611e+00
1.6302521008e+00 -2.8571428571e-01 4.2390905640e+00
1.6302521008e+00 -2.5210084034e-01 4.2569868646e+00
1.6302521008e+00 -2.1848739496e-01 4.2728383952e+00
1.6302521008e+00 -1.8487394958e-01 4.2865710643e+00
1.6302521008e+00 -1.5126050420e-01 4.2981193984e+00
1.6302521008e+00 -1.1764705882e-01 4.3074274026e+00
1.6302521008e+00 -8.4033613445e-02 4.3144493152e+00
1.6302521008e+00 -5.0420168067e-02 4.3191502386e+00
1.6302521008e+00 -1.6806722689e-02 4.3215066288e+00
1.6302521008e+00 1.6806722689e-02 4.3215066288e+00
1.6302521008e+00 5.0420168067e-02 4.3191502386e+00
1.6302521008e+00 8.4033613445e-02 4.3144493152e+00
1.6302521008e+00 1.1764705882e-01 4.3074274026e+00
1.6302521008e+00 1.5126050420e-01 4.2981193984e+00
1.6302521008e+00 1.8487394958e-01 4.2865710643e+00
1.6302521008e+00 2.1848739496e-01 4.2728383952e+00
1.6302521008e+00 2.5210084034e-01 4.2569868646e+00
1.6302521008e+00 2.8571428571e-01 4.2390905640e+00
1.6302521008e+00 3.1932773109e-01 4.2192312611e+00
1.6302521008e+00 3.5294117647e-01 4.1974973966e+00
1.6302521008e+00 3.8655462185e-01 4.1739830451e+00
1.6302521008e+00 4.2016806723e-01 4.1487868607e+00
1.6302521008e+00 4.5378151261e-01 4.1220110284e+00
1.6302521008e+00 4.8739495798e-01 4.0937602414e+00
1.6302521008e+00 5.2100840336e-01 4.0641407194e+00
1.6302521008e+00 5.5462184874e-01 4.0332592832e+00
1.6302521008e+00 5.8823529412e-01 4.0012224949e+00
1.6302521008e+00 6.2184873950e-01 3.9681358748e+00
1.6302521008e+00 6.5546218487e-01 3.9341031976e+00
1.6302521008e+00 6.8907563025e-01 3.8992258733e+00
1.6302521008e+00 7.2268907563e-01 3.8636024124e+00
1.6302521008e+00 7.5630252101e-01 3.8273279748e+00
1.6302521008e+00 7.8991596639e-01 3.7904939999e+00
1.6302521008e+00 8.2352941176e-01 3.7531879130e+00
1.6302521008e+00 8.5714285714e-01 3.7154929042e+00
1.6302521008e+00 8.9075630252e-01 3.6774877724e+00
1.6302521008e+00 9.2436974790e-01 3.6392468304e+00
1.6302521008e+00 9.5798319328e-01 3.6008398624e+00
1.6302521008e+00 9.9159663866e-01 3.5623321288e+00
1.6302521008e+00 1.0252100840e+00 3.5237844119e+00
1.6302521008e+00 1.0588235294e+00 3.4852530962e+00
1.6302521008e+00 1.0924369748e+00 3.4467902769e+00
1.6302521008e+00 1.1260504202e+00 3.4084438934e+00
1.6302521008e+00 1.1596638655e+00 3.3702578800e+00
1.6302521008e+00 1.1932773109e+00 3.3322723321e+00
1.6302521008e+00 1.2268907563e+00 3.2945236822e+00
1.6302521008e+00 1.2605042017e+00 3.2570448836e+00
1.6302521008e+00 1.2941176471e+00 3.2198655974e+00
1.6302521008e+00 1.3277310924e+00 3.1830123816e+00
1.6302521008e+00 1.3613445378e+00 3.1465088793e+00
1.6302521008e+00 1.3949579832e+00 3.1103760044e+00
1.6302521008e+00 1.4285714286e+00 3.0746321237e+00
1.6302521008e+00 1.4621848739e+00 3.0392932332e+00
1.6302521008e+00 1.4957983193e+00 3.0043731292e+00
1.6302521008e+00 1.5294117647e+00 2.9698835720e+00
1.6302521008e+00 1.5630252101e+00 2.9358344426e+00
1.6302521008e+00 1.5966386555e+00 2.9022338920e+00
1.6302521008e+00 1.6302521008e+00 2.8690884823e+00
1.6302521008e+00 1.6638655462e+00 2.8364033202e+00
1.6302521008e+00 1.6974789916e+00 2.8041821828e+00
1.6302521008e+00 1.7310924370e+00 2.7724276353e+00
1.6302521008e+00 1.7647058824e+00 2.7411411415e+00
1.6302521008e+00 1.7983193277e+00 2.7103231669e+00
1.6302521008e+00 1.8319327731e+00 2.6799732744e+00
1.6302521008e+00 1.8655462185e+00 2.6500902136e+00
1.6302521008e+00 1.8991596639e+00 2.6206720037e+00
1.6302521008e+00 1.9327731092e+00 2.5917160094e+00
1.6302521008e+00 1.9663865546e+00 2.5632190121e+00
1.6302521008e+00 2.0000000000e+00 2.5351772750e+00

1.6638655462e+00 -2.0000000000e+00 2.5125772623e+00
1.6638655462e+00 -1.9663865546e+00 2.5398651577e+00
1.6638655462e+00 -1.9327731092e+00 2.5675791821e+00
1.6638655462e+00 -1.8991596639e+00 2.5957219605e+00
1.6638655462e+00 -1.8655462185e+00 2.6242955740e+00
1.6638655462e+00 -1.8319327731e+00 2.6533014964e+00
1.6638655462e+00 -1.7983193277e+00 2.6827405268e+00
1.6638655462e+00 -1.7647058824e+00 2.7126127158e+00
1.6638655462e+00 -1.7310924370e+00 2.7429172874e+00
1.6638655462e+00 -1.6974789916e+00 2.7736525544e+00
1.6638655462e+00 -1.6638655462e+00 2.8048158277e+00
1.6638655462e+00 -1.6302521008e+00 2.8364033202e+00
1.6638655462e+00 -1.5966386555e+00 2.8684100435e+00
1.6638655462e+00 -1.5630252101e+00 2.9008296987e+00
1.6638655462e+00 -1.5294117647e+00 2.9336545608e+00
1.6638655462e+00 -1.4957983193e+00 2.9668753560e+00
1.6638655462e+00 -1.4621848739e+00 3.0004811331e+00
1.6638655462e+00 -1.4285714286e+00 3.0344591288e+00
1.6638655462e+00 -1.3949579832e+00 3.0687946261e+00
1.6638655462e+00 -1.3613445378e+00 3.1034708089e+00
1.6638655462e+00 -1.3277310924e+00 3.1384686098e+00
1.6638655462e+00 -1.2941176471e+00 3.1737665554e+00
1.6638655462e+00 -1.2605042017e+00 3.2093406079e+00
1.6638655462e+00 -1.2268907563e+00 3.2451640042e+00
1.6638655462e+00 -1.1932773109e+00 3.2812070957e+00
1.6638655462e+00 -1.1596638655e+00 3.3174371887e+00
1.6638655462e+00 -1.1260504202e+00 3.3538183887e+00
1.6638655462e+00 -1.0924369748e+00 3.3903114500e+00
1.6638655462e+00 -1.0588235294e+00 3.4268736342e+00
1.6638655462e+00 -1.0252100840e+00 3.4634585809e+00
1.6638655462e+00 -9.9159663866e-01 3.5000161925e+00
1.6638655462e+00 -9.5798319328e-01 3.5364925392e+00
1.6638655462e+00 -9.2436974790e-01 3.5728297866e+00
1.6638655462e+00 -8.9075630252e-01 3.6089661512e+00
1.6638655462e+00 -8.5714285714e-01 3.6448358891e+00
1.6638655462e+00 -8.2352941176e-01 3.6803693216e+00
1.6638655462e+00 -7.8991596639e-01 3.7154929042e+00
1.6638655462e+00 -7.5630252101e-01 3.7501293434e+00
1.6638655462e+00 -7.2268907563e-01 3.7841977665e+00
1.6638655462e+00 -6.8907563025e-01 3.8176139493e+00
1.6638655462e+00 -6.5546218487e-01 3.8502906057e+00
1.6638655462e+00 -6.2184873950e-01 3.8821377426e+00
1.6638655462e+00 -5.8823529412e-01 3.9130630836e+00
1.6638655462e+00 -5.5462184874e-01 3.9429725618e+00
1.6638655462e+00 -5.2100840336e-01 3.9717708823e+00
1.6638655462e+00 -4.8739495798e-01 3.9993621528e+00
1.6638655462e+00 -4.5378151261e-01 4.0256505786e+00
1.6638655462e+00 -4.2016806723e-01 4.0505412166e+00
1.6638655462e+00 -3.8655462185e-01 4.0739407812e+00
1.6638655462e+00 -3.5294117647e-01 4.0957584904e+00
1.6638655462e+00 -3.1932773109e-01 4.1159069428e+00
1.6638655462e+00 -2.8571428571e-01 4.1343030095e+00
1.6638655462e+00 -2.5210084034e-01 4.1508687259e+00
1.6638655462e+00 -2.1848739496e-01 4.1655321664e+00
1.6638655462e+00 -1.8487394958e-01 4.1782282838e+00
1.6638655462e+00 -1.5126050420e-01 4.1888996953e+00
1.6638655462e+00 -1.1764705882e-01 4.1974973966e+00
1.6638655462e+00 -8.4033613445e-02 4.2039813877e+00
1.6638655462e+00 -5.0420168067e-02 4.2083211937e+00
1.6638655462e+00 -1.6806722689e-02 4.2104962681e+00
1.6638655462e+00 1.6806722689e-02 4.2104962681e+00
1.6638655462e+00 5.0420168067e-02 4.2083211937e+00
1.6638655462e+00 8.4033613445e-02 4.2039813877e+00
1.6638655462e+00 1.1764705882e-01 4.1974973966e+00
1.6638655462e+00 1.5126050420e-01 4.1888996953e+00
1.6638655462e+00 1.8487394958e-01 4.1782282838e+00
1.6638655462e+00 2.1848739496e-01 4.1655321664e+00
1.6638655462e+00 2.5210084034e-01 4.1508687259e+00
1.6638655462e+00 2.8571428571e-01 4.1343030095e+00
1.6638655462e+00 3.1932773109e-01 4.1159069428e+00
1.6638655462e+00 3.5294117647e-01 4.0957584904e+00
1.6638655462e+00 3.8655462185e-01 4.0739407812e+00
1.6638655462e+00 4.2016806723e-01 4.0505412166e+00
1.6638655462e+00 4.5378151261e-01 4.0256505786e+00
1.6638655462e+00 4.8739495798e-01 3.9993621528e+00
1.6638655462e+00 5.2100840336e-01 3.9717708823e+00
1.6638655462e+00 5.5462184874e-01 3.9429725618e+00
1.6638655462e+00 5.8823529412e-01 3.9130630836e+00
1.6638655462e+00 6.2184873950e-01 3.8821377426e+00
1.6638655462e+00 6.5546218487e-01 3.8502906057e+00
1.6638655462e+00 6.8907563025e-01 3.8176139493e+00
1.6638655462e+00 7.2268907563e-01 3.7841977665e+00
1.6638655462e+00 7.5630252101e-01 3.7501293434e+00
1.6638655462e+00 7.8991596639e-01 3.7154929042e+00
1.6638655462e+00 8.2352941176e-01 3.6803693216e+00
1.6638655462e+00 8.5714285714e-01 3.6448358891e+00
1.6638655462e+00 8.9075630252e-01 3.6089661512e+00
1.6638655462e+00 9.2436974790e-01 3.5728297866e+00
1.6638655462e+00 9.5798319328e-01 3.5364925392e+00
1.6638655462e+00 9.9159663866e-01 3.5000161925e+00
1.6638655462e+00 1.0252100840e+00 3.4634585809e+00
1.6638655462e+00 1.0588235294e+00 3.4268736342e+00
1.6638655462e+00 1.0924369748e+00 3.3903114500e+00
1.6638655462e+00 1.1260504202e+00 3.3538183887e+00
1.6638655462e+00 1.1596638655e+00 3.3174371887e+00
1.6638655462e+00 1.1932773109e+00 3.2812070957e+00
1.6638655462e+00 1.2268907563e+00 3.2451640042e+00
1.6638655462e+00 1.2605042017e+00 3.2093406079e+00
1.6638655462e+00 1.2941176471e+00 3.1737665554e+00
1.6638655462e+00 1.3277310924e+00 3.1384686098e+00
1.6638655462e+00 1.3613445378e+00 3.1034708089e+00
1.6638655462e+00 1.3949579832e+00 3.0687946261e+00
1.6638655462e+00 1.4285714286e+00 3.0344591288e+00
1.6638655462e+00 1.4621848739e+00 3.0004811331e+00
1.6638655462e+00 1.4957983193e+00 2.9668753560e+00
1.6638655462e+00 1.5294117647e+00 2.9336545608e+00
1.6638655462e+00 1.5630252101e+00 2.9008296987e+00
1.6638655462e+00 1.5966386555e+00 2.8684100435e+00
1.6638655462e+00 1.6302521008e+00 2.8364033202e+00
1.6638655462e+00 1.6638655462e+00 2.8048158277e+00
1.6638655462e+00 1.6974789916e+00 2.7736525544e+00
1.6638655462e+00 1.7310924370e+00 2.7429172874e+00
1.6638655462e+00 1.7647058824e+00 2.7126127158e+00
1.6638655462e+00 1.7983193277e+00 2.6827405268e+00
1.6638655462e+00 1.8319327731e+00 2.6533014964e+00
1.6638655462e+00 1.8655462185e+00 2.6242955740e+00
1.6638655462e+00 1.8991596639e+00 2.5957219605e+00
1.6638655462e+00 1.9327731092e+00 2.5675791821e+00
1.6638655462e+00 1.9663865546e+00 2.5398651577e+00
1.6638655462e+00 2.0000000000e+00 2.5125772623e+00

1.6974789916e+00 -2.0000000000e+00 2.4901298739e+00
1.6974789916e+00 -1.9663865546e+00 2.5166828390e+00
1.6974789916e+00 -1.9327731092e+00 2.5436343085e+00
1.6974789916e+00 -1.8991596639e+00 2.5709859051e+00
1.6974789916e+00 -1.8655462185e+00 2.5987386886e+00
1.6974789916e+00 -1.8319327731e+00 2.6268930956e+00
1.6974789916e+00 -1.7983193277e+00 2.6554488744e+00
1.6974789916e+00 -1.7647058824e+00 2.6844050156e+00
1.6974789916e+00 -1.7310924370e+00 2.7137596777e+00
1.6974789916e+00 -1.6974789916e+00 2.7435101072e+00
1.6974789916e+00 -1.6638655462e+00 2.7736525544e+00
1.6974789916e+00 -1.6302521008e+00 2.8041821828e+00
1.6974789916e+00 -1.5966386555e+00 2.8350929739e+00
1.6974789916e+00 -1.5630252101e+00 2.8663776265e+00
1.6974789916e+00 -1.5294117647e+00 2.8980274502e+00
1.6974789916e+00 -1.4957983193e+00 2.9300322535e+00
1.6974789916e+00 -1.4621848739e+00 2.9623802279e+00
1.6974789916e+00 -1.4285714286e+00 2.9950578253e+00
1.6974789916e+00 -1.3949579832e+00 3.0280496326e+00
1.6974789916e+00 -1.3613445378e+00 3.0613382415e+00
1.6974789916e+00 -1.3277310924e+00 3.0949041149e+00
1.6974789916e+00 -1.2941176471e+00 3.1287254513e+00
1.6974789916e+00 -1.2605042017e+00 3.1627780475e+00
1.6974789916e+00 -1.2268907563e+00 3.1970351609e+00
1.6974789916e+00 -1.1932773109e+00 3.2314673733e+00
1.6974789916e+00 -1.1596638655e+00 3.2660424574e+00
1.6974789916e+00 -1.1260504202e+00 3.3007252479e+00
1.6974789916e+00 -1.0924369748e+00 3.3354775207e+00
1.6974789916e+00 -1.0588235294e+00 3.3702578800e+00
1.6974789916e+00 -1.0252100840e+00 3.4050216597e+00
1.6974789916e+00 -9.9159663866e-01 3.4397208384e+00
1.6974789916e+00 -9.5798319328e-01 3.4743039750e+00
1.6974789916e+00 -9.2436974790e-01 3.5087161658e+00
1.6974789916e+00 -8.9075630252e-01 3.5428990281e+00
1.6974789916e+00 -8.5714285714e-01 3.5767907144e+00
1.6974789916e+00 -8.2352941176e-01 3.6103259613e+00
1.6974789916e+00 -7.8991596639e-01 3.6434361768e+00
1.6974789916e+00 -7.5630252101e-01 3.6760495705e+00
1.6974789916e+00 -7.2268907563e-01 3.7080913310e+00
1.6974789916e+00 -6.8907563025e-01 3.7394838533e+00
1.6974789916e+00 -6.5546218487e-01 3.7701470193e+00
1.6974789916e+00 -6.2184873950e-01 3.7999985346e+00
1.6974789916e+00 -5.8823529412e-01 3.8289543227e+00
1.6974789916e+00 -5.5462184874e-01 3.8569289772e+00
1.6974789916e+00 -5.2100840336e-01 3.8838362705e+00
1.6974789916e+00 -4.8739495798e-01 3.9095897187e+00
1.6974789916e+00 -4.5378151261e-01 3.9341031976e+00
1.6974789916e+00 -4.2016806723e-01 3.9572916053e+00
1.6974789916e+00 -3.8655462185e-01 3.9790715640e+00
1.6974789916e+00 -3.5294117647e-01 3.9993621528e+00
1.6974789916e+00 -3.1932773109e-01 4.0180856613e+00
1.6974789916e+00 -2.8571428571e-01 4.0351683517e+00
1.6974789916e+00 -2.5210084034e-01 4.0505412166e+00
1.6974789916e+00 -2.1848739496e-01 4.0641407194e+00
1.6974789916e+00 -1.8487394958e-01 4.0759095006e+00
1.6974789916e+00 -1.5126050420e-01 4.0857970375e+00
1.6974789916e+00 -1.1764705882e-01 4.0937602414e+00
1.6974789916e+00 -8.4033613445e-02 4.0997639792e+00
1.6974789916e+00 -5.0420168067e-02 4.1037815069e+00
1.6974789916e+00 -1.6806722689e-02 4.1057948046e+00
1.6974789916e+00 1.6806722689e-02 4.1057948046e+00
1.6974789916e+00 5.0420168067e-02 4.1037815069e+00
1.6974789916e+00 8.4033613445e-02 4.0997639792e+00
1.6974789916e+00 1.1764705882e-01 4.0937602414e+00
1.6974789916e+00 1.5126050420e-01 4.0857970375e+00
1.6974789916e+00 1.8487394958e-01 4.0759095006e+00
1.6974789916e+00 2.1848739496e-01 4.0641407194e+00
1.6974789916e+00 2.5210084034e-01 4.0505412166e+00
1.6974789916e+00 2.8571428571e-01 4.0351683517e+00
1.6974789916e+00 3.1932773109e-01 4.0180856613e+00
1.6974789916e+00 3.5294117647e-01 3.9993621528e+00
1.6974789916e+00 3.8655462185e-01 3.9790715640e+00
1.6974789916e+00 4.2016806723e-01 3.9572916053e+00
1.6974789916e+00 4.5378151261e-01 3.9341031976e+00
1.6974789916e+00 4.8739495798e-01 3.9095897187e+00
1.6974789916e+00 5.2100840336e-01 3.8838362705e+00
1.6974789916e+00 5.5462184874e-01 3.8569289772e+00
1.6974789916e+00 5.8823529412e-01 3.8289543227e+00
1.6974789916e+00 6.2184873950e-01 3.7999985346e+00
1.6974789916e+00 6.5546218487e-01 3.7701470193e+00
1.6974789916e+00 6.8907563025e-01 3.7394838533e+00
1.6974789916e+00 7.2268907563e-01 3.7080913310e+00
1.6974789916e+00 7.5630252101e-01 3.6760495705e+00
1.6974789916e+00 7.8991596639e-01 3.6434361768e+00
1.6974789916e+00 8.2352941176e-01 3.6103259613e+00
1.6974789916e+00 8.5714285714e-01 3.5767907144e+00
1.6974789916e+00 8.9075630252e-01 3.5428990281e+00
1.6974789916e+00 9.2436974790e-01 3.5087161658e+00
1.6974789916e+00 9.5798319328e-01 3.4743039750e+00
1.6974789916e+00 9.9159663866e-01 3.4397208384e+00
1.6974789916e+00 1.0252100840e+00 3.4050216597e+00
1.6974789916e+00 1.0588235294e+00 3.3702578800e+00
1.6974789916e+00 1.0924369748e+00 3.3354775207e+00
1.6974789916e+00 1.1260504202e+00 3.3007252479e+00
1.6974789916e+00 1.1596638655e+00 3.2660424574e+00
1.6974789916e+00 1.1932773109e+00 3.2314673733e+00
1.6974789916e+00 1.2268907563e+00 3.1970351609e+00
1.6974789916e+00 1.2605042017e+00 3.1627780475e+00
1.6974789916e+00 1.2941176471e+00 3.1287254513e+00
1.6974789916e+00 1.3277310924e+00 3.0949041149e+00
1.6974789916e+00 1.3613445378e+00 3.0613382415e+00
1.6974789916e+00 1.3949579832e+00 3.0280496326e+00
1.6974789916e+00 1.4285714286e+00 2.9950578253e+00
1.6974789916e+00 1.4621848739e+00 2.9623802279e+00
1.6974789916e+00 1.4957983193e+00 2.9300322535e+00
1.6974789916e+00 1.5294117647e+00 2.8980274502e+00
1.6974789916e+00 1.5630252101e+00 2.8663776265e+00
1.6974789916e+00 1.5966386555e+00 2.8350929739e+00
1.6974789916e+00 1.6302521008e+00 2.8041821828e+00
1.6974789916e+00 1.6638655462e+00 2.7736525544e+00
1.6974789916e+00 1.6974789916e+00 2.7435101072e+00
1.6974789916e+00 1.7310924370e+00 2.7137596777e+00
1.6974789916e+00 1.7647058824e+00 2.6844050156e+00
1.6974789916e+00 1.7983193277e+00 2.6554488744e+00
1.6974789916e+00 1.8319327731e+00 2.6268930956e+00
1.6974789916e+00 1.8655462185e+00 2.5987386886e+00
1.6974789916e+00 1.8991596639e+00 2.5709859051e+00
1.6974789916e+00 1.9327731092e+00 2.5436343085e+00
1.6974789916e+00 1.9663865546e+00 2.5166828390e+00
1.6974789916e+00 2.0000000000e+00 2.4901298739e+00

1.7310924370e+00 -2.0000000000e+00 2.4678441166e+00
1.7310924370e+00 -1.9663865546e+00 2.4936809253e+00
1.7310924370e+00 -1.9327731092e+00 2.5198900615e+00
1.7310924370e+00 -1.8991596639e+00 2.5464722467e+00
1.7310924370e+00 -1.8655462185e+00 2.5734276270e+00
1.7310924370e+00 -1.8319327731e+00 2.6007557153e+00
1.7310924370e+00 -1.7983193277e+00 2.6284553299e+00
1.7310924370e+00 -1.7647058824e+00 2.6565245281e+00
1.7310924370e+00 -1.7310924370e+00 2.6849605369e+00
1.7310924370e+00 -1.6974789916e+00 2.7137596777e+00
1.7310924370e+00 -1.6638655462e+00 2.7429172874e+00
1.7310924370e+00 -1.6302521008e+00 2.7724276353e+00
1.7310924370e+00 -1.5966386555e+00 2.8022838341e+00
1.7310924370e+00 -1.5630252101e+00 2.8324777483e+00
1.7310924370e+00 -1.5294117647e+00 2.8629998959e+00
1.7310924370e+00 -1.4957983193e+00 2.8938393481e+00
1.7310924370e+00 -1.4621848739e+00 2.9249836231e+00
1.7310924370e+00 -1.4285714286e+00 2.9564185776e+00
1.7310924370e+00 -1.3949579832e+00 2.9881282941e+00
1.7310924370e+00 -1.3613445378e+00 3.0200949661e+00
1.7310924370e+00 -1.3277310924e+00 3.0522987806e+00
1.7310924370e+00 -1.2941176471e+00 3.0847178007e+00
1.7310924370e+00 -1.2605042017e+00 3.1173278465e+00
1.7310924370e+00 -1.2268907563e+00 3.1501023784e+00
1.7310924370e+00 -1.1932773109e+00 3.1830123816e+00
1.7310924370e+00 -1.1596638655e+00 3.2160262561e+00
1.7310924370e+00 -1.1260504202e+00 3.2491097109e+00
1.7310924370e+00 -1.0924369748e+00 3.2822256672e+00
1.7310924370e+00 -1.0588235294e+00 3.3153341716e+00
1.7310924370e+00 -1.0252100840e+00 3.3483923216e+00
1.7310924370e+00 -9.9159663866e-01 3.3813542066e+00
1.7310924370e+00 -9.5798319328e-01 3.4141708674e+00
1.7310924370e+00 -9.2436974790e-01 3.4467902769e+00
1.7310924370e+00 -8.9075630252e-01 3.4791573461e+00
1.7310924370e+00 -8.5714285714e-01 3.5112139570e+00
1.7310924370e+00 -8.2352941176e-01 3.5428990281e+00
1.7310924370e+00 -7.8991596639e-01 3.5741486144e+00
1.7310924370e+00 -7.5630252101e-01 3.6048960450e+00
1.7310924370e+00 -7.2268907563e-01 3.6350721026e+00
1.7310924370e+00 -6.8907563025e-01 3.6646052462e+00
1.7310924370e+00 -6.5546218487e-01 3.6934218797e+00
1.7310924370e+00 -6.2184873950e-01 3.7214466685e+00
1.7310924370e+00 -5.8823529412e-01 3.7486029039e+00
1.7310924370e+00 -5.5462184874e-01 3.7748129162e+00
1.7310924370e+00 -5.2100840336e-01 3.7999985346e+00
1.7310924370e+00 -4.8739495798e-01 3.8240815919e+00
1.7310924370e+00 -4.5378151261e-01 3.8469844714e+00
1.7310924370e+00 -4.2016806723e-01 3.8686306887e+00
1.7310924370e+00 -3.8655462185e-01 3.8889455055e+00
1.7310924370e+00 -3.5294117647e-01 3.9078565653e+00
1.7310924370e+00 -3.1932773109e-01 3.9252945428e+00
1.7310924370e+00 -2.8571428571e-01 3.9411937982e+00
1.7310924370e+00 -2.5210084034e-01 3.9554930242e+00
1.7310924370e+00 -2.1848739496e-01 3.9681358748e+00
1.7310924370e+00 -1.8487394958e-01 3.9790715640e+00
1.7310924370e+00 -1.5126050420e-01 3.9882554218e+00
1.7310924370e+00 -1.1764705882e-01 3.9956493971e+00
1.7310924370e+00 -8.4033613445e-02 4.0012224949e+00
1.7310924370e+00 -5.0420168067e-02 4.0049511396e+00
1.7310924370e+00 -1.6806722689e-02 4.0068194551e+00
1.7310924370e+00 1.6806722689e-02 4.0068194551e+00
1.7310924370e+00 5.0420168067e-02 4.0049511396e+00
1.7310924370e+00 8.4033613445e-02 4.0012224949e+00
1.7310924370e+00 1.1764705882e-01 3.9956493971e+00
1.7310924370e+00 1.5126050420e-01 3.9882554218e+00
1.7310924370e+00 1.8487394958e-01 3.9790715640e+00
1.7310924370e+00 2.1848739496e-01 3.9681358748e+00
1.7310924370e+00 2.5210084034e-01 3.9554930242e+00
1.7310924370e+00 2.8571428571e-01 3.9411937982e+00
1.7310924370e+00 3.1932773109e-01 3.9252945428e+00
1.7310924370e+00 3.5294117647e-01 3.9078565653e+00
1.7310924370e+00 3.8655462185e-01 3.8889455055e+00
1.7310924370e+00 4.2016806723e-01 3.8686306887e+00
1.7310924370e+00 4.5378151261e-01 3.8469844714e+00
1.7310924370e+00 4.8739495798e-01 3.8240815919e+00
1.7310924370e+00 5.2100840336e-01 3.7999985346e+00
1.7310924370e+00 5.5462184874e-01 3.7748129162e+00
1.7310924370e+00 5.8823529412e-01 3.7486029039e+00
1.7310924370e+00 6.2184873950e-01 3.7214466685e+00
1.7310924370e+00 6.5546218487e-01 3.6934218797e+00
1.7310924370e+00 6.8907563025e-01 3.6646052462e+00
1.7310924370e+00 7.2268907563e-01 3.6350721026e+00
1.7310924370e+00 7.5630252101e-01 3.6048960450e+00
1.7310924370e+00 7.8991596639e-01 3.5741486144e+00
1.7310924370e+00 8.2352941176e-01 3.5428990281e+00
1.7310924370e+00 8.5714285714e-01 3.5112139570e+00
1.7310924370e+00 8.9075630252e-01 3.4791573461e+00
1.7310924370e+00 9.2436974790e-01 3.4467902769e+00
1.7310924370e+00 9.5798319328e-01 3.4141708674e+00
1.7310924370e+00 9.9159663866e-01 3.3813542066e+00
1.7310924370e+00 1.0252100840e+00 3.3483923216e+00
1.7310924370e+00 1.0588235294e+00 3.3153341716e+00
1.7310924370e+00 1.0924369748e+00 3.2822256672e+00
1.7310924370e+00 1.1260504202e+00 3.2491097109e+00
1.7310924370e+00 1.1596638655e+00 3.2160262561e+00
1.7310924370e+00 1.1932773109e+00 3.1830123816e+00
1.7310924370e+00 1.2268907563e+00 3.1501023784e+00
1.7310924370e+00 1.2605042017e+00 3.1173278465e+00
1.7310924370e+00 1.2941176471e+00 3.0847178007e+00
1.7310924370e+00 1.3277310924e+00 3.0522987806e+00
1.7310924370e+00 1.3613445378e+00 3.0200949661e+00
1.7310924370e+00 1.3949579832e+00 2.9881282941e+00
1.7310924370e+00 1.4285714286e+00 2.9564185776e+00
1.7310924370e+00 1.4621848739e+00 2.9249836231e+00
1.7310924370e+00 1.4957983193e+00 2.8938393481e+00
1.7310924370e+00 1.5294117647e+00 2.8629998959e+00
1.7310924370e+00 1.5630252101e+00 2.8324777483e+00
1.7310924370e+00 1.5966386555e+00 2.8022838341e+00
1.7310924370e+00 1.6302521008e+00 2.7724276353e+00
1.7310924370e+00 1.6638655462e+00 2.7429172874e+00
1.7310924370e+00 1.6974789916e+00 2.7137596777e+00
1.7310924370e+00 1.7310924370e+00 2.6849605369e+00
1.7310924370e+00 1.7647058824e+00 2.6565245281e+00
1.7310924370e+00 1.7983193277e+00 2.6284553299e+00
1.7310924370e+00 1.8319327731e+00 2.6007557153e+00
1.7310924370e+00 1.8655462185e+00 2.5734276270e+00
1.7310924370e+00 1.8991596639e+00 2.5464722467e+00
1.7310924370e+00 1.9327731092e+00 2.5198900615e+00
1.7310924370e+00 1.9663865546e+00 2.4936809253e+00
1.7310924370e+00 2.0000000000e+00 2.4678441166e+00

1.7647058824e+00 -2.0000000000e+00 2.4457281955e+00
1.7647058824e+00 -1.9663865546e+00 2.4708674466e+00
1.7647058824e+00 -1.9327731092e+00 2.4963542371e+00
1.7647058824e+00 -1.8991596639e+00 2.5221884809e+00
1.7647058824e+00 -1.8655462185e+00 2.5483695090e+00
1.7647058824e+00 -1.8319327731e+00 2.5748960154e+00
1.7647058824e+00 -1.7983193277e+00 2.6017659980e+00
1.7647058824e+00 -1.7647058824e+00 2.6289766967e+00
1.7647058824e+00 -1.7310924370e+00 2.6565245281e+00
1.7647058824e+00 -1.6974789916e+00 2.6844050156e+00
1.7647058824e+00 -1.6638655462e+00 2.7126127158e+00
1.7647058824e+00 -1.6302521008e+00 2.7411411415e+00
1.7647058824e+00 -1.5966386555e+00 2.7699826806e+00
1.7647058824e+00 -1.5630252101e+00 2.7991285113e+00
1.7647058824e+00 -1.5294117647e+00 2.8285685136e+00
1.7647058824e+00 -1.4957983193e+00 2.8582911778e+00
1.7647058824e+00 -1.4621848739e+00 2.8882835097e+00
1.7647058824e+00 -1.4285714286e+00 2.9185309329e+00
1.7647058824e+00 -1.3949579832e+00 2.9490171897e+00
1.7647058824e+00 -1.3613445378e+00 2.9797242391e+00
1.7647058824e+00 -1.3277310924e+00 3.0106321552e+00
1.7647058824e+00 -1.2941176471e+00 3.0417190245e+00
1.7647058824e+00 -1.2605042017e+00 3.0729608447e+00
1.7647058824e+00 -1.2268907563e+00 3.1043314253e+00
1.7647058824e+00 -1.1932773109e+00 3.1358022914e+00
1.7647058824e+00 -1.1596638655e+00 3.1673425928e+00
1.7647058824e+00 -1.1260504202e+00 3.1989190192e+00
1.7647058824e+00 -1.0924369748e+00 3.2304957237e+00
1.7647058824e+00 -1.0588235294e+00 3.2620342572e+00
1.7647058824e+00 -1.0252100840e+00 3.2934935144e+00
1.7647058824e+00 -9.9159663866e-01 3.3248296962e+00
1.7647058824e+00 -9.5798319328e-01 3.3559962884e+00
1.7647058824e+00 -9.2436974790e-01 3.3869440609e+00
1.7647058824e+00 -8.9075630252e-01 3.4176210903e+00
1.7647058824e+00 -8.5714285714e-01 3.4479728075e+00
1.7647058824e+00 -8.2352941176e-01 3.4779420745e+00
1.7647058824e+00 -7.8991596639e-01 3.5074692917e+00
1.7647058824e+00 -7.5630252101e-01 3.5364925392e+00
1.7647058824e+00 -7.2268907563e-01 3.5649477546e+00
1.7647058824e+00 -6.8907563025e-01 3.5927689477e+00
1.7647058824e+00 -6.5546218487e-01 3.6198884558e+00
1.7647058824e+00 -6.2184873950e-01 3.6462372385e+00
1.7647058824e+00 -5.8823529412e-01 3.6717452141e+00
1.7647058824e+00 -5.5462184874e-01 3.6963416351e+00
1.7647058824e+00 -5.2100840336e-01 3.7199555037e+00
1.7647058824e+00 -4.8739495798e-01 3.7425160230e+00
1.7647058824e+00 -4.5378151261e-01 3.7639530814e+00
1.7647058824e+00 -4.2016806723e-01 3.7841977665e+00
1.7647058824e+00 -3.8655462185e-01 3.8031829008e+00
1.7647058824e+00 -3.5294117647e-01 3.8208435956e+00
1.7647058824e+00 -3.1932773109e-01 3.8371178129e+00
1.7647058824e+00 -2.8571428571e-01 3.8519469284e+00
1.7647058824e+00 -2.5210084034e-01 3.8652762867e+00
1.7647058824e+00 -2.1848739496e-01 3.8770557379e+00
1.7647058824e+00 -1.8487394958e-01 3.8872401468e+00
1.7647058824e+00 -1.5126050420e-01 3.8957898652e+00
1.7647058824e+00 -1.1764705882e-01 3.9026711565e+00
1.7647058824e+00 -8.4033613445e-02 3.9078565653e+00
1.7647058824e+00 -5.0420168067e-02 3.9113252230e+00
1.7647058824e+00 -1.6806722689e-02 3.9130630836e+00
1.7647058824e+00 1.6806722689e-02 3.9130630836e+00
1.7647058824e+00 5.0420168067e-02 3.9113252230e+00
1.7647058824e+00 8.4033613445e-02 3.9078565653e+00
1.7647058824e+00 1.1764705882e-01 3.9026711565e+00
1.7647058824e+00 1.5126050420e-01 3.8957898652e+00
1.7647058824e+00 1.8487394958e-01 3.8872401468e+00
1.7647058824e+00 2.1848739496e-01 3.8770557379e+00
1.7647058824e+00 2.5210084034e-01 3.8652762867e+00
1.7647058824e+00 2.8571428571e-01 3.8519469284e+00
1.7647058824e+00 3.1932773109e-01 3.8371178129e+00
1.7647058824e+00 3.5294117647e-01 3.8208435956e+00
1.7647058824e+00 3.8655462185e-01 3.8031829008e+00
1.7647058824e+00 4.2016806723e-01 3.7841977665e+00
1.7647058824e+00 4.5378151261e-01 3.7639530814e+00
1.7647058824e+00 4.8739495798e-01 3.7425160230e+00
1.7647058824e+00 5.2100840336e-01 3.7199555037e+00
1.7647058824e+00 5.5462184874e-01 3.6963416351e+00
1.7647058824e+00 5.8823529412e-01 3.6717452141e+00
1.7647058824e+00 6.2184873950e-01 3.6462372385e+00
1.7647058824e+00 6.5546218487e-01 3.6198884558e+00
1.7647058824e+00 6.8907563025e-01 3.5927689477e+00
1.7647058824e+00 7.2268907563e-01 3.5649477546e+00
1.7647058824e+00 7.5630252101e-01 3.5364925392e+00
1.7647058824e+00 7.8991596639e-01 3.5074692917e+00
1.7647058824e+00 8.2352941176e-01 3.4779420745e+00
1.7647058824e+00 8.5714285714e-01 3.4479728075e+00
1.7647058824e+00 8.9075630252e-01 3.4176210903e+00
1.7647058824e+00 9.2436974790e-01 3.3869440609e+00
1.7647058824e+00 9.5798319328e-01 3.3559962884e+00
1.7647058824e+00 9.9159663866e-01 3.3248296962e+00
1.7647058824e+00 1.0252100840e+00 3.2934935144e+00
1.7647058824e+00 1.0588235294e+00 3.2620342572e+00
1.7647058824e+00 1.0924369748e+00 3.2304957237e+00
1.7647058824e+00 1.1260504202e+00 3.1989190192e+00
1.7647058824e+00 1.1596638655e+00 3.1673425928e+00
1.7647058824e+00 1.1932773109e+00 3.1358022914e+00
1.7647058824e+00 1.2268907563e+00 3.1043314253e+00
1.7647058824e+00 1.2605042017e+00 3.0729608447e+00
1.7647058824e+00 1.2941176471e+00 3.0417190245e+00
1.7647058824e+00 1.3277310924e+00 3.0106321552e+00
1.7647058824e+00 1.3613445378e+00 2.9797242391e+00
1.7647058824e+00 1.3949579832e+00 2.9490171897e+00
1.7647058824e+00 1.4285714286e+00 2.9185309329e+00
1.7647058824e+00 1.4621848739e+00 2.8882835097e+00
1.7647058824e+00 1.4957983193e+00 2.8582911778e+00
1.7647058824e+00 1.5294117647e+00 2.8285685136e+00
1.7647058824e+00 1.5630252101e+00 2.7991285113e+00
1.7647058824e+00 1.5966386555e+00 2.7699826806e+00
1.7647058824e+00 1.6302521008e+00 2.7411411415e+00
1.7647058824e+00 1.6638655462e+00 2.7126127158e+00
1.7647058824e+00 1.6974789916e+00 2.6844050156e+00
1.7647058824e+00 1.7310924370e+00 2.6565245281e+00
1.7647058824e+00 1.7647058824e+00 2.6289766967e+00
1.7647058824e+00 1.7983193277e+00 2.6017659980e+00
1.7647058824e+00 1.8319327731e+00 2.5748960154e+00
1.7647058824e+00 1.8655462185e+00 2.5483695090e+00
1.7647058824e+00 1.8991596639e+00 2.5221884809e+00
1.7647058824e+00 1.9327731092e+00 2.4963542371e+00
1.7647058824e+00 1.9663865546e+00 2.4708674466e+00
1.7647058824e+00 2.0000000000e+00 2.4457281955e+00

1.7983193277e+00 -2.0000000000e+00 2.4237895552e+00
1.7983193277e+00 -1.9663865546e+00 2.4482496389e+00
1.7983193277e+00 -1.9327731092e+00 2.4730338042e+00
1.7983193277e+00 -1.8991596639e+00 2.4981412438e+00
1.7983193277e+00 -1.8655462185e+00 2.5235705648e+00
1.7983193277e+00 -1.8319327731e+00 2.5493197372e+00
1.7983193277e+00 -1.7983193277e+00 2.5753860391e+00
1.7983193277e+00 -1.7647058824e+00 2.6017659980e+00
1.7983193277e+00 -1.7310924370e+00 2.6284553299e+00
1.7983193277e+00 -1.6974789916e+00 2.6554488744e+00
1.7983193277e+00 -1.6638655462e+00 2.6827405268e+00
1.7983193277e+00 -1.6302521008e+00 2.7103231669e+00
1.7983193277e+00 -1.5966386555e+00 2.7381885848e+00
1.7983193277e+00 -1.5630252101e+00 2.7663274035e+00
1.7983193277e+00 -1.5294117647e+00 2.7947289992e+00
1.7983193277e+00 -1.4957983193e+00 2.8233814180e+00
1.7983193277e+00 -1.4621848739e+00 2.8522712918e+00
1.7983193277e+00 -1.4285714286e+00 2.8813837509e+00
1.7983193277e+00 -1.3949579832e+00 2.9107023364e+00
1.7983193277e+00 -1.3613445378e+00 2.9402089114e+00
1.7983193277e+00 -1.3277310924e+00 2.9698835720e+00
1.7983193277e+00 -1.2941176471e+00 2.9997045592e+00
1.7983193277e+00 -1.2605042017e+00 3.0296481727e+00
1.7983193277e+00 -1.2268907563e+00 3.0596886872e+00
1.7983193277e+00 -1.1932773109e+00 3.0897982730e+00
1.7983193277e+00 -1.1596638655e+00 3.1199469216e+00
1.7983193277e+00 -1.1260504202e+00 3.1501023784e+00
1.7983193277e+00 -1.0924369748e+00 3.1802300842e+00
1.7983193277e+00 -1.0588235294e+00 3.2102931266e+00
1.7983193277e+00 -1.0252100840e+00 3.2402522040e+00
1.7983193277e+00 -9.9159663866e-01 3.2700656041e+00
1.7983193277e+00 -9.5798319328e-01 3.2996891984e+00
1.7983193277e+00 -9.2436974790e-01 3.3290764562e+00
1.7983193277e+00 -8.9075630252e-01 3.3581784795e+00
1.7983193277e+00 -8.5714285714e-01 3.3869440609e+00
1.7983193277e+00 -8.2352941176e-01 3.4153197678e+00
1.7983193277e+00 -7.8991596639e-01 3.4432500538e+00
1.7983193277e+00 -7.5630252101e-01 3.4706774004e+00
1.7983193277e+00 -7.2268907563e-01 3.4975424902e+00
1.7983193277e+00 -6.8907563025e-01 3.5237844119e+00
1.7983193277e+00 -6.5546218487e-01 3.5493409013e+00
1.7983193277e+00 -6.2184873950e-01 3.5741486144e+00
1.7983193277e+00 -5.8823529412e-01 3.5981434364e+00
1.7983193277e+00 -5.5462184874e-01 3.6212608234e+00
1.7983193277e+00 -5.2100840336e-01 3.6434361768e+00
1.7983193277e+00 -4.8739495798e-01 3.6646052462e+00
1.7983193277e+00 -4.5378151261e-01 3.6847045606e+00
1.7983193277e+00 -4.2016806723e-01 3.7036718804e+00
1.7983193277e+00 -3.8655462185e-01 3.7214466685e+00
1.7983193277e+00 -3.5294117647e-01 3.7379705725e+00
1.7983193277e+00 -3.1932773109e-01 3.7531879130e+00
1.7983193277e+00 -2.8571428571e-01 3.7670461701e+00
1.7983193277e+00 -2.5210084034e-01 3.7794964609e+00
1.7983193277e+00 -2.1848739496e-01 3.7904939999e+00
1.7983193277e+00 -1.8487394958e-01 3.7999985346e+00
1.7983193277e+00 -1.5126050420e-01 3.8079747472e+00
1.7983193277e+00 -1.1764705882e-01 3.8143926165e+00
1.7983193277e+00 -8.4033613445e-02 3.8192277310e+00
1.7983193277e+00 -5.0420168067e-02 3.8224615477e+00
1.7983193277e+00 -1.6806722689e-02 3.8240815919e+00
1.7983193277e+00 1.6806722689e-02 3.8240815919e+00
1.7983193277e+00 5.0420168067e-02 3.8224615477e+00
1.7983193277e+00 8.4033613445e-02 3.8192277310e+00
1.7983193277e+00 1.1764705882e-01 3.8143926165e+00
1.7983193277e+00 1.5126050420e-01 3.8079747472e+00
1.7983193277e+00 1.8487394958e-01 3.7999985346e+00
1.7983193277e+00 2.1848739496e-01 3.7904939999e+00
1.7983193277e+00 2.5210084034e-01 3.7794964609e+00
1.7983193277e+00 2.8571428571e-01 3.7670461701e+00
1.7983193277e+00 3.1932773109e-01 3.7531879130e+00
1.7983193277e+00 3.5294117647e-01 3.7379705725e+00
1.7983193277e+00 3.8655462185e-01 3.7214466685e+00
1.7983193277e+00 4.2016806723e-01 3.7036718804e+00
1.7983193277e+00 4.5378151261e-01 3.6847045606e+00
1.7983193277e+00 4.8739495798e-01 3.6646052462e+00
1.7983193277e+00 5.2100840336e-01 3.6434361768e+00
1.7983193277e+00 5.5462184874e-01 3.6212608234e+00
1.7983193277e+00 5.8823529412e-01 3.5981434364e+00
1.7983193277e+00 6.2184873950e-01 3.5741486144e+00
1.7983193277e+00 6.5546218487e-01 3.5493409013e+00
1.7983193277e+00 6.8907563025e-01 3.5237844119e+00
1.7983193277e+00 7.2268907563e-01 3.4975424902e+00
1.7983193277e+00 7.5630252101e-01 3.4706774004e+00
1.7983193277e+00 7.8991596639e-01 3.4432500538e+00
1.7983193277e+00 8.2352941176e-01 3.4153197678e+00
1.7983193277e+00 8.5714285714e-01 3.3869440609e+00
1.7983193277e+00 8.9075630252e-01 3.3581784795e+00
1.7983193277e+00 9.2436974790e-01 3.3290764562e+00
1.7983193277e+00 9.5798319328e-01 3.2996891984e+00
1.7983193277e+00 9.9159663866e-01 3.2700656041e+00
1.7983193277e+00 1.0252100840e+00 3.2402522040e+00
1.7983193277e+00 1.0588235294e+00 3.2102931266e+00
1.7983193277e+00 1.0924369748e+00 3.1802300842e+00
1.7983193277e+00 1.1260504202e+00 3.1501023784e+00
1.7983193277e+00 1.1596638655e+00 3.1199469216e+00
1.7983193277e+00 1.1932773109e+00 3.0897982730e+00
1.7983193277e+00 1.2268907563e+00 3.0596886872e+00
1.7983193277e+00 1.2605042017e+00 3.0296481727e+00
1.7983193277e+00 1.2941176471e+00 2.9997045592e+00
1.7983193277e+00 1.3277310924e+00 2.9698835720e+00
1.7983193277e+00 1.3613445378e+00 2.9402089114e+00
1.7983193277e+00 1.3949579832e+00 2.9107023364e+00
1.7983193277e+00 1.4285714286e+00 2.8813837509e+00
1.7983193277e+00 1.4621848739e+00 2.8522712918e+00
1.7983193277e+00 1.4957983193e+00 2.8233814180e+00
1.7983193277e+00 1.5294117647e+00 2.7947289992e+00
1.7983193277e+00 1.5630252101e+00 2.7663274035e+00
1.7983193277e+00 1.5966386555e+00 2.7381885848e+00
1.7983193277e+00 1.6302521008e+00 2.7103231669e+00
1.7983193277e+00 1.6638655462e+00 2.6827405268e+00
1.7983193277e+00 1.6974789916e+00 2.6554488744e+00
1.7983193277e+00 1.7310924370e+00 2.6284553299e+00
1.7983193277e+00 1.7647058824e+00 2.6017659980e+00
1.7983193277e+00 1.7983193277e+00 2.5753860391e+00
1.7983193277e+00 1.8319327731e+00 2.5493197372e+00
1.7983193277e+00 1.8655462185e+00 2.5235705648e+00
1.7983193277e+00 1.8991596639e+00 2.4981412438e+00
1.7983193277e+00 1.9327731092e+00 2.4730338042e+00
1.7983193277e+00 1.9663865546e+00 2.4482496389e+00
1.7983193277e+00 2.0000000000e+00 2.4237895552e+00

1.8319327731e+00 -2.0000000000e+00 2.4020349190e+00
1.8319327731e+00 -1.9663865546e+00 2.4258339873e+00
1.8319327731e+00 -1.9327731092e+00 2.4499349526e+00
1.8319327731e+00 -1.8991596639e+00 2.4743363653e+00
1.8319327731e+00 -1.8655462185e+00 2.4990361919e+00
1.8319327731e+00 -1.8319327731e+00 2.5240317662e+00
1.8319327731e+00 -1.7983193277e+00 2.5493197372e+00
1.8319327731e+00 -1.7647058824e+00 2.5748960154e+00
1.8319327731e+00 -1.7310924370e+00 2.6007557153e+00
1.8319327731e+00 -1.6974789916e+00 2.6268930956e+00
1.8319327731e+00 -1.6638655462e+00 2.6533014964e+00
1.8319327731e+00 -1.6302521008e+00 2.6799732744e+00
1.8319327731e+00 -1.5966386555e+00 2.7068997343e+00
1.8319327731e+00 -1.5630252101e+00 2.7340710596e+00
1.8319327731e+00 -1.5294117647e+00 2.7614762394e+00
1.8319327731e+00 -1.4957983193e+00 2.7891029948e+00
1.8319327731e+00 -1.4621848739e+00 2.8169377029e+00
1.8319327731e+00 -1.4285714286e+00 2.8449653201e+00
1.8319327731e+00 -1.3949579832e+00 2.8731693046e+00
1.8319327731e+00 -1.3613445378e+00 2.9015315391e+00
1.8319327731e+00 -1.3277310924e+00 2.9300322535e+00
1.8319327731e+00 -1.2941176471e+00 2.9586499503e+00
1.8319327731e+00 -1.2605042017e+00 2.9873613306e+00
1.8319327731e+00 -1.2268907563e+00 3.0161412252e+00
1.8319327731e+00 -1.1932773109e+00 3.0449625289e+00
1.8319327731e+00 -1.1596638655e+00 3.0737961410e+00
1.8319327731e+00 -1.1260504202e+00 3.1026109131e+00
1.8319327731e+00 -1.0924369748e+00 3.1313736047e+00
1.8319327731e+00 -1.0588235294e+00 3.1600488500e+00
1.8319327731e+00 -1.0252100840e+00 3.1885991356e+00
1.8319327731e+00 -9.9159663866e-01 3.2169847927e+00
1.8319327731e+00 -9.5798319328e-01 3.2451640042e+00
1.8319327731e+00 -9.2436974790e-01 3.2730928293e+00
1.8319327731e+00 -8.9075630252e-01 3.3007252479e+00
1.8319327731e+00 -8.5714285714e-01 3.3280132259e+00
1.8319327731e+00 -8.2352941176e-01 3.3549068030e+00
1.8319327731e+00 -7.8991596639e-01 3.3813542066e+00
1.8319327731e+00 -7.5630252101e-01 3.4073019903e+00
1.8319327731e+00 -7.2268907563e-01 3.4326952012e+00
1.8319327731e+00 -6.8907563025e-01 3.4574775751e+00
1.8319327731e+00 -6.5546218487e-01 3.4815917608e+00
1.8319327731e+00 -6.2184873950e-01 3.5049795739e+00
1.8319327731e+00 -5.8823529412e-01 3.5275822792e+00
1.8319327731e+00 -5.5462184874e-01 3.5493409013e+00
1.8319327731e+00 -5.2100840336e-01 3.5701965613e+00
1.8319327731e+00 -4.8739495798e-01 3.5900908382e+00
1.8319327731e+00 -4.5378151261e-01 3.6089661512e+00
1.8319327731e+00 -4.2016806723e-01 3.6267661596e+00
1.8319327731e+00 -3.8655462185e-01 3.6434361768e+00
1.8319327731e+00 -3.5294117647e-01 3.6589235918e+00
1.8319327731e+00 -3.1932773109e-01 3.6731782947e+00
1.8319327731e+00 -2.8571428571e-01 3.6861530983e+00
1.8319327731e+00 -2.5210084034e-01 3.6978041505e+00
1.8319327731e+00 -2.1848739496e-01 3.7080913310e+00
1.8319327731e+00 -1.8487394958e-01 3.7169786253e+00
1.8319327731e+00 -1.5126050420e-01 3.7244344681e+00
1.8319327731e+00 -1.1764705882e-01 3.7304320531e+00
1.8319327731e+00 -8.4033613445e-02 3.7349495994e+00
1.8319327731e+00 -5.0420168067e-02 3.7379705725e+00
1.8319327731e+00 -1.6806722689e-02 3.7394838533e+00
1.8319327731e+00 1.6806722689e-02 3.7394838533e+00
1.8319327731e+00 5.0420168067e-02 3.7379705725e+00
1.8319327731e+00 8.4033613445e-02 3.7349495994e+00
1.8319327731e+00 1.1764705882e-01 3.7304320531e+00
1.8319327731e+00 1.5126050420e-01 3.7244344681e+00
1.8319327731e+00 1.8487394958e-01 3.7169786253e+00
1.8319327731e+00 2.1848739496e-01 3.7080913310e+00
1.8319327731e+00 2.5210084034e-01 3.6978041505e+00
1.8319327731e+00 2.8571428571e-01 3.6861530983e+00
1.8319327731e+00 3.1932773109e-01 3.6731782947e+00
1.8319327731e+00 3.5294117647e-01 3.6589235918e+00
1.8319327731e+00 3.8655462185e-01 3.6434361768e+00
1.8319327731e+00 4.2016806723e-01 3.6267661596e+00
1.8319327731e+00 4.5378151261e-01 3.6089661512e+00
1.8319327731e+00 4.8739495798e-01 3.5900908382e+00
1.8319327731e+00 5.2100840336e-01 3.5701965613e+00
1.8319327731e+00 5.5462184874e-01 3.5493409013e+00
1.8319327731e+00 5.8823529412e-01 3.5275822792e+00
1.8319327731e+00 6.2184873950e-01 3.5049795739e+00
1.8319327731e+00 6.5546218487e-01 3.4815917608e+00
1.8319327731e+00 6.8907563025e-01 3.4574775751e+00
1.8319327731e+00 7.2268907563e-01 3.4326952012e+00
1.8319327731e+00 7.5630252101e-01 3.4073019903e+00
1.8319327731e+00 7.8991596639e-01 3.3813542066e+00
1.8319327731e+00 8.2352941176e-01 3.3549068030e+00
1.8319327731e+00 8.5714285714e-01 3.3280132259e+00
1.8319327731e+00 8.9075630252e-01 3.3007252479e+00
1.8319327731e+00 9.2436974790e-01 3.2730928293e+00
1.8319327731e+00 9.5798319328e-01 3.2451640042e+00
1.8319327731e+00 9.9159663866e-01 3.2169847927e+00
1.8319327731e+00 1.0252100840e+00 3.1885991356e+00
1.8319327731e+00 1.0588235294e+00 3.1600488500e+00
1.8319327731e+00 1.0924369748e+00 3.1313736047e+00
1.8319327731e+00 1.1260504202e+00 3.1026109131e+00
1.8319327731e+00 1.1596638655e+00 3.0737961410e+00
1.8319327731e+00 1.1932773109e+00 3.0449625289e+00
1.8319327731e+00 1.2268907563e+00 3.0161412252e+00
1.8319327731e+00 1.2605042017e+00 2.9873613306e+00
1.8319327731e+00 1.2941176471e+00 2.9586499503e+00
1.8319327731e+00 1.3277310924e+00 2.9300322535e+00
1.8319327731e+00 1.3613445378e+00 2.9015315391e+00
1.8319327731e+00 1.3949579832e+00 2.8731693046e+00
1.8319327731e+00 1.4285714286e+00 2.8449653201e+00
1.8319327731e+00 1.4621848739e+00 2.8169377029e+00
1.8319327731e+00 1.4957983193e+00 2.7891029948e+00
1.8319327731e+00 1.5294117647e+00 2.7614762394e+00
1.8319327731e+00 1.5630252101e+00 2.7340710596e+00
1.8319327731e+00 1.5966386555e+00 2.7068997343e+00
1.8319327731e+00 1.6302521008e+00 2.6799732744e+00
1.8319327731e+00 1.6638655462e+00 2.6533014964e+00
1.8319327731e+00 1.6974789916e+00 2.6268930956e+00
1.8319327731e+00 1.7310924370e+00 2.6007557153e+00
1.8319327731e+00 1.7647058824e+00 2.5748960154e+00
1.8319327731e+00 1.7983193277e+00 2.5493197372e+00
1.8319327731e+00 1.8319327731e+00 2.5240317662e+00
1.8319327731e+00 1.8655462185e+00 2.4990361919e+00
1.8319327731e+00 1.8991596639e+00 2.4743363653e+00
1.8319327731e+00 1.9327731092e+00 2.4499349526e+00
1.8319327731e+00 1.9663865546e+00 2.4258339873e+00
1.8319327731e+00 2.0000000000e+00 2.4020349190e+00

1.8655462185e+00 -2.0000000000e+00 2.3804703281e+00
1.8655462185e+00 -1.9663865546e+00 2.4036262695e+00
1.8655462185e+00 -1.9327731092e+00 2.4270631395e+00
1.8655462185e+00 -1.8991596639e+00 2.4507789194e+00
1.8655462185e+00 -1.8655462185e+00 2.4747710113e+00
1.8655462185e+00 -1.8319327731e+00 2.4990361919e+00
1.8655462185e+00 -1.7983193277e+00 2.5235705648e+00
1.8655462185e+00 -1.7647058824e+00 2.5483695090e+00
1.8655462185e+00 -1.7310924370e+00 2.5734276270e+00
1.8655462185e+00 -1.6974789916e+00 2.5987386886e+00
1.8655462185e+00 -1.6638655462e+00 2.6242955740e+00
1.8655462185e+00 -1.6302521008e+00 2.6500902136e+00
1.8655462185e+00 -1.5966386555e+00 2.6761135268e+00
1.8655462185e+00 -1.5630252101e+00 2.7023553581e+00
1.8655462185e+00 -1.5294117647e+00 2.7288044122e+00
1.8655462185e+00 -1.4957983193e+00 2.7554481878e+00
1.8655462185e+00 -1.4621848739e+00 2.7822729099e+00
1.8655462185e+00 -1.4285714286e+00 2.8092634625e+00
1.8655462185e+00 -1.3949579832e+00 2.8364033202e+00
1.8655462185e+00 -1.3613445378e+00 2.8636744816e+00
1.8655462185e+00 -1.3277310924e+00 2.8910574027e+00
1.8655462185e+00 -1.2941176471e+00 2.9185309329e+00
1.8655462185e+00 -1.2605042017e+00 2.9460722539e+00
1.8655462185e+00 -1.2268907563e+00 2.9736568219e+00
1.8655462185e+00 -1.1932773109e+00 3.0012583145e+00
1.8655462185e+00 -1.1596638655e+00 3.0288485841e+00
1.8655462185e+00 -1.1260504202e+00 3.0563976181e+00
1.8655462185e+00 -1.0924369748e+00 3.0838735070e+00
1.8655462185e+00 -1.0588235294e+00 3.1112424229e+00
1.8655462185e+00 -1.0252100840e+00 3.1384686098e+00
1.8655462185e+00 -9.9159663866e-01 3.1655143853e+00
1.8655462185e+00 -9.5798319328e-01 3.1923401584e+00
1.8655462185e+00 -9.2436974790e-01 3.2189044621e+00
1.8655462185e+00 -8.9075630252e-01 3.2451640042e+00
1.8655462185e+00 -8.5714285714e-01 3.2710737372e+00
1.8655462185e+00 -8.2352941176e-01 3.2965869486e+00
1.8655462185e+00 -7.8991596639e-01 3.3216553738e+00
1.8655462185e+00 -7.5630252101e-01 3.3462293307e+00
1.8655462185e+00 -7.2268907563e-01 3.3702578800e+00
1.8655462185e+00 -6.8907563025e-01 3.3936890092e+00
1.8655462185e+00 -6.5546218487e-01 3.4164698414e+00
1.8655462185e+00 -6.2184873950e-01 3.4385468695e+00
1.8655462185e+00 -5.8823529412e-01 3.4598662145e+00
1.8655462185e+00 -5.5462184874e-01 3.4803739074e+00
1.8655462185e+00 -5.2100840336e-01 3.5000161925e+00
1.8655462185e+00 -4.8739495798e-01 3.5187398506e+00
1.8655462185e+00 -4.5378151261e-01 3.5364925392e+00
1.8655462185e+00 -4.2016806723e-01 3.5532231472e+00
1.8655462185e+00 -3.8655462185e-01 3.5688821583e+00
1.8655462185e+00 -3.5294117647e-01 3.5834220218e+00
1.8655462185e+00 -3.1932773109e-01 3.5967975232e+00
1.8655462185e+00 -2.8571428571e-01 3.6089661512e+00
1.8655462185e+00 -2.5210084034e-01 3.6198884558e+00
1.8655462185e+00 -2.1848739496e-01 3.6295283904e+00
1.8655462185e+00 -1.8487394958e-01 3.6378536345e+00
1.8655462185e+00 -1.5126050420e-01 3.6448358891e+00
1.8655462185e+00 -1.1764705882e-01 3.6504511421e+00
1.8655462185e+00 -8.4033613445e-02 3.6546798970e+00
1.8655462185e+00 -5.0420168067e-02 3.6575073614e+00
1.8655462185e+00 -1.6806722689e-02 3.6589235918e+00
1.8655462185e+00 1.6806722689e-02 3.6589235918e+00
1.8655462185e+00 5.0420168067e-02 3.6575073614e+00
1.8655462185e+00 8.4033613445e-02 3.6546798970e+00
1.8655462185e+00 1.1764705882e-01 3.6504511421e+00
1.8655462185e+00 1.5126050420e-01 3.6448358891e+00
1.8655462185e+00 1.8487394958e-01 3.6378536345e+00
1.8655462185e+00 2.1848739496e-01 3.6295283904e+00
1.8655462185e+00 2.5210084034e-01 3.6198884558e+00
1.8655462185e+00 2.8571428571e-01 3.6089661512e+00
1.8655462185e+00 3.1932773109e-01 3.5967975232e+00
1.8655462185e+00 3.5294117647e-01 3.5834220218e+00
1.8655462185e+00 3.8655462185e-01 3.5688821583e+00
1.8655462185e+00 4.2016806723e-01 3.5532231472e+00
1.8655462185e+00 4.5378151261e-01 3.5364925392e+00
1.8655462185e+00 4.8739495798e-01 3.5187398506e+00
1.8655462185e+00 5.2100840336e-01 3.5000161925e+00
1.8655462185e+00 5.5462184874e-01 3.4803739074e+00
1.8655462185e+00 5.8823529412e-01 3.4598662145e+00
1.8655462185e+00 6.2184873950e-01 3.4385468695e+00
1.8655462185e+00 6.5546218487e-01 3.4164698414e+00
1.8655462185e+00 6.8907563025e-01 3.3936890092e+00
1.8655462185e+00 7.2268907563e-01 3.3702578800e+00
1.8655462185e+00 7.5630252101e-01 3.3462293307e+00
1.8655462185e+00 7.8991596639e-01 3.3216553738e+00
1.8655462185e+00 8.2352941176e-01 3.2965869486e+00
1.8655462185e+00 8.5714285714e-01 3.2710737372e+00
1.8655462185e+00 8.9075630252e-01 3.2451640042e+00
1.8655462185e+00 9.2436974790e-01 3.2189044621e+00
1.8655462185e+00 9.5798319328e-01 3.1923401584e+00
1.8655462185e+00 9.9159663866e-01 3.1655143853e+00
1.8655462185e+00 1.0252100840e+00 3.1384686098e+00
1.8655462185e+00 1.0588235294e+00 3.1112424229e+00
1.8655462185e+00 1.0924369748e+00 3.0838735070e+00
1.8655462185e+00 1.1260504202e+00 3.0563976181e+00
1.8655462185e+00 1.1596638655e+00 3.0288485841e+00
1.8655462185e+00 1.1932773109e+00 3.0012583145e+00
1.8655462185e+00 1.2268907563e+00 2.9736568219e+00
1.8655462185e+00 1.2605042017e+00 2.9460722539e+00
1.8655462185e+00 1.2941176471e+00 2.9185309329e+00
1.8655462185e+00 1.3277310924e+00 2.8910574027e+00
1.8655462185e+00 1.3613445378e+00 2.8636744816e+00
1.8655462185e+00 1.3949579832e+00 2.8364033202e+00
1.8655462185e+00 1.4285714286e+00 2.8092634625e+00
1.8655462185e+00 1.4621848739e+00 2.7822729099e+00
1.8655462185e+00 1.4957983193e+00 2.7554481878e+00
1.8655462185e+00 1.5294117647e+00 2.7288044122e+00
1.8655462185e+00 1.5630252101e+00 2.7023553581e+00
1.8655462185e+00 1.5966386555e+00 2.6761135268e+00
1.8655462185e+00 1.6302521008e+00 2.6500902136e+00
1.8655462185e+00 1.6638655462e+00 2.6242955740e+00
1.8655462185e+00 1.6974789916e+00 2.5987386886e+00
1.8655462185e+00 1.7310924370e+00 2.5734276270e+00
1.8655462185e+00 1.7647058824e+00 2.5483695090e+00
1.8655462185e+00 1.7983193277e+00 2.5235705648e+00
1.8655462185e+00 1.8319327731e+00 2.4990361919e+00
1.8655462185e+00 1.8655462185e+00 2.4747710113e+00
1.8655462185e+00 1.8991596639e+00 2.4507789194e+00
1.8655462185e+00 1.9327731092e+00 2.4270631395e+00
1.8655462185e+00 1.9663865546e+00 2.4036262695e+00
1.8655462185e+00 2.0000000000e+00 2.3804703281e+00

1.8991596639e+00 -2.0000000000e+00 2.3591011793e+00
1.8991596639e+00 -1.9663865546e+00 2.3816315966e+00
1.8991596639e+00 -1.9327731092e+00 2.4044231349e+00
1.8991596639e+00 -1.8991596639e+00 2.4274732734e+00
1.8991596639e+00 -1.8655462185e+00 2.4507789194e+00
1.8991596639e+00 -1.8319327731e+00 2.4743363653e+00
1.8991596639e+00 -1.7983193277e+00 2.4981412438e+00
1.8991596639e+00 -1.7647058824e+00 2.5221884809e+00
1.8991596639e+00 -1.7310924370e+00 2.5464722467e+00
1.8991596639e+00 -1.6974789916e+00 2.5709859051e+00
1.8991596639e+00 -1.6638655462e+00 2.5957219605e+00
1.8991596639e+00 -1.6302521008e+00 2.6206720037e+00
1.8991596639e+00 -1.5966386555e+00 2.6458266558e+00
1.8991596639e+00 -1.5630252101e+00 2.6711755113e+00
1.8991596639e+00 -1.5294117647e+00 2.6967070792e+00
1.8991596639e+00 -1.4957983193e+00 2.7224087243e+00
1.8991596639e+00 -1.4621848739e+00 2.7482666075e+00
1.8991596639e+00 -1.4285714286e+00 2.7742656260e+00
1.8991596639e+00 -1.3949579832e+00 2.8003893546e+00
1.8991596639e+00 -1.3613445378e+00 2.8266199872e+00
1.8991596639e+00 -1.3277310924e+00 2.8529382803e+00
1.8991596639e+00 -1.2941176471e+00 2.8793234994e+00
1.8991596639e+00 -1.2605042017e+00 2.9057533671e+00
1.8991596639e+00 -1.2268907563e+00 2.9322040169e+00
1.8991596639e+00 -1.1932773109e+00 2.9586499503e+00
1.8991596639e+00 -1.1596638655e+00 2.9850640009e+00
1.8991596639e+00 -1.1260504202e+00 3.0114173052e+00
1.8991596639e+00 -1.0924369748e+00 3.0376792815e+00
1.8991596639e+00 -1.0588235294e+00 3.0638176182e+00
1.8991596639e+00 -1.0252100840e+00 3.0897982730e+00
1.8991596639e+00 -9.9159663866e-01 3.1155854840e+00
1.8991596639e+00 -9.5798319328e-01 3.1411417940e+00
1.8991596639e+00 -9.2436974790e-01 3.1664280900e+00
1.8991596639e+00 -8.9075630252e-01 3.1914036582e+00
1.8991596639e+00 -8.5714285714e-01 3.2160262561e+00
1.8991596639e+00 -8.2352941176e-01 3.2402522040e+00
1.8991596639e+00 -7.8991596639e-01 3.2640364948e+00
1.8991596639e+00 -7.5630252101e-01 3.2873329245e+00
1.8991596639e+00 -7.2268907563e-01 3.3100942441e+00
1.8991596639e+00 -6.8907563025e-01 3.3322723321e+00
1.8991596639e+00 -6.5546218487e-01 3.3538183887e+00
1.8991596639e+00 -6.2184873950e-01 3.3746831516e+00
1.8991596639e+00 -5.8823529412e-01 3.3948171313e+00
1.8991596639e+00 -5.5462184874e-01 3.4141708674e+00
1.8991596639e+00 -5.2100840336e-01 3.4326952012e+00
1.8991596639e+00 -4.8739495798e-01 3.4503415659e+00
1.8991596639e+00 -4.5378151261e-01 3.4670622894e+00
1.8991596639e+00 -4.2016806723e-01 3.4828109085e+00
1.8991596639e+00 -3.8655462185e-01 3.4975424902e+00
1.8991596639e+00 -3.5294117647e-01 3.5112139570e+00
1.8991596639e+00 -3.1932773109e-01 3.5237844119e+00
1.8991596639e+00 -2.8571428571e-01 3.5352154587e+00
1.8991596639e+00 -2.5210084034e-01 3.5454715129e+00
1.8991596639e+00 -2.1848739496e-01 3.5545200988e+00
1.8991596639e+00 -1.8487394958e-01 3.5623321288e+00
1.8991596639e+00 -1.5126050420e-01 3.5688821583e+00
1.8991596639e+00 -1.1764705882e-01 3.5741486144e+00
1.8991596639e+00 -8.4033613445e-02 3.5781139923e+00
1.8991596639e+00 -5.0420168067e-02 3.5807650178e+00
1.8991596639e+00 -1.6806722689e-02 3.5820927711e+00
1.8991596639e+00 1.6806722689e-02 3.5820927711e+00
1.8991596639e+00 5.0420168067e-02 3.5807650178e+00
1.8991596639e+00 8.4033613445e-02 3.5781139923e+00
1.8991596639e+00 1.1764705882e-01 3.5741486144e+00
1.8991596639e+00 1.5126050420e-01 3.5688821583e+00
1.8991596639e+00 1.8487394958e-01 3.5623321288e+00
1.8991596639e+00 2.1848739496e-01 3.5545200988e+00
1.8991596639e+00 2.5210084034e-01 3.5454715129e+00
1.8991596639e+00 2.8571428571e-01 3.5352154587e+00
1.8991596639e+00 3.1932773109e-01 3.5237844119e+00
1.8991596639e+00 3.5294117647e-01 3.5112139570e+00
1.8991596639e+00 3.8655462185e-01 3.4975424902e+00
1.8991596639e+00 4.2016806723e-01 3.4828109085e+00
1.8991596639e+00 4.5378151261e-01 3.4670622894e+00
1.8991596639e+00 4.8739495798e-01 3.4503415659e+00
1.8991596639e+00 5.2100840336e-01 3.4326952012e+00
1.8991596639e+00 5.5462184874e-01 3.4141708674e+00
1.8991596639e+00 5.8823529412e-01 3.3948171313e+00
1.8991596639e+00 6.2184873950e-01 3.3746831516e+00
1.8991596639e+00 6.5546218487e-01 3.3538183887e+00
1.8991596639e+00 6.8907563025e-01 3.3322723321e+00
1.8991596639e+00 7.2268907563e-01 3.3100942441e+00
1.8991596639e+00 7.5630252101e-01 3.2873329245e+00
1.8991596639e+00 7.8991596639e-01 3.2640364948e+00
1.8991596639e+00 8.2352941176e-01 3.2402522040e+00
1.8991596639e+00 8.5714285714e-01 3.2160262561e+00
1.8991596639e+00 8.9075630252e-01 3.1914036582e+00
1.8991596639e+00 9.2436974790e-01 3.1664280900e+00
1.8991596639e+00 9.5798319328e-01 3.1411417940e+00
1.8991596639e+00 9.9159663866e-01 3.1155854840e+00
1.8991596639e+00 1.0252100840e+00 3.0897982730e+00
1.8991596639e+00 1.0588235294e+00 3.0638176182e+00
1.8991596639e+00 1.0924369748e+00 3.0376792815e+00
1.8991596639e+00 1.1260504202e+00 3.0114173052e+00
1.8991596639e+00 1.1596638655e+00 2.9850640009e+00
1.8991596639e+00 1.1932773109e+00 2.9586499503e+00
1.8991596639e+00 1.2268907563e+00 2.9322040169e+00
1.8991596639e+00 1.2605042017e+00 2.9057533671e+00
1.8991596639e+00 1.2941176471e+00 2.8793234994e+00
1.8991596639e+00 1.3277310924e+00 2.8529382803e+00
1.8991596639e+00 1.3613445378e+00 2.8266199872e+00
1.8991596639e+00 1.3949579832e+00 2.8003893546e+00
1.8991596639e+00 1.4285714286e+00 2.7742656260e+00
1.8991596639e+00 1.4621848739e+00 2.7482666075e+00
1.8991596639e+00 1.4957983193e+00 2.7224087243e+00
1.8991596639e+00 1.5294117647e+00 2.6967070792e+00
1.8991596639e+00 1.5630252101e+00 2.6711755113e+00
1.8991596639e+00 1.5966386555e+00 2.6458266558e+00
1.8991596639e+00 1.6302521008e+00 2.6206720037e+00
1.8991596639e+00 1.6638655462e+00 2.5957219605e+00
1.8991596639e+00 1.6974789916e+00 2.5709859051e+00
1.8991596639e+00 1.7310924370e+00 2.5464722467e+00
1.8991596639e+00 1.7647058824e+00 2.5221884809e+00
1.8991596639e+00 1.7983193277e+00 2.4981412438e+00
1.8991596639e+00 1.8319327731e+00 2.4743363653e+00
1.8991596639e+00 1.8655462185e+00 2.4507789194e+00
1.8991596639e+00 1.8991596639e+00 2.4274732734e+00
1.8991596639e+00 1.9327731092e+00 2.4044231349e+00
1.8991596639e+00 1.9663865546e+00 2.3816315966e+00
1.8991596639e+00 2.0000000000e+00 2.3591011793e+00

1.9327731092e+00 -2.0000000000e+00 2.3379322622e+00
1.9327731092e+00 -1.9663865546e+00 2.3598544535e+00
1.9327731092e+00 -1.9327731092e+00 2.3820190650e+00
1.9327731092e+00 -1.8991596639e+00 2.4044231349e+00
1.9327731092e+00 -1.8655462185e+00 2.4270631395e+00
1.9327731092e+00 -1.8319327731e+00 2.4499349526e+00
1.9327731092e+00 -1.7983193277e+00 2.4730338042e+00
1.9327731092e+00 -1.7647058824e+00 2.4963542371e+00
1.9327731092e+00 -1.7310924370e+00 2.5198900615e+00
1.9327731092e+00 -1.6974789916e+00 2.5436343085e+00
1.9327731092e+00 -1.6638655462e+00 2.5675791821e+00
1.9327731092e+00 -1.6302521008e+00 2.5917160094e+00
1.9327731092e+00 -1.5966386555e+00 2.6160351905e+00
1.9327731092e+00 -1.5630252101e+00 2.6405261468e+00
1.9327731092e+00 -1.5294117647e+00 2.6651772687e+00
1.9327731092e+00 -1.4957983193e+00 2.6899758634e+00
1.9327731092e+00 -1.4621848739e+00 2.7149081020e+00
1.9327731092e+00 -1.4285714286e+00 2.7399589679e+00
1.9327731092e+00 -1.3949579832e+00 2.7651122048e+00
1.9327731092e+00 -1.3613445378e+00 2.7903502673e+00
1.9327731092e+00 -1.3277310924e+00 2.8156542727e+00
1.9327731092e+00 -1.2941176471e+00 2.8410039557e+00
1.9327731092e+00 -1.2605042017e+00 2.8663776265e+00
1.9327731092e+00 -1.2268907563e+00 2.8917521326e+00
1.9327731092e+00 -1.1932773109e+00 2.9171028258e+00
1.9327731092e+00 -1.1596638655e+00 2.9424035354e+00
1.9327731092e+00 -1.1260504202e+00 2.9676265476e+00
1.9327731092e+00 -1.0924369748e+00 2.9927425934e+00
1.9327731092e+00 -1.0588235294e+00 3.0177208450e+00
1.9327731092e+00 -1.0252100840e+00 3.0425289222e+00
1.9327731092e+00 -9.9159663866e-01 3.0671329105e+00
1.9327731092e+00 -9.5798319328e-01 3.0914973910e+00
1.9327731092e+00 -9.2436974790e-01 3.1155854840e+00
1.9327731092e+00 -8.9075630252e-01 3.1393589068e+00
1.9327731092e+00 -8.5714285714e-01 3.1627780475e+00
1.9327731092e+00 -8.2352941176e-01 3.1858020545e+00
1.9327731092e+00 -7.8991596639e-01 3.2083889437e+00
1.9327731092e+00 -7.5630252101e-01 3.2304957237e+00
1.9327731092e+00 -7.2268907563e-01 3.2520785385e+00
1.9327731092e+00 -6.8907563025e-01 3.2730928293e+00
1.9327731092e+00 -6.5546218487e-01 3.2934935144e+00
1.9327731092e+00 -6.2184873950e-01 3.3132351874e+00
1.9327731092e+00 -5.8823529412e-01 3.3322723321e+00
1.9327731092e+00 -5.5462184874e-01 3.3505595546e+00
1.9327731092e+00 -5.2100840336e-01 3.3680518295e+00
1.9327731092e+00 -4.8739495798e-01 3.3847047595e+00
1.9327731092e+00 -4.5378151261e-01 3.4004748460e+00
1.9327731092e+00 -4.2016806723e-01 3.4153197678e+00
1.9327731092e+00 -3.8655462185e-01 3.4291986655e+00
1.9327731092e+00 -3.5294117647e-01 3.4420724284e+00
1.9327731092e+00 -3.1932773109e-01 3.4539039790e+00
1.9327731092e+00 -2.8571428571e-01 3.4646585539e+00
1.9327731092e+00 -2.5210084034e-01 3.4743039750e+00
1.9327731092e+00 -2.1848739496e-01 3.4828109085e+00
1.9327731092e+00 -1.8487394958e-01 3.4901531062e+00
1.9327731092e+00 -1.5126050420e-01 3.4963076277e+00
1.9327731092e+00 -1.1764705882e-01 3.5012550372e+00
1.9327731092e+00 -8.4033613445e-02 3.5049795739e+00
1.9327731092e+00 -5.0420168067e-02 3.5074692917e+00
1.9327731092e+00 -1.6806722689e-02 3.5087161658e+00
1.9327731092e+00 1.6806722689e-02 3.5087161658e+00
1.9327731092e+00 5.0420168067e-02 3.5074692917e+00
1.9327731092e+00 8.4033613445e-02 3.5049795739e+00
1.9327731092e+00 1.1764705882e-01 3.5012550372e+00
1.9327731092e+00 1.5126050420e-01 3.4963076277e+00
1.9327731092e+00 1.8487394958e-01 3.4901531062e+00
1.9327731092e+00 2.1848739496e-01 3.4828109085e+00
1.9327731092e+00 2.5210084034e-01 3.4743039750e+00
1.9327731092e+00 2.8571428571e-01 3.4646585539e+00
1.9327731092e+00 3.1932773109e-01 3.4539039790e+00
1.9327731092e+00 3.5294117647e-01 3.4420724284e+00
1.9327731092e+00 3.8655462185e-01 3.4291986655e+00
1.9327731092e+00 4.2016806723e-01 3.4153197678e+00
1.9327731092e+00 4.5378151261e-01 3.4004748460e+00
1.9327731092e+00 4.8739495798e-01 3.3847047595e+00
1.9327731092e+00 5.2100840336e-01 3.3680518295e+00
1.9327731092e+00 5.5462184874e-01 3.3505595546e+00
1.9327731092e+00 5.8823529412e-01 3.3322723321e+00
1.9327731092e+00 6.2184873950e-01 3.3132351874e+00
1.9327731092e+00 6.5546218487e-01 3.2934935144e+00
1.9327731092e+00 6.8907563025e-01 3.2730928293e+00
1.9327731092e+00 7.2268907563e-01 3.2520785385e+00
1.9327731092e+00 7.5630252101e-01 3.2304957237e+00
1.9327731092e+00 7.8991596639e-01 3.2083889437e+00
1.9327731092e+00 8.2352941176e-01 3.1858020545e+00
1.9327731092e+00 8.5714285714e-01 3.1627780475e+00
1.9327731092e+00 8.9075630252e-01 3.1393589068e+00
1.9327731092e+00 9.2436974790e-01 3.1155854840e+00
1.9327731092e+00 9.5798319328e-01 3.0914973910e+00
1.9327731092e+00 9.9159663866e-01 3.0671329105e+00
1.9327731092e+00 1.0252100840e+00 3.0425289222e+00
1.9327731092e+00 1.0588235294e+00 3.0177208450e+00
1.9327731092e+00 1.0924369748e+00 2.9927425934e+00
1.9327731092e+00 1.1260504202e+00 2.9676265476e+00
1.9327731092e+00 1.1596638655e+00 2.9424035354e+00
1.9327731092e+00 1.1932773109e+00 2.9171028258e+00
1.9327731092e+00 1.2268907563e+00 2.8917521326e+00
1.9327731092e+00 1.2605042017e+00 2.8663776265e+00
1.9327731092e+00 1.2941176471e+00 2.8410039557e+00
1.9327731092e+00 1.3277310924e+00 2.8156542727e+00
1.9327731092e+00 1.3613445378e+00 2.7903502673e+00
1.9327731092e+00 1.3949579832e+00 2.7651122048e+00
1.9327731092e+00 1.4285714286e+00 2.7399589679e+00
1.9327731092e+00 1.4621848739e+00 2.7149081020e+00
1.9327731092e+00 1.4957983193e+00 2.6899758634e+00
1.9327731092e+00 1.5294117647e+00 2.6651772687e+00
1.9327731092e+00 1.5630252101e+00 2.6405261468e+00
1.9327731092e+00 1.5966386555e+00 2.6160351905e+00
1.9327731092e+00 1.6302521008e+00 2.5917160094e+00
1.9327731092e+00 1.6638655462e+00 2.5675791821e+00
1.9327731092e+00 1.6974789916e+00 2.5436343085e+00
1.9327731092e+00 1.7310924370e+00 2.5198900615e+00
1.9327731092e+00 1.7647058824e+00 2.4963542371e+00
1.9327731092e+00 1.7983193277e+00 2.4730338042e+00
1.9327731092e+00 1.8319327731e+00 2.4499349526e+00
1.9327731092e+00 1.8655462185e+00 2.4270631395e+00
1.9327731092e+00 1.8991596639e+00 2.4044231349e+00
1.9327731092e+00 1.9327731092e+00 2.3820190650e+00
1.9327731092e+00 1.9663865546e+00 2.3598544535e+00
1.9327731092e+00 2.0000000000e+00 2.3379322622e+00

1.9663865546e+00 -2.0000000000e+00 2.3169677947e+00
1.9663865546e+00 -1.9663865546e+00 2.3382987372e+00
1.9663865546e+00 -1.9327731092e+00 2.3598544535e+00
1.9663865546e+00 -1.8991596639e+00 2.3816315966e+00
1.9663865546e+00 -1.8655462185e+00 2.4036262695e+00
1.9663865546e+00 -1.8319327731e+00 2.4258339873e+00
1.9663865546e+00 -1.7983193277e+00 2.4482496389e+00
1.9663865546e+00 -1.7647058824e+00 2.4708674466e+00
1.9663865546e+00 -1.7310924370e+00 2.4936809253e+00
1.9663865546e+00 -1.6974789916e+00 2.5166828390e+00
1.9663865546e+00 -1.6638655462e+00 2.5398651577e+00
1.9663865546e+00 -1.6302521008e+00 2.5632190121e+00
1.9663865546e+00 -1.5966386555e+00 2.5867346486e+00
1.9663865546e+00 -1.5630252101e+00 2.6104013825e+00
1.9663865546e+00 -1.5294117647e+00 2.6342075522e+00
1.9663865546e+00 -1.4957983193e+00 2.6581404723e+00
1.9663865546e+00 -1.4621848739e+00 2.6821863877e+00
1.9663865546e+00 -1.4285714286e+00 2.7063304279e+00
1.9663865546e+00 -1.3949579832e+00 2.7305565631e+00
1.9663865546e+00 -1.3613445378e+00 2.7548475615e+00
1.9663865546e+00 -1.3277310924e+00 2.7791849484e+00
1.9663865546e+00 -1.2941176471e+00 2.8035489692e+00
1.9663865546e+00 -1.2605042017e+00 2.8279185548e+00
1.9663865546e+00 -1.2268907563e+00 2.8522712918e+00
1.9663865546e+00 -1.1932773109e+00 2.8765833971e+00
1.9663865546e+00 -1.1596638655e+00 2.9008296987e+00
1.9663865546e+00 -1.1260504202e+00 2.9249836231e+00
1.9663865546e+00 -1.0924369748e+00 2.9490171897e+00
1.9663865546e+00 -1.0588235294e+00 2.9729010142e+00
1.9663865546e+00 -1.0252100840e+00 2.9966043209e+00
1.9663865546e+00 -9.9159663866e-01 3.0200949661e+00
1.9663865546e+00 -9.5798319328e-01 3.0433394715e+00
1.9663865546e+00 -9.2436974790e-01 3.0663030714e+00
1.9663865546e+00 -8.9075630252e-01 3.0889497716e+00
1.9663865546e+00 -8.5714285714e-01 3.1112424229e+00
1.9663865546e+00 -8.2352941176e-01 3.1331428093e+00
1.9663865546e+00 -7.8991596639e-01 3.1546117509e+00
1.9663865546e+00 -7.5630252101e-01 3.1756092227e+00
1.9663865546e+00 -7.2268907563e-01 3.1960944894e+00
1.9663865546e+00 -6.8907563025e-01 3.2160262561e+00
1.9663865546e+00 -6.5546218487e-01 3.2353628344e+00
1.9663865546e+00 -6.2184873950e-01 3.2540623246e+00
1.9663865546e+00 -5.8823529412e-01 3.2720828117e+00
1.9663865546e+00 -5.5462184874e-01 3.2893825758e+00
1.9663865546e+00 -5.2100840336e-01 3.3059203140e+00
1.9663865546e+00 -4.8739495798e-01 3.3216553738e+00
1.9663865546e+00 -4.5378151261e-01 3.3365479943e+00
1.9663865546e+00 -4.2016806723e-01 3.3505595546e+00
1.9663865546e+00 -3.8655462185e-01 3.3636528259e+00
1.9663865546e+00 -3.5294117647e-01 3.3757922240e+00
1.9663865546e+00 -3.1932773109e-01 3.3869440609e+00
1.9663865546e+00 -2.8571428571e-01 3.3970767905e+00
1.9663865546e+00 -2.5210084034e-01 3.4061612463e+00
1.9663865546e+00 -2.1848739496e-01 3.4141708674e+00
1.9663865546e+00 -1.8487394958e-01 3.4210819087e+00
1.9663865546e+00 -1.5126050420e-01 3.4268736342e+00
1.9663865546e+00 -1.1764705882e-01 3.4315284880e+00
1.9663865546e+00 -8.4033613445e-02 3.4350322417e+00
1.9663865546e+00 -5.0420168067e-02 3.4373741151e+00
1.9663865546e+00 -1.6806722689e-02 3.4385468695e+00
1.9663865546e+00 1.6806722689e-02 3.4385468695e+00
1.9663865546e+00 5.0420168067e-02 3.4373741151e+00
1.9663865546e+00 8.4033613445e-02 3.4350322417e+00
1.9663865546e+00 1.1764705882e-01 3.4315284880e+00
1.9663865546e+00 1.5126050420e-01 3.4268736342e+00
1.9663865546e+00 1.8487394958e-01 3.4210819087e+00
1.9663865546e+00 2.1848739496e-01 3.4141708674e+00
1.9663865546e+00 2.5210084034e-01 3.4061612463e+00
1.9663865546e+00 2.8571428571e-01 3.3970767905e+00
1.9663865546e+00 3.1932773109e-01 3.3869440609e+00
1.9663865546e+00 3.5294117647e-01 3.3757922240e+00
1.9663865546e+00 3.8655462185e-01 3.3636528259e+00
1.9663865546e+00 4.2016806723e-01 3.3505595546e+00
1.9663865546e+00 4.5378151261e-01 3.3365479943e+00
1.9663865546e+00 4.8739495798e-01 3.3216553738e+00
1.9663865546e+00 5.2100840336e-01 3.3059203140e+00
1.9663865546e+00 5.5462184874e-01 3.2893825758e+00
1.9663865546e+00 5.8823529412e-01 3.2720828117e+00
1.9663865546e+00 6.2184873950e-01 3.2540623246e+00
1.9663865546e+00 6.5546218487e-01 3.2353628344e+00
1.9663865546e+00 6.8907563025e-01 3.2160262561e+00
1.9663865546e+00 7.2268907563e-01 3.1960944894e+00
1.9663865546e+00 7.5630252101e-01 3.1756092227e+00
1.9663865546e+00 7.8991596639e-01 3.1546117509e+00
1.9663865546e+00 8.2352941176e-01 3.1331428093e+00
1.9663865546e+00 8.5714285714e-01 3.1112424229e+00
1.9663865546e+00 8.9075630252e-01 3.0889497716e+00
1.9663865546e+00 9.2436974790e-01 3.0663030714e+00
1.9663865546e+00 9.5798319328e-01 3.0433394715e+00
1.9663865546e+00 9.9159663866e-01 3.0200949661e+00
1.9663865546e+00 1.0252100840e+00 2.9966043209e+00
1.9663865546e+00 1.0588235294e+00 2.9729010142e+00
1.9663865546e+00 1.0924369748e+00 2.9490171897e+00
1.9663865546e+00 1.1260504202e+00 2.9249836231e+00
1.9663865546e+00 1.1596638655e+00 2.9008296987e+00
1.9663865546e+00 1.1932773109e+00 2.8765833971e+00
1.9663865546e+00 1.2268907563e+00 2.8522712918e+00
1.9663865546e+00 1.2605042017e+00 2.8279185548e+00
1.9663865546e+00 1.2941176471e+00 2.8035489692e+00
1.9663865546e+00 1.3277310924e+00 2.7791849484e+00
1.9663865546e+00 1.3613445378e+00 2.7548475615e+00
1.9663865546e+00 1.3949579832e+00 2.7305565631e+00
1.9663865546e+00 1.4285714286e+00 2.7063304279e+00
1.9663865546e+00 1.4621848739e+00 2.6821863877e+00
1.9663865546e+00 1.4957983193e+00 2.6581404723e+00
1.9663865546e+00 1.5294117647e+00 2.6342075522e+00
1.9663865546e+00 1.5630252101e+00 2.6104013825e+00
1.9663865546e+00 1.5966386555e+00 2.5867346486e+00
1.9663865546e+00 1.6302521008e+00 2.5632190121e+00
1.9663865546e+00 1.6638655462e+00 2.5398651577e+00
1.9663865546e+00 1.6974789916e+00 2.5166828390e+00
1.9663865546e+00 1.7310924370e+00 2.4936809253e+00
1.9663865546e+00 1.7647058824e+00 2.4708674466e+00
1.9663865546e+00 1.7983193277e+00 2.4482496389e+00
1.9663865546e+00 1.8319327731e+00 2.4258339873e+00
1.9663865546e+00 1.8655462185e+00 2.4036262695e+00
1.9663865546e+00 1.8991596639e+00 2.3816315966e+00
1.9663865546e+00 1.9327731092e+00 2.3598544535e+00
1.9663865546e+00 1.9663865546e+00 2.3382987372e+00
1.9663865546e+00 2.0000000000e+00 2.3169677947e+00

2.0000000000e+00 -2.0000000000e+00 2.2962114575e+00
2.0000000000e+00 -1.9663865546e+00 2.3169677947e+00
2.0000000000e+00 -1.9327731092e+00 2.3379322622e+00
2.0000000000e+00 -1.8991596639e+00 2.3591011793e+00
2.0000000000e+00 -1.8655462185e+00 2.3804703281e+00
2.0000000000e+00 -1.8319327731e+00 2.4020349190e+00
2.0000000000e+00 -1.7983193277e+00 2.4237895552e+00
2.0000000000e+00 -1.7647058824e+00 2.4457281955e+00
2.0000000000e+00 -1.7310924370e+00 2.4678441166e+00
2.0000000000e+00 -1.6974789916e+00 2.4901298739e+00
2.0000000000e+00 -1.6638655462e+00 2.5125772623e+00
2.0000000000e+00 -1.6302521008e+00 2.5351772750e+00
2.0000000000e+00 -1.5966386555e+00 2.5579200634e+00
2.0000000000e+00 -1.5630252101e+00 2.5807948951e+00
2.0000000000e+00 -1.5294117647e+00 2.6037901133e+00
2.0000000000e+00 -1.4957983193e+00 2.6268930956e+00
2.0000000000e+00 -1.4621848739e+00 2.6500902136e+00
2.0000000000e+00 -1.4285714286e+00 2.6733667938e+00
2.0000000000e+00 -1.3949579832e+00 2.6967070792e+00
2.0000000000e+00 -1.3613445378e+00 2.7200941935e+00
2.0000000000e+00 -1.3277310924e+00 2.7435101072e+00
2.0000000000e+00 -1.2941176471e+00 2.7669356068e+00
2.0000000000e+00 -1.2605042017e+00 2.7903502673e+00
2.0000000000e+00 -1.2268907563e+00 2.8137324288e+00
2.0000000000e+00 -1.1932773109e+00 2.8370591786e+00
2.0000000000e+00 -1.1596638655e+00 2.8603063380e+00
2.0000000000e+00 -1.1260504202e+00 2.8834484557e+00
2.0000000000e+00 -1.0924369748e+00 2.9064588086e+00
2.0000000000e+00 -1.0588235294e+00 2.9293094104e+00
2.0000000000e+00 -1.0252100840e+00 2.9519710282e+00
2.0000000000e+00 -9.9159663866e-01 2.9744132099e+00
2.0000000000e+00 -9.5798319328e-01 2.9966043209e+00
2.0000000000e+00 -9.2436974790e-01 3.0185115923e+00
2.0000000000e+00 -8.9075630252e-01 3.0401011809e+00
2.0000000000e+00 -8.5714285714e-01 3.0613382415e+00
2.0000000000e+00 -8.2352941176e-01 3.0821870121e+00
2.0000000000e+00 -7.8991596639e-01 3.1026109131e+00
2.0000000000e+00 -7.5630252101e-01 3.1225726592e+00
2.0000000000e+00 -7.2268907563e-01 3.1420343863e+00
2.0000000000e+00 -6.8907563025e-01 3.1609577911e+00
2.0000000000e+00 -6.5546218487e-01 3.1793042850e+00
2.0000000000e+00 -6.2184873950e-01 3.1970351609e+00
2.0000000000e+00 -5.8823529412e-01 3.2141117724e+00
2.0000000000e+00 -5.5462184874e-01 3.2304957237e+00
2.0000000000e+00 -5.2100840336e-01 3.2461490711e+00
2.0000000000e+00 -4.8739495798e-01 3.2610345316e+00
2.0000000000e+00 -4.5378151261e-01 3.2751156993e+00
2.0000000000e+00 -4.2016806723e-01 3.2883572666e+00
2.0000000000e+00 -3.8655462185e-01 3.3007252479e+00
2.0000000000e+00 -3.5294117647e-01 3.3121872035e+00
2.0000000000e+00 -3.1932773109e-01 3.3227124610e+00
2.0000000000e+00 -2.8571428571e-01 3.3322723321e+00
2.0000000000e+00 -2.5210084034e-01 3.3408403209e+00
2.0000000000e+00 -2.1848739496e-01 3.3483923216e+00
2.0000000000e+00 -1.8487394958e-01 3.3549068030e+00
2.0000000000e+00 -1.5126050420e-01 3.3603649763e+00
2.0000000000e+00 -1.1764705882e-01 3.3647509442e+00
2.0000000000e+00 -8.4033613445e-02 3.3680518295e+00
2.0000000000e+00 -5.0420168067e-02 3.3702578800e+00
2.0000000000e+00 -1.6806722689e-02 3.3713625488e+00
2.0000000000e+00 1.6806722689e-02 3.3713625488e+00
2.0000000000e+00 5.0420168067e-02 3.3702578800e+00
2.0000000000e+00 8.4033613445e-02 3.3680518295e+00
2.0000000000e+00 1.1764705882e-01 3.3647509442e+00
2.0000000000e+00 1.5126050420e-01 3.3603649763e+00
2.0000000000e+00 1.8487394958e-01 3.3549068030e+00
2.0000000000e+00 2.1848739496e-01 3.3483923216e+00
2.0000000000e+00 2.5210084034e-01 3.3408403209e+00
2.0000000000e+00 2.8571428571e-01 3.3322723321e+00
2.0000000000e+00 3.1932773109e-01 3.3227124610e+00
2.0000000000e+00 3.5294117647e-01 3.3121872035e+00
2.0000000000e+00 3.8655462185e-01 3.3007252479e+00
2.0000000000e+00 4.2016806723e-01 3.2883572666e+00
2.0000000000e+00 4.5378151261e-01 3.2751156993e+00
2.0000000000e+00 4.8739495798e-01 3.2610345316e+00
2.0000000000e+00 5.2100840336e-01 3.2461490711e+00
2.0000000000e+00 5.5462184874e-01 3.2304957237e+00
2.0000000000e+00 5.8823529412e-01 3.2141117724e+00
2.0000000000e+00 6.2184873950e-01 3.1970351609e+00
2.0000000000e+00 6.5546218487e-01 3.1793042850e+00
2.0000000000e+00 6.8907563025e-01 3.1609577911e+00
2.0000000000e+00 7.2268907563e-01 3.1420343863e+00
2.0000000000e+00 7.5630252101e-01 3.1225726592e+00
2.0000000000e+00 7.8991596639e-01 3.1026109131e+00
2.0000000000e+00 8.2352941176e-01 3.0821870121e+00
2.0000000000e+00 8.5714285714e-01 3.0613382415e+00
2.0000000000e+00 8.9075630252e-01 3.0401011809e+00
2.0000000000e+00 9.2436974790e-01 3.0185115923e+00
2.0000000000e+00 9.5798319328e-01 2.9966043209e+00
2.0000000000e+00 9.9159663866e-01 2.9744132099e+00
2.0000000000e+00 1.0252100840e+00 2.9519710282e+00
2.0000000000e+00 1.0588235294e+00 2.9293094104e+00
2.0000000000e+00 1.0924369748e+00 2.9064588086e+00
2.0000000000e+00 1.1260504202e+00 2.8834484557e+00
2.0000000000e+00 1.1596638655e+00 2.8603063380e+00
2.0000000000e+00 1.1932773109e+00 2.8370591786e+00
2.0000000000e+00 1.2268907563e+00 2.8137324288e+00
2.0000000000e+00 1.2605042017e+00 2.7903502673e+00
2.0000000000e+00 1.2941176471e+00 2.7669356068e+00
2.0000000000e+00 1.3277310924e+00 2.7435101072e+00
2.0000000000e+00 1.3613445378e+00 2.7200941935e+00
2.0000000000e+00 1.3949579832e+00 2.6967070792e+00
2.0000000000e+00 1.4285714286e+00 2.6733667938e+00
2.0000000000e+00 1.4621848739e+00 2.6500902136e+00
2.0000000000e+00 1.4957983193e+00 2.6268930956e+00
2.0000000000e+00 1.5294117647e+00 2.6037901133e+00
2.0000000000e+00 1.5630252101e+00 2.5807948951e+00
2.0000000000e+00 1.5966386555e+00 2.5579200634e+00
2.0000000000e+00 1.6302521008e+00 2.5351772750e+00
2.0000000000e+00 1.6638655462e+00 2.5125772623e+00
2.0000000000e+00 1.6974789916e+00 2.4901298739e+00
2.0000000000e+00 1.7310924370e+00 2.4678441166e+00
2.0000000000e+00 1.7647058824e+00 2.4457281955e+00
2.0000000000e+00 1.7983193277e+00 2.4237895552e+00
2.0000000000e+00 1.8319327731e+00 2.4020349190e+00
2.0000000000e+00 1.8655462185e+00 2.3804703281e+00
2.0000000000e+00 1.8991596639e+00 2.3591011793e+00
2.0000000000e+00 1.9327731092e+00 2.3379322622e+00
2.0000000000e+00 1.9663865546e+00 2.3169677947e+00
2.0000000000e+00 2.0000000000e+00 2.2962114575e+00

