-3.0000000000e+00 -3.0000000000e+00 3.1508760398e+00
-3.0000000000e+00 -2.9393939394e+00 3.1873704181e+00
-3.0000000000e+00 -2.8787878788e+00 3.2243889382e+00
-3.0000000000e+00 -2.8181818182e+00 3.2619266750e+00
-3.0000000000e+00 -2.7575757576e+00 3.2999771141e+00
-3.0000000000e+00 -2.6969696970e+00 3.3385320010e+00
-3.0000000000e+00 -2.6363636364e+00 3.3775811819e+00
-3.0000000000e+00 -2.5757575758e+00 3.4171124340e+00
-3.0000000000e+00 -2.5151515152e+00 3.4571112876e+00
-3.0000000000e+00 -2.4545454545e+00 3.4975608381e+00
-3.0000000000e+00 -2.3939393939e+00 3.5384415499e+00
-3.0000000000e+00 -2.3333333333e+00 3.5797310524e+00
-3.0000000000e+00 -2.2727272727e+00 3.6214039285e+00
-3.0000000000e+00 -2.2121212121e+00 3.6634314973e+00
-3.0000000000e+00 -2.1515151515e+00 3.7057815924e+00
-3.0000000000e+00 -2.0909090909e+00 3.7484183378e+00
-3.0000000000e+00 -2.0303030303e+00 3.7913019234e+00
-3.0000000000e+00 -1.9696969697e+00 3.8343883825e+00
-3.0000000000e+00 -1.9090909091e+00 3.8776293761e+00
-3.0000000000e+00 -1.8484848485e+00 3.9209719858e+00
-3.0000000000e+00 -1.7878787879e+00 3.9643585214e+00
-3.0000000000e+00 -1.7272727273e+00 4.0077263466e+00
-3.0000000000e+00 -1.6666666667e+00 4.0510077302e+00
-3.0000000000e+00 -1.6060606061e+00 4.0941297276e+00
-3.0000000000e+00 -1.5454545455e+00 4.1370140995e+00
-3.0000000000e+00 -1.4848484848e+00 4.1795772765e+00
-3.0000000000e+00 -1.4242424242e+00 4.2217303751e+00
-3.0000000000e+00 -1.3636363636e+00 4.2633792754e+00
-3.0000000000e+00 -1.3030303030e+00 4.3044247669e+00
-3.0000000000e+00 -1.2424242424e+00 4.3447627718e+00
-3.0000000000e+00 -1.1818181818e+00 4.3842846523e+00
-3.0000000000e+00 -1.1212121212e+00 4.4228776096e+00
-3.0000000000e+00 -1.0606060606e+00 4.4604251812e+00
-3.0000000000e+00 -1.0000000000e+00 4.4968078392e+00
-3.0000000000e+00 -9.3939393939e-01 4.5319036936e+00
-3.0000000000e+00 -8.7878787879e-01 4.5655893009e+00
-3.0000000000e+00 -8.1818181818e-01 4.5977405748e+00
-3.0000000000e+00 -7.5757575758e-01 4.6282337937e+00
-3.0000000000e+00 -6.9696969697e-01 4.6569466958e+00
-3.0000000000e+00 -6.3636363636e-01 4.6837596499e+00
-3.0000000000e+00 -5.7575757576e-01 4.7085568835e+00
-3.0000000000e+00 -5.1515151515e-01 4.7312277510e+00
-3.0000000000e+00 -4.5454545455e-01 4.7516680153e+00
-3.0000000000e+00 -3.9393939394e-01 4.7697811199e+00
-3.0000000000e+00 -3.3333333333e-01 4.7854794209e+00
-3.0000000000e+00 -2.7272727273e-01 4.7986853503e+00
-3.0000000000e+00 -2.1212121212e-01 4.8093324815e+00
-3.0000000000e+00 -1.5151515152e-01 4.8173664680e+00
-3.0000000000e+00 -9.0909090909e-02 4.8227458298e+00
-3.0000000000e+00 -3.0303030303e-02 4.8254425645e+00
-3.0000000000e+00 3.0303030303e-02 4.8254425645e+00
-3.0000000000e+00 9.0909090909e-02 4.8227458298e+00
-3.0000000000e+00 1.5151515152e-01 4.8173664680e+00
-3.0000000000e+00 2.1212121212e-01 4.8093324815e+00
-3.0000000000e+00 2.7272727273e-01 4.7986853503e+00
-3.0000000000e+00 3.3333333333e-01 4.7854794209e+00
-3.0000000000e+00 3.9393939394e-01 4.7697811199e+00
-3.0000000000e+00 4.5454545455e-01 4.7516680153e+00
-3.0000000000e+00 5.1515151515e-01 4.7312277510e+00
-3.0000000000e+00 5.7575757576e-01 4.7085568835e+00
-3.0000000000e+00 6.3636363636e-01 4.6837596499e+00
-3.0000000000e+00 6.9696969697e-01 4.6569466958e+00
-3.0000000000e+00 7.5757575758e-01 4.6282337937e+00
-3.0000000000e+00 8.1818181818e-01 4.5977405748e+00
-3.0000000000e+00 8.7878787879e-01 4.5655893009e+00
-3.0000000000e+00 9.3939393939e-01 4.5319036936e+00
-3.0000000000e+00 1.0000000000e+00 4.4968078392e+00
-3.0000000000e+00 1.0606060606e+00 4.4604251812e+00
-3.0000000000e+00 1.1212121212e+00 4.4228776096e+00
-3.0000000000e+00 1.1818181818e+00 4.3842846523e+00
-3.0000000000e+00 1.2424242424e+00 4.3447627718e+00
-3.0000000000e+00 1.3030303030e+00 4.3044247669e+00
-3.0000000000e+00 1.3636363636e+00 4.2633792754e+00
-3.0000000000e+00 1.4242424242e+00 4.2217303751e+00
-3.0000000000e+00 1.4848484848e+00 4.1795772765e+00
-3.0000000000e+00 1.5454545455e+00 4.1370140995e+00
-3.0000000000e+00 1.6060606061e+00 4.0941297276e+00
-3.0000000000e+00 1.6666666667e+00 4.0510077302e+00
-3.0000000000e+00 1.7272727273e+00 4.0077263466e+00
-3.0000000000e+00 1.7878787879e+00 3.9643585214e+00
-3.0000000000e+00 1.8484848485e+00 3.9209719858e+00
-3.0000000000e+00 1.9090909091e+00 3.8776293761e+00
-3.0000000000e+00 1.9696969697e+00 3.8343883825e+00
-3.0000000000e+00 2.0303030303e+00 3.7913019234e+00
-3.0000000000e+00 2.0909090909e+00 3.7484183378e+00
-3.0000000000e+00 2.1515151515e+00 3.7057815924e+00
-3.0000000000e+00 2.2121212121e+00 3.6634314973e+00
-3.0000000000e+00 2.2727272727e+00 3.6214039285e+00
-3.0000000000e+00 2.3333333333e+00 3.5797310524e+00
-3.0000000000e+00 2.3939393939e+00 3.5384415499e+00
-3.0000000000e+00 2.4545454545e+00 3.4975608381e+00
-3.0000000000e+00 2.5151515152e+00 3.4571112876e+00
-3.0000000000e+00 2.5757575758e+00 3.4171124340e+00
-3.0000000000e+00 2.6363636364e+00 3.3775811819e+00
-3.0000000000e+00 2.6969696970e+00 3.3385320010e+00
-3.0000000000e+00 2.7575757576e+00 3.2999771141e+00
-3.0000000000e+00 2.8181818182e+00 3.2619266750e+00
-3.0000000000e+00 2.8787878788e+00 3.2243889382e+00
-3.0000000000e+00 2.9393939394e+00 3.1873704181e+00
-3.0000000000e+00 3.0000000000e+00 3.1508760398e+00

-2.9393939394e+00 -3.0000000000e+00 3.1873704181e+00
-2.9393939394e+00 -2.9393939394e+00 3.2251740500e+00
-2.9393939394e+00 -2.8787878788e+00 3.2635535071e+00
-2.9393939394e+00 -2.8181818182e+00 3.3025055957e+00
-2.9393939394e+00 -2.7575757576e+00 3.3420255215e+00
-2.9393939394e+00 -2.6969696970e+00 3.3821067272e+00
-2.9393939394e+00 -2.6363636364e+00 3.4227407179e+00
-2.9393939394e+00 -2.5757575758e+00 3.4639168755e+00
-2.9393939394e+00 -2.5151515152e+00 3.5056222619e+00
-2.9393939394e+00 -2.4545454545e+00 3.5478414095e+00
-2.9393939394e+00 -2.3939393939e+00 3.5905561013e+00
-2.9393939394e+00 -2.3333333333e+00 3.6337451396e+00
-2.9393939394e+00 -2.2727272727e+00 3.6773841050e+00
-2.9393939394e+00 -2.2121212121e+00 3.7214451057e+00
-2.9393939394e+00 -2.1515151515e+00 3.7658965192e+00
-2.9393939394e+00 -2.0909090909e+00 3.8107027283e+00
-2.9393939394e+00 -2.0303030303e+00 3.8558238528e+00
-2.9393939394e+00 -1.9696969697e+00 3.9012154809e+00
-2.9393939394e+00 -1.9090909091e+00 3.9468284026e+00
-2.9393939394e+00 -1.8484848485e+00 3.9926083501e+00
-2.9393939394e+00 -1.7878787879e+00 4.0384957488e+00
-2.9393939394e+00 -1.7272727273e+00 4.0844254863e+00
-2.9393939394e+00 -1.6666666667e+00 4.1303267032e+00
-2.9393939394e+00 -1.6060606061e+00 4.1761226156e+00
-2.9393939394e+00 -1.5454545455e+00 4.2217303751e+00
-2.9393939394e+00 -1.4848484848e+00 4.2670609763e+00
-2.9393939394e+00 -1.4242424242e+00 4.3120192204e+00
-2.9393939394e+00 -1.3636363636e+00 4.3565037455e+00
-2.9393939394e+00 -1.3030303030e+00 4.4004071341e+00
-2.9393939394e+00 -1.2424242424e+00 4.4436161072e+00
-2.9393939394e+00 -1.1818181818e+00 4.4860118166e+00
-2.9393939394e+00 -1.1212121212e+00 4.5274702446e+00
-2.9393939394e+00 -1.0606060606e+00 4.5678627197e+00
-2.9393939394e+00 -1.0000000000e+00 4.6070565558e+00
-2.9393939394e+00 -9.3939393939e-01 4.6449158197e+00
-2.9393939394e+00 -8.7878787879e-01 4.6813022293e+00
-2.9393939394e+00 -8.1818181818e-01 4.7160761823e+00
-2.9393939394e+00 -7.5757575758e-01 4.7490979087e+00
-2.9393939394e+00 -6.9696969697e-01 4.7802287405e+00
-2.9393939394e+00 -6.3636363636e-01 4.8093324815e+00
-2.9393939394e+00 -5.7575757576e-01 4.8362768611e+00
-2.9393939394e+00 -5.1515151515e-01 4.8609350465e+00
-2.9393939394e+00 -4.5454545455e-01 4.8831871849e+00
-2.9393939394e+00 -3.9393939394e-01 4.9029219434e+00
-2.9393939394e+00 -3.3333333333e-01 4.9200380117e+00
-2.9393939394e+00 -2.7272727273e-01 4.9344455278e+00
-2.9393939394e+00 -2.1212121212e-01 4.9460673905e+00
-2.9393939394e+00 -1.5151515152e-01 4.9548404208e+00
-2.9393939394e+00 -9.0909090909e-02 4.9607163376e+00
-2.9393939394e+00 -3.0303030303e-02 4.9636625180e+00
-2.9393939394e+00 3.0303030303e-02 4.9636625180e+00
-2.9393939394e+00 9.0909090909e-02 4.9607163376e+00
-2.9393939394e+00 1.5151515152e-01 4.9548404208e+00
-2.9393939394e+00 2.1212121212e-01 4.9460673905e+00
-2.9393939394e+00 2.7272727273e-01 4.9344455278e+00
-2.9393939394e+00 3.3333333333e-01 4.9200380117e+00
-2.9393939394e+00 3.9393939394e-01 4.9029219434e+00
-2.9393939394e+00 4.5454545455e-01 4.8831871849e+00
-2.9393939394e+00 5.1515151515e-01 4.8609350465e+00
-2.9393939394e+00 5.7575757576e-01 4.8362768611e+00
-2.9393939394e+00 6.3636363636e-01 4.8093324815e+00
-2.9393939394e+00 6.9696969697e-01 4.7802287405e+00
-2.9393939394e+00 7.5757575758e-01 4.7490979087e+00
-2.9393939394e+00 8.1818181818e-01 4.7160761823e+00
-2.9393939394e+00 8.7878787879e-01 4.6813022293e+00
-2.9393939394e+00 9.3939393939e-01 4.6449158197e+00
-2.9393939394e+00 1.0000000000e+00 4.6070565558e+00
-2.9393939394e+00 1.0606060606e+00 4.5678627197e+00
-2.9393939394e+00 1.1212121212e+00 4.5274702446e+00
-2.9393939394e+00 1.1818181818e+00 4.4860118166e+00
-2.9393939394e+00 1.2424242424e+00 4.4436161072e+00
-2.9393939394e+00 1.3030303030e+00 4.4004071341e+00
-2.9393939394e+00 1.3636363636e+00 4.3565037455e+00
-2.9393939394e+00 1.4242424242e+00 4.3120192204e+00
-2.9393939394e+00 1.4848484848e+00 4.2670609763e+00
-2.9393939394e+00 1.5454545455e+00 4.2217303751e+00
-2.9393939394e+00 1.6060606061e+00 4.1761226156e+00
-2.9393939394e+00 1.6666666667e+00 4.1303267032e+00
-2.9393939394e+00 1.7272727273e+00 4.0844254863e+00
-2.9393939394e+00 1.7878787879e+00 4.0384957488e+00
-2.9393939394e+00 1.8484848485e+00 3.9926083501e+00
-2.9393939394e+00 1.9090909091e+00 3.9468284026e+00
-2.9393939394e+00 1.9696969697e+00 3.9012154809e+00
-2.9393939394e+00 2.0303030303e+00 3.8558238528e+00
-2.9393939394e+00 2.0909090909e+00 3.8107027283e+00
-2.9393939394e+00 2.1515151515e+00 3.7658965192e+00
-2.9393939394e+00 2.2121212121e+00 3.7214451057e+00
-2.9393939394e+00 2.2727272727e+00 3.6773841050e+00
-2.9393939394e+00 2.3333333333e+00 3.6337451396e+00
-2.9393939394e+00 2.3939393939e+00 3.5905561013e+00
-2.9393939394e+00 2.4545454545e+00 3.5478414095e+00
-2.9393939394e+00 2.5151515152e+00 3.5056222619e+00
-2.9393939394e+00 2.5757575758e+00 3.4639168755e+00
-2.9393939394e+00 2.6363636364e+00 3.4227407179e+00
-2.9393939394e+00 2.6969696970e+00 3.3821067272e+00
-2.9393939394e+00 2.7575757576e+00 3.3420255215e+00
-2.9393939394e+00 2.8181818182e+00 3.3025055957e+00
-2.9393939394e+00 2.8787878788e+00 3.2635535071e+00
-2.9393939394e+00 2.9393939394e+00 3.2251740500e+00
-2.9393939394e+00 3.0000000000e+00 3.1873704181e+00

-2.8787878788e+00 -3.0000000000e+00 3.2243889382e+00
-2.8787878788e+00 -2.9393939394e+00 3.2635535071e+00
-2.8787878788e+00 -2.8787878788e+00 3.3033497276e+00
-2.8787878788e+00 -2.8181818182e+00 3.3437764405e+00
-2.8787878788e+00 -2.7575757576e+00 3.3848308932e+00
-2.8787878788e+00 -2.6969696970e+00 3.4265085644e+00
-2.8787878788e+00 -2.6363636364e+00 3.4688029754e+00
-2.8787878788e+00 -2.5757575758e+00 3.5117054882e+00
-2.8787878788e+00 -2.5151515152e+00 3.5552050880e+00
-2.8787878788e+00 -2.4545454545e+00 3.5992881527e+00
-2.8787878788e+00 -2.3939393939e+00 3.6439382069e+00
-2.8787878788e+00 -2.3333333333e+00 3.6891356622e+00
-2.8787878788e+00 -2.2727272727e+00 3.7348575432e+00
-2.8787878788e+00 -2.2121212121e+00 3.7810772008e+00
-2.8787878788e+00 -2.1515151515e+00 3.8277640136e+00
-2.8787878788e+00 -2.0909090909e+00 3.8748830782e+00
-2.8787878788e+00 -2.0303030303e+00 3.9223948924e+00
-2.8787878788e+00 -1.9696969697e+00 3.9702550323e+00
-2.8787878788e+00 -1.9090909091e+00 4.0184138272e+00
-2.8787878788e+00 -1.8484848485e+00 4.0668160376e+00
-2.8787878788e+00 -1.7878787879e+00 4.1154005391e+00
-2.8787878788e+00 -1.7272727273e+00 4.1641000208e+00
-2.8787878788e+00 -1.6666666667e+00 4.2128407040e+00
-2.8787878788e+00 -1.6060606061e+00 4.2615420882e+00
-2.8787878788e+00 -1.5454545455e+00 4.3101167364e+00
-2.8787878788e+00 -1.4848484848e+00 4.3584701075e+00
-2.8787878788e+00 -1.4242424242e+00 4.4065004482e+00
-2.8787878788e+00 -1.3636363636e+00 4.4540987568e+00
-2.8787878788e+00 -1.3030303030e+00 4.5011488318e+00
-2.8787878788e+00 -1.2424242424e+00 4.5475274185e+00
-2.8787878788e+00 -1.1818181818e+00 4.5931044678e+00
-2.8787878788e+00 -1.1212121212e+00 4.6377435205e+00
-2.8787878788e+00 -1.0606060606e+00 4.6813022293e+00
-2.8787878788e+00 -1.0000000000e+00 4.7236330298e+00
-2.8787878788e+00 -9.3939393939e-01 4.7645839691e+00
-2.8787878788e+00 -8.7878787879e-01 4.8039996977e+00
-2.8787878788e+00 -8.1818181818e-01 4.8417226265e+00
-2.8787878788e+00 -7.5757575758e-01 4.8775942447e+00
-2.8787878788e+00 -6.9696969697e-01 4.9114565923e+00
-2.8787878788e+00 -6.3636363636e-01 4.9431538690e+00
-2.8787878788e+00 -5.7575757576e-01 4.9725341608e+00
-2.8787878788e+00 -5.1515151515e-01 4.9994512541e+00
-2.8787878788e+00 -4.5454545455e-01 5.0237665039e+00
-2.8787878788e+00 -3.9393939394e-01 5.0453507130e+00
-2.8787878788e+00 -3.3333333333e-01 5.0640859797e+00
-2.8787878788e+00 -2.7272727273e-01 5.0798674631e+00
-2.8787878788e+00 -2.1212121212e-01 5.0926050155e+00
-2.8787878788e+00 -1.5151515152e-01 5.1022246352e+00
-2.8787878788e+00 -9.0909090909e-02 5.1086696907e+00
-2.8787878788e+00 -3.0303030303e-02 5.1119018781e+00
-2.8787878788e+00 3.0303030303e-02 5.1119018781e+00
-2.8787878788e+00 9.0909090909e-02 5.1086696907e+00
-2.8787878788e+00 1.5151515152e-01 5.1022246352e+00
-2.8787878788e+00 2.1212121212e-01 5.0926050155e+00
-2.8787878788e+00 2.7272727273e-01 5.0798674631e+00
-2.8787878788e+00 3.3333333333e-01 5.0640859797e+00
-2.8787878788e+00 3.9393939394e-01 5.0453507130e+00
-2.8787878788e+00 4.5454545455e-01 5.0237665039e+00
-2.8787878788e+00 5.1515151515e-01 4.9994512541e+00
-2.8787878788e+00 5.7575757576e-01 4.9725341608e+00
-2.8787878788e+00 6.3636363636e-01 4.9431538690e+00
-2.8787878788e+00 6.9696969697e-01 4.9114565923e+00
-2.8787878788e+00 7.5757575758e-01 4.8775942447e+00
-2.8787878788e+00 8.1818181818e-01 4.8417226265e+00
-2.8787878788e+00 8.7878787879e-01 4.8039996977e+00
-2.8787878788e+00 9.3939393939e-01 4.7645839691e+00
-2.8787878788e+00 1.0000000000e+00 4.7236330298e+00
-2.8787878788e+00 1.0606060606e+00 4.6813022293e+00
-2.8787878788e+00 1.1212121212e+00 4.6377435205e+00
-2.8787878788e+00 1.1818181818e+00 4.5931044678e+00
-2.8787878788e+00 1.2424242424e+00 4.5475274185e+00
-2.8787878788e+00 1.3030303030e+00 4.5011488318e+00
-2.8787878788e+00 1.3636363636e+00 4.4540987568e+00
-2.8787878788e+00 1.4242424242e+00 4.4065004482e+00
-2.8787878788e+00 1.4848484848e+00 4.3584701075e+00
-2.8787878788e+00 1.5454545455e+00 4.3101167364e+00
-2.8787878788e+00 1.6060606061e+00 4.2615420882e+00
-2.8787878788e+00 1.6666666667e+00 4.2128407040e+00
-2.8787878788e+00 1.7272727273e+00 4.1641000208e+00
-2.8787878788e+00 1.7878787879e+00 4.1154005391e+00
-2.8787878788e+00 1.8484848485e+00 4.0668160376e+00
-2.8787878788e+00 1.9090909091e+00 4.0184138272e+00
-2.8787878788e+00 1.9696969697e+00 3.9702550323e+00
-2.8787878788e+00 2.0303030303e+00 3.9223948924e+00
-2.8787878788e+00 2.0909090909e+00 3.8748830782e+00
-2.8787878788e+00 2.1515151515e+00 3.8277640136e+00
-2.8787878788e+00 2.2121212121e+00 3.7810772008e+00
-2.8787878788e+00 2.2727272727e+00 3.7348575432e+00
-2.8787878788e+00 2.3333333333e+00 3.6891356622e+00
-2.8787878788e+00 2.3939393939e+00 3.6439382069e+00
-2.8787878788e+00 2.4545454545e+00 3.5992881527e+00
-2.8787878788e+00 2.5151515152e+00 3.5552050880e+00
-2.8787878788e+00 2.5757575758e+00 3.5117054882e+00
-2.8787878788e+00 2.6363636364e+00 3.4688029754e+00
-2.8787878788e+00 2.6969696970e+00 3.4265085644e+00
-2.8787878788e+00 2.7575757576e+00 3.3848308932e+00
-2.8787878788e+00 2.8181818182e+00 3.3437764405e+00
-2.8787878788e+00 2.8787878788e+00 3.3033497276e+00
-2.8787878788e+00 2.9393939394e+00 3.2635535071e+00
-2.8787878788e+00 3.0000000000e+00 3.2243889382e+00

-2.8181818182e+00 -3.0000000000e+00 3.2619266750e+00
-2.8181818182e+00 -2.9393939394e+00 3.3025055957e+00
-2.8181818182e+00 -2.8787878788e+00 3.3437764405e+00
-2.8181818182e+00 -2.8181818182e+00 3.3857404278e+00
-2.8181818182e+00 -2.7575757576e+00 3.4283972113e+00
-2.8181818182e+00 -2.6969696970e+00 3.4717446938e+00
-2.8181818182e+00 -2.6363636364e+00 3.5157788244e+00
-2.8181818182e+00 -2.5757575758e+00 3.5604933792e+00
-2.8181818182e+00 -2.5151515152e+00 3.6058797248e+00
-2.8181818182e+00 -2.4545454545e+00 3.6519265652e+00
-2.8181818182e+00 -2.3939393939e+00 3.6986196688e+00
-2.8181818182e+00 -2.3333333333e+00 3.7459415789e+00
-2.8181818182e+00 -2.2727272727e+00 3.7938713046e+00
-2.8181818182e+00 -2.2121212121e+00 3.8423839953e+00
-2.8181818182e+00 -2.1515151515e+00 3.8914505968e+00
-2.8181818182e+00 -2.0909090909e+00 3.9410374927e+00
-2.8181818182e+00 -2.0303030303e+00 3.9911061316e+00
-2.8181818182e+00 -1.9696969697e+00 4.0416126426e+00
-2.8181818182e+00 -1.9090909091e+00 4.0925074433e+00
-2.8181818182e+00 -1.8484848485e+00 4.1437348435e+00
-2.8181818182e+00 -1.7878787879e+00 4.1952326505e+00
-2.8181818182e+00 -1.7272727273e+00 4.2469317823e+00
-2.8181818182e+00 -1.6666666667e+00 4.2987558960e+00
-2.8181818182e+00 -1.6060606061e+00 4.3506210408e+00
-2.8181818182e+00 -1.5454545455e+00 4.4024353461e+00
-2.8181818182e+00 -1.4848484848e+00 4.4540987568e+00
-2.8181818182e+00 -1.4242424242e+00 4.5055028289e+00
-2.8181818182e+00 -1.3636363636e+00 4.5565306007e+00
-2.8181818182e+00 -1.3030303030e+00 4.6070565558e+00
-2.8181818182e+00 -1.2424242424e+00 4.6569466958e+00
-2.8181818182e+00 -1.1818181818e+00 4.7060587392e+00
-2.8181818182e+00 -1.1212121212e+00 4.7542424662e+00
-2.8181818182e+00 -1.0606060606e+00 4.8013402264e+00
-2.8181818182e+00 -1.0000000000e+00 4.8471876254e+00
-2.8181818182e+00 -9.3939393939e-01 4.8916144053e+00
-2.8181818182e+00 -8.7878787879e-01 4.9344455278e+00
-2.8181818182e+00 -8.1818181818e-01 4.9755024689e+00
-2.8181818182e+00 -7.5757575758e-01 5.0146047219e+00
-2.8181818182e+00 -6.9696969697e-01 5.0515715046e+00
-2.8181818182e+00 -6.3636363636e-01 5.0862236539e+00
-2.8181818182e+00 -5.7575757576e-01 5.1183856846e+00
-2.8181818182e+00 -5.1515151515e-01 5.1478879796e+00
-2.8181818182e+00 -4.5454545455e-01 5.1745690671e+00
-2.8181818182e+00 -3.9393939394e-01 5.1982779360e+00
-2.8181818182e+00 -3.3333333333e-01 5.2188763290e+00
-2.8181818182e+00 -2.7272727273e-01 5.2362409505e+00
-2.8181818182e+00 -2.1212121212e-01 5.2502655228e+00
-2.8181818182e+00 -1.5151515152e-01 5.2608626234e+00
-2.8181818182e+00 -9.0909090909e-02 5.2679652423e+00
-2.8181818182e+00 -3.0303030303e-02 5.2715280029e+00
-2.8181818182e+00 3.0303030303e-02 5.2715280029e+00
-2.8181818182e+00 9.0909090909e-02 5.2679652423e+00
-2.8181818182e+00 1.5151515152e-01 5.2608626234e+00
-2.8181818182e+00 2.1212121212e-01 5.2502655228e+00
-2.8181818182e+00 2.7272727273e-01 5.2362409505e+00
-2.8181818182e+00 3.3333333333e-01 5.2188763290e+00
-2.8181818182e+00 3.9393939394e-01 5.1982779360e+00
-2.8181818182e+00 4.5454545455e-01 5.1745690671e+00
-2.8181818182e+00 5.1515151515e-01 5.1478879796e+00
-2.8181818182e+00 5.7575757576e-01 5.1183856846e+00
-2.8181818182e+00 6.3636363636e-01 5.0862236539e+00
-2.8181818182e+00 6.9696969697e-01 5.0515715046e+00
-2.8181818182e+00 7.5757575758e-01 5.0146047219e+00
-2.8181818182e+00 8.1818181818e-01 4.9755024689e+00
-2.8181818182e+00 8.7878787879e-01 4.9344455278e+00
-2.8181818182e+00 9.3939393939e-01 4.8916144053e+00
-2.8181818182e+00 1.0000000000e+00 4.8471876254e+00
-2.8181818182e+00 1.0606060606e+00 4.8013402264e+00
-2.8181818182e+00 1.1212121212e+00 4.7542424662e+00
-2.8181818182e+00 1.1818181818e+00 4.7060587392e+00
-2.8181818182e+00 1.2424242424e+00 4.6569466958e+00
-2.8181818182e+00 1.3030303030e+00 4.6070565558e+00
-2.8181818182e+00 1.3636363636e+00 4.5565306007e+00
-2.8181818182e+00 1.4242424242e+00 4.5055028289e+00
-2.8181818182e+00 1.4848484848e+00 4.4540987568e+00
-2.8181818182e+00 1.5454545455e+00 4.4024353461e+00
-2.8181818182e+00 1.6060606061e+00 4.3506210408e+00
-2.8181818182e+00 1.6666666667e+00 4.2987558960e+00
-2.8181818182e+00 1.7272727273e+00 4.2469317823e+00
-2.8181818182e+00 1.7878787879e+00 4.1952326505e+00
-2.8181818182e+00 1.8484848485e+00 4.1437348435e+00
-2.8181818182e+00 1.9090909091e+00 4.0925074433e+00
-2.8181818182e+00 1.9696969697e+00 4.0416126426e+00
-2.8181818182e+00 2.0303030303e+00 3.9911061316e+00
-2.8181818182e+00 2.0909090909e+00 3.9410374927e+00
-2.8181818182e+00 2.1515151515e+00 3.8914505968e+00
-2.8181818182e+00 2.2121212121e+00 3.8423839953e+00
-2.8181818182e+00 2.2727272727e+00 3.7938713046e+00
-2.8181818182e+00 2.3333333333e+00 3.7459415789e+00
-2.8181818182e+00 2.3939393939e+00 3.6986196688e+00
-2.8181818182e+00 2.4545454545e+00 3.6519265652e+00
-2.8181818182e+00 2.5151515152e+00 3.6058797248e+00
-2.8181818182e+00 2.5757575758e+00 3.5604933792e+00
-2.8181818182e+00 2.6363636364e+00 3.5157788244e+00
-2.8181818182e+00 2.6969696970e+00 3.4717446938e+00
-2.8181818182e+00 2.7575757576e+00 3.4283972113e+00
-2.8181818182e+00 2.8181818182e+00 3.3857404278e+00
-2.8181818182e+00 2.8787878788e+00 3.3437764405e+00
-2.8181818182e+00 2.9393939394e+00 3.3025055957e+00
-2.8181818182e+00 3.0000000000e+00 3.2619266750e+00

-2.7575757576e+00 -3.0000000000e+00 3.2999771141e+00
-2.7575757576e+00 -2.9393939394e+00 3.3420255215e+00
-2.7575757576e+00 -2.8787878788e+00 3.3848308932e+00
-2.7575757576e+00 -2.8181818182e+00 3.4283972113e+00
-2.7575757576e+00 -2.7575757576e+00 3.4727269503e+00
-2.7575757576e+00 -2.6969696970e+00 3.5178208800e+00
-2.7575757576e+00 -2.6363636364e+00 3.5636778493e+00
-2.7575757576e+00 -2.5757575758e+00 3.6102945512e+00
-2.7575757576e+00 -2.5151515152e+00 3.6576652676e+00
-2.7575757576e+00 -2.4545454545e+00 3.7057815924e+00
-2.7575757576e+00 -2.3939393939e+00 3.7546321330e+00
-2.7575757576e+00 -2.3333333333e+00 3.8042021887e+00
-2.7575757576e+00 -2.2727272727e+00 3.8544734058e+00
-2.7575757576e+00 -2.2121212121e+00 3.9054234094e+00
-2.7575757576e+00 -2.1515151515e+00 3.9570254127e+00
-2.7575757576e+00 -2.0909090909e+00 4.0092478030e+00
-2.7575757576e+00 -2.0303030303e+00 4.0620537073e+00
-2.7575757576e+00 -1.9696969697e+00 4.1154005391e+00
-2.7575757576e+00 -1.9090909091e+00 4.1692395286e+00
-2.7575757576e+00 -1.8484848485e+00 4.2235152419e+00
-2.7575757576e+00 -1.7878787879e+00 4.2781650920e+00
-2.7575757576e+00 -1.7272727273e+00 4.3331188507e+00
-2.7575757576e+00 -1.6666666667e+00 4.3882981677e+00
-2.7575757576e+00 -1.6060606061e+00 4.4436161072e+00
-2.7575757576e+00 -1.5454545455e+00 4.4989767141e+00
-2.7575757576e+00 -1.4848484848e+00 4.5542746232e+00
-2.7575757576e+00 -1.4242424242e+00 4.6093947269e+00
-2.7575757576e+00 -1.3636363636e+00 4.6642119204e+00
-2.7575757576e+00 -1.3030303030e+00 4.7185909434e+00
-2.7575757576e+00 -1.2424242424e+00 4.7723863406e+00
-2.7575757576e+00 -1.1818181818e+00 4.8254425645e+00
-2.7575757576e+00 -1.1212121212e+00 4.8775942447e+00
-2.7575757576e+00 -1.0606060606e+00 4.9286666483e+00
-2.7575757576e+00 -1.0000000000e+00 4.9784763542e+00
-2.7575757576e+00 -9.3939393939e-01 5.0268321646e+00
-2.7575757576e+00 -8.7878787879e-01 5.0735362705e+00
-2.7575757576e+00 -8.1818181818e-01 5.1183856846e+00
-2.7575757576e+00 -7.5757575758e-01 5.1611739476e+00
-2.7575757576e+00 -6.9696969697e-01 5.2016931045e+00
-2.7575757576e+00 -6.3636363636e-01 5.2397359384e+00
-2.7575757576e+00 -5.7575757576e-01 5.2750984361e+00
-2.7575757576e+00 -5.1515151515e-01 5.3075824459e+00
-2.7575757576e+00 -4.5454545455e-01 5.3369984781e+00
-2.7575757576e+00 -3.9393939394e-01 5.3631685818e+00
-2.7575757576e+00 -3.3333333333e-01 5.3859292232e+00
-2.7575757576e+00 -2.7272727273e-01 5.4051340809e+00
-2.7575757576e+00 -2.1212121212e-01 5.4206566677e+00
-2.7575757576e+00 -1.5151515152e-01 5.4323926896e+00
-2.7575757576e+00 -9.0909090909e-02 5.4402620543e+00
-2.7575757576e+00 -3.0303030303e-02 5.4442104532e+00
-2.7575757576e+00 3.0303030303e-02 5.4442104532e+00
-2.7575757576e+00 9.0909090909e-02 5.4402620543e+00
-2.7575757576e+00 1.5151515152e-01 5.4323926896e+00
-2.7575757576e+00 2.1212121212e-01 5.4206566677e+00
-2.7575757576e+00 2.7272727273e-01 5.4051340809e+00
-2.7575757576e+00 3.3333333333e-01 5.3859292232e+00
-2.7575757576e+00 3.9393939394e-01 5.3631685818e+00
-2.7575757576e+00 4.5454545455e-01 5.3369984781e+00
-2.7575757576e+00 5.1515151515e-01 5.3075824459e+00
-2.7575757576e+00 5.7575757576e-01 5.2750984361e+00
-2.7575757576e+00 6.3636363636e-01 5.2397359384e+00
-2.7575757576e+00 6.9696969697e-01 5.2016931045e+00
-2.7575757576e+00 7.5757575758e-01 5.1611739476e+00
-2.7575757576e+00 8.1818181818e-01 5.1183856846e+00
-2.7575757576e+00 8.7878787879e-01 5.0735362705e+00
-2.7575757576e+00 9.3939393939e-01 5.0268321646e+00
-2.7575757576e+00 1.0000000000e+00 4.9784763542e+00
-2.7575757576e+00 1.0606060606e+00 4.9286666483e+00
-2.7575757576e+00 1.1212121212e+00 4.8775942447e+00
-2.7575757576e+00 1.1818181818e+00 4.8254425645e+00
-2.7575757576e+00 1.2424242424e+00 4.7723863406e+00
-2.7575757576e+00 1.3030303030e+00 4.7185909434e+00
-2.7575757576e+00 1.3636363636e+00 4.6642119204e+00
-2.7575757576e+00 1.4242424242e+00 4.6093947269e+00
-2.7575757576e+00 1.4848484848e+00 4.5542746232e+00
-2.7575757576e+00 1.5454545455e+00 4.4989767141e+00
-2.7575757576e+00 1.6060606061e+00 4.4436161072e+00
-2.7575757576e+00 1.6666666667e+00 4.3882981677e+00
-2.7575757576e+00 1.7272727273e+00 4.3331188507e+00
-2.7575757576e+00 1.7878787879e+00 4.2781650920e+00
-2.7575757576e+00 1.8484848485e+00 4.2235152419e+00
-2.7575757576e+00 1.9090909091e+00 4.1692395286e+00
-2.7575757576e+00 1.9696969697e+00 4.1154005391e+00
-2.7575757576e+00 2.0303030303e+00 4.0620537073e+00
-2.7575757576e+00 2.0909090909e+00 4.0092478030e+00
-2.7575757576e+00 2.1515151515e+00 3.9570254127e+00
-2.7575757576e+00 2.2121212121e+00 3.9054234094e+00
-2.7575757576e+00 2.2727272727e+00 3.8544734058e+00
-2.7575757576e+00 2.3333333333e+00 3.8042021887e+00
-2.7575757576e+00 2.3939393939e+00 3.7546321330e+00
-2.7575757576e+00 2.4545454545e+00 3.7057815924e+00
-2.7575757576e+00 2.5151515152e+00 3.6576652676e+00
-2.7575757576e+00 2.5757575758e+00 3.6102945512e+00
-2.7575757576e+00 2.6363636364e+00 3.5636778493e+00
-2.7575757576e+00 2.6969696970e+00 3.5178208800e+00
-2.7575757576e+00 2.7575757576e+00 3.4727269503e+00
-2.7575757576e+00 2.8181818182e+00 3.4283972113e+00
-2.7575757576e+00 2.8787878788e+00 3.3848308932e+00
-2.7575757576e+00 2.9393939394e+00 3.3420255215e+00
-2.7575757576e+00 3.0000000000e+00 3.2999771141e+00

-2.6969696970e+00 -3.0000000000e+00 3.3385320010e+00
-2.6969696970e+00 -2.9393939394e+00 3.3821067272e+00
-2.6969696970e+00 -2.8787878788e+00 3.4265085644e+00
-2.6969696970e+00 -2.8181818182e+00 3.4717446938e+00
-2.6969696970e+00 -2.7575757576e+00 3.5178208800e+00
-2.6969696970e+00 -2.6969696970e+00 3.5647412641e+00
-2.6969696970e+00 -2.6363636364e+00 3.6125081365e+00
-2.6969696970e+00 -2.5757575758e+00 3.6611216878e+00
-2.6969696970e+00 -2.5151515152e+00 3.7105797355e+00
-2.6969696970e+00 -2.4545454545e+00 3.7608774253e+00
-2.6969696970e+00 -2.3939393939e+00 3.8120069067e+00
-2.6969696970e+00 -2.3333333333e+00 3.8639569796e+00
-2.6969696970e+00 -2.2727272727e+00 3.9167127128e+00
-2.6969696970e+00 -2.2121212121e+00 3.9702550323e+00
-2.6969696970e+00 -2.1515151515e+00 4.0245602793e+00
-2.6969696970e+00 -2.0909090909e+00 4.0795997383e+00
-2.6969696970e+00 -2.0303030303e+00 4.1353391351e+00
-2.6969696970e+00 -1.9696969697e+00 4.1917381067e+00
-2.6969696970e+00 -1.9090909091e+00 4.2487496445e+00
-2.6969696970e+00 -1.8484848485e+00 4.3063195157e+00
-2.6969696970e+00 -1.7878787879e+00 4.3643856658e+00
-2.6969696970e+00 -1.7272727273e+00 4.4228776096e+00
-2.6969696970e+00 -1.6666666667e+00 4.4817158187e+00
-2.6969696970e+00 -1.6060606061e+00 4.5408111150e+00
-2.6969696970e+00 -1.5454545455e+00 4.6000640844e+00
-2.6969696970e+00 -1.4848484848e+00 4.6593645241e+00
-2.6969696970e+00 -1.4242424242e+00 4.7185909434e+00
-2.6969696970e+00 -1.3636363636e+00 4.7776101377e+00
-2.6969696970e+00 -1.3030303030e+00 4.8362768611e+00
-2.6969696970e+00 -1.2424242424e+00 4.8944336246e+00
-2.6969696970e+00 -1.1818181818e+00 4.9519106490e+00
-2.6969696970e+00 -1.1212121212e+00 5.0085260059e+00
-2.6969696970e+00 -1.0606060606e+00 5.0640859797e+00
-2.6969696970e+00 -1.0000000000e+00 5.1183856846e+00
-2.6969696970e+00 -9.3939393939e-01 5.1712099685e+00
-2.6969696970e+00 -8.7878787879e-01 5.2223346346e+00
-2.6969696970e+00 -8.1818181818e-01 5.2715280029e+00
-2.6969696970e+00 -7.5757575758e-01 5.3185528285e+00
-2.6969696970e+00 -6.9696969697e-01 5.3631685818e+00
-2.6969696970e+00 -6.3636363636e-01 5.4051340809e+00
-2.6969696970e+00 -5.7575757576e-01 5.4442104532e+00
-2.6969696970e+00 -5.1515151515e-01 5.4801643816e+00
-2.6969696970e+00 -4.5454545455e-01 5.5127715754e+00
-2.6969696970e+00 -3.9393939394e-01 5.5418203823e+00
-2.6969696970e+00 -3.3333333333e-01 5.5671154453e+00
-2.6969696970e+00 -2.7272727273e-01 5.5884812897e+00
-2.6969696970e+00 -2.1212121212e-01 5.6057657174e+00
-2.6969696970e+00 -1.5151515152e-01 5.6188428839e+00
-2.6969696970e+00 -9.0909090909e-02 5.6276159344e+00
-2.6969696970e+00 -3.0303030303e-02 5.6320190893e+00
-2.6969696970e+00 3.0303030303e-02 5.6320190893e+00
-2.6969696970e+00 9.0909090909e-02 5.6276159344e+00
-2.6969696970e+00 1.5151515152e-01 5.6188428839e+00
-2.6969696970e+00 2.1212121212e-01 5.6057657174e+00
-2.6969696970e+00 2.7272727273e-01 5.5884812897e+00
-2.6969696970e+00 3.3333333333e-01 5.5671154453e+00
-2.6969696970e+00 3.9393939394e-01 5.5418203823e+00
-2.6969696970e+00 4.5454545455e-01 5.5127715754e+00
-2.6969696970e+00 5.1515151515e-01 5.4801643816e+00
-2.6969696970e+00 5.7575757576e-01 5.4442104532e+00
-2.6969696970e+00 6.3636363636e-01 5.4051340809e+00
-2.6969696970e+00 6.9696969697e-01 5.3631685818e+00
-2.6969696970e+00 7.5757575758e-01 5.3185528285e+00
-2.6969696970e+00 8.1818181818e-01 5.2715280029e+00
-2.6969696970e+00 8.7878787879e-01 5.2223346346e+00
-2.6969696970e+00 9.3939393939e-01 5.1712099685e+00
-2.6969696970e+00 1.0000000000e+00 5.1183856846e+00
-2.6969696970e+00 1.0606060606e+00 5.0640859797e+00
-2.6969696970e+00 1.1212121212e+00 5.0085260059e+00
-2.6969696970e+00 1.1818181818e+00 4.9519106490e+00
-2.6969696970e+00 1.2424242424e+00 4.8944336246e+00
-2.6969696970e+00 1.3030303030e+00 4.8362768611e+00
-2.6969696970e+00 1.3636363636e+00 4.7776101377e+00
-2.6969696970e+00 1.4242424242e+00 4.7185909434e+00
-2.6969696970e+00 1.4848484848e+00 4.6593645241e+00
-2.6969696970e+00 1.5454545455e+00 4.6000640844e+00
-2.6969696970e+00 1.6060606061e+00 4.5408111150e+00
-2.6969696970e+00 1.6666666667e+00 4.4817158187e+00
-2.6969696970e+00 1.7272727273e+00 4.4228776096e+00
-2.6969696970e+00 1.7878787879e+00 4.3643856658e+00
-2.6969696970e+00 1.8484848485e+00 4.3063195157e+00
-2.6969696970e+00 1.9090909091e+00 4.2487496445e+00
-2.6969696970e+00 1.9696969697e+00 4.1917381067e+00
-2.6969696970e+00 2.0303030303e+00 4.1353391351e+00
-2.6969696970e+00 2.0909090909e+00 4.0795997383e+00
-2.6969696970e+00 2.1515151515e+00 4.0245602793e+00
-2.6969696970e+00 2.2121212121e+00 3.9702550323e+00
-2.6969696970e+00 2.2727272727e+00 3.9167127128e+00
-2.6969696970e+00 2.3333333333e+00 3.8639569796e+00
-2.6969696970e+00 2.3939393939e+00 3.8120069067e+00
-2.6969696970e+00 2.4545454545e+00 3.7608774253e+00
-2.6969696970e+00 2.5151515152e+00 3.7105797355e+00
-2.6969696970e+00 2.5757575758e+00 3.6611216878e+00
-2.6969696970e+00 2.6363636364e+00 3.6125081365e+00
-2.6969696970e+00 2.6969696970e+00 3.5647412641e+00
-2.6969696970e+00 2.7575757576e+00 3.5178208800e+00
-2.6969696970e+00 2.8181818182e+00 3.4717446938e+00
-2.6969696970e+00 2.8787878788e+00 3.4265085644e+00
-2.6969696970e+00 2.9393939394e+00 3.3821067272e+00
-2.6969696970e+00 3.0000000000e+00 3.3385320010e+00

-2.6363636364e+00 -3.0000000000e+00 3.3775811819e+00
-2.6363636364e+00 -2.9393939394e+00 3.4227407179e+00
-2.6363636364e+00 -2.8787878788e+00 3.4688029754e+00
-2.6363636364e+00 -2.8181818182e+00 3.5157788244e+00
-2.6363636364e+00 -2.7575757576e+00 3.5636778493e+00
-2.6363636364e+00 -2.6969696970e+00 3.6125081365e+00
-2.6363636364e+00 -2.6363636364e+00 3.6622760384e+00
-2.6363636364e+00 -2.5757575758e+00 3.7129859124e+00
-2.6363636364e+00 -2.5151515152e+00 3.7646398320e+00
-2.6363636364e+00 -2.4545454545e+00 3.8172372692e+00
-2.6363636364e+00 -2.3939393939e+00 3.8707747450e+00
-2.6363636364e+00 -2.3333333333e+00 3.9252454466e+00
-2.6363636364e+00 -2.2727272727e+00 3.9806388092e+00
-2.6363636364e+00 -2.2121212121e+00 4.0369400606e+00
-2.6363636364e+00 -2.1515151515e+00 4.0941297276e+00
-2.6363636364e+00 -2.0909090909e+00 4.1521831018e+00
-2.6363636364e+00 -2.0303030303e+00 4.2110696666e+00
-2.6363636364e+00 -1.9696969697e+00 4.2707524829e+00
-2.6363636364e+00 -1.9090909091e+00 4.3311875366e+00
-2.6363636364e+00 -1.8484848485e+00 4.3923230496e+00
-2.6363636364e+00 -1.7878787879e+00 4.4540987568e+00
-2.6363636364e+00 -1.7272727273e+00 4.5164451572e+00
-2.6363636364e+00 -1.6666666667e+00 4.5792827433e+00
-2.6363636364e+00 -1.6060606061e+00 4.6425212224e+00
-2.6363636364e+00 -1.5454545455e+00 4.7060587392e+00
-2.6363636364e+00 -1.4848484848e+00 4.7697811199e+00
-2.6363636364e+00 -1.4242424242e+00 4.8335611544e+00
-2.6363636364e+00 -1.3636363636e+00 4.8972579434e+00
-2.6363636364e+00 -1.3030303030e+00 4.9607163376e+00
-2.6363636364e+00 -1.2424242424e+00 5.0237665039e+00
-2.6363636364e+00 -1.1818181818e+00 5.0862236539e+00
-2.6363636364e+00 -1.1212121212e+00 5.1478879796e+00
-2.6363636364e+00 -1.0606060606e+00 5.2085448393e+00
-2.6363636364e+00 -1.0000000000e+00 5.2679652423e+00
-2.6363636364e+00 -9.3939393939e-01 5.3259066800e+00
-2.6363636364e+00 -8.7878787879e-01 5.3821143500e+00
-2.6363636364e+00 -8.1818181818e-01 5.4363228123e+00
-2.6363636364e+00 -7.5757575758e-01 5.4882581126e+00
-2.6363636364e+00 -6.9696969697e-01 5.5376403898e+00
-2.6363636364e+00 -6.3636363636e-01 5.5841869709e+00
-2.6363636364e+00 -5.7575757576e-01 5.6276159344e+00
-2.6363636364e+00 -5.1515151515e-01 5.6676500969e+00
-2.6363636364e+00 -4.5454545455e-01 5.7040213516e+00
-2.6363636364e+00 -3.9393939394e-01 5.7364752560e+00
-2.6363636364e+00 -3.3333333333e-01 5.7647757402e+00
-2.6363636364e+00 -2.7272727273e-01 5.7887097831e+00
-2.6363636364e+00 -2.1212121212e-01 5.8080918839e+00
-2.6363636364e+00 -1.5151515152e-01 5.8227681513e+00
-2.6363636364e+00 -9.0909090909e-02 5.8326198333e+00
-2.6363636364e+00 -3.0303030303e-02 5.8375661259e+00
-2.6363636364e+00 3.0303030303e-02 5.8375661259e+00
-2.6363636364e+00 9.0909090909e-02 5.8326198333e+00
-2.6363636364e+00 1.5151515152e-01 5.8227681513e+00
-2.6363636364e+00 2.1212121212e-01 5.8080918839e+00
-2.6363636364e+00 2.7272727273e-01 5.7887097831e+00
-2.6363636364e+00 3.3333333333e-01 5.7647757402e+00
-2.6363636364e+00 3.9393939394e-01 5.7364752560e+00
-2.6363636364e+00 4.5454545455e-01 5.7040213516e+00
-2.6363636364e+00 5.1515151515e-01 5.6676500969e+00
-2.6363636364e+00 5.7575757576e-01 5.6276159344e+00
-2.6363636364e+00 6.3636363636e-01 5.5841869709e+00
-2.6363636364e+00 6.9696969697e-01 5.5376403898e+00
-2.6363636364e+00 7.5757575758e-01 5.4882581126e+00
-2.6363636364e+00 8.1818181818e-01 5.4363228123e+00
-2.6363636364e+00 8.7878787879e-01 5.3821143500e+00
-2.6363636364e+00 9.3939393939e-01 5.3259066800e+00
-2.6363636364e+00 1.0000000000e+00 5.2679652423e+00
-2.6363636364e+00 1.0606060606e+00 5.2085448393e+00
-2.6363636364e+00 1.1212121212e+00 5.1478879796e+00
-2.6363636364e+00 1.1818181818e+00 5.0862236539e+00
-2.6363636364e+00 1.2424242424e+00 5.0237665039e+00
-2.6363636364e+00 1.3030303030e+00 4.9607163376e+00
-2.6363636364e+00 1.3636363636e+00 4.8972579434e+00
-2.6363636364e+00 1.4242424242e+00 4.8335611544e+00
-2.6363636364e+00 1.4848484848e+00 4.7697811199e+00
-2.6363636364e+00 1.5454545455e+00 4.7060587392e+00
-2.6363636364e+00 1.6060606061e+00 4.6425212224e+00
-2.6363636364e+00 1.6666666667e+00 4.5792827433e+00
-2.6363636364e+00 1.7272727273e+00 4.5164451572e+00
-2.6363636364e+00 1.7878787879e+00 4.4540987568e+00
-2.6363636364e+00 1.8484848485e+00 4.3923230496e+00
-2.6363636364e+00 1.9090909091e+00 4.3311875366e+00
-2.6363636364e+00 1.9696969697e+00 4.2707524829e+00
-2.6363636364e+00 2.0303030303e+00 4.2110696666e+00
-2.6363636364e+00 2.0909090909e+00 4.1521831018e+00
-2.6363636364e+00 2.1515151515e+00 4.0941297276e+00
-2.6363636364e+00 2.2121212121e+00 4.0369400606e+00
-2.6363636364e+00 2.2727272727e+00 3.9806388092e+00
-2.6363636364e+00 2.3333333333e+00 3.9252454466e+00
-2.6363636364e+00 2.3939393939e+00 3.8707747450e+00
-2.6363636364e+00 2.4545454545e+00 3.8172372692e+00
-2.6363636364e+00 2.5151515152e+00 3.7646398320e+00
-2.6363636364e+00 2.5757575758e+00 3.7129859124e+00
-2.6363636364e+00 2.6363636364e+00 3.6622760384e+00
-2.6363636364e+00 2.6969696970e+00 3.6125081365e+00
-2.6363636364e+00 2.7575757576e+00 3.5636778493e+00
-2.6363636364e+00 2.8181818182e+00 3.5157788244e+00
-2.6363636364e+00 2.8787878788e+00 3.4688029754e+00
-2.6363636364e+00 2.9393939394e+00 3.4227407179e+00
-2.6363636364e+00 3.0000000000e+00 3.3775811819e+00

-2.5757575758e+00 -3.0000000000e+00 3.4171124340e+00
-2.5757575758e+00 -2.9393939394e+00 3.4639168755e+00
-2.5757575758e+00 -2.8787878788e+00 3.5117054882e+00
-2.5757575758e+00 -2.8181818182e+00 3.5604933792e+00
-2.5757575758e+00 -2.7575757576e+00 3.6102945512e+00
-2.5757575758e+00 -2.6969696970e+00 3.6611216878e+00
-2.5757575758e+00 -2.6363636364e+00 3.7129859124e+00
-2.5757575758e+00 -2.5757575758e+00 3.7658965192e+00
-2.5757575758e+00 -2.5151515152e+00 3.8198606736e+00
-2.5757575758e+00 -2.4545454545e+00 3.8748830782e+00
-2.5757575758e+00 -2.3939393939e+00 3.9309656031e+00
-2.5757575758e+00 -2.3333333333e+00 3.9881068765e+00
-2.5757575758e+00 -2.2727272727e+00 4.0463018323e+00
-2.5757575758e+00 -2.2121212121e+00 4.1055412135e+00
-2.5757575758e+00 -2.1515151515e+00 4.1658110273e+00
-2.5757575758e+00 -2.0909090909e+00 4.2270919491e+00
-2.5757575758e+00 -2.0303030303e+00 4.2893586747e+00
-2.5757575758e+00 -1.9696969697e+00 4.3525792187e+00
-2.5757575758e+00 -1.9090909091e+00 4.4167141574e+00
-2.5757575758e+00 -1.8484848485e+00 4.4817158187e+00
-2.5757575758e+00 -1.7878787879e+00 4.5475274185e+00
-2.5757575758e+00 -1.7272727273e+00 4.6140821500e+00
-2.5757575758e+00 -1.6666666667e+00 4.6813022293e+00
-2.5757575758e+00 -1.6060606061e+00 4.7490979087e+00
-2.5757575758e+00 -1.5454545455e+00 4.8173664680e+00
-2.5757575758e+00 -1.4848484848e+00 4.8859912012e+00
-2.5757575758e+00 -1.4242424242e+00 4.9548404208e+00
-2.5757575758e+00 -1.3636363636e+00 5.0237665039e+00
-2.5757575758e+00 -1.3030303030e+00 5.0926050155e+00
-2.5757575758e+00 -1.2424242424e+00 5.1611739476e+00
-2.5757575758e+00 -1.1818181818e+00 5.2292731199e+00
-2.5757575758e+00 -1.1212121212e+00 5.2966837971e+00
-2.5757575758e+00 -1.0606060606e+00 5.3631685818e+00
-2.5757575758e+00 -1.0000000000e+00 5.4284716493e+00
-2.5757575758e+00 -9.3939393939e-01 5.4923193933e+00
-2.5757575758e+00 -8.7878787879e-01 5.5544215533e+00
-2.5757575758e+00 -8.1818181818e-01 5.6144728895e+00
-2.5757575758e+00 -7.5757575758e-01 5.6721554657e+00
-2.5757575758e+00 -6.9696969697e-01 5.7271415845e+00
-2.5757575758e+00 -6.3636363636e-01 5.7790973992e+00
-2.5757575758e+00 -5.7575757576e-01 5.8276871976e+00
-2.5757575758e+00 -5.1515151515e-01 5.8725783188e+00
-2.5757575758e+00 -4.5454545455e-01 5.9134466238e+00
-2.5757575758e+00 -3.9393939394e-01 5.9499823928e+00
-2.5757575758e+00 -3.3333333333e-01 5.9818964825e+00
-2.5757575758e+00 -2.7272727273e-01 6.0089265320e+00
-2.5757575758e+00 -2.1212121212e-01 6.0308429746e+00
-2.5757575758e+00 -1.5151515152e-01 6.0474545952e+00
-2.5757575758e+00 -9.0909090909e-02 6.0586133699e+00
-2.5757575758e+00 -3.0303030303e-02 6.0642183444e+00
-2.5757575758e+00 3.0303030303e-02 6.0642183444e+00
-2.5757575758e+00 9.0909090909e-02 6.0586133699e+00
-2.5757575758e+00 1.5151515152e-01 6.0474545952e+00
-2.5757575758e+00 2.1212121212e-01 6.0308429746e+00
-2.5757575758e+00 2.7272727273e-01 6.0089265320e+00
-2.5757575758e+00 3.3333333333e-01 5.9818964825e+00
-2.5757575758e+00 3.9393939394e-01 5.9499823928e+00
-2.5757575758e+00 4.5454545455e-01 5.9134466238e+00
-2.5757575758e+00 5.1515151515e-01 5.8725783188e+00
-2.5757575758e+00 5.7575757576e-01 5.8276871976e+00
-2.5757575758e+00 6.3636363636e-01 5.7790973992e+00
-2.5757575758e+00 6.9696969697e-01 5.7271415845e+00
-2.5757575758e+00 7.5757575758e-01 5.6721554657e+00
-2.5757575758e+00 8.1818181818e-01 5.6144728895e+00
-2.5757575758e+00 8.7878787879e-01 5.5544215533e+00
-2.5757575758e+00 9.3939393939e-01 5.4923193933e+00
-2.5757575758e+00 1.0000000000e+00 5.4284716493e+00
-2.5757575758e+00 1.0606060606e+00 5.3631685818e+00
-2.5757575758e+00 1.1212121212e+00 5.2966837971e+00
-2.5757575758e+00 1.1818181818e+00 5.2292731199e+00
-2.5757575758e+00 1.2424242424e+00 5.1611739476e+00
-2.5757575758e+00 1.3030303030e+00 5.0926050155e+00
-2.5757575758e+00 1.3636363636e+00 5.0237665039e+00
-2.5757575758e+00 1.4242424242e+00 4.9548404208e+00
-2.5757575758e+00 1.4848484848e+00 4.8859912012e+00
-2.5757575758e+00 1.5454545455e+00 4.8173664680e+00
-2.5757575758e+00 1.6060606061e+00 4.7490979087e+00
-2.5757575758e+00 1.6666666667e+00 4.6813022293e+00
-2.5757575758e+00 1.7272727273e+00 4.6140821500e+00
-2.5757575758e+00 1.7878787879e+00 4.5475274185e+00
-2.5757575758e+00 1.8484848485e+00 4.4817158187e+00
-2.5757575758e+00 1.9090909091e+00 4.4167141574e+00
-2.5757575758e+00 1.9696969697e+00 4.3525792187e+00
-2.5757575758e+00 2.0303030303e+00 4.2893586747e+00
-2.5757575758e+00 2.0909090909e+00 4.2270919491e+00
-2.5757575758e+00 2.1515151515e+00 4.1658110273e+00
-2.5757575758e+00 2.2121212121e+00 4.1055412135e+00
-2.5757575758e+00 2.2727272727e+00 4.0463018323e+00
-2.5757575758e+00 2.3333333333e+00 3.9881068765e+00
-2.5757575758e+00 2.3939393939e+00 3.9309656031e+00
-2.5757575758e+00 2.4545454545e+00 3.8748830782e+00
-2.5757575758e+00 2.5151515152e+00 3.8198606736e+00
-2.5757575758e+00 2.5757575758e+00 3.7658965192e+00
-2.5757575758e+00 2.6363636364e+00 3.7129859124e+00
-2.5757575758e+00 2.6969696970e+00 3.6611216878e+00
-2.5757575758e+00 2.7575757576e+00 3.6102945512e+00
-2.5757575758e+00 2.8181818182e+00 3.5604933792e+00
-2.5757575758e+00 2.8787878788e+00 3.5117054882e+00
-2.5757575758e+00 2.9393939394e+00 3.4639168755e+00
-2.5757575758e+00 3.0000000000e+00 3.4171124340e+00

-2.5151515152e+00 -3.0000000000e+00 3.4571112876e+00
-2.5151515152e+00 -2.9393939394e+00 3.5056222619e+00
-2.5151515152e+00 -2.8787878788e+00 3.5552050880e+00
-2.5151515152e+00 -2.8181818182e+00 3.6058797248e+00
-2.5151515152e+00 -2.7575757576e+00 3.6576652676e+00
-2.5151515152e+00 -2.6969696970e+00 3.7105797355e+00
-2.5151515152e+00 -2.6363636364e+00 3.7646398320e+00
-2.5151515152e+00 -2.5757575758e+00 3.8198606736e+00
-2.5151515152e+00 -2.5151515152e+00 3.8762554844e+00
-2.5151515152e+00 -2.4545454545e+00 3.9338352535e+00
-2.5151515152e+00 -2.3939393939e+00 3.9926083501e+00
-2.5151515152e+00 -2.3333333333e+00 4.0525800933e+00
-2.5151515152e+00 -2.2727272727e+00 4.1137522730e+00
-2.5151515152e+00 -2.2121212121e+00 4.1761226156e+00
-2.5151515152e+00 -2.1515151515e+00 4.2396841927e+00
-2.5151515152e+00 -2.0909090909e+00 4.3044247669e+00
-2.5151515152e+00 -2.0303030303e+00 4.3703260708e+00
-2.5151515152e+00 -1.9696969697e+00 4.4373630161e+00
-2.5151515152e+00 -1.9090909091e+00 4.5055028289e+00
-2.5151515152e+00 -1.8484848485e+00 4.5747041104e+00
-2.5151515152e+00 -1.7878787879e+00 4.6449158197e+00
-2.5151515152e+00 -1.7272727273e+00 4.7160761823e+00
-2.5151515152e+00 -1.6666666667e+00 4.7881115252e+00
-2.5151515152e+00 -1.6060606061e+00 4.8609350465e+00
-2.5151515152e+00 -1.5454545455e+00 4.9344455278e+00
-2.5151515152e+00 -1.4848484848e+00 5.0085260059e+00
-2.5151515152e+00 -1.4242424242e+00 5.0830424229e+00
-2.5151515152e+00 -1.3636363636e+00 5.1578422835e+00
-2.5151515152e+00 -1.3030303030e+00 5.2327533535e+00
-2.5151515152e+00 -1.2424242424e+00 5.3075824459e+00
-2.5151515152e+00 -1.1818181818e+00 5.3821143500e+00
-2.5151515152e+00 -1.1212121212e+00 5.4561109679e+00
-2.5151515152e+00 -1.0606060606e+00 5.5293107398e+00
-2.5151515152e+00 -1.0000000000e+00 5.6014284428e+00
-2.5151515152e+00 -9.3939393939e-01 5.6721554657e+00
-2.5151515152e+00 -8.7878787879e-01 5.7411606609e+00
-2.5151515152e+00 -8.1818181818e-01 5.8080918839e+00
-2.5151515152e+00 -7.5757575758e-01 5.8725783188e+00
-2.5151515152e+00 -6.9696969697e-01 5.9342336836e+00
-2.5151515152e+00 -6.3636363636e-01 5.9926603762e+00
-2.5151515152e+00 -5.7575757576e-01 6.0474545952e+00
-2.5151515152e+00 -5.1515151515e-01 6.0982124141e+00
-2.5151515152e+00 -4.5454545455e-01 6.1445367332e+00
-2.5151515152e+00 -3.9393939394e-01 6.1860449610e+00
-2.5151515152e+00 -3.3333333333e-01 6.2223772055e+00
-2.5151515152e+00 -2.7272727273e-01 6.2532046854e+00
-2.5151515152e+00 -2.1212121212e-01 6.2782380090e+00
-2.5151515152e+00 -1.5151515152e-01 6.2972349319e+00
-2.5151515152e+00 -9.0909090909e-02 6.3100071878e+00
-2.5151515152e+00 -3.0303030303e-02 6.3164260088e+00
-2.5151515152e+00 3.0303030303e-02 6.3164260088e+00
-2.5151515152e+00 9.0909090909e-02 6.3100071878e+00
-2.5151515152e+00 1.5151515152e-01 6.2972349319e+00
-2.5151515152e+00 2.1212121212e-01 6.2782380090e+00
-2.5151515152e+00 2.7272727273e-01 6.2532046854e+00
-2.5151515152e+00 3.3333333333e-01 6.2223772055e+00
-2.5151515152e+00 3.9393939394e-01 6.1860449610e+00
-2.5151515152e+00 4.5454545455e-01 6.1445367332e+00
-2.5151515152e+00 5.1515151515e-01 6.0982124141e+00
-2.5151515152e+00 5.7575757576e-01 6.0474545952e+00
-2.5151515152e+00 6.3636363636e-01 5.9926603762e+00
-2.5151515152e+00 6.9696969697e-01 5.9342336836e+00
-2.5151515152e+00 7.5757575758e-01 5.8725783188e+00
-2.5151515152e+00 8.1818181818e-01 5.8080918839e+00
-2.5151515152e+00 8.7878787879e-01 5.7411606609e+00
-2.5151515152e+00 9.3939393939e-01 5.6721554657e+00
-2.5151515152e+00 1.0000000000e+00 5.6014284428e+00
-2.5151515152e+00 1.0606060606e+00 5.5293107398e+00
-2.5151515152e+00 1.1212121212e+00 5.4561109679e+00
-2.5151515152e+00 1.1818181818e+00 5.3821143500e+00
-2.5151515152e+00 1.2424242424e+00 5.3075824459e+00
-2.5151515152e+00 1.3030303030e+00 5.2327533535e+00
-2.5151515152e+00 1.3636363636e+00 5.1578422835e+00
-2.5151515152e+00 1.4242424242e+00 5.0830424229e+00
-2.5151515152e+00 1.4848484848e+00 5.0085260059e+00
-2.5151515152e+00 1.5454545455e+00 4.9344455278e+00
-2.5151515152e+00 1.6060606061e+00 4.8609350465e+00
-2.5151515152e+00 1.6666666667e+00 4.7881115252e+00
-2.5151515152e+00 1.7272727273e+00 4.7160761823e+00
-2.5151515152e+00 1.7878787879e+00 4.6449158197e+00
-2.5151515152e+00 1.8484848485e+00 4.5747041104e+00
-2.5151515152e+00 1.9090909091e+00 4.5055028289e+00
-2.5151515152e+00 1.9696969697e+00 4.4373630161e+00
-2.5151515152e+00 2.0303030303e+00 4.3703260708e+00
-2.5151515152e+00 2.0909090909e+00 4.3044247669e+00
-2.5151515152e+00 2.1515151515e+00 4.2396841927e+00
-2.5151515152e+00 2.2121212121e+00 4.1761226156e+00
-2.5151515152e+00 2.2727272727e+00 4.1137522730e+00
-2.5151515152e+00 2.3333333333e+00 4.0525800933e+00
-2.5151515152e+00 2.3939393939e+00 3.9926083501e+00
-2.5151515152e+00 2.4545454545e+00 3.9338352535e+00
-2.5151515152e+00 2.5151515152e+00 3.8762554844e+00
-2.5151515152e+00 2.5757575758e+00 3.8198606736e+00
-2.5151515152e+00 2.6363636364e+00 3.7646398320e+00
-2.5151515152e+00 2.6969696970e+00 3.7105797355e+00
-2.5151515152e+00 2.7575757576e+00 3.6576652676e+00
-2.5151515152e+00 2.8181818182e+00 3.6058797248e+00
-2.5151515152e+00 2.8787878788e+00 3.5552050880e+00
-2.5151515152e+00 2.9393939394e+00 3.5056222619e+00
-2.5151515152e+00 3.0000000000e+00 3.4571112876e+00

-2.4545454545e+00 -3.0000000000e+00 3.4975608381e+00
-2.4545454545e+00 -2.9393939394e+00 3.5478414095e+00
-2.4545454545e+00 -2.8787878788e+00 3.5992881527e+00
-2.4545454545e+00 -2.8181818182e+00 3.6519265652e+00
-2.4545454545e+00 -2.7575757576e+00 3.7057815924e+00
-2.4545454545e+00 -2.6969696970e+00 3.7608774253e+00
-2.4545454545e+00 -2.6363636364e+00 3.8172372692e+00
-2.4545454545e+00 -2.5757575758e+00 3.8748830782e+00
-2.4545454545e+00 -2.5151515152e+00 3.9338352535e+00
-2.4545454545e+00 -2.4545454545e+00 3.9941123004e+00
-2.4545454545e+00 -2.3939393939e+00 4.0557304380e+00
-2.4545454545e+00 -2.3333333333e+00 4.1187031592e+00
-2.4545454545e+00 -2.2727272727e+00 4.1830407331e+00
-2.4545454545e+00 -2.2121212121e+00 4.2487496445e+00
-2.4545454545e+00 -2.1515151515e+00 4.3158319657e+00
-2.4545454545e+00 -2.0909090909e+00 4.3842846523e+00
-2.4545454545e+00 -2.0303030303e+00 4.4540987568e+00
-2.4545454545e+00 -1.9696969697e+00 4.5252585548e+00
-2.4545454545e+00 -1.9090909091e+00 4.5977405748e+00
-2.4545454545e+00 -1.8484848485e+00 4.6715125285e+00
-2.4545454545e+00 -1.7878787879e+00 4.7465321340e+00
-2.4545454545e+00 -1.7272727273e+00 4.8227458298e+00
-2.4545454545e+00 -1.6666666667e+00 4.9000873776e+00
-2.4545454545e+00 -1.6060606061e+00 4.9784763542e+00
-2.4545454545e+00 -1.5454545455e+00 5.0578165385e+00
-2.4545454545e+00 -1.4848484848e+00 5.1379942035e+00
-2.4545454545e+00 -1.4242424242e+00 5.2188763290e+00
-2.4545454545e+00 -1.3636363636e+00 5.3003087605e+00
-2.4545454545e+00 -1.3030303030e+00 5.3821143500e+00
-2.4545454545e+00 -1.2424242424e+00 5.4640911242e+00
-2.4545454545e+00 -1.1818181818e+00 5.5460105444e+00
-2.4545454545e+00 -1.1212121212e+00 5.6276159344e+00
-2.4545454545e+00 -1.0606060606e+00 5.7086211754e+00
-2.4545454545e+00 -1.0000000000e+00 5.7887097831e+00
-2.4545454545e+00 -9.3939393939e-01 5.8675345032e+00
-2.4545454545e+00 -8.7878787879e-01 5.9447175788e+00
-2.4545454545e+00 -8.1818181818e-01 6.0198518549e+00
-2.4545454545e+00 -7.5757575758e-01 6.0925028917e+00
-2.4545454545e+00 -6.9696969697e-01 6.1622122513e+00
-2.4545454545e+00 -6.3636363636e-01 6.2285021000e+00
-2.4545454545e+00 -5.7575757576e-01 6.2908812286e+00
-2.4545454545e+00 -5.1515151515e-01 6.3488525289e+00
-2.4545454545e+00 -4.5454545455e-01 6.4019218770e+00
-2.4545454545e+00 -3.9393939394e-01 6.4496082687e+00
-2.4545454545e+00 -3.3333333333e-01 6.4914549300e+00
-2.4545454545e+00 -2.7272727273e-01 6.5270409992e+00
-2.4545454545e+00 -2.1212121212e-01 6.5559932639e+00
-2.4545454545e+00 -1.5151515152e-01 6.5779973482e+00
-2.4545454545e+00 -9.0909090909e-02 6.5928077030e+00
-2.4545454545e+00 -3.0303030303e-02 6.6002557704e+00
-2.4545454545e+00 3.0303030303e-02 6.6002557704e+00
-2.4545454545e+00 9.0909090909e-02 6.5928077030e+00
-2.4545454545e+00 1.5151515152e-01 6.5779973482e+00
-2.4545454545e+00 2.1212121212e-01 6.5559932639e+00
-2.4545454545e+00 2.7272727273e-01 6.5270409992e+00
-2.4545454545e+00 3.3333333333e-01 6.4914549300e+00
-2.4545454545e+00 3.9393939394e-01 6.4496082687e+00
-2.4545454545e+00 4.5454545455e-01 6.4019218770e+00
-2.4545454545e+00 5.1515151515e-01 6.3488525289e+00
-2.4545454545e+00 5.7575757576e-01 6.2908812286e+00
-2.4545454545e+00 6.3636363636e-01 6.2285021000e+00
-2.4545454545e+00 6.9696969697e-01 6.1622122513e+00
-2.4545454545e+00 7.5757575758e-01 6.0925028917e+00
-2.4545454545e+00 8.1818181818e-01 6.0198518549e+00
-2.4545454545e+00 8.7878787879e-01 5.9447175788e+00
-2.4545454545e+00 9.3939393939e-01 5.8675345032e+00
-2.4545454545e+00 1.0000000000e+00 5.7887097831e+00
-2.4545454545e+00 1.0606060606e+00 5.7086211754e+00
-2.4545454545e+00 1.1212121212e+00 5.6276159344e+00
-2.4545454545e+00 1.1818181818e+00 5.5460105444e+00
-2.4545454545e+00 1.2424242424e+00 5.4640911242e+00
-2.4545454545e+00 1.3030303030e+00 5.3821143500e+00
-2.4545454545e+00 1.3636363636e+00 5.3003087605e+00
-2.4545454545e+00 1.4242424242e+00 5.2188763290e+00
-2.4545454545e+00 1.4848484848e+00 5.1379942035e+00
-2.4545454545e+00 1.5454545455e+00 5.0578165385e+00
-2.4545454545e+00 1.6060606061e+00 4.9784763542e+00
-2.4545454545e+00 1.6666666667e+00 4.9000873776e+00
-2.4545454545e+00 1.7272727273e+00 4.8227458298e+00
-2.4545454545e+00 1.7878787879e+00 4.7465321340e+00
-2.4545454545e+00 1.8484848485e+00 4.6715125285e+00
-2.4545454545e+00 1.9090909091e+00 4.5977405748e+00
-2.4545454545e+00 1.9696969697e+00 4.5252585548e+00
-2.4545454545e+00 2.0303030303e+00 4.4540987568e+00
-2.4545454545e+00 2.0909090909e+00 4.3842846523e+00
-2.4545454545e+00 2.1515151515e+00 4.3158319657e+00
-2.4545454545e+00 2.2121212121e+00 4.2487496445e+00
-2.4545454545e+00 2.2727272727e+00 4.1830407331e+00
-2.4545454545e+00 2.3333333333e+00 4.1187031592e+00
-2.4545454545e+00 2.3939393939e+00 4.0557304380e+00
-2.4545454545e+00 2.4545454545e+00 3.9941123004e+00
-2.4545454545e+00 2.5151515152e+00 3.9338352535e+00
-2.4545454545e+00 2.5757575758e+00 3.8748830782e+00
-2.4545454545e+00 2.6363636364e+00 3.8172372692e+00
-2.4545454545e+00 2.6969696970e+00 3.7608774253e+00
-2.4545454545e+00 2.7575757576e+00 3.7057815924e+00
-2.4545454545e+00 2.8181818182e+00 3.6519265652e+00
-2.4545454545e+00 2.8787878788e+00 3.5992881527e+00
-2.4545454545e+00 2.9393939394e+00 3.5478414095e+00
-2.4545454545e+00 3.0000000000e+00 3.4975608381e+00

-2.3939393939e+00 -3.0000000000e+00 3.5384415499e+00
-2.3939393939e+00 -2.9393939394e+00 3.5905561013e+00
-2.3939393939e+00 -2.8787878788e+00 3.6439382069e+00
-2.3939393939e+00 -2.8181818182e+00 3.6986196688e+00
-2.3939393939e+00 -2.7575757576e+00 3.7546321330e+00
-2.3939393939e+00 -2.6969696970e+00 3.8120069067e+00
-2.3939393939e+00 -2.6363636364e+00 3.8707747450e+00
-2.3939393939e+00 -2.5757575758e+00 3.9309656031e+00
-2.3939393939e+00 -2.5151515152e+00 3.9926083501e+00
-2.3939393939e+00 -2.4545454545e+00 4.0557304380e+00
-2.3939393939e+00 -2.3939393939e+00 4.1203575218e+00
-2.3939393939e+00 -2.3333333333e+00 4.1865130234e+00
-2.3939393939e+00 -2.2727272727e+00 4.2542176321e+00
-2.3939393939e+00 -2.2121212121e+00 4.3234887354e+00
-2.3939393939e+00 -2.1515151515e+00 4.3943397702e+00
-2.3939393939e+00 -2.0909090909e+00 4.4667794868e+00
-2.3939393939e+00 -2.0303030303e+00 4.5408111150e+00
-2.3939393939e+00 -1.9696969697e+00 4.6164314220e+00
-2.3939393939e+00 -1.9090909091e+00 4.6936296529e+00
-2.3939393939e+00 -1.8484848485e+00 4.7723863406e+00
-2.3939393939e+00 -1.7878787879e+00 4.8526719760e+00
-2.3939393939e+00 -1.7272727273e+00 4.9344455278e+00
-2.3939393939e+00 -1.6666666667e+00 5.0176528021e+00
-2.3939393939e+00 -1.6060606061e+00 5.1022246352e+00
-2.3939393939e+00 -1.5454545455e+00 5.1880749157e+00
-2.3939393939e+00 -1.4848484848e+00 5.2750984361e+00
-2.3939393939e+00 -1.4242424242e+00 5.3631685818e+00
-2.3939393939e+00 -1.3636363636e+00 5.4521348720e+00
-2.3939393939e+00 -1.3030303030e+00 5.5418203823e+00
-2.3939393939e+00 -1.2424242424e+00 5.6320190893e+00
-2.3939393939e+00 -1.1818181818e+00 5.7224932016e+00
-2.3939393939e+00 -1.1212121212e+00 5.8129705605e+00
-2.3939393939e+00 -1.0606060606e+00 5.9031422234e+00
-2.3939393939e+00 -1.0000000000e+00 5.9926603762e+00
-2.3939393939e+00 -9.3939393939e-01 6.0811367529e+00
-2.3939393939e+00 -8.7878787879e-01 6.1681417784e+00
-2.3939393939e+00 -8.1818181818e-01 6.2532046854e+00
-2.3939393939e+00 -7.5757575758e-01 6.3358148818e+00
-2.3939393939e+00 -6.9696969697e-01 6.4154248598e+00
-2.3939393939e+00 -6.3636363636e-01 6.4914549300e+00
-2.3939393939e+00 -5.7575757576e-01 6.5633000290e+00
-2.3939393939e+00 -5.1515151515e-01 6.6303387690e+00
-2.3939393939e+00 -4.5454545455e-01 6.6919447834e+00
-2.3939393939e+00 -3.9393939394e-01 6.7475002516e+00
-2.3939393939e+00 -3.3333333333e-01 6.7964112858e+00
-2.3939393939e+00 -2.7272727273e-01 6.8381246290e+00
-2.3939393939e+00 -2.1212121212e-01 6.8721448893e+00
-2.3939393939e+00 -1.5151515152e-01 6.8980513431e+00
-2.3939393939e+00 -9.0909090909e-02 6.9155132210e+00
-2.3939393939e+00 -3.0303030303e-02 6.9243023800e+00
-2.3939393939e+00 3.0303030303e-02 6.9243023800e+00
-2.3939393939e+00 9.0909090909e-02 6.9155132210e+00
-2.3939393939e+00 1.5151515152e-01 6.8980513431e+00
-2.3939393939e+00 2.1212121212e-01 6.8721448893e+00
-2.3939393939e+00 2.7272727273e-01 6.8381246290e+00
-2.3939393939e+00 3.3333333333e-01 6.7964112858e+00
-2.3939393939e+00 3.9393939394e-01 6.7475002516e+00
-2.3939393939e+00 4.5454545455e-01 6.6919447834e+00
-2.3939393939e+00 5.1515151515e-01 6.6303387690e+00
-2.3939393939e+00 5.7575757576e-01 6.5633000290e+00
-2.3939393939e+00 6.3636363636e-01 6.4914549300e+00
-2.3939393939e+00 6.9696969697e-01 6.4154248598e+00
-2.3939393939e+00 7.5757575758e-01 6.3358148818e+00
-2.3939393939e+00 8.1818181818e-01 6.2532046854e+00
-2.3939393939e+00 8.7878787879e-01 6.1681417784e+00
-2.3939393939e+00 9.3939393939e-01 6.0811367529e+00
-2.3939393939e+00 1.0000000000e+00 5.9926603762e+00
-2.3939393939e+00 1.0606060606e+00 5.9031422234e+00
-2.3939393939e+00 1.1212121212e+00 5.8129705605e+00
-2.3939393939e+00 1.1818181818e+00 5.7224932016e+00
-2.3939393939e+00 1.2424242424e+00 5.6320190893e+00
-2.3939393939e+00 1.3030303030e+00 5.5418203823e+00
-2.3939393939e+00 1.3636363636e+00 5.4521348720e+00
-2.3939393939e+00 1.4242424242e+00 5.3631685818e+00
-2.3939393939e+00 1.4848484848e+00 5.2750984361e+00
-2.3939393939e+00 1.5454545455e+00 5.1880749157e+00
-2.3939393939e+00 1.6060606061e+00 5.1022246352e+00
-2.3939393939e+00 1.6666666667e+00 5.0176528021e+00
-2.3939393939e+00 1.7272727273e+00 4.9344455278e+00
-2.3939393939e+00 1.7878787879e+00 4.8526719760e+00
-2.3939393939e+00 1.8484848485e+00 4.7723863406e+00
-2.3939393939e+00 1.9090909091e+00 4.6936296529e+00
-2.3939393939e+00 1.9696969697e+00 4.6164314220e+00
-2.3939393939e+00 2.0303030303e+00 4.5408111150e+00
-2.3939393939e+00 2.0909090909e+00 4.4667794868e+00
-2.3939393939e+00 2.1515151515e+00 4.3943397702e+00
-2.3939393939e+00 2.2121212121e+00 4.3234887354e+00
-2.3939393939e+00 2.2727272727e+00 4.2542176321e+00
-2.3939393939e+00 2.3333333333e+00 4.1865130234e+00
-2.3939393939e+00 2.3939393939e+00 4.1203575218e+00
-2.3939393939e+00 2.4545454545e+00 4.0557304380e+00
-2.3939393939e+00 2.5151515152e+00 3.9926083501e+00
-2.3939393939e+00 2.5757575758e+00 3.9309656031e+00
-2.3939393939e+00 2.6363636364e+00 3.8707747450e+00
-2.3939393939e+00 2.6969696970e+00 3.8120069067e+00
-2.3939393939e+00 2.7575757576e+00 3.7546321330e+00
-2.3939393939e+00 2.8181818182e+00 3.6986196688e+00
-2.3939393939e+00 2.8787878788e+00 3.6439382069e+00
-2.3939393939e+00 2.9393939394e+00 3.5905561013e+00
-2.3939393939e+00 3.0000000000e+00 3.5384415499e+00

-2.3333333333e+00 -3.0000000000e+00 3.5797310524e+00
-2.3333333333e+00 -2.9393939394e+00 3.6337451396e+00
-2.3333333333e+00 -2.8787878788e+00 3.6891356622e+00
-2.3333333333e+00 -2.8181818182e+00 3.7459415789e+00
-2.3333333333e+00 -2.7575757576e+00 3.8042021887e+00
-2.3333333333e+00 -2.6969696970e+00 3.8639569796e+00
-2.3333333333e+00 -2.6363636364e+00 3.9252454466e+00
-2.3333333333e+00 -2.5757575758e+00 3.9881068765e+00
-2.3333333333e+00 -2.5151515152e+00 4.0525800933e+00
-2.3333333333e+00 -2.4545454545e+00 4.1187031592e+00
-2.3333333333e+00 -2.3939393939e+00 4.1865130234e+00
-2.3333333333e+00 -2.3333333333e+00 4.2560451132e+00
-2.3333333333e+00 -2.2727272727e+00 4.3273328574e+00
-2.3333333333e+00 -2.2121212121e+00 4.4004071341e+00
-2.3333333333e+00 -2.1515151515e+00 4.4752956308e+00
-2.3333333333e+00 -2.0909090909e+00 4.5520221064e+00
-2.3333333333e+00 -2.0303030303e+00 4.6306055419e+00
-2.3333333333e+00 -1.9696969697e+00 4.7110591642e+00
-2.3333333333e+00 -1.9090909091e+00 4.7933893291e+00
-2.3333333333e+00 -1.8484848485e+00 4.8775942447e+00
-2.3333333333e+00 -1.7878787879e+00 4.9636625180e+00
-2.3333333333e+00 -1.7272727273e+00 5.0515715046e+00
-2.3333333333e+00 -1.6666666667e+00 5.1412854433e+00
-2.3333333333e+00 -1.6060606061e+00 5.2327533535e+00
-2.3333333333e+00 -1.5454545455e+00 5.3259066800e+00
-2.3333333333e+00 -1.4848484848e+00 5.4206566677e+00
-2.3333333333e+00 -1.4242424242e+00 5.5168914560e+00
-2.3333333333e+00 -1.3636363636e+00 5.6144728895e+00
-2.3333333333e+00 -1.3030303030e+00 5.7132330541e+00
-2.3333333333e+00 -1.2424242424e+00 5.8129705605e+00
-2.3333333333e+00 -1.1818181818e+00 5.9134466238e+00
-2.3333333333e+00 -1.1212121212e+00 6.0143810132e+00
-2.3333333333e+00 -1.0606060606e+00 6.1154479864e+00
-2.3333333333e+00 -1.0000000000e+00 6.2162723704e+00
-2.3333333333e+00 -9.3939393939e-01 6.3164260088e+00
-2.3333333333e+00 -8.7878787879e-01 6.4154248598e+00
-2.3333333333e+00 -8.1818181818e-01 6.5127271054e+00
-2.3333333333e+00 -7.5757575758e-01 6.6077327030e+00
-2.3333333333e+00 -6.9696969697e-01 6.6997848725e+00
-2.3333333333e+00 -6.3636363636e-01 6.7881740571e+00
-2.3333333333e+00 -5.7575757576e-01 6.8721448893e+00
-2.3333333333e+00 -5.1515151515e-01 6.9509066353e+00
-2.3333333333e+00 -4.5454545455e-01 7.0236474416e+00
-2.3333333333e+00 -3.9393939394e-01 7.0895524653e+00
-2.3333333333e+00 -3.3333333333e-01 7.1478256221e+00
-2.3333333333e+00 -2.7272727273e-01 7.1977142571e+00
-2.3333333333e+00 -2.1212121212e-01 7.2385355742e+00
-2.3333333333e+00 -1.5151515152e-01 7.2697032166e+00
-2.3333333333e+00 -9.0909090909e-02 7.2907520689e+00
-2.3333333333e+00 -3.0303030303e-02 7.3013592260e+00
-2.3333333333e+00 3.0303030303e-02 7.3013592260e+00
-2.3333333333e+00 9.0909090909e-02 7.2907520689e+00
-2.3333333333e+00 1.5151515152e-01 7.2697032166e+00
-2.3333333333e+00 2.1212121212e-01 7.2385355742e+00
-2.3333333333e+00 2.7272727273e-01 7.1977142571e+00
-2.3333333333e+00 3.3333333333e-01 7.1478256221e+00
-2.3333333333e+00 3.9393939394e-01 7.0895524653e+00
-2.3333333333e+00 4.5454545455e-01 7.0236474416e+00
-2.3333333333e+00 5.1515151515e-01 6.9509066353e+00
-2.3333333333e+00 5.7575757576e-01 6.8721448893e+00
-2.3333333333e+00 6.3636363636e-01 6.7881740571e+00
-2.3333333333e+00 6.9696969697e-01 6.6997848725e+00
-2.3333333333e+00 7.5757575758e-01 6.6077327030e+00
-2.3333333333e+00 8.1818181818e-01 6.5127271054e+00
-2.3333333333e+00 8.7878787879e-01 6.4154248598e+00
-2.3333333333e+00 9.3939393939e-01 6.3164260088e+00
-2.3333333333e+00 1.0000000000e+00 6.2162723704e+00
-2.3333333333e+00 1.0606060606e+00 6.1154479864e+00
-2.3333333333e+00 1.1212121212e+00 6.0143810132e+00
-2.3333333333e+00 1.1818181818e+00 5.9134466238e+00
-2.3333333333e+00 1.2424242424e+00 5.8129705605e+00
-2.3333333333e+00 1.3030303030e+00 5.7132330541e+00
-2.3333333333e+00 1.3636363636e+00 5.6144728895e+00
-2.3333333333e+00 1.4242424242e+00 5.5168914560e+00
-2.3333333333e+00 1.4848484848e+00 5.4206566677e+00
-2.3333333333e+00 1.5454545455e+00 5.3259066800e+00
-2.3333333333e+00 1.6060606061e+00 5.2327533535e+00
-2.3333333333e+00 1.6666666667e+00 5.1412854433e+00
-2.3333333333e+00 1.7272727273e+00 5.0515715046e+00
-2.3333333333e+00 1.7878787879e+00 4.9636625180e+00
-2.3333333333e+00 1.8484848485e+00 4.8775942447e+00
-2.3333333333e+00 1.9090909091e+00 4.7933893291e+00
-2.3333333333e+00 1.9696969697e+00 4.7110591642e+00
-2.3333333333e+00 2.0303030303e+00 4.6306055419e+00
-2.3333333333e+00 2.0909090909e+00 4.5520221064e+00
-2.3333333333e+00 2.1515151515e+00 4.4752956308e+00
-2.3333333333e+00 2.2121212121e+00 4.4004071341e+00
-2.3333333333e+00 2.2727272727e+00 4.3273328574e+00
-2.3333333333e+00 2.3333333333e+00 4.2560451132e+00
-2.3333333333e+00 2.3939393939e+00 4.1865130234e+00
-2.3333333333e+00 2.4545454545e+00 4.1187031592e+00
-2.3333333333e+00 2.5151515152e+00 4.0525800933e+00
-2.3333333333e+00 2.5757575758e+00 3.9881068765e+00
-2.3333333333e+00 2.6363636364e+00 3.9252454466e+00
-2.3333333333e+00 2.6969696970e+00 3.8639569796e+00
-2.3333333333e+00 2.7575757576e+00 3.8042021887e+00
-2.3333333333e+00 2.8181818182e+00 3.7459415789e+00
-2.3333333333e+00 2.8787878788e+00 3.6891356622e+00
-2.3333333333e+00 2.9393939394e+00 3.6337451396e+00
-2.3333333333e+00 3.0000000000e+00 3.5797310524e+00

-2.2727272727e+00 -3.0000000000e+00 3.6214039285e+00
-2.2727272727e+00 -2.9393939394e+00 3.6773841050e+00
-2.2727272727e+00 -2.8787878788e+00 3.7348575432e+00
-2.2727272727e+00 -2.8181818182e+00 3.7938713046e+00
-2.2727272727e+00 -2.7575757576e+00 3.8544734058e+00
-2.2727272727e+00 -2.6969696970e+00 3.9167127128e+00
-2.2727272727e+00 -2.6363636364e+00 3.9806388092e+00
-2.2727272727e+00 -2.5757575758e+00 4.0463018323e+00
-2.2727272727e+00 -2.5151515152e+00 4.1137522730e+00
-2.2727272727e+00 -2.4545454545e+00 4.1830407331e+00
-2.2727272727e+00 -2.3939393939e+00 4.2542176321e+00
-2.2727272727e+00 -2.3333333333e+00 4.3273328574e+00
-2.2727272727e+00 -2.2727272727e+00 4.4024353461e+00
-2.2727272727e+00 -2.2121212121e+00 4.4795725896e+00
-2.2727272727e+00 -2.1515151515e+00 4.5587900480e+00
-2.2727272727e+00 -2.0909090909e+00 4.6401304595e+00
-2.2727272727e+00 -2.0303030303e+00 4.7236330298e+00
-2.2727272727e+00 -1.9696969697e+00 4.8093324815e+00
-2.2727272727e+00 -1.9090909091e+00 4.8972579434e+00
-2.2727272727e+00 -1.8484848485e+00 4.9874316556e+00
-2.2727272727e+00 -1.7878787879e+00 5.0798674631e+00
-2.2727272727e+00 -1.7272727273e+00 5.1745690671e+00
-2.2727272727e+00 -1.6666666667e+00 5.2715280029e+00
-2.2727272727e+00 -1.6060606061e+00 5.3707213053e+00
-2.2727272727e+00 -1.5454545455e+00 5.4721088244e+00
-2.2727272727e+00 -1.4848484848e+00 5.5756301507e+00
-2.2727272727e+00 -1.4242424242e+00 5.6812011090e+00
-2.2727272727e+00 -1.3636363636e+00 5.7887097831e+00
-2.2727272727e+00 -1.3030303030e+00 5.8980120398e+00
-2.2727272727e+00 -1.2424242424e+00 6.0089265320e+00
-2.2727272727e+00 -1.1818181818e+00 6.1212291821e+00
-2.2727272727e+00 -1.1212121212e+00 6.2346471736e+00
-2.2727272727e+00 -1.0606060606e+00 6.3488525289e+00
-2.2727272727e+00 -1.0000000000e+00 6.4634554076e+00
-2.2727272727e+00 -9.3939393939e-01 6.5779973482e+00
-2.2727272727e+00 -8.7878787879e-01 6.6919447834e+00
-2.2727272727e+00 -8.1818181818e-01 6.8046832934e+00
-2.2727272727e+00 -7.5757575758e-01 6.9155132210e+00
-2.2727272727e+00 -6.9696969697e-01 7.0236474416e+00
-2.2727272727e+00 -6.3636363636e-01 7.1282122495e+00
-2.2727272727e+00 -5.7575757576e-01 7.2282524455e+00
-2.2727272727e+00 -5.1515151515e-01 7.3227417559e+00
-2.2727272727e+00 -4.5454545455e-01 7.4105996153e+00
-2.2727272727e+00 -3.9393939394e-01 7.4907150419e+00
-2.2727272727e+00 -3.3333333333e-01 7.5619777834e+00
-2.2727272727e+00 -2.7272727273e-01 7.6233160984e+00
-2.2727272727e+00 -2.1212121212e-01 7.6737395201e+00
-2.2727272727e+00 -1.5151515152e-01 7.7123838592e+00
-2.2727272727e+00 -9.0909090909e-02 7.7385547641e+00
-2.2727272727e+00 -3.0303030303e-02 7.7517656146e+00
-2.2727272727e+00 3.0303030303e-02 7.7517656146e+00
-2.2727272727e+00 9.0909090909e-02 7.7385547641e+00
-2.2727272727e+00 1.5151515152e-01 7.7123838592e+00
-2.2727272727e+00 2.1212121212e-01 7.6737395201e+00
-2.2727272727e+00 2.7272727273e-01 7.6233160984e+00
-2.2727272727e+00 3.3333333333e-01 7.5619777834e+00
-2.2727272727e+00 3.9393939394e-01 7.4907150419e+00
-2.2727272727e+00 4.5454545455e-01 7.4105996153e+00
-2.2727272727e+00 5.1515151515e-01 7.3227417559e+00
-2.2727272727e+00 5.7575757576e-01 7.2282524455e+00
-2.2727272727e+00 6.3636363636e-01 7.1282122495e+00
-2.2727272727e+00 6.9696969697e-01 7.0236474416e+00
-2.2727272727e+00 7.5757575758e-01 6.9155132210e+00
-2.2727272727e+00 8.1818181818e-01 6.8046832934e+00
-2.2727272727e+00 8.7878787879e-01 6.6919447834e+00
-2.2727272727e+00 9.3939393939e-01 6.5779973482e+00
-2.2727272727e+00 1.0000000000e+00 6.4634554076e+00
-2.2727272727e+00 1.0606060606e+00 6.3488525289e+00
-2.2727272727e+00 1.1212121212e+00 6.2346471736e+00
-2.2727272727e+00 1.1818181818e+00 6.1212291821e+00
-2.2727272727e+00 1.2424242424e+00 6.0089265320e+00
-2.2727272727e+00 1.3030303030e+00 5.8980120398e+00
-2.2727272727e+00 1.3636363636e+00 5.7887097831e+00
-2.2727272727e+00 1.4242424242e+00 5.6812011090e+00
-2.2727272727e+00 1.4848484848e+00 5.5756301507e+00
-2.2727272727e+00 1.5454545455e+00 5.4721088244e+00
-2.2727272727e+00 1.6060606061e+00 5.3707213053e+00
-2.2727272727e+00 1.6666666667e+00 5.2715280029e+00
-2.2727272727e+00 1.7272727273e+00 5.1745690671e+00
-2.2727272727e+00 1.7878787879e+00 5.0798674631e+00
-2.2727272727e+00 1.8484848485e+00 4.9874316556e+00
-2.2727272727e+00 1.9090909091e+00 4.8972579434e+00
-2.2727272727e+00 1.9696969697e+00 4.8093324815e+00
-2.2727272727e+00 2.0303030303e+00 4.7236330298e+00
-2.2727272727e+00 2.0909090909e+00 4.6401304595e+00
-2.2727272727e+00 2.1515151515e+00 4.5587900480e+00
-2.2727272727e+00 2.2121212121e+00 4.4795725896e+00
-2.2727272727e+00 2.2727272727e+00 4.4024353461e+00
-2.2727272727e+00 2.3333333333e+00 4.3273328574e+00
-2.2727272727e+00 2.3939393939e+00 4.2542176321e+00
-2.2727272727e+00 2.4545454545e+00 4.1830407331e+00
-2.2727272727e+00 2.5151515152e+00 4.1137522730e+00
-2.2727272727e+00 2.5757575758e+00 4.0463018323e+00
-2.2727272727e+00 2.6363636364e+00 3.9806388092e+00
-2.2727272727e+00 2.6969696970e+00 3.9167127128e+00
-2.2727272727e+00 2.7575757576e+00 3.8544734058e+00
-2.2727272727e+00 2.8181818182e+00 3.7938713046e+00
-2.2727272727e+00 2.8787878788e+00 3.7348575432e+00
-2.2727272727e+00 2.9393939394e+00 3.6773841050e+00
-2.2727272727e+00 3.0000000000e+00 3.6214039285e+00

-2.2121212121e+00 -3.0000000000e+00 3.6634314973e+00
-2.2121212121e+00 -2.9393939394e+00 3.7214451057e+00
-2.2121212121e+00 -2.8787878788e+00 3.7810772008e+00
-2.2121212121e+00 -2.8181818182e+00 3.8423839953e+00
-2.2121212121e+00 -2.7575757576e+00 3.9054234094e+00
-2.2121212121e+00 -2.6969696970e+00 3.9702550323e+00
-2.2121212121e+00 -2.6363636364e+00 4.0369400606e+00
-2.2121212121e+00 -2.5757575758e+00 4.1055412135e+00
-2.2121212121e+00 -2.5151515152e+00 4.1761226156e+00
-2.2121212121e+00 -2.4545454545e+00 4.2487496445e+00
-2.2121212121e+00 -2.3939393939e+00 4.3234887354e+00
-2.2121212121e+00 -2.3333333333e+00 4.4004071341e+00
-2.2121212121e+00 -2.2727272727e+00 4.4795725896e+00
-2.2121212121e+00 -2.2121212121e+00 4.5610529743e+00
-2.2121212121e+00 -2.1515151515e+00 4.6449158197e+00
-2.2121212121e+00 -2.0909090909e+00 4.7312277510e+00
-2.2121212121e+00 -2.0303030303e+00 4.8200538024e+00
-2.2121212121e+00 -1.9696969697e+00 4.9114565923e+00
-2.2121212121e+00 -1.9090909091e+00 5.0054953314e+00
-2.2121212121e+00 -1.8484848485e+00 5.1022246352e+00
-2.2121212121e+00 -1.7878787879e+00 5.2016931045e+00
-2.2121212121e+00 -1.7272727273e+00 5.3039416333e+00
-2.2121212121e+00 -1.6666666667e+00 5.4090013959e+00
-2.2121212121e+00 -1.6060606061e+00 5.5168914560e+00
-2.2121212121e+00 -1.5454545455e+00 5.6276159344e+00
-2.2121212121e+00 -1.4848484848e+00 5.7411606609e+00
-2.2121212121e+00 -1.4242424242e+00 5.8574892265e+00
-2.2121212121e+00 -1.3636363636e+00 5.9765383434e+00
-2.2121212121e+00 -1.3030303030e+00 6.0982124141e+00
-2.2121212121e+00 -1.2424242424e+00 6.2223772055e+00
-2.2121212121e+00 -1.1818181818e+00 6.3488525289e+00
-2.2121212121e+00 -1.1212121212e+00 6.4774038395e+00
-2.2121212121e+00 -1.0606060606e+00 6.6077327030e+00
-2.2121212121e+00 -1.0000000000e+00 6.7394661317e+00
-2.2121212121e+00 -9.3939393939e-01 6.8721448893e+00
-2.2121212121e+00 -8.7878787879e-01 7.0052110054e+00
-2.2121212121e+00 -8.1818181818e-01 7.1379949515e+00
-2.2121212121e+00 -7.5757575758e-01 7.2697032166e+00
-2.2121212121e+00 -6.9696969697e-01 7.3994073932e+00
-2.2121212121e+00 -6.3636363636e-01 7.5260363308e+00
-2.2121212121e+00 -5.7575757576e-01 7.6483734099e+00
-2.2121212121e+00 -5.1515151515e-01 7.7650614382e+00
-2.2121212121e+00 -4.5454545455e-01 7.8746179641e+00
-2.2121212121e+00 -3.9393939394e-01 7.9754637306e+00
-2.2121212121e+00 -3.3333333333e-01 8.0659663433e+00
-2.2121212121e+00 -2.7272727273e-01 8.1444997996e+00
-2.2121212121e+00 -2.1212121212e-01 8.2095182589e+00
-2.2121212121e+00 -1.5151515152e-01 8.2596395165e+00
-2.2121212121e+00 -9.0909090909e-02 8.2937306146e+00
-2.2121212121e+00 -3.0303030303e-02 8.3109857179e+00
-2.2121212121e+00 3.0303030303e-02 8.3109857179e+00
-2.2121212121e+00 9.0909090909e-02 8.2937306146e+00
-2.2121212121e+00 1.5151515152e-01 8.2596395165e+00
-2.2121212121e+00 2.1212121212e-01 8.2095182589e+00
-2.2121212121e+00 2.7272727273e-01 8.1444997996e+00
-2.2121212121e+00 3.3333333333e-01 8.0659663433e+00
-2.2121212121e+00 3.9393939394e-01 7.9754637306e+00
-2.2121212121e+00 4.5454545455e-01 7.8746179641e+00
-2.2121212121e+00 5.1515151515e-01 7.7650614382e+00
-2.2121212121e+00 5.7575757576e-01 7.6483734099e+00
-2.2121212121e+00 6.3636363636e-01 7.5260363308e+00
-2.2121212121e+00 6.9696969697e-01 7.3994073932e+00
-2.2121212121e+00 7.5757575758e-01 7.2697032166e+00
-2.2121212121e+00 8.1818181818e-01 7.1379949515e+00
-2.2121212121e+00 8.7878787879e-01 7.0052110054e+00
-2.2121212121e+00 9.3939393939e-01 6.8721448893e+00
-2.2121212121e+00 1.0000000000e+00 6.7394661317e+00
-2.2121212121e+00 1.0606060606e+00 6.6077327030e+00
-2.2121212121e+00 1.1212121212e+00 6.4774038395e+00
-2.2121212121e+00 1.1818181818e+00 6.3488525289e+00
-2.2121212121e+00 1.2424242424e+00 6.2223772055e+00
-2.2121212121e+00 1.3030303030e+00 6.0982124141e+00
-2.2121212121e+00 1.3636363636e+00 5.9765383434e+00
-2.2121212121e+00 1.4242424242e+00 5.8574892265e+00
-2.2121212121e+00 1.4848484848e+00 5.7411606609e+00
-2.2121212121e+00 1.5454545455e+00 5.6276159344e+00
-2.2121212121e+00 1.6060606061e+00 5.5168914560e+00
-2.2121212121e+00 1.6666666667e+00 5.4090013959e+00
-2.2121212121e+00 1.7272727273e+00 5.3039416333e+00
-2.2121212121e+00 1.7878787879e+00 5.2016931045e+00
-2.2121212121e+00 1.8484848485e+00 5.1022246352e+00
-2.2121212121e+00 1.9090909091e+00 5.0054953314e+00
-2.2121212121e+00 1.9696969697e+00 4.9114565923e+00
-2.2121212121e+00 2.0303030303e+00 4.8200538024e+00
-2.2121212121e+00 2.0909090909e+00 4.7312277510e+00
-2.2121212121e+00 2.1515151515e+00 4.6449158197e+00
-2.2121212121e+00 2.2121212121e+00 4.5610529743e+00
-2.2121212121e+00 2.2727272727e+00 4.4795725896e+00
-2.2121212121e+00 2.3333333333e+00 4.4004071341e+00
-2.2121212121e+00 2.3939393939e+00 4.3234887354e+00
-2.2121212121e+00 2.4545454545e+00 4.2487496445e+00
-2.2121212121e+00 2.5151515152e+00 4.1761226156e+00
-2.2121212121e+00 2.5757575758e+00 4.1055412135e+00
-2.2121212121e+00 2.6363636364e+00 4.0369400606e+00
-2.2121212121e+00 2.6969696970e+00 3.9702550323e+00
-2.2121212121e+00 2.7575757576e+00 3.9054234094e+00
-2.2121212121e+00 2.8181818182e+00 3.8423839953e+00
-2.2121212121e+00 2.8787878788e+00 3.7810772008e+00
-2.2121212121e+00 2.9393939394e+00 3.7214451057e+00
-2.2121212121e+00 3.0000000000e+00 3.6634314973e+00

-2.1515151515e+00 -3.0000000000e+00 3.7057815924e+00
-2.1515151515e+00 -2.9393939394e+00 3.7658965192e+00
-2.1515151515e+00 -2.8787878788e+00 3.8277640136e+00
-2.1515151515e+00 -2.8181818182e+00 3.8914505968e+00
-2.1515151515e+00 -2.7575757576e+00 3.9570254127e+00
-2.1515151515e+00 -2.6969696970e+00 4.0245602793e+00
-2.1515151515e+00 -2.6363636364e+00 4.0941297276e+00
-2.1515151515e+00 -2.5757575758e+00 4.1658110273e+00
-2.1515151515e+00 -2.5151515152e+00 4.2396841927e+00
-2.1515151515e+00 -2.4545454545e+00 4.3158319657e+00
-2.1515151515e+00 -2.3939393939e+00 4.3943397702e+00
-2.1515151515e+00 -2.3333333333e+00 4.4752956308e+00
-2.1515151515e+00 -2.2727272727e+00 4.5587900480e+00
-2.1515151515e+00 -2.2121212121e+00 4.6449158197e+00
-2.1515151515e+00 -2.1515151515e+00 4.7337677978e+00
-2.1515151515e+00 -2.0909090909e+00 4.8254425645e+00
-2.1515151515e+00 -2.0303030303e+00 4.9200380117e+00
-2.1515151515e+00 -1.9696969697e+00 5.0176528021e+00
-2.1515151515e+00 -1.9090909091e+00 5.1183856846e+00
-2.1515151515e+00 -1.8484848485e+00 5.2223346346e+00
-2.1515151515e+00 -1.7878787879e+00 5.3295957784e+00
-2.1515151515e+00 -1.7272727273e+00 5.4402620543e+00
-2.1515151515e+00 -1.6666666667e+00 5.5544215533e+00
-2.1515151515e+00 -1.6060606061e+00 5.6721554657e+00
-2.1515151515e+00 -1.5454545455e+00 5.7935355463e+00
-2.1515151515e+00 -1.4848484848e+00 5.9186209917e+00
-2.1515151515e+00 -1.4242424242e+00 6.0474545952e+00
-2.1515151515e+00 -1.3636363636e+00 6.1800580219e+00
-2.1515151515e+00 -1.3030303030e+00 6.3164260088e+00
-2.1515151515e+00 -1.2424242424e+00 6.4565192608e+00
-2.1515151515e+00 -1.1818181818e+00 6.6002557704e+00
-2.1515151515e+00 -1.1212121212e+00 6.7475002516e+00
-2.1515151515e+00 -1.0606060606e+00 6.8980513431e+00
-2.1515151515e+00 -1.0000000000e+00 7.0516262209e+00
-2.1515151515e+00 -9.3939393939e-01 7.2078422803e+00
-2.1515151515e+00 -8.7878787879e-01 7.3661956300e+00
-2.1515151515e+00 -8.1818181818e-01 7.5260363308e+00
-2.1515151515e+00 -7.5757575758e-01 7.6865406648e+00
-2.1515151515e+00 -6.9696969697e-01 7.8466813125e+00
-2.1515151515e+00 -6.3636363636e-01 8.0051972311e+00
-2.1515151515e+00 -5.7575757576e-01 8.1605663274e+00
-2.1515151515e+00 -5.1515151515e-01 8.3109857179e+00
-2.1515151515e+00 -4.5454545455e-01 8.4543663127e+00
-2.1515151515e+00 -3.9393939394e-01 8.5883502578e+00
-2.1515151515e+00 -3.3333333333e-01 8.7103606572e+00
-2.1515151515e+00 -2.7272727273e-01 8.8176918675e+00
-2.1515151515e+00 -2.1212121212e-01 8.9076442922e+00
-2.1515151515e+00 -1.5151515152e-01 8.9776993345e+00
-2.1515151515e+00 -9.0909090909e-02 9.0257187695e+00
-2.1515151515e+00 -3.0303030303e-02 9.0501412003e+00
-2.1515151515e+00 3.0303030303e-02 9.0501412003e+00
-2.1515151515e+00 9.0909090909e-02 9.0257187695e+00
-2.1515151515e+00 1.5151515152e-01 8.9776993345e+00
-2.1515151515e+00 2.1212121212e-01 8.9076442922e+00
-2.1515151515e+00 2.7272727273e-01 8.8176918675e+00
-2.1515151515e+00 3.3333333333e-01 8.7103606572e+00
-2.1515151515e+00 3.9393939394e-01 8.5883502578e+00
-2.1515151515e+00 4.5454545455e-01 8.4543663127e+00
-2.1515151515e+00 5.1515151515e-01 8.3109857179e+00
-2.1515151515e+00 5.7575757576e-01 8.1605663274e+00
-2.1515151515e+00 6.3636363636e-01 8.0051972311e+00
-2.1515151515e+00 6.9696969697e-01 7.8466813125e+00
-2.1515151515e+00 7.5757575758e-01 7.6865406648e+00
-2.1515151515e+00 8.1818181818e-01 7.5260363308e+00
-2.1515151515e+00 8.7878787879e-01 7.3661956300e+00
-2.1515151515e+00 9.3939393939e-01 7.2078422803e+00
-2.1515151515e+00 1.0000000000e+00 7.0516262209e+00
-2.1515151515e+00 1.0606060606e+00 6.8980513431e+00
-2.1515151515e+00 1.1212121212e+00 6.7475002516e+00
-2.1515151515e+00 1.1818181818e+00 6.6002557704e+00
-2.1515151515e+00 1.2424242424e+00 6.4565192608e+00
-2.1515151515e+00 1.3030303030e+00 6.3164260088e+00
-2.1515151515e+00 1.3636363636e+00 6.1800580219e+00
-2.1515151515e+00 1.4242424242e+00 6.0474545952e+00
-2.1515151515e+00 1.4848484848e+00 5.9186209917e+00
-2.1515151515e+00 1.5454545455e+00 5.7935355463e+00
-2.1515151515e+00 1.6060606061e+00 5.6721554657e+00
-2.1515151515e+00 1.6666666667e+00 5.5544215533e+00
-2.1515151515e+00 1.7272727273e+00 5.4402620543e+00
-2.1515151515e+00 1.7878787879e+00 5.3295957784e+00
-2.1515151515e+00 1.8484848485e+00 5.2223346346e+00
-2.1515151515e+00 1.9090909091e+00 5.1183856846e+00
-2.1515151515e+00 1.9696969697e+00 5.0176528021e+00
-2.1515151515e+00 2.0303030303e+00 4.9200380117e+00
-2.1515151515e+00 2.0909090909e+00 4.8254425645e+00
-2.1515151515e+00 2.1515151515e+00 4.7337677978e+00
-2.1515151515e+00 2.2121212121e+00 4.6449158197e+00
-2.1515151515e+00 2.2727272727e+00 4.5587900480e+00
-2.1515151515e+00 2.3333333333e+00 4.4752956308e+00
-2.1515151515e+00 2.3939393939e+00 4.3943397702e+00
-2.1515151515e+00 2.4545454545e+00 4.3158319657e+00
-2.1515151515e+00 2.5151515152e+00 4.2396841927e+00
-2.1515151515e+00 2.5757575758e+00 4.1658110273e+00
-2.1515151515e+00 2.6363636364e+00 4.0941297276e+00
-2.1515151515e+00 2.6969696970e+00 4.0245602793e+00
-2.1515151515e+00 2.7575757576e+00 3.9570254127e+00
-2.1515151515e+00 2.8181818182e+00 3.8914505968e+00
-2.1515151515e+00 2.8787878788e+00 3.8277640136e+00
-2.1515151515e+00 2.9393939394e+00 3.7658965192e+00
-2.1515151515e+00 3.0000000000e+00 3.7057815924e+00

-2.0909090909e+00 -3.0000000000e+00 3.7484183378e+00
-2.0909090909e+00 -2.9393939394e+00 3.8107027283e+00
-2.0909090909e+00 -2.8787878788e+00 3.8748830782e+00
-2.0909090909e+00 -2.8181818182e+00 3.9410374927e+00
-2.0909090909e+00 -2.7575757576e+00 4.0092478030e+00
-2.0909090909e+00 -2.6969696970e+00 4.0795997383e+00
-2.0909090909e+00 -2.6363636364e+00 4.1521831018e+00
-2.0909090909e+00 -2.5757575758e+00 4.2270919491e+00
-2.0909090909e+00 -2.5151515152e+00 4.3044247669e+00
-2.0909090909e+00 -2.4545454545e+00 4.3842846523e+00
-2.0909090909e+00 -2.3939393939e+00 4.4667794868e+00
-2.0909090909e+00 -2.3333333333e+00 4.5520221064e+00
-2.0909090909e+00 -2.2727272727e+00 4.6401304595e+00
-2.0909090909e+00 -2.2121212121e+00 4.7312277510e+00
-2.0909090909e+00 -2.1515151515e+00 4.8254425645e+00
-2.0909090909e+00 -2.0909090909e+00 4.9229089554e+00
-2.0909090909e+00 -2.0303030303e+00 5.0237665039e+00
-2.0909090909e+00 -1.9696969697e+00 5.1281603153e+00
-2.0909090909e+00 -1.9090909091e+00 5.2362409505e+00
-2.0909090909e+00 -1.8484848485e+00 5.3481642644e+00
-2.0909090909e+00 -1.7878787879e+00 5.4640911242e+00
-2.0909090909e+00 -1.7272727273e+00 5.5841869709e+00
-2.0909090909e+00 -1.6666666667e+00 5.7086211754e+00
-2.0909090909e+00 -1.6060606061e+00 5.8375661259e+00
-2.0909090909e+00 -1.5454545455e+00 5.9711959641e+00
-2.0909090909e+00 -1.4848484848e+00 6.1096848608e+00
-2.0909090909e+00 -1.4242424242e+00 6.2532046854e+00
-2.0909090909e+00 -1.3636363636e+00 6.4019218770e+00
-2.0909090909e+00 -1.3030303030e+00 6.5559932639e+00
-2.0909090909e+00 -1.2424242424e+00 6.7155604908e+00
-2.0909090909e+00 -1.1818181818e+00 6.8807426069e+00
-2.0909090909e+00 -1.1212121212e+00 7.0516262209e+00
-2.0909090909e+00 -1.0606060606e+00 7.2282524455e+00
-2.0909090909e+00 -1.0000000000e+00 7.4105996153e+00
-2.0909090909e+00 -9.3939393939e-01 7.5985604802e+00
-2.0909090909e+00 -8.7878787879e-01 7.7919122439e+00
-2.0909090909e+00 -8.1818181818e-01 7.9902774763e+00
-2.0909090909e+00 -7.5757575758e-01 8.1930736587e+00
-2.0909090909e+00 -6.9696969697e-01 8.3994490780e+00
-2.0909090909e+00 -6.3636363636e-01 8.6082032823e+00
-2.0909090909e+00 -5.7575757576e-01 8.8176918675e+00
-2.0909090909e+00 -5.1515151515e-01 9.0257187695e+00
-2.0909090909e+00 -4.5454545455e-01 9.2294255341e+00
-2.0909090909e+00 -3.9393939394e-01 9.4251971831e+00
-2.0909090909e+00 -3.3333333333e-01 9.6086182394e+00
-2.0909090909e+00 -2.7272727273e-01 9.7745274361e+00
-2.0909090909e+00 -2.1212121212e-01 9.9172277687e+00
-2.0909090909e+00 -1.5151515152e-01 1.0030896319e+01
-2.0909090909e+00 -9.0909090909e-02 1.0110191622e+01
-2.0909090909e+00 -3.0303030303e-02 1.0150974893e+01
-2.0909090909e+00 3.0303030303e-02 1.0150974893e+01
-2.0909090909e+00 9.0909090909e-02 1.0110191622e+01
-2.0909090909e+00 1.5151515152e-01 1.0030896319e+01
-2.0909090909e+00 2.1212121212e-01 9.9172277687e+00
-2.0909090909e+00 2.7272727273e-01 9.7745274361e+00
-2.0909090909e+00 3.3333333333e-01 9.6086182394e+00
-2.0909090909e+00 3.9393939394e-01 9.4251971831e+00
-2.0909090909e+00 4.5454545455e-01 9.2294255341e+00
-2.0909090909e+00 5.1515151515e-01 9.0257187695e+00
-2.0909090909e+00 5.7575757576e-01 8.8176918675e+00
-2.0909090909e+00 6.3636363636e-01 8.6082032823e+00
-2.0909090909e+00 6.9696969697e-01 8.3994490780e+00
-2.0909090909e+00 7.5757575758e-01 8.1930736587e+00
-2.0909090909e+00 8.1818181818e-01 7.9902774763e+00
-2.0909090909e+00 8.7878787879e-01 7.7919122439e+00
-2.0909090909e+00 9.3939393939e-01 7.5985604802e+00
-2.0909090909e+00 1.0000000000e+00 7.4105996153e+00
-2.0909090909e+00 1.0606060606e+00 7.2282524455e+00
-2.0909090909e+00 1.1212121212e+00 7.0516262209e+00
-2.0909090909e+00 1.1818181818e+00 6.8807426069e+00
-2.0909090909e+00 1.2424242424e+00 6.7155604908e+00
-2.0909090909e+00 1.3030303030e+00 6.5559932639e+00
-2.0909090909e+00 1.3636363636e+00 6.4019218770e+00
-2.0909090909e+00 1.4242424242e+00 6.2532046854e+00
-2.0909090909e+00 1.4848484848e+00 6.1096848608e+00
-2.0909090909e+00 1.5454545455e+00 5.9711959641e+00
-2.0909090909e+00 1.6060606061e+00 5.8375661259e+00
-2.0909090909e+00 1.6666666667e+00 5.7086211754e+00
-2.0909090909e+00 1.7272727273e+00 5.5841869709e+00
-2.0909090909e+00 1.7878787879e+00 5.4640911242e+00
-2.0909090909e+00 1.8484848485e+00 5.3481642644e+00
-2.0909090909e+00 1.9090909091e+00 5.2362409505e+00
-2.0909090909e+00 1.9696969697e+00 5.1281603153e+00
-2.0909090909e+00 2.0303030303e+00 5.0237665039e+00
-2.0909090909e+00 2.0909090909e+00 4.9229089554e+00
-2.0909090909e+00 2.1515151515e+00 4.8254425645e+00
-2.0909090909e+00 2.2121212121e+00 4.7312277510e+00
-2.0909090909e+00 2.2727272727e+00 4.6401304595e+00
-2.0909090909e+00 2.3333333333e+00 4.5520221064e+00
-2.0909090909e+00 2.3939393939e+00 4.4667794868e+00
-2.0909090909e+00 2.4545454545e+00 4.3842846523e+00
-2.0909090909e+00 2.5151515152e+00 4.3044247669e+00
-2.0909090909e+00 2.5757575758e+00 4.2270919491e+00
-2.0909090909e+00 2.6363636364e+00 4.1521831018e+00
-2.0909090909e+00 2.6969696970e+00 4.0795997383e+00
-2.0909090909e+00 2.7575757576e+00 4.0092478030e+00
-2.0909090909e+00 2.8181818182e+00 3.9410374927e+00
-2.0909090909e+00 2.8787878788e+00 3.8748830782e+00
-2.0909090909e+00 2.9393939394e+00 3.8107027283e+00
-2.0909090909e+00 3.0000000000e+00 3.7484183378e+00

-2.0303030303e+00 -3.0000000000e+00 3.7913019234e+00
-2.0303030303e+00 -2.9393939394e+00 3.8558238528e+00
-2.0303030303e+00 -2.8787878788e+00 3.9223948924e+00
-2.0303030303e+00 -2.8181818182e+00 3.9911061316e+00
-2.0303030303e+00 -2.7575757576e+00 4.0620537073e+00
-2.0303030303e+00 -2.6969696970e+00 4.1353391351e+00
-2.0303030303e+00 -2.6363636364e+00 4.2110696666e+00
-2.0303030303e+00 -2.5757575758e+00 4.2893586747e+00
-2.0303030303e+00 -2.5151515152e+00 4.3703260708e+00
-2.0303030303e+00 -2.4545454545e+00 4.4540987568e+00
-2.0303030303e+00 -2.3939393939e+00 4.5408111150e+00
-2.0303030303e+00 -2.3333333333e+00 4.6306055419e+00
-2.0303030303e+00 -2.2727272727e+00 4.7236330298e+00
-2.0303030303e+00 -2.2121212121e+00 4.8200538024e+00
-2.0303030303e+00 -2.1515151515e+00 4.9200380117e+00
-2.0303030303e+00 -2.0909090909e+00 5.0237665039e+00
-2.0303030303e+00 -2.0303030303e+00 5.1314316630e+00
-2.0303030303e+00 -1.9696969697e+00 5.2432383447e+00
-2.0303030303e+00 -1.9090909091e+00 5.3594049110e+00
-2.0303030303e+00 -1.8484848485e+00 5.4801643816e+00
-2.0303030303e+00 -1.7878787879e+00 5.6057657174e+00
-2.0303030303e+00 -1.7272727273e+00 5.7364752560e+00
-2.0303030303e+00 -1.6666666667e+00 5.8725783188e+00
-2.0303030303e+00 -1.6060606061e+00 6.0143810132e+00
-2.0303030303e+00 -1.5454545455e+00 6.1622122513e+00
-2.0303030303e+00 -1.4848484848e+00 6.3164260088e+00
-2.0303030303e+00 -1.4242424242e+00 6.4774038395e+00
-2.0303030303e+00 -1.3636363636e+00 6.6455576533e+00
-2.0303030303e+00 -1.3030303030e+00 6.8213327421e+00
-2.0303030303e+00 -1.2424242424e+00 7.0052110054e+00
-2.0303030303e+00 -1.1818181818e+00 7.1977142571e+00
-2.0303030303e+00 -1.1212121212e+00 7.3994073932e+00
-2.0303030303e+00 -1.0606060606e+00 7.6109010121e+00
-2.0303030303e+00 -1.0000000000e+00 7.8328527816e+00
-2.0303030303e+00 -9.3939393939e-01 8.0659663433e+00
-2.0303030303e+00 -8.7878787879e-01 8.3109857179e+00
-2.0303030303e+00 -8.1818181818e-01 8.5686818060e+00
-2.0303030303e+00 -7.5757575758e-01 8.8398253059e+00
-2.0303030303e+00 -6.9696969697e-01 9.1251366228e+00
-2.0303030303e+00 -6.3636363636e-01 9.4251971831e+00
-2.0303030303e+00 -5.7575757576e-01 9.7402966329e+00
-2.0303030303e+00 -5.1515151515e-01 1.0070174909e+01
-2.0303030303e+00 -4.5454545455e-01 1.0413595826e+01
-2.0303030303e+00 -3.9393939394e-01 1.0767662009e+01
-2.0303030303e+00 -3.3333333333e-01 1.1126765542e+01
-2.0303030303e+00 -2.7272727273e-01 1.1481117156e+01
-2.0303030303e+00 -2.1212121212e-01 1.1815035291e+01
-2.0303030303e+00 -1.5151515152e-01 1.2105800061e+01
-2.0303030303e+00 -9.0909090909e-02 1.2324878858e+01
-2.0303030303e+00 -3.0303030303e-02 1.2443707316e+01
-2.0303030303e+00 3.0303030303e-02 1.2443707316e+01
-2.0303030303e+00 9.0909090909e-02 1.2324878858e+01
-2.0303030303e+00 1.5151515152e-01 1.2105800061e+01
-2.0303030303e+00 2.1212121212e-01 1.1815035291e+01
-2.0303030303e+00 2.7272727273e-01 1.1481117156e+01
-2.0303030303e+00 3.3333333333e-01 1.1126765542e+01
-2.0303030303e+00 3.9393939394e-01 1.0767662009e+01
-2.0303030303e+00 4.5454545455e-01 1.0413595826e+01
-2.0303030303e+00 5.1515151515e-01 1.0070174909e+01
-2.0303030303e+00 5.7575757576e-01 9.7402966329e+00
-2.0303030303e+00 6.3636363636e-01 9.4251971831e+00
-2.0303030303e+00 6.9696969697e-01 9.1251366228e+00
-2.0303030303e+00 7.5757575758e-01 8.8398253059e+00
-2.0303030303e+00 8.1818181818e-01 8.5686818060e+00
-2.0303030303e+00 8.7878787879e-01 8.3109857179e+00
-2.0303030303e+00 9.3939393939e-01 8.0659663433e+00
-2.0303030303e+00 1.0000000000e+00 7.8328527816e+00
-2.0303030303e+00 1.0606060606e+00 7.6109010121e+00
-2.0303030303e+00 1.1212121212e+00 7.3994073932e+00
-2.0303030303e+00 1.1818181818e+00 7.1977142571e+00
-2.0303030303e+00 1.2424242424e+00 7.0052110054e+00
-2.0303030303e+00 1.3030303030e+00 6.8213327421e+00
-2.0303030303e+00 1.3636363636e+00 6.6455576533e+00
-2.0303030303e+00 1.4242424242e+00 6.4774038395e+00
-2.0303030303e+00 1.4848484848e+00 6.3164260088e+00
-2.0303030303e+00 1.5454545455e+00 6.1622122513e+00
-2.0303030303e+00 1.6060606061e+00 6.0143810132e+00
-2.0303030303e+00 1.6666666667e+00 5.8725783188e+00
-2.0303030303e+00 1.7272727273e+00 5.7364752560e+00
-2.0303030303e+00 1.7878787879e+00 5.6057657174e+00
-2.0303030303e+00 1.8484848485e+00 5.4801643816e+00
-2.0303030303e+00 1.9090909091e+00 5.3594049110e+00
-2.0303030303e+00 1.9696969697e+00 5.2432383447e+00
-2.0303030303e+00 2.0303030303e+00 5.1314316630e+00
-2.0303030303e+00 2.0909090909e+00 5.0237665039e+00
-2.0303030303e+00 2.1515151515e+00 4.9200380117e+00
-2.0303030303e+00 2.2121212121e+00 4.8200538024e+00
-2.0303030303e+00 2.2727272727e+00 4.7236330298e+00
-2.0303030303e+00 2.3333333333e+00 4.6306055419e+00
-2.0303030303e+00 2.3939393939e+00 4.5408111150e+00
-2.0303030303e+00 2.4545454545e+00 4.4540987568e+00
-2.0303030303e+00 2.5151515152e+00 4.3703260708e+00
-2.0303030303e+00 2.5757575758e+00 4.2893586747e+00
-2.0303030303e+00 2.6363636364e+00 4.2110696666e+00
-2.0303030303e+00 2.6969696970e+00 4.1353391351e+00
-2.0303030303e+00 2.7575757576e+00 4.0620537073e+00
-2.0303030303e+00 2.8181818182e+00 3.9911061316e+00
-2.0303030303e+00 2.8787878788e+00 3.9223948924e+00
-2.0303030303e+00 2.9393939394e+00 3.8558238528e+00
-2.0303030303e+00 3.0000000000e+00 3.7913019234e+00

-1.9696969697e+00 -3.0000000000e+00 3.8343883825e+00
-1.9696969697e+00 -2.9393939394e+00 3.9012154809e+00
-1.9696969697e+00 -2.8787878788e+00 3.9702550323e+00
-1.9696969697e+00 -2.8181818182e+00 4.0416126426e+00
-1.9696969697e+00 -2.7575757576e+00 4.1154005391e+00
-1.9696969697e+00 -2.6969696970e+00 4.1917381067e+00
-1.9696969697e+00 -2.6363636364e+00 4.2707524829e+00
-1.9696969697e+00 -2.5757575758e+00 4.3525792187e+00
-1.9696969697e+00 -2.5151515152e+00 4.4373630161e+00
-1.9696969697e+00 -2.4545454545e+00 4.5252585548e+00
-1.9696969697e+00 -2.3939393939e+00 4.6164314220e+00
-1.9696969697e+00 -2.3333333333e+00 4.7110591642e+00
-1.9696969697e+00 -2.2727272727e+00 4.8093324815e+00
-1.9696969697e+00 -2.2121212121e+00 4.9114565923e+00
-1.9696969697e+00 -2.1515151515e+00 5.0176528021e+00
-1.9696969697e+00 -2.0909090909e+00 5.1281603153e+00
-1.9696969697e+00 -2.0303030303e+00 5.2432383447e+00
-1.9696969697e+00 -1.9696969697e+00 5.3631685818e+00
-1.9696969697e+00 -1.9090909091e+00 5.4882581126e+00
-1.9696969697e+00 -1.8484848485e+00 5.6188428839e+00
-1.9696969697e+00 -1.7878787879e+00 5.7552918589e+00
-1.9696969697e+00 -1.7272727273e+00 5.8980120398e+00
-1.9696969697e+00 -1.6666666667e+00 6.0474545952e+00
-1.9696969697e+00 -1.6060606061e+00 6.2041224038e+00
-1.9696969697e+00 -1.5454545455e+00 6.3685794369e+00
-1.9696969697e+00 -1.4848484848e+00 6.5414625533e+00
-1.9696969697e+00 -1.4242424242e+00 6.7234964991e+00
-1.9696969697e+00 -1.3636363636e+00 6.9155132210e+00
-1.9696969697e+00 -1.3030303030e+00 7.1184770787e+00
-1.9696969697e+00 -1.2424242424e+00 7.3335182550e+00
-1.9696969697e+00 -1.1818181818e+00 7.5619777834e+00
-1.9696969697e+00 -1.1212121212e+00 7.8054693962e+00
-1.9696969697e+00 -1.0606060606e+00 8.0659663433e+00
-1.9696969697e+00 -1.0000000000e+00 8.3459263570e+00
-1.9696969697e+00 -9.3939393939e-01 8.6484768798e+00
-1.9696969697e+00 -8.7878787879e-01 8.9776993345e+00
-1.9696969697e+00 -8.1818181818e-01 9.3390840499e+00
-1.9696969697e+00 -7.5757575758e-01 9.7402966329e+00
-1.9696969697e+00 -6.9696969697e-01 1.0192554842e+01
-1.9696969697e+00 -6.3636363636e-01 1.0713316864e+01
-1.9696969697e+00 -5.7575757576e-01 1.1332152440e+01
-1.9696969697e+00 -5.1515151515e-01 1.2105800067e+01
-1.9696969697e+00 -4.5454545455e-01 1.3168023692e+01
-1.9696969697e+00 -3.9393939394e-01 1.5013592666e+01
-1.9696969697e+00 -3.3333333333e-01 1.7664691947e+01
-1.9696969697e+00 -2.7272727273e-01 1.4508307875e+01
-1.9696969697e+00 -2.1212121212e-01 1.3535430435e+01
-1.9696969697e+00 -1.5151515152e-01 1.3032232996e+01
-1.9696969697e+00 -9.0909090909e-02 1.2757543419e+01
-1.9696969697e+00 -3.0303030303e-02 1.2633668665e+01
-1.9696969697e+00 3.0303030303e-02 1.2633668665e+01
-1.9696969697e+00 9.0909090909e-02 1.2757543419e+01
-1.9696969697e+00 1.5151515152e-01 1.3032232996e+01
-1.9696969697e+00 2.1212121212e-01 1.3535430435e+01
-1.9696969697e+00 2.7272727273e-01 1.4508307875e+01
-1.9696969697e+00 3.3333333333e-01 1.7664691947e+01
-1.9696969697e+00 3.9393939394e-01 1.5013592666e+01
-1.9696969697e+00 4.5454545455e-01 1.3168023692e+01
-1.9696969697e+00 5.1515151515e-01 1.2105800067e+01
-1.9696969697e+00 5.7575757576e-01 1.1332152440e+01
-1.9696969697e+00 6.3636363636e-01 1.0713316864e+01
-1.9696969697e+00 6.9696969697e-01 1.0192554842e+01
-1.9696969697e+00 7.5757575758e-01 9.7402966329e+00
-1.9696969697e+00 8.1818181818e-01 9.3390840499e+00
-1.9696969697e+00 8.7878787879e-01 8.9776993345e+00
-1.9696969697e+00 9.3939393939e-01 8.6484768798e+00
-1.9696969697e+00 1.0000000000e+00 8.3459263570e+00
-1.9696969697e+00 1.0606060606e+00 8.0659663433e+00
-1.9696969697e+00 1.1212121212e+00 7.8054693962e+00
-1.9696969697e+00 1.1818181818e+00 7.5619777834e+00
-1.9696969697e+00 1.2424242424e+00 7.3335182550e+00
-1.9696969697e+00 1.3030303030e+00 7.1184770787e+00
-1.9696969697e+00 1.3636363636e+00 6.9155132210e+00
-1.9696969697e+00 1.4242424242e+00 6.7234964991e+00
-1.9696969697e+00 1.4848484848e+00 6.5414625533e+00
-1.9696969697e+00 1.5454545455e+00 6.3685794369e+00
-1.9696969697e+00 1.6060606061e+00 6.2041224038e+00
-1.9696969697e+00 1.6666666667e+00 6.0474545952e+00
-1.9696969697e+00 1.7272727273e+00 5.8980120398e+00
-1.9696969697e+00 1.7878787879e+00 5.7552918589e+00
-1.9696969697e+00 1.8484848485e+00 5.6188428839e+00
-1.9696969697e+00 1.9090909091e+00 5.4882581126e+00
-1.9696969697e+00 1.9696969697e+00 5.3631685818e+00
-1.9696969697e+00 2.0303030303e+00 5.2432383447e+00
-1.9696969697e+00 2.0909090909e+00 5.1281603153e+00
-1.9696969697e+00 2.1515151515e+00 5.0176528021e+00
-1.9696969697e+00 2.2121212121e+00 4.9114565923e+00
-1.9696969697e+00 2.2727272727e+00 4.8093324815e+00
-1.9696969697e+00 2.3333333333e+00 4.7110591642e+00
-1.9696969697e+00 2.3939393939e+00 4.6164314220e+00
-1.9696969697e+00 2.4545454545e+00 4.5252585548e+00
-1.9696969697e+00 2.5151515152e+00 4.4373630161e+00
-1.9696969697e+00 2.5757575758e+00 4.3525792187e+00
-1.9696969697e+00 2.6363636364e+00 4.2707524829e+00
-1.9696969697e+00 2.6969696970e+00 4.1917381067e+00
-1.9696969697e+00 2.7575757576e+00 4.1154005391e+00
-1.9696969697e+00 2.8181818182e+00 4.0416126426e+00
-1.9696969697e+00 2.8787878788e+00 3.9702550323e+00
-1.9696969697e+00 2.9393939394e+00 3.9012154809e+00
-1.9696969697e+00 3.0000000000e+00 3.8343883825e+00

-1.9090909091e+00 -3.0000000000e+00 3.8776293761e+00
-1.9090909091e+00 -2.9393939394e+00 3.9468284026e+00
-1.9090909091e+00 -2.8787878788e+00 4.0184138272e+00
-1.9090909091e+00 -2.8181818182e+00 4.0925074433e+00
-1.9090909091e+00 -2.7575757576e+00 4.1692395286e+00
-1.9090909091e+00 -2.6969696970e+00 4.2487496445e+00
-1.9090909091e+00 -2.6363636364e+00 4.3311875366e+00
-1.9090909091e+00 -2.5757575758e+00 4.4167141574e+00
-1.9090909091e+00 -2.5151515152e+00 4.5055028289e+00
-1.9090909091e+00 -2.4545454545e+00 4.5977405748e+00
-1.9090909091e+00 -2.3939393939e+00 4.6936296529e+00
-1.9090909091e+00 -2.3333333333e+00 4.7933893291e+00
-1.9090909091e+00 -2.2727272727e+00 4.8972579434e+00
-1.9090909091e+00 -2.2121212121e+00 5.0054953314e+00
-1.9090909091e+00 -2.1515151515e+00 5.1183856846e+00
-1.9090909091e+00 -2.0909090909e+00 5.2362409505e+00
-1.9090909091e+00 -2.0303030303e+00 5.3594049110e+00
-1.9090909091e+00 -1.9696969697e+00 5.4882581126e+00
-1.9090909091e+00 -1.9090909091e+00 5.6232238825e+00
-1.9090909091e+00 -1.8484848485e+00 5.7647757402e+00
-1.9090909091e+00 -1.7878787879e+00 5.9134466238e+00
-1.9090909091e+00 -1.7272727273e+00 6.0698405028e+00
-1.9090909091e+00 -1.6666666667e+00 6.2346471736e+00
-1.9090909091e+00 -1.6060606061e+00 6.4086613568e+00
-1.9090909091e+00 -1.5454545455e+00 6.5928077030e+00
-1.9090909091e+00 -1.4848484848e+00 6.7881740571e+00
-1.9090909091e+00 -1.4242424242e+00 6.9960564947e+00
-1.9090909091e+00 -1.3636363636e+00 7.2180215132e+00
-1.9090909091e+00 -1.3030303030e+00 7.4559938660e+00
-1.9090909091e+00 -1.2424242424e+00 7.7123838592e+00
-1.9090909091e+00 -1.1818181818e+00 7.9902774763e+00
-1.9090909091e+00 -1.1212121212e+00 8.2937306146e+00
-1.9090909091e+00 -1.0606060606e+00 8.6282443126e+00
-1.9090909091e+00 -1.0000000000e+00 9.0015735361e+00
-1.9090909091e+00 -9.3939393939e-01 9.4251971831e+00
-1.9090909091e+00 -8.7878787879e-01 9.9172277687e+00
-1.9090909091e+00 -8.1818181818e-01 1.0508876998e+01
-1.9090909091e+00 -7.5757575758e-01 1.1261443837e+01
-1.9090909091e+00 -6.9696969697e-01 1.2324878901e+01
-1.9090909091e+00 -6.3636363636e-01 1.4293667161e+01
-1.9090909091e+00 -5.7575757576e-01 1.5839998695e+01
-1.9090909091e+00 -5.1515151515e-01 1.3185840787e+01
-1.9090909091e+00 -4.5454545455e-01 1.2205668123e+01
-1.9090909091e+00 -3.9393939394e-01 1.1631580832e+01
-1.9090909091e+00 -3.3333333333e-01 1.1249293792e+01
-1.9090909091e+00 -2.7272727273e-01 1.0981549376e+01
-1.9090909091e+00 -2.1212121212e-01 1.0792204105e+01
-1.9090909091e+00 -1.5151515152e-01 1.0661996816e+01
-1.9090909091e+00 -9.0909090909e-02 1.0580071453e+01
-1.9090909091e+00 -3.0303030303e-02 1.0540448146e+01
-1.9090909091e+00 3.0303030303e-02 1.0540448146e+01
-1.9090909091e+00 9.0909090909e-02 1.0580071453e+01
-1.9090909091e+00 1.5151515152e-01 1.0661996816e+01
-1.9090909091e+00 2.1212121212e-01 1.0792204105e+01
-1.9090909091e+00 2.7272727273e-01 1.0981549376e+01
-1.9090909091e+00 3.3333333333e-01 1.1249293792e+01
-1.9090909091e+00 3.9393939394e-01 1.1631580832e+01
-1.9090909091e+00 4.5454545455e-01 1.2205668123e+01
-1.9090909091e+00 5.1515151515e-01 1.3185840787e+01
-1.9090909091e+00 5.7575757576e-01 1.5839998695e+01
-1.9090909091e+00 6.3636363636e-01 1.4293667161e+01
-1.9090909091e+00 6.9696969697e-01 1.2324878901e+01
-1.9090909091e+00 7.5757575758e-01 1.1261443837e+01
-1.9090909091e+00 8.1818181818e-01 1.0508876998e+01
-1.9090909091e+00 8.7878787879e-01 9.9172277687e+00
-1.9090909091e+00 9.3939393939e-01 9.4251971831e+00
-1.9090909091e+00 1.0000000000e+00 9.0015735361e+00
-1.9090909091e+00 1.0606060606e+00 8.6282443126e+00
-1.9090909091e+00 1.1212121212e+00 8.2937306146e+00
-1.9090909091e+00 1.1818181818e+00 7.9902774763e+00
-1.9090909091e+00 1.2424242424e+00 7.7123838592e+00
-1.9090909091e+00 1.3030303030e+00 7.4559938660e+00
-1.9090909091e+00 1.3636363636e+00 7.2180215132e+00
-1.9090909091e+00 1.4242424242e+00 6.9960564947e+00
-1.9090909091e+00 1.4848484848e+00 6.7881740571e+00
-1.9090909091e+00 1.5454545455e+00 6.5928077030e+00
-1.9090909091e+00 1.6060606061e+00 6.4086613568e+00
-1.9090909091e+00 1.6666666667e+00 6.2346471736e+00
-1.9090909091e+00 1.7272727273e+00 6.0698405028e+00
-1.9090909091e+00 1.7878787879e+00 5.9134466238e+00
-1.9090909091e+00 1.8484848485e+00 5.7647757402e+00
-1.9090909091e+00 1.9090909091e+00 5.6232238825e+00
-1.9090909091e+00 1.9696969697e+00 5.4882581126e+00
-1.9090909091e+00 2.0303030303e+00 5.3594049110e+00
-1.9090909091e+00 2.0909090909e+00 5.2362409505e+00
-1.9090909091e+00 2.1515151515e+00 5.1183856846e+00
-1.9090909091e+00 2.2121212121e+00 5.0054953314e+00
-1.9090909091e+00 2.2727272727e+00 4.8972579434e+00
-1.9090909091e+00 2.3333333333e+00 4.7933893291e+00
-1.9090909091e+00 2.3939393939e+00 4.6936296529e+00
-1.9090909091e+00 2.4545454545e+00 4.5977405748e+00
-1.9090909091e+00 2.5151515152e+00 4.5055028289e+00
-1.9090909091e+00 2.5757575758e+00 4.4167141574e+00
-1.9090909091e+00 2.6363636364e+00 4.3311875366e+00
-1.9090909091e+00 2.6969696970e+00 4.2487496445e+00
-1.9090909091e+00 2.7575757576e+00 4.1692395286e+00
-1.9090909091e+00 2.8181818182e+00 4.0925074433e+00
-1.9090909091e+00 2.8787878788e+00 4.0184138272e+00
-1.9090909091e+00 2.9393939394e+00 3.9468284026e+00
-1.9090909091e+00 3.0000000000e+00 3.8776293761e+00

-1.8484848485e+00 -3.0000000000e+00 3.9209719858e+00
-1.8484848485e+00 -2.9393939394e+00 3.9926083501e+00
-1.8484848485e+00 -2.8787878788e+00 4.0668160376e+00
-1.8484848485e+00 -2.8181818182e+00 4.1437348435e+00
-1.8484848485e+00 -2.7575757576e+00 4.2235152419e+00
-1.8484848485e+00 -2.6969696970e+00 4.3063195157e+00
-1.8484848485e+00 -2.6363636364e+00 4.3923230496e+00
-1.8484848485e+00 -2.5757575758e+00 4.4817158187e+00
-1.8484848485e+00 -2.5151515152e+00 4.5747041104e+00
-1.8484848485e+00 -2.4545454545e+00 4.6715125285e+00
-1.8484848485e+00 -2.3939393939e+00 4.7723863406e+00
-1.8484848485e+00 -2.3333333333e+00 4.8775942447e+00
-1.8484848485e+00 -2.2727272727e+00 4.9874316556e+00
-1.8484848485e+00 -2.2121212121e+00 5.1022246352e+00
-1.8484848485e+00 -2.1515151515e+00 5.2223346346e+00
-1.8484848485e+00 -2.0909090909e+00 5.3481642644e+00
-1.8484848485e+00 -2.0303030303e+00 5.4801643816e+00
-1.8484848485e+00 -1.9696969697e+00 5.6188428839e+00
-1.8484848485e+00 -1.9090909091e+00 5.7647757402e+00
-1.8484848485e+00 -1.8484848485e+00 5.9186209917e+00
-1.8484848485e+00 -1.7878787879e+00 6.0811367529e+00
-1.8484848485e+00 -1.7272727273e+00 6.2532046854e+00
-1.8484848485e+00 -1.6666666667e+00 6.4358610845e+00
-1.8484848485e+00 -1.6060606061e+00 6.6303387690e+00
-1.8484848485e+00 -1.5454545455e+00 6.8381246290e+00
-1.8484848485e+00 -1.4848484848e+00 7.0610404389e+00
-1.8484848485e+00 -1.4242424242e+00 7.3013592260e+00
-1.8484848485e+00 -1.3636363636e+00 7.5619777834e+00
-1.8484848485e+00 -1.3030303030e+00 7.8466813125e+00
-1.8484848485e+00 -1.2424242424e+00 8.1605663274e+00
-1.8484848485e+00 -1.1818181818e+00 8.5107509478e+00
-1.8484848485e+00 -1.1212121212e+00 8.9076442922e+00
-1.8484848485e+00 -1.0606060606e+00 9.3674036266e+00
-1.8484848485e+00 -1.0000000000e+00 9.9172277687e+00
-1.8484848485e+00 -9.3939393939e-01 1.0608635387e+01
-1.8484848485e+00 -8.7878787879e-01 1.1559751646e+01
-1.8484848485e+00 -8.1818181818e-01 1.3168038228e+01
-1.8484848485e+00 -7.5757575758e-01 1.7435181034e+01
-1.8484848485e+00 -6.9696969697e-01 1.3032235011e+01
-1.8484848485e+00 -6.3636363636e-01 1.1856612203e+01
-1.8484848485e+00 -5.7575757576e-01 1.1192561352e+01
-1.8484848485e+00 -5.1515151515e-01 1.0747765695e+01
-1.8484848485e+00 -4.5454545455e-01 1.0426505080e+01
-1.8484848485e+00 -3.9393939394e-01 1.0185574704e+01
-1.8484848485e+00 -3.3333333333e-01 1.0001966831e+01
-1.8484848485e+00 -2.7272727273e-01 9.8621598834e+00
-1.8484848485e+00 -2.1212121212e-01 9.7577222617e+00
-1.8484848485e+00 -1.5151515152e-01 9.6832455789e+00
-1.8484848485e+00 -9.0909090909e-02 9.6352838177e+00
-1.8484848485e+00 -3.0303030303e-02 9.6117835923e+00
-1.8484848485e+00 3.0303030303e-02 9.6117835923e+00
-1.8484848485e+00 9.0909090909e-02 9.6352838177e+00
-1.8484848485e+00 1.5151515152e-01 9.6832455789e+00
-1.8484848485e+00 2.1212121212e-01 9.7577222617e+00
-1.8484848485e+00 2.7272727273e-01 9.8621598834e+00
-1.8484848485e+00 3.3333333333e-01 1.0001966831e+01
-1.8484848485e+00 3.9393939394e-01 1.0185574704e+01
-1.8484848485e+00 4.5454545455e-01 1.0426505080e+01
-1.8484848485e+00 5.1515151515e-01 1.0747765695e+01
-1.8484848485e+00 5.7575757576e-01 1.1192561352e+01
-1.8484848485e+00 6.3636363636e-01 1.1856612203e+01
-1.8484848485e+00 6.9696969697e-01 1.3032235011e+01
-1.8484848485e+00 7.5757575758e-01 1.7435181034e+01
-1.8484848485e+00 8.1818181818e-01 1.3168038228e+01
-1.8484848485e+00 8.7878787879e-01 1.1559751646e+01
-1.8484848485e+00 9.3939393939e-01 1.0608635387e+01
-1.8484848485e+00 1.0000000000e+00 9.9172277687e+00
-1.8484848485e+00 1.0606060606e+00 9.3674036266e+00
-1.8484848485e+00 1.1212121212e+00 8.9076442922e+00
-1.8484848485e+00 1.1818181818e+00 8.5107509478e+00
-1.8484848485e+00 1.2424242424e+00 8.1605663274e+00
-1.8484848485e+00 1.3030303030e+00 7.8466813125e+00
-1.8484848485e+00 1.3636363636e+00 7.5619777834e+00
-1.8484848485e+00 1.4242424242e+00 7.3013592260e+00
-1.8484848485e+00 1.4848484848e+00 7.0610404389e+00
-1.8484848485e+00 1.5454545455e+00 6.8381246290e+00
-1.8484848485e+00 1.6060606061e+00 6.6303387690e+00
-1.8484848485e+00 1.6666666667e+00 6.4358610845e+00
-1.8484848485e+00 1.7272727273e+00 6.2532046854e+00
-1.8484848485e+00 1.7878787879e+00 6.0811367529e+00
-1.8484848485e+00 1.8484848485e+00 5.9186209917e+00
-1.8484848485e+00 1.9090909091e+00 5.7647757402e+00
-1.8484848485e+00 1.9696969697e+00 5.6188428839e+00
-1.8484848485e+00 2.0303030303e+00 5.4801643816e+00
-1.8484848485e+00 2.0909090909e+00 5.3481642644e+00
-1.8484848485e+00 2.1515151515e+00 5.2223346346e+00
-1.8484848485e+00 2.2121212121e+00 5.1022246352e+00
-1.8484848485e+00 2.2727272727e+00 4.9874316556e+00
-1.8484848485e+00 2.3333333333e+00 4.8775942447e+00
-1.8484848485e+00 2.3939393939e+00 4.7723863406e+00
-1.8484848485e+00 2.4545454545e+00 4.6715125285e+00
-1.8484848485e+00 2.5151515152e+00 4.5747041104e+00
-1.8484848485e+00 2.5757575758e+00 4.4817158187e+00
-1.8484848485e+00 2.6363636364e+00 4.3923230496e+00
-1.8484848485e+00 2.6969696970e+00 4.3063195157e+00
-1.8484848485e+00 2.7575757576e+00 4.2235152419e+00
-1.8484848485e+00 2.8181818182e+00 4.1437348435e+00
-1.8484848485e+00 2.8787878788e+00 4.0668160376e+00
-1.8484848485e+00 2.9393939394e+00 3.9926083501e+00
-1.8484848485e+00 3.0000000000e+00 3.9209719858e+00

-1.7878787879e+00 -3.0000000000e+00 3.9643585214e+00
-1.7878787879e+00 -2.9393939394e+00 4.0384957488e+00
-1.7878787879e+00 -2.8787878788e+00 4.1154005391e+00
-1.7878787879e+00 -2.8181818182e+00 4.1952326505e+00
-1.7878787879e+00 -2.7575757576e+00 4.2781650920e+00
-1.7878787879e+00 -2.6969696970e+00 4.3643856658e+00
-1.7878787879e+00 -2.6363636364e+00 4.4540987568e+00
-1.7878787879e+00 -2.5757575758e+00 4.5475274185e+00
-1.7878787879e+00 -2.5151515152e+00 4.6449158197e+00
-1.7878787879e+00 -2.4545454545e+00 4.7465321340e+00
-1.7878787879e+00 -2.3939393939e+00 4.8526719760e+00
-1.7878787879e+00 -2.3333333333e+00 4.9636625180e+00
-1.7878787879e+00 -2.2727272727e+00 5.0798674631e+00
-1.7878787879e+00 -2.2121212121e+00 5.2016931045e+00
-1.7878787879e+00 -2.1515151515e+00 5.3295957784e+00
-1.7878787879e+00 -2.0909090909e+00 5.4640911242e+00
-1.7878787879e+00 -2.0303030303e+00 5.6057657174e+00
-1.7878787879e+00 -1.9696969697e+00 5.7552918589e+00
-1.7878787879e+00 -1.9090909091e+00 5.9134466238e+00
-1.7878787879e+00 -1.8484848485e+00 6.0811367529e+00
-1.7878787879e+00 -1.7878787879e+00 6.2594316968e+00
-1.7878787879e+00 -1.7272727273e+00 6.4496082687e+00
-1.7878787879e+00 -1.6666666667e+00 6.6532121945e+00
-1.7878787879e+00 -1.6060606061e+00 6.8721448893e+00
-1.7878787879e+00 -1.5454545455e+00 7.1087890073e+00
-1.7878787879e+00 -1.4848484848e+00 7.3661956300e+00
-1.7878787879e+00 -1.4242424242e+00 7.6483734099e+00
-1.7878787879e+00 -1.3636363636e+00 7.9607545484e+00
-1.7878787879e+00 -1.3030303030e+00 8.3109857179e+00
-1.7878787879e+00 -1.2424242424e+00 8.7103606572e+00
-1.7878787879e+00 -1.1818181818e+00 9.1766427606e+00
-1.7878787879e+00 -1.1212121212e+00 9.7402966329e+00
-1.7878787879e+00 -1.0606060606e+00 1.0460702224e+01
-1.7878787879e+00 -1.0000000000e+00 1.1481117156e+01
-1.7878787879e+00 -9.3939393939e-01 1.3349172534e+01
-1.7878787879e+00 -8.7878787879e-01 1.5276659910e+01
-1.7878787879e+00 -8.1818181818e-01 1.2407677057e+01
-1.7878787879e+00 -7.5757575758e-01 1.1368230288e+01
-1.7878787879e+00 -6.9696969697e-01 1.0747765695e+01
-1.7878787879e+00 -6.3636363636e-01 1.0319295003e+01
-1.7878787879e+00 -5.7575757576e-01 1.0001966831e+01
-1.7878787879e+00 -5.1515151515e-01 9.7577222617e+00
-1.7878787879e+00 -4.5454545455e-01 9.5657041349e+00
-1.7878787879e+00 -3.9393939394e-01 9.4133384967e+00
-1.7878787879e+00 -3.3333333333e-01 9.2925513405e+00
-1.7878787879e+00 -2.7272727273e-01 9.1979413230e+00
-1.7878787879e+00 -2.1212121212e-01 9.1258130725e+00
-1.7878787879e+00 -1.5151515152e-01 9.0736320527e+00
-1.7878787879e+00 -9.0909090909e-02 9.0397047662e+00
-1.7878787879e+00 -3.0303030303e-02 9.0229894800e+00
-1.7878787879e+00 3.0303030303e-02 9.0229894800e+00
-1.7878787879e+00 9.0909090909e-02 9.0397047662e+00
-1.7878787879e+00 1.5151515152e-01 9.0736320527e+00
-1.7878787879e+00 2.1212121212e-01 9.1258130725e+00
-1.7878787879e+00 2.7272727273e-01 9.1979413230e+00
-1.7878787879e+00 3.3333333333e-01 9.2925513405e+00
-1.7878787879e+00 3.9393939394e-01 9.4133384967e+00
-1.7878787879e+00 4.5454545455e-01 9.5657041349e+00
-1.7878787879e+00 5.1515151515e-01 9.7577222617e+00
-1.7878787879e+00 5.7575757576e-01 1.0001966831e+01
-1.7878787879e+00 6.3636363636e-01 1.0319295003e+01
-1.7878787879e+00 6.9696969697e-01 1.0747765695e+01
-1.7878787879e+00 7.5757575758e-01 1.1368230288e+01
-1.7878787879e+00 8.1818181818e-01 1.2407677057e+01
-1.7878787879e+00 8.7878787879e-01 1.5276659910e+01
-1.7878787879e+00 9.3939393939e-01 1.3349172534e+01
-1.7878787879e+00 1.0000000000e+00 1.1481117156e+01
-1.7878787879e+00 1.0606060606e+00 1.0460702224e+01
-1.7878787879e+00 1.1212121212e+00 9.7402966329e+00
-1.7878787879e+00 1.1818181818e+00 9.1766427606e+00
-1.7878787879e+00 1.2424242424e+00 8.7103606572e+00
-1.7878787879e+00 1.3030303030e+00 8.3109857179e+00
-1.7878787879e+00 1.3636363636e+00 7.9607545484e+00
-1.7878787879e+00 1.4242424242e+00 7.6483734099e+00
-1.7878787879e+00 1.4848484848e+00 7.3661956300e+00
-1.7878787879e+00 1.5454545455e+00 7.1087890073e+00
-1.7878787879e+00 1.6060606061e+00 6.8721448893e+00
-1.7878787879e+00 1.6666666667e+00 6.6532121945e+00
-1.7878787879e+00 1.7272727273e+00 6.4496082687e+00
-1.7878787879e+00 1.7878787879e+00 6.2594316968e+00
-1.7878787879e+00 1.8484848485e+00 6.0811367529e+00
-1.7878787879e+00 1.9090909091e+00 5.9134466238e+00
-1.7878787879e+00 1.9696969697e+00 5.7552918589e+00
-1.7878787879e+00 2.0303030303e+00 5.6057657174e+00
-1.7878787879e+00 2.0909090909e+00 5.4640911242e+00
-1.7878787879e+00 2.1515151515e+00 5.3295957784e+00
-1.7878787879e+00 2.2121212121e+00 5.2016931045e+00
-1.7878787879e+00 2.2727272727e+00 5.0798674631e+00
-1.7878787879e+00 2.3333333333e+00 4.9636625180e+00
-1.7878787879e+00 2.3939393939e+00 4.8526719760e+00
-1.7878787879e+00 2.4545454545e+00 4.7465321340e+00
-1.7878787879e+00 2.5151515152e+00 4.6449158197e+00
-1.7878787879e+00 2.5757575758e+00 4.5475274185e+00
-1.7878787879e+00 2.6363636364e+00 4.4540987568e+00
-1.7878787879e+00 2.6969696970e+00 4.3643856658e+00
-1.7878787879e+00 2.7575757576e+00 4.2781650920e+00
-1.7878787879e+00 2.8181818182e+00 4.1952326505e+00
-1.7878787879e+00 2.8787878788e+00 4.1154005391e+00
-1.7878787879e+00 2.9393939394e+00 4.0384957488e+00
-1.7878787879e+00 3.0000000000e+00 3.9643585214e+00

-1.7272727273e+00 -3.0000000000e+00 4.0077263466e+00
-1.7272727273e+00 -2.9393939394e+00 4.0844254863e+00
-1.7272727273e+00 -2.8787878788e+00 4.1641000208e+00
-1.7272727273e+00 -2.8181818182e+00 4.2469317823e+00
-1.7272727273e+00 -2.7575757576e+00 4.3331188507e+00
-1.7272727273e+00 -2.6969696970e+00 4.4228776096e+00
-1.7272727273e+00 -2.6363636364e+00 4.5164451572e+00
-1.7272727273e+00 -2.5757575758e+00 4.6140821500e+00
-1.7272727273e+00 -2.5151515152e+00 4.7160761823e+00
-1.7272727273e+00 -2.4545454545e+00 4.8227458298e+00
-1.7272727273e+00 -2.3939393939e+00 4.9344455278e+00
-1.7272727273e+00 -2.3333333333e+00 5.0515715046e+00
-1.7272727273e+00 -2.2727272727e+00 5.1745690671e+00
-1.7272727273e+00 -2.2121212121e+00 5.3039416333e+00
-1.7272727273e+00 -2.1515151515e+00 5.4402620543e+00
-1.7272727273e+00 -2.0909090909e+00 5.5841869709e+00
-1.7272727273e+00 -2.0303030303e+00 5.7364752560e+00
-1.7272727273e+00 -1.9696969697e+00 5.8980120398e+00
-1.7272727273e+00 -1.9090909091e+00 6.0698405028e+00
-1.7272727273e+00 -1.8484848485e+00 6.2532046854e+00
-1.7272727273e+00 -1.7878787879e+00 6.4496082687e+00
-1.7272727273e+00 -1.7272727273e+00 6.6608970950e+00
-1.7272727273e+00 -1.6666666667e+00 6.8893779887e+00
-1.7272727273e+00 -1.6060606061e+00 7.1379949515e+00
-1.7272727273e+00 -1.5454545455e+00 7.4105996153e+00
-1.7272727273e+00 -1.4848484848e+00 7.7123838592e+00
-1.7272727273e+00 -1.4242424242e+00 8.0506074711e+00
-1.7272727273e+00 -1.3636363636e+00 8.4359012389e+00
-1.7272727273e+00 -1.3030303030e+00 8.8847965380e+00
-1.7272727273e+00 -1.2424242424e+00 9.4251971831e+00
-1.7272727273e+00 -1.1818181818e+00 1.0110191622e+01
-1.7272727273e+00 -1.1212121212e+00 1.1062517750e+01
-1.7272727273e+00 -1.0606060606e+00 1.2703906630e+01
-1.7272727273e+00 -1.0000000000e+00 1.6711967511e+01
-1.7272727273e+00 -9.3939393939e-01 1.2407677054e+01
-1.7272727273e+00 -8.7878787879e-01 1.1249293792e+01
-1.7272727273e+00 -8.1818181818e-01 1.0580071453e+01
-1.7272727273e+00 -7.5757575758e-01 1.0122261686e+01
-1.7272727273e+00 -6.9696969697e-01 9.7832609533e+00
-1.7272727273e+00 -6.3636363636e-01 9.5208023563e+00
-1.7272727273e+00 -5.7575757576e-01 9.3121090373e+00
-1.7272727273e+00 -5.1515151515e-01 9.1435643110e+00
-1.7272727273e+00 -4.5454545455e-01 9.0064356788e+00
-1.7272727273e+00 -3.9393939394e-01 8.8948416952e+00
-1.7272727273e+00 -3.3333333333e-01 8.8046855910e+00
-1.7272727273e+00 -2.7272727273e-01 8.7330540311e+00
-1.7272727273e+00 -2.1212121212e-01 8.6778595424e+00
-1.7272727273e+00 -1.5151515152e-01 8.6376198671e+00
-1.7272727273e+00 -9.0909090909e-02 8.6113192578e+00
-1.7272727273e+00 -3.0303030303e-02 8.5983220325e+00
-1.7272727273e+00 3.0303030303e-02 8.5983220325e+00
-1.7272727273e+00 9.0909090909e-02 8.6113192578e+00
-1.7272727273e+00 1.5151515152e-01 8.6376198671e+00
-1.7272727273e+00 2.1212121212e-01 8.6778595424e+00
-1.7272727273e+00 2.7272727273e-01 8.7330540311e+00
-1.7272727273e+00 3.3333333333e-01 8.8046855910e+00
-1.7272727273e+00 3.9393939394e-01 8.8948416952e+00
-1.7272727273e+00 4.5454545455e-01 9.0064356788e+00
-1.7272727273e+00 5.1515151515e-01 9.1435643110e+00
-1.7272727273e+00 5.7575757576e-01 9.3121090373e+00
-1.7272727273e+00 6.3636363636e-01 9.5208023563e+00
-1.7272727273e+00 6.9696969697e-01 9.7832609533e+00
-1.7272727273e+00 7.5757575758e-01 1.0122261686e+01
-1.7272727273e+00 8.1818181818e-01 1.0580071453e+01
-1.7272727273e+00 8.7878787879e-01 1.1249293792e+01
-1.7272727273e+00 9.3939393939e-01 1.2407677054e+01
-1.7272727273e+00 1.0000000000e+00 1.6711967511e+01
-1.7272727273e+00 1.0606060606e+00 1.2703906630e+01
-1.7272727273e+00 1.1212121212e+00 1.1062517750e+01
-1.7272727273e+00 1.1818181818e+00 1.0110191622e+01
-1.7272727273e+00 1.2424242424e+00 9.4251971831e+00
-1.7272727273e+00 1.3030303030e+00 8.8847965380e+00
-1.7272727273e+00 1.3636363636e+00 8.4359012389e+00
-1.7272727273e+00 1.4242424242e+00 8.0506074711e+00
-1.7272727273e+00 1.4848484848e+00 7.7123838592e+00
-1.7272727273e+00 1.5454545455e+00 7.4105996153e+00
-1.7272727273e+00 1.6060606061e+00 7.1379949515e+00
-1.7272727273e+00 1.6666666667e+00 6.8893779887e+00
-1.7272727273e+00 1.7272727273e+00 6.6608970950e+00
-1.7272727273e+00 1.7878787879e+00 6.4496082687e+00
-1.7272727273e+00 1.8484848485e+00 6.2532046854e+00
-1.7272727273e+00 1.9090909091e+00 6.0698405028e+00
-1.7272727273e+00 1.9696969697e+00 5.8980120398e+00
-1.7272727273e+00 2.0303030303e+00 5.7364752560e+00
-1.7272727273e+00 2.0909090909e+00 5.5841869709e+00
-1.7272727273e+00 2.1515151515e+00 5.4402620543e+00
-1.7272727273e+00 2.2121212121e+00 5.3039416333e+00
-1.7272727273e+00 2.2727272727e+00 5.1745690671e+00
-1.7272727273e+00 2.3333333333e+00 5.0515715046e+00
-1.7272727273e+00 2.3939393939e+00 4.9344455278e+00
-1.7272727273e+00 2.4545454545e+00 4.8227458298e+00
-1.7272727273e+00 2.5151515152e+00 4.7160761823e+00
-1.7272727273e+00 2.5757575758e+00 4.6140821500e+00
-1.7272727273e+00 2.6363636364e+00 4.5164451572e+00
-1.7272727273e+00 2.6969696970e+00 4.4228776096e+00
-1.7272727273e+00 2.7575757576e+00 4.3331188507e+00
-1.7272727273e+00 2.8181818182e+00 4.2469317823e+00
-1.7272727273e+00 2.8787878788e+00 4.1641000208e+00
-1.7272727273e+00 2.9393939394e+00 4.0844254863e+00
-1.7272727273e+00 3.0000000000e+00 4.0077263466e+00

-1.6666666667e+00 -3.0000000000e+00 4.0510077302e+00
-1.6666666667e+00 -2.9393939394e+00 4.1303267032e+00
-1.6666666667e+00 -2.8787878788e+00 4.2128407040e+00
-1.6666666667e+00 -2.8181818182e+00 4.2987558960e+00
-1.6666666667e+00 -2.7575757576e+00 4.3882981677e+00
-1.6666666667e+00 -2.6969696970e+00 4.4817158187e+00
-1.6666666667e+00 -2.6363636364e+00 4.5792827433e+00
-1.6666666667e+00 -2.5757575758e+00 4.6813022293e+00
-1.6666666667e+00 -2.5151515152e+00 4.7881115252e+00
-1.6666666667e+00 -2.4545454545e+00 4.9000873776e+00
-1.6666666667e+00 -2.3939393939e+00 5.0176528021e+00
-1.6666666667e+00 -2.3333333333e+00 5.1412854433e+00
-1.6666666667e+00 -2.2727272727e+00 5.2715280029e+00
-1.6666666667e+00 -2.2121212121e+00 5.4090013959e+00
-1.6666666667e+00 -2.1515151515e+00 5.5544215533e+00
-1.6666666667e+00 -2.0909090909e+00 5.7086211754e+00
-1.6666666667e+00 -2.0303030303e+00 5.8725783188e+00
-1.6666666667e+00 -1.9696969697e+00 6.0474545952e+00
-1.6666666667e+00 -1.9090909091e+00 6.2346471736e+00
-1.6666666667e+00 -1.8484848485e+00 6.4358610845e+00
-1.6666666667e+00 -1.7878787879e+00 6.6532121945e+00
-1.6666666667e+00 -1.7272727273e+00 6.8893779887e+00
-1.6666666667e+00 -1.6666666667e+00 7.1478256221e+00
-1.6666666667e+00 -1.6060606061e+00 7.4331703481e+00
-1.6666666667e+00 -1.5454545455e+00 7.7517656146e+00
-1.6666666667e+00 -1.4848484848e+00 8.1127318448e+00
-1.6666666667e+00 -1.4242424242e+00 8.5298853555e+00
-1.6666666667e+00 -1.3636363636e+00 9.0257187695e+00
-1.6666666667e+00 -1.3030303030e+00 9.6407832946e+00
-1.6666666667e+00 -1.2424242424e+00 1.0460702224e+01
-1.6666666667e+00 -1.1818181818e+00 1.1726443990e+01
-1.6666666667e+00 -1.1212121212e+00 1.5004363312e+01
-1.6666666667e+00 -1.0606060606e+00 1.3032232728e+01
-1.6666666667e+00 -1.0000000000e+00 1.1430671865e+01
-1.6666666667e+00 -9.3939393939e-01 1.0620574748e+01
-1.6666666667e+00 -8.7878787879e-01 1.0091422711e+01
-1.6666666667e+00 -8.1818181818e-01 9.7077242022e+00
-1.6666666667e+00 -7.5757575758e-01 9.4133384967e+00
-1.6666666667e+00 -6.9696969697e-01 9.1796246594e+00
-1.6666666667e+00 -6.3636363636e-01 8.9900404018e+00
-1.6666666667e+00 -5.7575757576e-01 8.8342089011e+00
-1.6666666667e+00 -5.1515151515e-01 8.7052308430e+00
-1.6666666667e+00 -4.5454545455e-01 8.5983220325e+00
-1.6666666667e+00 -3.9393939394e-01 8.5100635205e+00
-1.6666666667e+00 -3.3333333333e-01 8.4379622172e+00
-1.6666666667e+00 -2.7272727273e-01 8.3801808258e+00
-1.6666666667e+00 -2.1212121212e-01 8.3353658744e+00
-1.6666666667e+00 -1.5151515152e-01 8.3025356935e+00
-1.6666666667e+00 -9.0909090909e-02 8.2810069432e+00
-1.6666666667e+00 -3.0303030303e-02 8.2703473297e+00
-1.6666666667e+00 3.0303030303e-02 8.2703473297e+00
-1.6666666667e+00 9.0909090909e-02 8.2810069432e+00
-1.6666666667e+00 1.5151515152e-01 8.3025356935e+00
-1.6666666667e+00 2.1212121212e-01 8.3353658744e+00
-1.6666666667e+00 2.7272727273e-01 8.3801808258e+00
-1.6666666667e+00 3.3333333333e-01 8.4379622172e+00
-1.6666666667e+00 3.9393939394e-01 8.5100635205e+00
-1.6666666667e+00 4.5454545455e-01 8.5983220325e+00
-1.6666666667e+00 5.1515151515e-01 8.7052308430e+00
-1.6666666667e+00 5.7575757576e-01 8.8342089011e+00
-1.6666666667e+00 6.3636363636e-01 8.9900404018e+00
-1.6666666667e+00 6.9696969697e-01 9.1796246594e+00
-1.6666666667e+00 7.5757575758e-01 9.4133384967e+00
-1.6666666667e+00 8.1818181818e-01 9.7077242022e+00
-1.6666666667e+00 8.7878787879e-01 1.0091422711e+01
-1.6666666667e+00 9.3939393939e-01 1.0620574748e+01
-1.6666666667e+00 1.0000000000e+00 1.1430671865e+01
-1.6666666667e+00 1.0606060606e+00 1.3032232728e+01
-1.6666666667e+00 1.1212121212e+00 1.5004363312e+01
-1.6666666667e+00 1.1818181818e+00 1.1726443990e+01
-1.6666666667e+00 1.2424242424e+00 1.0460702224e+01
-1.6666666667e+00 1.3030303030e+00 9.6407832946e+00
-1.6666666667e+00 1.3636363636e+00 9.0257187695e+00
-1.6666666667e+00 1.4242424242e+00 8.5298853555e+00
-1.6666666667e+00 1.4848484848e+00 8.1127318448e+00
-1.6666666667e+00 1.5454545455e+00 7.7517656146e+00
-1.6666666667e+00 1.6060606061e+00 7.4331703481e+00
-1.6666666667e+00 1.6666666667e+00 7.1478256221e+00
-1.6666666667e+00 1.7272727273e+00 6.8893779887e+00
-1.6666666667e+00 1.7878787879e+00 6.6532121945e+00
-1.6666666667e+00 1.8484848485e+00 6.4358610845e+00
-1.6666666667e+00 1.9090909091e+00 6.2346471736e+00
-1.6666666667e+00 1.9696969697e+00 6.0474545952e+00
-1.6666666667e+00 2.0303030303e+00 5.8725783188e+00
-1.6666666667e+00 2.0909090909e+00 5.7086211754e+00
-1.6666666667e+00 2.1515151515e+00 5.5544215533e+00
-1.6666666667e+00 2.2121212121e+00 5.4090013959e+00
-1.6666666667e+00 2.2727272727e+00 5.2715280029e+00
-1.6666666667e+00 2.3333333333e+00 5.1412854433e+00
-1.6666666667e+00 2.3939393939e+00 5.0176528021e+00
-1.6666666667e+00 2.4545454545e+00 4.9000873776e+00
-1.6666666667e+00 2.5151515152e+00 4.7881115252e+00
-1.6666666667e+00 2.5757575758e+00 4.6813022293e+00
-1.6666666667e+00 2.6363636364e+00 4.5792827433e+00
-1.6666666667e+00 2.6969696970e+00 4.4817158187e+00
-1.6666666667e+00 2.7575757576e+00 4.3882981677e+00
-1.6666666667e+00 2.8181818182e+00 4.2987558960e+00
-1.6666666667e+00 2.8787878788e+00 4.2128407040e+00
-1.6666666667e+00 2.9393939394e+00 4.1303267032e+00
-1.6666666667e+00 3.0000000000e+00 4.0510077302e+00

-1.6060606061e+00 -3.0000000000e+00 4.0941297276e+00
-1.6060606061e+00 -2.9393939394e+00 4.1761226156e+00
-1.6060606061e+00 -2.8787878788e+00 4.2615420882e+00
-1.6060606061e+00 -2.8181818182e+00 4.3506210408e+00
-1.6060606061e+00 -2.7575757576e+00 4.4436161072e+00
-1.6060606061e+00 -2.6969696970e+00 4.5408111150e+00
-1.6060606061e+00 -2.6363636364e+00 4.6425212224e+00
-1.6060606061e+00 -2.5757575758e+00 4.7490979087e+00
-1.6060606061e+00 -2.5151515152e+00 4.8609350465e+00
-1.6060606061e+00 -2.4545454545e+00 4.9784763542e+00
-1.6060606061e+00 -2.3939393939e+00 5.1022246352e+00
-1.6060606061e+00 -2.3333333333e+00 5.2327533535e+00
-1.6060606061e+00 -2.2727272727e+00 5.3707213053e+00
-1.6060606061e+00 -2.2121212121e+00 5.5168914560e+00
-1.6060606061e+00 -2.1515151515e+00 5.6721554657e+00
-1.6060606061e+00 -2.0909090909e+00 5.8375661259e+00
-1.6060606061e+00 -2.0303030303e+00 6.0143810132e+00
-1.6060606061e+00 -1.9696969697e+00 6.2041224038e+00
-1.6060606061e+00 -1.9090909091e+00 6.4086613568e+00
-1.6060606061e+00 -1.8484848485e+00 6.6303387690e+00
-1.6060606061e+00 -1.7878787879e+00 6.8721448893e+00
-1.6060606061e+00 -1.7272727273e+00 7.1379949515e+00
-1.6060606061e+00 -1.6666666667e+00 7.4331703481e+00
-1.6060606061e+00 -1.6060606061e+00 7.7650614382e+00
-1.6060606061e+00 -1.5454545455e+00 8.1444997996e+00
-1.6060606061e+00 -1.4848484848e+00 8.5883502578e+00
-1.6060606061e+00 -1.4242424242e+00 9.1251366228e+00
-1.6060606061e+00 -1.3636363636e+00 9.8093168854e+00
-1.6060606061e+00 -1.3030303030e+00 1.0767662009e+01
-1.6060606061e+00 -1.2424242424e+00 1.2443707209e+01
-1.6060606061e+00 -1.1818181818e+00 1.5764146229e+01
-1.6060606061e+00 -1.1212121212e+00 1.2023101176e+01
-1.6060606061e+00 -1.0606060606e+00 1.0884443054e+01
-1.6060606061e+00 -1.0000000000e+00 1.0218086763e+01
-1.6060606061e+00 -9.3939393939e-01 9.7577222617e+00
-1.6060606061e+00 -8.7878787879e-01 9.4133384967e+00
-1.6060606061e+00 -8.1818181818e-01 9.1435643110e+00
-1.6060606061e+00 -7.5757575758e-01 8.9259880687e+00
-1.6060606061e+00 -6.9696969697e-01 8.7471395731e+00
-1.6060606061e+00 -6.3636363636e-01 8.5983220325e+00
-1.6060606061e+00 -5.7575757576e-01 8.4736222507e+00
-1.6060606061e+00 -5.1515151515e-01 8.3688626288e+00
-1.6060606061e+00 -4.5454545455e-01 8.2810069432e+00
-1.6060606061e+00 -3.9393939394e-01 8.2078036323e+00
-1.6060606061e+00 -3.3333333333e-01 8.1475618829e+00
-1.6060606061e+00 -2.7272727273e-01 8.0990061542e+00
-1.6060606061e+00 -2.1212121212e-01 8.0611792852e+00
-1.6060606061e+00 -1.5151515152e-01 8.0333770478e+00
-1.6060606061e+00 -9.0909090909e-02 8.0151039725e+00
-1.6060606061e+00 -3.0303030303e-02 8.0060442909e+00
-1.6060606061e+00 3.0303030303e-02 8.0060442909e+00
-1.6060606061e+00 9.0909090909e-02 8.0151039725e+00
-1.6060606061e+00 1.5151515152e-01 8.0333770478e+00
-1.6060606061e+00 2.1212121212e-01 8.0611792852e+00
-1.6060606061e+00 2.7272727273e-01 8.0990061542e+00
-1.6060606061e+00 3.3333333333e-01 8.1475618829e+00
-1.6060606061e+00 3.9393939394e-01 8.2078036323e+00
-1.6060606061e+00 4.5454545455e-01 8.2810069432e+00
-1.6060606061e+00 5.1515151515e-01 8.3688626288e+00
-1.6060606061e+00 5.7575757576e-01 8.4736222507e+00
-1.6060606061e+00 6.3636363636e-01 8.5983220325e+00
-1.6060606061e+00 6.9696969697e-01 8.7471395731e+00
-1.6060606061e+00 7.5757575758e-01 8.9259880687e+00
-1.6060606061e+00 8.1818181818e-01 9.1435643110e+00
-1.6060606061e+00 8.7878787879e-01 9.4133384967e+00
-1.6060606061e+00 9.3939393939e-01 9.7577222617e+00
-1.6060606061e+00 1.0000000000e+00 1.0218086763e+01
-1.6060606061e+00 1.0606060606e+00 1.0884443054e+01
-1.6060606061e+00 1.1212121212e+00 1.2023101176e+01
-1.6060606061e+00 1.1818181818e+00 1.5764146229e+01
-1.6060606061e+00 1.2424242424e+00 1.2443707209e+01
-1.6060606061e+00 1.3030303030e+00 1.0767662009e+01
-1.6060606061e+00 1.3636363636e+00 9.8093168854e+00
-1.6060606061e+00 1.4242424242e+00 9.1251366228e+00
-1.6060606061e+00 1.4848484848e+00 8.5883502578e+00
-1.6060606061e+00 1.5454545455e+00 8.1444997996e+00
-1.6060606061e+00 1.6060606061e+00 7.7650614382e+00
-1.6060606061e+00 1.6666666667e+00 7.4331703481e+00
-1.6060606061e+00 1.7272727273e+00 7.1379949515e+00
-1.6060606061e+00 1.7878787879e+00 6.8721448893e+00
-1.6060606061e+00 1.8484848485e+00 6.6303387690e+00
-1.6060606061e+00 1.9090909091e+00 6.4086613568e+00
-1.6060606061e+00 1.9696969697e+00 6.2041224038e+00
-1.6060606061e+00 2.0303030303e+00 6.0143810132e+00
-1.6060606061e+00 2.0909090909e+00 5.8375661259e+00
-1.6060606061e+00 2.1515151515e+00 5.6721554657e+00
-1.6060606061e+00 2.2121212121e+00 5.5168914560e+00
-1.6060606061e+00 2.2727272727e+00 5.3707213053e+00
-1.6060606061e+00 2.3333333333e+00 5.2327533535e+00
-1.6060606061e+00 2.3939393939e+00 5.1022246352e+00
-1.6060606061e+00 2.4545454545e+00 4.9784763542e+00
-1.6060606061e+00 2.5151515152e+00 4.8609350465e+00
-1.6060606061e+00 2.5757575758e+00 4.7490979087e+00
-1.6060606061e+00 2.6363636364e+00 4.6425212224e+00
-1.6060606061e+00 2.6969696970e+00 4.5408111150e+00
-1.6060606061e+00 2.7575757576e+00 4.4436161072e+00
-1.6060606061e+00 2.8181818182e+00 4.3506210408e+00
-1.6060606061e+00 2.8787878788e+00 4.2615420882e+00
-1.6060606061e+00 2.9393939394e+00 4.1761226156e+00
-1.6060606061e+00 3.0000000000e+00 4.0941297276e+00

-1.5454545455e+00 -3.0000000000e+00 4.1370140995e+00
-1.5454545455e+00 -2.9393939394e+00 4.2217303751e+00
-1.5454545455e+00 -2.8787878788e+00 4.3101167364e+00
-1.5454545455e+00 -2.8181818182e+00 4.4024353461e+00
-1.5454545455e+00 -2.7575757576e+00 4.4989767141e+00
-1.5454545455e+00 -2.6969696970e+00 4.6000640844e+00
-1.5454545455e+00 -2.6363636364e+00 4.7060587392e+00
-1.5454545455e+00 -2.5757575758e+00 4.8173664680e+00
-1.5454545455e+00 -2.5151515152e+00 4.9344455278e+00
-1.5454545455e+00 -2.4545454545e+00 5.0578165385e+00
-1.5454545455e+00 -2.3939393939e+00 5.1880749157e+00
-1.5454545455e+00 -2.3333333333e+00 5.3259066800e+00
-1.5454545455e+00 -2.2727272727e+00 5.4721088244e+00
-1.5454545455e+00 -2.2121212121e+00 5.6276159344e+00
-1.5454545455e+00 -2.1515151515e+00 5.7935355463e+00
-1.5454545455e+00 -2.0909090909e+00 5.9711959641e+00
-1.5454545455e+00 -2.0303030303e+00 6.1622122513e+00
-1.5454545455e+00 -1.9696969697e+00 6.3685794369e+00
-1.5454545455e+00 -1.9090909091e+00 6.5928077030e+00
-1.5454545455e+00 -1.8484848485e+00 6.8381246290e+00
-1.5454545455e+00 -1.7878787879e+00 7.1087890073e+00
-1.5454545455e+00 -1.7272727273e+00 7.4105996153e+00
-1.5454545455e+00 -1.6666666667e+00 7.7517656146e+00
-1.5454545455e+00 -1.6060606061e+00 8.1444997996e+00
-1.5454545455e+00 -1.5454545455e+00 8.6082032823e+00
-1.5454545455e+00 -1.4848484848e+00 9.1766427606e+00
-1.5454545455e+00 -1.4242424242e+00 9.9172277687e+00
-1.5454545455e+00 -1.3636363636e+00 1.1000166391e+01
-1.5454545455e+00 -1.3030303030e+00 1.3168044856e+01
-1.5454545455e+00 -1.2424242424e+00 1.3737202230e+01
-1.5454545455e+00 -1.1818181818e+00 1.1495273961e+01
-1.5454545455e+00 -1.1212121212e+00 1.0540448146e+01
-1.5454545455e+00 -1.0606060606e+00 9.9447223108e+00
-1.5454545455e+00 -1.0000000000e+00 9.5208023563e+00
-1.5454545455e+00 -9.3939393939e-01 9.1979413230e+00
-1.5454545455e+00 -8.7878787879e-01 8.9417772951e+00
-1.5454545455e+00 -8.1818181818e-01 8.7330540311e+00
-1.5454545455e+00 -7.5757575758e-01 8.5599248895e+00
-1.5454545455e+00 -6.9696969697e-01 8.4146073667e+00
-1.5454545455e+00 -6.3636363636e-01 8.2917361089e+00
-1.5454545455e+00 -5.7575757576e-01 8.1874752931e+00
-1.5454545455e+00 -5.1515151515e-01 8.0990061542e+00
-1.5454545455e+00 -4.5454545455e-01 8.0242147090e+00
-1.5454545455e+00 -3.9393939394e-01 7.9614931366e+00
-1.5454545455e+00 -3.3333333333e-01 7.9096090846e+00
-1.5454545455e+00 -2.7272727273e-01 7.8676174025e+00
-1.5454545455e+00 -2.1212121212e-01 7.8347994497e+00
-1.5454545455e+00 -1.5151515152e-01 7.8106210232e+00
-1.5454545455e+00 -9.0909090909e-02 7.7947033658e+00
-1.5454545455e+00 -3.0303030303e-02 7.7868037925e+00
-1.5454545455e+00 3.0303030303e-02 7.7868037925e+00
-1.5454545455e+00 9.0909090909e-02 7.7947033658e+00
-1.5454545455e+00 1.5151515152e-01 7.8106210232e+00
-1.5454545455e+00 2.1212121212e-01 7.8347994497e+00
-1.5454545455e+00 2.7272727273e-01 7.8676174025e+00
-1.5454545455e+00 3.3333333333e-01 7.9096090846e+00
-1.5454545455e+00 3.9393939394e-01 7.9614931366e+00
-1.5454545455e+00 4.5454545455e-01 8.0242147090e+00
-1.5454545455e+00 5.1515151515e-01 8.0990061542e+00
-1.5454545455e+00 5.7575757576e-01 8.1874752931e+00
-1.5454545455e+00 6.3636363636e-01 8.2917361089e+00
-1.5454545455e+00 6.9696969697e-01 8.4146073667e+00
-1.5454545455e+00 7.5757575758e-01 8.5599248895e+00
-1.5454545455e+00 8.1818181818e-01 8.7330540311e+00
-1.5454545455e+00 8.7878787879e-01 8.9417772951e+00
-1.5454545455e+00 9.3939393939e-01 9.1979413230e+00
-1.5454545455e+00 1.0000000000e+00 9.5208023563e+00
-1.5454545455e+00 1.0606060606e+00 9.9447223108e+00
-1.5454545455e+00 1.1212121212e+00 1.0540448146e+01
-1.5454545455e+00 1.1818181818e+00 1.1495273961e+01
-1.5454545455e+00 1.2424242424e+00 1.3737202230e+01
-1.5454545455e+00 1.3030303030e+00 1.3168044856e+01
-1.5454545455e+00 1.3636363636e+00 1.1000166391e+01
-1.5454545455e+00 1.4242424242e+00 9.9172277687e+00
-1.5454545455e+00 1.4848484848e+00 9.1766427606e+00
-1.5454545455e+00 1.5454545455e+00 8.6082032823e+00
-1.5454545455e+00 1.6060606061e+00 8.1444997996e+00
-1.5454545455e+00 1.6666666667e+00 7.7517656146e+00
-1.5454545455e+00 1.7272727273e+00 7.4105996153e+00
-1.5454545455e+00 1.7878787879e+00 7.1087890073e+00
-1.5454545455e+00 1.8484848485e+00 6.8381246290e+00
-1.5454545455e+00 1.9090909091e+00 6.5928077030e+00
-1.5454545455e+00 1.9696969697e+00 6.3685794369e+00
-1.5454545455e+00 2.0303030303e+00 6.1622122513e+00
-1.5454545455e+00 2.0909090909e+00 5.9711959641e+00
-1.5454545455e+00 2.1515151515e+00 5.7935355463e+00
-1.5454545455e+00 2.2121212121e+00 5.6276159344e+00
-1.5454545455e+00 2.2727272727e+00 5.4721088244e+00
-1.5454545455e+00 2.3333333333e+00 5.3259066800e+00
-1.5454545455e+00 2.3939393939e+00 5.1880749157e+00
-1.5454545455e+00 2.4545454545e+00 5.0578165385e+00
-1.5454545455e+00 2.5151515152e+00 4.9344455278e+00
-1.5454545455e+00 2.5757575758e+00 4.8173664680e+00
-1.5454545455e+00 2.6363636364e+00 4.7060587392e+00
-1.5454545455e+00 2.6969696970e+00 4.6000640844e+00
-1.5454545455e+00 2.7575757576e+00 4.4989767141e+00
-1.5454545455e+00 2.8181818182e+00 4.4024353461e+00
-1.5454545455e+00 2.8787878788e+00 4.3101167364e+00
-1.5454545455e+00 2.9393939394e+00 4.2217303751e+00
-1.5454545455e+00 3.0000000000e+00 4.1370140995e+00

-1.4848484848e+00 -3.0000000000e+00 4.1795772765e+00
-1.4848484848e+00 -2.9393939394e+00 4.2670609763e+00
-1.4848484848e+00 -2.8787878788e+00 4.3584701075e+00
-1.4848484848e+00 -2.8181818182e+00 4.4540987568e+00
-1.4848484848e+00 -2.7575757576e+00 4.5542746232e+00
-1.4848484848e+00 -2.6969696970e+00 4.6593645241e+00
-1.4848484848e+00 -2.6363636364e+00 4.7697811199e+00
-1.4848484848e+00 -2.5757575758e+00 4.8859912012e+00
-1.4848484848e+00 -2.5151515152e+00 5.0085260059e+00
-1.4848484848e+00 -2.4545454545e+00 5.1379942035e+00
-1.4848484848e+00 -2.3939393939e+00 5.2750984361e+00
-1.4848484848e+00 -2.3333333333e+00 5.4206566677e+00
-1.4848484848e+00 -2.2727272727e+00 5.5756301507e+00
-1.4848484848e+00 -2.2121212121e+00 5.7411606609e+00
-1.4848484848e+00 -2.1515151515e+00 5.9186209917e+00
-1.4848484848e+00 -2.0909090909e+00 6.1096848608e+00
-1.4848484848e+00 -2.0303030303e+00 6.3164260088e+00
-1.4848484848e+00 -1.9696969697e+00 6.5414625533e+00
-1.4848484848e+00 -1.9090909091e+00 6.7881740571e+00
-1.4848484848e+00 -1.8484848485e+00 7.0610404389e+00
-1.4848484848e+00 -1.7878787879e+00 7.3661956300e+00
-1.4848484848e+00 -1.7272727273e+00 7.7123838592e+00
-1.4848484848e+00 -1.6666666667e+00 8.1127318448e+00
-1.4848484848e+00 -1.6060606061e+00 8.5883502578e+00
-1.4848484848e+00 -1.5454545455e+00 9.1766427606e+00
-1.4848484848e+00 -1.4848484848e+00 9.9544474903e+00
-1.4848484848e+00 -1.4242424242e+00 1.1126765542e+01
-1.4848484848e+00 -1.3636363636e+00 1.3767712605e+01
-1.4848484848e+00 -1.3030303030e+00 1.3032234815e+01
-1.4848484848e+00 -1.2424242424e+00 1.1192561352e+01
-1.4848484848e+00 -1.1818181818e+00 1.0319295003e+01
-1.4848484848e+00 -1.1212121212e+00 9.7577222617e+00
-1.4848484848e+00 -1.0606060606e+00 9.3518973652e+00
-1.4848484848e+00 -1.0000000000e+00 9.0397047662e+00
-1.4848484848e+00 -9.3939393939e-01 8.7901145831e+00
-1.4848484848e+00 -8.7878787879e-01 8.5854248626e+00
-1.4848484848e+00 -8.1818181818e-01 8.4146073667e+00
-1.4848484848e+00 -7.5757575758e-01 8.2703473297e+00
-1.4848484848e+00 -6.9696969697e-01 8.1475618829e+00
-1.4848484848e+00 -6.3636363636e-01 8.0425915453e+00
-1.4848484848e+00 -5.7575757576e-01 7.9527287560e+00
-1.4848484848e+00 -5.1515151515e-01 7.8759281733e+00
-1.4848484848e+00 -4.5454545455e-01 7.8106210232e+00
-1.4848484848e+00 -3.9393939394e-01 7.7555920264e+00
-1.4848484848e+00 -3.3333333333e-01 7.7098955849e+00
-1.4848484848e+00 -2.7272727273e-01 7.6727975342e+00
-1.4848484848e+00 -2.1212121212e-01 7.6437341292e+00
-1.4848484848e+00 -1.5151515152e-01 7.6222830538e+00
-1.4848484848e+00 -9.0909090909e-02 7.6081431293e+00
-1.4848484848e+00 -3.0303030303e-02 7.6011205915e+00
-1.4848484848e+00 3.0303030303e-02 7.6011205915e+00
-1.4848484848e+00 9.0909090909e-02 7.6081431293e+00
-1.4848484848e+00 1.5151515152e-01 7.6222830538e+00
-1.4848484848e+00 2.1212121212e-01 7.6437341292e+00
-1.4848484848e+00 2.7272727273e-01 7.6727975342e+00
-1.4848484848e+00 3.3333333333e-01 7.7098955849e+00
-1.4848484848e+00 3.9393939394e-01 7.7555920264e+00
-1.4848484848e+00 4.5454545455e-01 7.8106210232e+00
-1.4848484848e+00 5.1515151515e-01 7.8759281733e+00
-1.4848484848e+00 5.7575757576e-01 7.9527287560e+00
-1.4848484848e+00 6.3636363636e-01 8.0425915453e+00
-1.4848484848e+00 6.9696969697e-01 8.1475618829e+00
-1.4848484848e+00 7.5757575758e-01 8.2703473297e+00
-1.4848484848e+00 8.1818181818e-01 8.4146073667e+00
-1.4848484848e+00 8.7878787879e-01 8.5854248626e+00
-1.4848484848e+00 9.3939393939e-01 8.7901145831e+00
-1.4848484848e+00 1.0000000000e+00 9.0397047662e+00
-1.4848484848e+00 1.0606060606e+00 9.3518973652e+00
-1.4848484848e+00 1.1212121212e+00 9.7577222617e+00
-1.4848484848e+00 1.1818181818e+00 1.0319295003e+01
-1.4848484848e+00 1.2424242424e+00 1.1192561352e+01
-1.4848484848e+00 1.3030303030e+00 1.3032234815e+01
-1.4848484848e+00 1.3636363636e+00 1.3767712605e+01
-1.4848484848e+00 1.4242424242e+00 1.1126765542e+01
-1.4848484848e+00 1.4848484848e+00 9.9544474903e+00
-1.4848484848e+00 1.5454545455e+00 9.1766427606e+00
-1.4848484848e+00 1.6060606061e+00 8.5883502578e+00
-1.4848484848e+00 1.6666666667e+00 8.1127318448e+00
-1.4848484848e+00 1.7272727273e+00 7.7123838592e+00
-1.4848484848e+00 1.7878787879e+00 7.3661956300e+00
-1.4848484848e+00 1.8484848485e+00 7.0610404389e+00
-1.4848484848e+00 1.9090909091e+00 6.7881740571e+00
-1.4848484848e+00 1.9696969697e+00 6.5414625533e+00
-1.4848484848e+00 2.0303030303e+00 6.3164260088e+00
-1.4848484848e+00 2.0909090909e+00 6.1096848608e+00
-1.4848484848e+00 2.1515151515e+00 5.9186209917e+00
-1.4848484848e+00 2.2121212121e+00 5.7411606609e+00
-1.4848484848e+00 2.2727272727e+00 5.5756301507e+00
-1.4848484848e+00 2.3333333333e+00 5.4206566677e+00
-1.4848484848e+00 2.3939393939e+00 5.2750984361e+00
-1.4848484848e+00 2.4545454545e+00 5.1379942035e+00
-1.4848484848e+00 2.5151515152e+00 5.0085260059e+00
-1.4848484848e+00 2.5757575758e+00 4.8859912012e+00
-1.4848484848e+00 2.6363636364e+00 4.7697811199e+00
-1.4848484848e+00 2.6969696970e+00 4.6593645241e+00
-1.4848484848e+00 2.7575757576e+00 4.5542746232e+00
-1.4848484848e+00 2.8181818182e+00 4.4540987568e+00
-1.4848484848e+00 2.8787878788e+00 4.3584701075e+00
-1.4848484848e+00 2.9393939394e+00 4.2670609763e+00
-1.4848484848e+00 3.0000000000e+00 4.1795772765e+00

-1.4242424242e+00 -3.0000000000e+00 4.2217303751e+00
-1.4242424242e+00 -2.9393939394e+00 4.3120192204e+00
-1.4242424242e+00 -2.8787878788e+00 4.4065004482e+00
-1.4242424242e+00 -2.8181818182e+00 4.5055028289e+00
-1.4242424242e+00 -2.7575757576e+00 4.6093947269e+00
-1.4242424242e+00 -2.6969696970e+00 4.7185909434e+00
-1.4242424242e+00 -2.6363636364e+00 4.8335611544e+00
-1.4242424242e+00 -2.5757575758e+00 4.9548404208e+00
-1.4242424242e+00 -2.5151515152e+00 5.0830424229e+00
-1.4242424242e+00 -2.4545454545e+00 5.2188763290e+00
-1.4242424242e+00 -2.3939393939e+00 5.3631685818e+00
-1.4242424242e+00 -2.3333333333e+00 5.5168914560e+00
-1.4242424242e+00 -2.2727272727e+00 5.6812011090e+00
-1.4242424242e+00 -2.2121212121e+00 5.8574892265e+00
-1.4242424242e+00 -2.1515151515e+00 6.0474545952e+00
-1.4242424242e+00 -2.0909090909e+00 6.2532046854e+00
-1.4242424242e+00 -2.0303030303e+00 6.4774038395e+00
-1.4242424242e+00 -1.9696969697e+00 6.7234964991e+00
-1.4242424242e+00 -1.9090909091e+00 6.9960564947e+00
-1.4242424242e+00 -1.8484848485e+00 7.3013592260e+00
-1.4242424242e+00 -1.7878787879e+00 7.6483734099e+00
-1.4242424242e+00 -1.7272727273e+00 8.0506074711e+00
-1.4242424242e+00 -1.6666666667e+00 8.5298853555e+00
-1.4242424242e+00 -1.6060606061e+00 9.1251366228e+00
-1.4242424242e+00 -1.5454545455e+00 9.9172277687e+00
-1.4242424242e+00 -1.4848484848e+00 1.1126765542e+01
-1.4242424242e+00 -1.4242424242e+00 1.4013508329e+01
-1.4242424242e+00 -1.3636363636e+00 1.2757543548e+01
-1.4242424242e+00 -1.3030303030e+00 1.1032089136e+01
-1.4242424242e+00 -1.2424242424e+00 1.0185574704e+01
-1.4242424242e+00 -1.1818181818e+00 9.6352838177e+00
-1.4242424242e+00 -1.1212121212e+00 9.2351673857e+00
-1.4242424242e+00 -1.0606060606e+00 8.9259880687e+00
-1.4242424242e+00 -1.0000000000e+00 8.6778595424e+00
-1.4242424242e+00 -9.3939393939e-01 8.4736222507e+00
-1.4242424242e+00 -8.7878787879e-01 8.3025356935e+00
-1.4242424242e+00 -8.1818181818e-01 8.1574491169e+00
-1.4242424242e+00 -7.5757575758e-01 8.0333770478e+00
-1.4242424242e+00 -6.9696969697e-01 7.9267184054e+00
-1.4242424242e+00 -6.3636363636e-01 7.8347994497e+00
-1.4242424242e+00 -5.7575757576e-01 7.7555920264e+00
-1.4242424242e+00 -5.1515151515e-01 7.6875324410e+00
-1.4242424242e+00 -4.5454545455e-01 7.6294009793e+00
-1.4242424242e+00 -3.9393939394e-01 7.5802395132e+00
-1.4242424242e+00 -3.3333333333e-01 7.5392939032e+00
-1.4242424242e+00 -2.7272727273e-01 7.5059730808e+00
-1.4242424242e+00 -2.1212121212e-01 7.4798197030e+00
-1.4242424242e+00 -1.5151515152e-01 7.4604890930e+00
-1.4242424242e+00 -9.0909090909e-02 7.4477343199e+00
-1.4242424242e+00 -3.0303030303e-02 7.4413960134e+00
-1.4242424242e+00 3.0303030303e-02 7.4413960134e+00
-1.4242424242e+00 9.0909090909e-02 7.4477343199e+00
-1.4242424242e+00 1.5151515152e-01 7.4604890930e+00
-1.4242424242e+00 2.1212121212e-01 7.4798197030e+00
-1.4242424242e+00 2.7272727273e-01 7.5059730808e+00
-1.4242424242e+00 3.3333333333e-01 7.5392939032e+00
-1.4242424242e+00 3.9393939394e-01 7.5802395132e+00
-1.4242424242e+00 4.5454545455e-01 7.6294009793e+00
-1.4242424242e+00 5.1515151515e-01 7.6875324410e+00
-1.4242424242e+00 5.7575757576e-01 7.7555920264e+00
-1.4242424242e+00 6.3636363636e-01 7.8347994497e+00
-1.4242424242e+00 6.9696969697e-01 7.9267184054e+00
-1.4242424242e+00 7.5757575758e-01 8.0333770478e+00
-1.4242424242e+00 8.1818181818e-01 8.1574491169e+00
-1.4242424242e+00 8.7878787879e-01 8.3025356935e+00
-1.4242424242e+00 9.3939393939e-01 8.4736222507e+00
-1.4242424242e+00 1.0000000000e+00 8.6778595424e+00
-1.4242424242e+00 1.0606060606e+00 8.9259880687e+00
-1.4242424242e+00 1.1212121212e+00 9.2351673857e+00
-1.4242424242e+00 1.1818181818e+00 9.6352838177e+00
-1.4242424242e+00 1.2424242424e+00 1.0185574704e+01
-1.4242424242e+00 1.3030303030e+00 1.1032089136e+01
-1.4242424242e+00 1.3636363636e+00 1.2757543548e+01
-1.4242424242e+00 1.4242424242e+00 1.4013508329e+01
-1.4242424242e+00 1.4848484848e+00 1.1126765542e+01
-1.4242424242e+00 1.5454545455e+00 9.9172277687e+00
-1.4242424242e+00 1.6060606061e+00 9.1251366228e+00
-1.4242424242e+00 1.6666666667e+00 8.5298853555e+00
-1.4242424242e+00 1.7272727273e+00 8.0506074711e+00
-1.4242424242e+00 1.7878787879e+00 7.6483734099e+00
-1.4242424242e+00 1.8484848485e+00 7.3013592260e+00
-1.4242424242e+00 1.9090909091e+00 6.9960564947e+00
-1.4242424242e+00 1.9696969697e+00 6.7234964991e+00
-1.4242424242e+00 2.0303030303e+00 6.4774038395e+00
-1.4242424242e+00 2.0909090909e+00 6.2532046854e+00
-1.4242424242e+00 2.1515151515e+00 6.0474545952e+00
-1.4242424242e+00 2.2121212121e+00 5.8574892265e+00
-1.4242424242e+00 2.2727272727e+00 5.6812011090e+00
-1.4242424242e+00 2.3333333333e+00 5.5168914560e+00
-1.4242424242e+00 2.3939393939e+00 5.3631685818e+00
-1.4242424242e+00 2.4545454545e+00 5.2188763290e+00
-1.4242424242e+00 2.5151515152e+00 5.0830424229e+00
-1.4242424242e+00 2.5757575758e+00 4.9548404208e+00
-1.4242424242e+00 2.6363636364e+00 4.8335611544e+00
-1.4242424242e+00 2.6969696970e+00 4.7185909434e+00
-1.4242424242e+00 2.7575757576e+00 4.6093947269e+00
-1.4242424242e+00 2.8181818182e+00 4.5055028289e+00
-1.4242424242e+00 2.8787878788e+00 4.4065004482e+00
-1.4242424242e+00 2.9393939394e+00 4.3120192204e+00
-1.4242424242e+00 3.0000000000e+00 4.2217303751e+00

-1.3636363636e+00 -3.0000000000e+00 4.2633792754e+00
-1.3636363636e+00 -2.9393939394e+00 4.3565037455e+00
-1.3636363636e+00 -2.8787878788e+00 4.4540987568e+00
-1.3636363636e+00 -2.8181818182e+00 4.5565306007e+00
-1.3636363636e+00 -2.7575757576e+00 4.6642119204e+00
-1.3636363636e+00 -2.6969696970e+00 4.7776101377e+00
-1.3636363636e+00 -2.6363636364e+00 4.8972579434e+00
-1.3636363636e+00 -2.5757575758e+00 5.0237665039e+00
-1.3636363636e+00 -2.5151515152e+00 5.1578422835e+00
-1.3636363636e+00 -2.4545454545e+00 5.3003087605e+00
-1.3636363636e+00 -2.3939393939e+00 5.4521348720e+00
-1.3636363636e+00 -2.3333333333e+00 5.6144728895e+00
-1.3636363636e+00 -2.2727272727e+00 5.7887097831e+00
-1.3636363636e+00 -2.2121212121e+00 5.9765383434e+00
-1.3636363636e+00 -2.1515151515e+00 6.1800580219e+00
-1.3636363636e+00 -2.0909090909e+00 6.4019218770e+00
-1.3636363636e+00 -2.0303030303e+00 6.6455576533e+00
-1.3636363636e+00 -1.9696969697e+00 6.9155132210e+00
-1.3636363636e+00 -1.9090909091e+00 7.2180215132e+00
-1.3636363636e+00 -1.8484848485e+00 7.5619777834e+00
-1.3636363636e+00 -1.7878787879e+00 7.9607545484e+00
-1.3636363636e+00 -1.7272727273e+00 8.4359012389e+00
-1.3636363636e+00 -1.6666666667e+00 9.0257187695e+00
-1.3636363636e+00 -1.6060606061e+00 9.8093168854e+00
-1.3636363636e+00 -1.5454545455e+00 1.1000166391e+01
-1.3636363636e+00 -1.4848484848e+00 1.3767712605e+01
-1.3636363636e+00 -1.4242424242e+00 1.2757543548e+01
-1.3636363636e+00 -1.3636363636e+00 1.0981549376e+01
-1.3636363636e+00 -1.3030303030e+00 1.0122261686e+01
-1.3636363636e+00 -1.2424242424e+00 9.5657041349e+00
-1.3636363636e+00 -1.1818181818e+00 9.1615002664e+00
-1.3636363636e+00 -1.1212121212e+00 8.8491654783e+00
-1.3636363636e+00 -1.0606060606e+00 8.5983220325e+00
-1.3636363636e+00 -1.0000000000e+00 8.3915769927e+00
-1.3636363636e+00 -9.3939393939e-01 8.2180632826e+00
-1.3636363636e+00 -8.7878787879e-01 8.0705536855e+00
-1.3636363636e+00 -8.1818181818e-01 7.9440118284e+00
-1.3636363636e+00 -7.5757575758e-01 7.8347994497e+00
-1.3636363636e+00 -6.9696969697e-01 7.7402131097e+00
-1.3636363636e+00 -6.3636363636e-01 7.6581988822e+00
-1.3636363636e+00 -5.7575757576e-01 7.5871690429e+00
-1.3636363636e+00 -5.1515151515e-01 7.5258801229e+00
-1.3636363636e+00 -4.5454545455e-01 7.4733494313e+00
-1.3636363636e+00 -3.9393939394e-01 7.4287965667e+00
-1.3636363636e+00 -3.3333333333e-01 7.3916016817e+00
-1.3636363636e+00 -2.7272727273e-01 7.3612753140e+00
-1.3636363636e+00 -2.1212121212e-01 7.3374364313e+00
-1.3636363636e+00 -1.5151515152e-01 7.3197964844e+00
-1.3636363636e+00 -9.0909090909e-02 7.3081479980e+00
-1.3636363636e+00 -3.0303030303e-02 7.3023567244e+00
-1.3636363636e+00 3.0303030303e-02 7.3023567244e+00
-1.3636363636e+00 9.0909090909e-02 7.3081479980e+00
-1.3636363636e+00 1.5151515152e-01 7.3197964844e+00
-1.3636363636e+00 2.1212121212e-01 7.3374364313e+00
-1.3636363636e+00 2.7272727273e-01 7.3612753140e+00
-1.3636363636e+00 3.3333333333e-01 7.3916016817e+00
-1.3636363636e+00 3.9393939394e-01 7.4287965667e+00
-1.3636363636e+00 4.5454545455e-01 7.4733494313e+00
-1.3636363636e+00 5.1515151515e-01 7.5258801229e+00
-1.3636363636e+00 5.7575757576e-01 7.5871690429e+00
-1.3636363636e+00 6.3636363636e-01 7.6581988822e+00
-1.3636363636e+00 6.9696969697e-01 7.7402131097e+00
-1.3636363636e+00 7.5757575758e-01 7.8347994497e+00
-1.3636363636e+00 8.1818181818e-01 7.9440118284e+00
-1.3636363636e+00 8.7878787879e-01 8.0705536855e+00
-1.3636363636e+00 9.3939393939e-01 8.2180632826e+00
-1.3636363636e+00 1.0000000000e+00 8.3915769927e+00
-1.3636363636e+00 1.0606060606e+00 8.5983220325e+00
-1.3636363636e+00 1.1212121212e+00 8.8491654783e+00
-1.3636363636e+00 1.1818181818e+00 9.1615002664e+00
-1.3636363636e+00 1.2424242424e+00 9.5657041349e+00
-1.3636363636e+00 1.3030303030e+00 1.0122261686e+01
-1.3636363636e+00 1.3636363636e+00 1.0981549376e+01
-1.3636363636e+00 1.4242424242e+00 1.2757543548e+01
-1.3636363636e+00 1.4848484848e+00 1.3767712605e+01
-1.3636363636e+00 1.5454545455e+00 1.1000166391e+01
-1.3636363636e+00 1.6060606061e+00 9.8093168854e+00
-1.3636363636e+00 1.6666666667e+00 9.0257187695e+00
-1.3636363636e+00 1.7272727273e+00 8.4359012389e+00
-1.3636363636e+00 1.7878787879e+00 7.9607545484e+00
-1.3636363636e+00 1.8484848485e+00 7.5619777834e+00
-1.3636363636e+00 1.9090909091e+00 7.2180215132e+00
-1.3636363636e+00 1.9696969697e+00 6.9155132210e+00
-1.3636363636e+00 2.0303030303e+00 6.6455576533e+00
-1.3636363636e+00 2.0909090909e+00 6.4019218770e+00
-1.3636363636e+00 2.1515151515e+00 6.1800580219e+00
-1.3636363636e+00 2.2121212121e+00 5.9765383434e+00
-1.3636363636e+00 2.2727272727e+00 5.7887097831e+00
-1.3636363636e+00 2.3333333333e+00 5.6144728895e+00
-1.3636363636e+00 2.3939393939e+00 5.4521348720e+00
-1.3636363636e+00 2.4545454545e+00 5.3003087605e+00
-1.3636363636e+00 2.5151515152e+00 5.1578422835e+00
-1.3636363636e+00 2.5757575758e+00 5.0237665039e+00
-1.3636363636e+00 2.6363636364e+00 4.8972579434e+00
-1.3636363636e+00 2.6969696970e+00 4.7776101377e+00
-1.3636363636e+00 2.7575757576e+00 4.6642119204e+00
-1.3636363636e+00 2.8181818182e+00 4.5565306007e+00
-1.3636363636e+00 2.8787878788e+00 4.4540987568e+00
-1.3636363636e+00 2.9393939394e+00 4.3565037455e+00
-1.3636363636e+00 3.0000000000e+00 4.2633792754e+00

-1.3030303030e+00 -3.0000000000e+00 4.3044247669e+00
-1.3030303030e+00 -2.9393939394e+00 4.4004071341e+00
-1.3030303030e+00 -2.8787878788e+00 4.5011488318e+00
-1.3030303030e+00 -2.8181818182e+00 4.6070565558e+00
-1.3030303030e+00 -2.7575757576e+00 4.7185909434e+00
-1.3030303030e+00 -2.6969696970e+00 4.8362768611e+00
-1.3030303030e+00 -2.6363636364e+00 4.9607163376e+00
-1.3030303030e+00 -2.5757575758e+00 5.0926050155e+00
-1.3030303030e+00 -2.5151515152e+00 5.2327533535e+00
-1.3030303030e+00 -2.4545454545e+00 5.3821143500e+00
-1.3030303030e+00 -2.3939393939e+00 5.5418203823e+00
-1.3030303030e+00 -2.3333333333e+00 5.7132330541e+00
-1.3030303030e+00 -2.2727272727e+00 5.8980120398e+00
-1.3030303030e+00 -2.2121212121e+00 6.0982124141e+00
-1.3030303030e+00 -2.1515151515e+00 6.3164260088e+00
-1.3030303030e+00 -2.0909090909e+00 6.5559932639e+00
-1.3030303030e+00 -2.0303030303e+00 6.8213327421e+00
-1.3030303030e+00 -1.9696969697e+00 7.1184770787e+00
-1.3030303030e+00 -1.9090909091e+00 7.4559938660e+00
-1.3030303030e+00 -1.8484848485e+00 7.8466813125e+00
-1.3030303030e+00 -1.7878787879e+00 8.3109857179e+00
-1.3030303030e+00 -1.7272727273e+00 8.8847965380e+00
-1.3030303030e+00 -1.6666666667e+00 9.6407832946e+00
-1.3030303030e+00 -1.6060606061e+00 1.0767662009e+01
-1.3030303030e+00 -1.5454545455e+00 1.3168044856e+01
-1.3030303030e+00 -1.4848484848e+00 1.3032234815e+01
-1.3030303030e+00 -1.4242424242e+00 1.1032089136e+01
-1.3030303030e+00 -1.3636363636e+00 1.0122261686e+01
-1.3030303030e+00 -1.3030303030e+00 9.5431096702e+00
-1.3030303030e+00 -1.2424242424e+00 9.1258130725e+00
-1.3030303030e+00 -1.1818181818e+00 8.8046855910e+00
-1.3030303030e+00 -1.1212121212e+00 8.5473192641e+00
-1.3030303030e+00 -1.0606060606e+00 8.3353658744e+00
-1.3030303030e+00 -1.0000000000e+00 8.1574491169e+00
-1.3030303030e+00 -9.3939393939e-01 8.0060442909e+00
-1.3030303030e+00 -8.7878787879e-01 7.8759281733e+00
-1.3030303030e+00 -8.1818181818e-01 7.7633377032e+00
-1.3030303030e+00 -7.5757575758e-01 7.6654813250e+00
-1.3030303030e+00 -6.9696969697e-01 7.5802395132e+00
-1.3030303030e+00 -6.3636363636e-01 7.5059730808e+00
-1.3030303030e+00 -5.7575757576e-01 7.4413960134e+00
-1.3030303030e+00 -5.1515151515e-01 7.3854885703e+00
-1.3030303030e+00 -4.5454545455e-01 7.3374364313e+00
-1.3030303030e+00 -3.9393939394e-01 7.2965872236e+00
-1.3030303030e+00 -3.3333333333e-01 7.2624189850e+00
-1.3030303030e+00 -2.7272727273e-01 7.2345170436e+00
-1.3030303030e+00 -2.1212121212e-01 7.2125569913e+00
-1.3030303030e+00 -1.5151515152e-01 7.1962921948e+00
-1.3030303030e+00 -9.0909090909e-02 7.1855447889e+00
-1.3030303030e+00 -3.0303030303e-02 7.1801994444e+00
-1.3030303030e+00 3.0303030303e-02 7.1801994444e+00
-1.3030303030e+00 9.0909090909e-02 7.1855447889e+00
-1.3030303030e+00 1.5151515152e-01 7.1962921948e+00
-1.3030303030e+00 2.1212121212e-01 7.2125569913e+00
-1.3030303030e+00 2.7272727273e-01 7.2345170436e+00
-1.3030303030e+00 3.3333333333e-01 7.2624189850e+00
-1.3030303030e+00 3.9393939394e-01 7.2965872236e+00
-1.3030303030e+00 4.5454545455e-01 7.3374364313e+00
-1.3030303030e+00 5.1515151515e-01 7.3854885703e+00
-1.3030303030e+00 5.7575757576e-01 7.4413960134e+00
-1.3030303030e+00 6.3636363636e-01 7.5059730808e+00
-1.3030303030e+00 6.9696969697e-01 7.5802395132e+00
-1.3030303030e+00 7.5757575758e-01 7.6654813250e+00
-1.3030303030e+00 8.1818181818e-01 7.7633377032e+00
-1.3030303030e+00 8.7878787879e-01 7.8759281733e+00
-1.3030303030e+00 9.3939393939e-01 8.0060442909e+00
-1.3030303030e+00 1.0000000000e+00 8.1574491169e+00
-1.3030303030e+00 1.0606060606e+00 8.3353658744e+00
-1.3030303030e+00 1.1212121212e+00 8.5473192641e+00
-1.3030303030e+00 1.1818181818e+00 8.8046855910e+00
-1.3030303030e+00 1.2424242424e+00 9.1258130725e+00
-1.3030303030e+00 1.3030303030e+00 9.5431096702e+00
-1.3030303030e+00 1.3636363636e+00 1.0122261686e+01
-1.3030303030e+00 1.4242424242e+00 1.1032089136e+01
-1.3030303030e+00 1.4848484848e+00 1.3032234815e+01
-1.3030303030e+00 1.5454545455e+00 1.3168044856e+01
-1.3030303030e+00 1.6060606061e+00 1.0767662009e+01
-1.3030303030e+00 1.6666666667e+00 9.6407832946e+00
-1.3030303030e+00 1.7272727273e+00 8.8847965380e+00
-1.3030303030e+00 1.7878787879e+00 8.3109857179e+00
-1.3030303030e+00 1.8484848485e+00 7.8466813125e+00
-1.3030303030e+00 1.9090909091e+00 7.4559938660e+00
-1.3030303030e+00 1.9696969697e+00 7.1184770787e+00
-1.3030303030e+00 2.0303030303e+00 6.8213327421e+00
-1.3030303030e+00 2.0909090909e+00 6.5559932639e+00
-1.3030303030e+00 2.1515151515e+00 6.3164260088e+00
-1.3030303030e+00 2.2121212121e+00 6.0982124141e+00
-1.3030303030e+00 2.2727272727e+00 5.8980120398e+00
-1.3030303030e+00 2.3333333333e+00 5.7132330541e+00
-1.3030303030e+00 2.3939393939e+00 5.5418203823e+00
-1.3030303030e+00 2.4545454545e+00 5.3821143500e+00
-1.3030303030e+00 2.5151515152e+00 5.2327533535e+00
-1.3030303030e+00 2.5757575758e+00 5.0926050155e+00
-1.3030303030e+00 2.6363636364e+00 4.9607163376e+00
-1.3030303030e+00 2.6969696970e+00 4.8362768611e+00
-1.3030303030e+00 2.7575757576e+00 4.7185909434e+00
-1.3030303030e+00 2.8181818182e+00 4.6070565558e+00
-1.3030303030e+00 2.8787878788e+00 4.5011488318e+00
-1.3030303030e+00 2.9393939394e+00 4.4004071341e+00
-1.3030303030e+00 3.0000000000e+00 4.3044247669e+00

-1.2424242424e+00 -3.0000000000e+00 4.3447627718e+00
-1.2424242424e+00 -2.9393939394e+00 4.4436161072e+00
-1.2424242424e+00 -2.8787878788e+00 4.5475274185e+00
-1.2424242424e+00 -2.8181818182e+00 4.6569466958e+00
-1.2424242424e+00 -2.7575757576e+00 4.7723863406e+00
-1.2424242424e+00 -2.6969696970e+00 4.8944336246e+00
-1.2424242424e+00 -2.6363636364e+00 5.0237665039e+00
-1.2424242424e+00 -2.5757575758e+00 5.1611739476e+00
-1.2424242424e+00 -2.5151515152e+00 5.3075824459e+00
-1.2424242424e+00 -2.4545454545e+00 5.4640911242e+00
-1.2424242424e+00 -2.3939393939e+00 5.6320190893e+00
-1.2424242424e+00 -2.3333333333e+00 5.8129705605e+00
-1.2424242424e+00 -2.2727272727e+00 6.0089265320e+00
-1.2424242424e+00 -2.2121212121e+00 6.2223772055e+00
-1.2424242424e+00 -2.1515151515e+00 6.4565192608e+00
-1.2424242424e+00 -2.0909090909e+00 6.7155604908e+00
-1.2424242424e+00 -2.0303030303e+00 7.0052110054e+00
-1.2424242424e+00 -1.9696969697e+00 7.3335182550e+00
-1.2424242424e+00 -1.9090909091e+00 7.7123838592e+00
-1.2424242424e+00 -1.8484848485e+00 8.1605663274e+00
-1.2424242424e+00 -1.7878787879e+00 8.7103606572e+00
-1.2424242424e+00 -1.7272727273e+00 9.4251971831e+00
-1.2424242424e+00 -1.6666666667e+00 1.0460702224e+01
-1.2424242424e+00 -1.6060606061e+00 1.2443707209e+01
-1.2424242424e+00 -1.5454545455e+00 1.3737202230e+01
-1.2424242424e+00 -1.4848484848e+00 1.1192561352e+01
-1.2424242424e+00 -1.4242424242e+00 1.0185574704e+01
-1.2424242424e+00 -1.3636363636e+00 9.5657041349e+00
-1.2424242424e+00 -1.3030303030e+00 9.1258130725e+00
-1.2424242424e+00 -1.2424242424e+00 8.7901145831e+00
-1.2424242424e+00 -1.1818181818e+00 8.5223899033e+00
-1.2424242424e+00 -1.1212121212e+00 8.3025356935e+00
-1.2424242424e+00 -1.0606060606e+00 8.1182550100e+00
-1.2424242424e+00 -1.0000000000e+00 7.9614931366e+00
-1.2424242424e+00 -9.3939393939e-01 7.8266992032e+00
-1.2424242424e+00 -8.7878787879e-01 7.7098955849e+00
-1.2424242424e+00 -8.1818181818e-01 7.6081431293e+00
-1.2424242424e+00 -7.5757575758e-01 7.5192161869e+00
-1.2424242424e+00 -6.9696969697e-01 7.4413960134e+00
-1.2424242424e+00 -6.3636363636e-01 7.3733344571e+00
-1.2424242424e+00 -5.7575757576e-01 7.3139611993e+00
-1.2424242424e+00 -5.1515151515e-01 7.2624189850e+00
-1.2424242424e+00 -4.5454545455e-01 7.2180174211e+00
-1.2424242424e+00 -3.9393939394e-01 7.1801994444e+00
-1.2424242424e+00 -3.3333333333e-01 7.1485166637e+00
-1.2424242424e+00 -2.7272727273e-01 7.1226110720e+00
-1.2424242424e+00 -2.1212121212e-01 7.1022014463e+00
-1.2424242424e+00 -1.5151515152e-01 7.0870732895e+00
-1.2424242424e+00 -9.0909090909e-02 7.0770715299e+00
-1.2424242424e+00 -3.0303030303e-02 7.0720954430e+00
-1.2424242424e+00 3.0303030303e-02 7.0720954430e+00
-1.2424242424e+00 9.0909090909e-02 7.0770715299e+00
-1.2424242424e+00 1.5151515152e-01 7.0870732895e+00
-1.2424242424e+00 2.1212121212e-01 7.1022014463e+00
-1.2424242424e+00 2.7272727273e-01 7.1226110720e+00
-1.2424242424e+00 3.3333333333e-01 7.1485166637e+00
-1.2424242424e+00 3.9393939394e-01 7.1801994444e+00
-1.2424242424e+00 4.5454545455e-01 7.2180174211e+00
-1.2424242424e+00 5.1515151515e-01 7.2624189850e+00
-1.2424242424e+00 5.7575757576e-01 7.3139611993e+00
-1.2424242424e+00 6.3636363636e-01 7.3733344571e+00
-1.2424242424e+00 6.9696969697e-01 7.4413960134e+00
-1.2424242424e+00 7.5757575758e-01 7.5192161869e+00
-1.2424242424e+00 8.1818181818e-01 7.6081431293e+00
-1.2424242424e+00 8.7878787879e-01 7.7098955849e+00
-1.2424242424e+00 9.3939393939e-01 7.8266992032e+00
-1.2424242424e+00 1.0000000000e+00 7.9614931366e+00
-1.2424242424e+00 1.0606060606e+00 8.1182550100e+00
-1.2424242424e+00 1.1212121212e+00 8.3025356935e+00
-1.2424242424e+00 1.1818181818e+00 8.5223899033e+00
-1.2424242424e+00 1.2424242424e+00 8.7901145831e+00
-1.2424242424e+00 1.3030303030e+00 9.1258130725e+00
-1.2424242424e+00 1.3636363636e+00 9.5657041349e+00
-1.2424242424e+00 1.4242424242e+00 1.0185574704e+01
-1.2424242424e+00 1.4848484848e+00 1.1192561352e+01
-1.2424242424e+00 1.5454545455e+00 1.3737202230e+01
-1.2424242424e+00 1.6060606061e+00 1.2443707209e+01
-1.2424242424e+00 1.6666666667e+00 1.0460702224e+01
-1.2424242424e+00 1.7272727273e+00 9.4251971831e+00
-1.2424242424e+00 1.7878787879e+00 8.7103606572e+00
-1.2424242424e+00 1.8484848485e+00 8.1605663274e+00
-1.2424242424e+00 1.9090909091e+00 7.7123838592e+00
-1.2424242424e+00 1.9696969697e+00 7.3335182550e+00
-1.2424242424e+00 2.0303030303e+00 7.0052110054e+00
-1.2424242424e+00 2.0909090909e+00 6.7155604908e+00
-1.2424242424e+00 2.1515151515e+00 6.4565192608e+00
-1.2424242424e+00 2.2121212121e+00 6.2223772055e+00
-1.2424242424e+00 2.2727272727e+00 6.0089265320e+00
-1.2424242424e+00 2.3333333333e+00 5.8129705605e+00
-1.2424242424e+00 2.3939393939e+00 5.6320190893e+00
-1.2424242424e+00 2.4545454545e+00 5.4640911242e+00
-1.2424242424e+00 2.5151515152e+00 5.3075824459e+00
-1.2424242424e+00 2.5757575758e+00 5.1611739476e+00
-1.2424242424e+00 2.6363636364e+00 5.0237665039e+00
-1.2424242424e+00 2.6969696970e+00 4.8944336246e+00
-1.2424242424e+00 2.7575757576e+00 4.7723863406e+00
-1.2424242424e+00 2.8181818182e+00 4.6569466958e+00
-1.2424242424e+00 2.8787878788e+00 4.5475274185e+00
-1.2424242424e+00 2.9393939394e+00 4.4436161072e+00
-1.2424242424e+00 3.0000000000e+00 4.3447627718e+00

-1.1818181818e+00 -3.0000000000e+00 4.3842846523e+00
-1.1818181818e+00 -2.9393939394e+00 4.4860118166e+00
-1.1818181818e+00 -2.8787878788e+00 4.5931044678e+00
-1.1818181818e+00 -2.8181818182e+00 4.7060587392e+00
-1.1818181818e+00 -2.7575757576e+00 4.8254425645e+00
-1.1818181818e+00 -2.6969696970e+00 4.9519106490e+00
-1.1818181818e+00 -2.6363636364e+00 5.0862236539e+00
-1.1818181818e+00 -2.5757575758e+00 5.2292731199e+00
-1.1818181818e+00 -2.5151515152e+00 5.3821143500e+00
-1.1818181818e+00 -2.4545454545e+00 5.5460105444e+00
-1.1818181818e+00 -2.3939393939e+00 5.7224932016e+00
-1.1818181818e+00 -2.3333333333e+00 5.9134466238e+00
-1.1818181818e+00 -2.2727272727e+00 6.1212291821e+00
-1.1818181818e+00 -2.2121212121e+00 6.3488525289e+00
-1.1818181818e+00 -2.1515151515e+00 6.6002557704e+00
-1.1818181818e+00 -2.0909090909e+00 6.8807426069e+00
-1.1818181818e+00 -2.0303030303e+00 7.1977142571e+00
-1.1818181818e+00 -1.9696969697e+00 7.5619777834e+00
-1.1818181818e+00 -1.9090909091e+00 7.9902774763e+00
-1.1818181818e+00 -1.8484848485e+00 8.5107509478e+00
-1.1818181818e+00 -1.7878787879e+00 9.1766427606e+00
-1.1818181818e+00 -1.7272727273e+00 1.0110191622e+01
-1.1818181818e+00 -1.6666666667e+00 1.1726443990e+01
-1.1818181818e+00 -1.6060606061e+00 1.5764146229e+01
-1.1818181818e+00 -1.5454545455e+00 1.1495273961e+01
-1.1818181818e+00 -1.4848484848e+00 1.0319295003e+01
-1.1818181818e+00 -1.4242424242e+00 9.6352838177e+00
-1.1818181818e+00 -1.3636363636e+00 9.1615002664e+00
-1.1818181818e+00 -1.3030303030e+00 8.8046855910e+00
-1.1818181818e+00 -1.2424242424e+00 8.5223899033e+00
-1.1818181818e+00 -1.1818181818e+00 8.2917361089e+00
-1.1818181818e+00 -1.1212121212e+00 8.0990061542e+00
-1.1818181818e+00 -1.0606060606e+00 7.9353418704e+00
-1.1818181818e+00 -1.0000000000e+00 7.7947033658e+00
-1.1818181818e+00 -9.3939393939e-01 7.6727975342e+00
-1.1818181818e+00 -8.7878787879e-01 7.5664716691e+00
-1.1818181818e+00 -8.1818181818e-01 7.4733494313e+00
-1.1818181818e+00 -7.5757575758e-01 7.3916016817e+00
-1.1818181818e+00 -6.9696969697e-01 7.3197964844e+00
-1.1818181818e+00 -6.3636363636e-01 7.2567976948e+00
-1.1818181818e+00 -5.7575757576e-01 7.2016945077e+00
-1.1818181818e+00 -5.1515151515e-01 7.1537513855e+00
-1.1818181818e+00 -4.5454545455e-01 7.1123717930e+00
-1.1818181818e+00 -3.9393939394e-01 7.0770715299e+00
-1.1818181818e+00 -3.3333333333e-01 7.0474588970e+00
-1.1818181818e+00 -2.7272727273e-01 7.0232198430e+00
-1.1818181818e+00 -2.1212121212e-01 7.0041068284e+00
-1.1818181818e+00 -1.5151515152e-01 6.9899305321e+00
-1.1818181818e+00 -9.0909090909e-02 6.9805537991e+00
-1.1818181818e+00 -3.0303030303e-02 6.9758874120e+00
-1.1818181818e+00 3.0303030303e-02 6.9758874120e+00
-1.1818181818e+00 9.0909090909e-02 6.9805537991e+00
-1.1818181818e+00 1.5151515152e-01 6.9899305321e+00
-1.1818181818e+00 2.1212121212e-01 7.0041068284e+00
-1.1818181818e+00 2.7272727273e-01 7.0232198430e+00
-1.1818181818e+00 3.3333333333e-01 7.0474588970e+00
-1.1818181818e+00 3.9393939394e-01 7.0770715299e+00
-1.1818181818e+00 4.5454545455e-01 7.1123717930e+00
-1.1818181818e+00 5.1515151515e-01 7.1537513855e+00
-1.1818181818e+00 5.7575757576e-01 7.2016945077e+00
-1.1818181818e+00 6.3636363636e-01 7.2567976948e+00
-1.1818181818e+00 6.9696969697e-01 7.3197964844e+00
-1.1818181818e+00 7.5757575758e-01 7.3916016817e+00
-1.1818181818e+00 8.1818181818e-01 7.4733494313e+00
-1.1818181818e+00 8.7878787879e-01 7.5664716691e+00
-1.1818181818e+00 9.3939393939e-01 7.6727975342e+00
-1.1818181818e+00 1.0000000000e+00 7.7947033658e+00
-1.1818181818e+00 1.0606060606e+00 7.9353418704e+00
-1.1818181818e+00 1.1212121212e+00 8.0990061542e+00
-1.1818181818e+00 1.1818181818e+00 8.2917361089e+00
-1.1818181818e+00 1.2424242424e+00 8.5223899033e+00
-1.1818181818e+00 1.3030303030e+00 8.8046855910e+00
-1.1818181818e+00 1.3636363636e+00 9.1615002664e+00
-1.1818181818e+00 1.4242424242e+00 9.6352838177e+00
-1.1818181818e+00 1.4848484848e+00 1.0319295003e+01
-1.1818181818e+00 1.5454545455e+00 1.1495273961e+01
-1.1818181818e+00 1.6060606061e+00 1.5764146229e+01
-1.1818181818e+00 1.6666666667e+00 1.1726443990e+01
-1.1818181818e+00 1.7272727273e+00 1.0110191622e+01
-1.1818181818e+00 1.7878787879e+00 9.1766427606e+00
-1.1818181818e+00 1.8484848485e+00 8.5107509478e+00
-1.1818181818e+00 1.9090909091e+00 7.9902774763e+00
-1.1818181818e+00 1.9696969697e+00 7.5619777834e+00
-1.1818181818e+00 2.0303030303e+00 7.1977142571e+00
-1.1818181818e+00 2.0909090909e+00 6.8807426069e+00
-1.1818181818e+00 2.1515151515e+00 6.6002557704e+00
-1.1818181818e+00 2.2121212121e+00 6.3488525289e+00
-1.1818181818e+00 2.2727272727e+00 6.1212291821e+00
-1.1818181818e+00 2.3333333333e+00 5.9134466238e+00
-1.1818181818e+00 2.3939393939e+00 5.7224932016e+00
-1.1818181818e+00 2.4545454545e+00 5.5460105444e+00
-1.1818181818e+00 2.5151515152e+00 5.3821143500e+00
-1.1818181818e+00 2.5757575758e+00 5.2292731199e+00
-1.1818181818e+00 2.6363636364e+00 5.0862236539e+00
-1.1818181818e+00 2.6969696970e+00 4.9519106490e+00
-1.1818181818e+00 2.7575757576e+00 4.8254425645e+00
-1.1818181818e+00 2.8181818182e+00 4.7060587392e+00
-1.1818181818e+00 2.8787878788e+00 4.5931044678e+00
-1.1818181818e+00 2.9393939394e+00 4.4860118166e+00
-1.1818181818e+00 3.0000000000e+00 4.3842846523e+00

-1.1212121212e+00 -3.0000000000e+00 4.4228776096e+00
-1.1212121212e+00 -2.9393939394e+00 4.5274702446e+00
-1.1212121212e+00 -2.8787878788e+00 4.6377435205e+00
-1.1212121212e+00 -2.8181818182e+00 4.7542424662e+00
-1.1212121212e+00 -2.7575757576e+00 4.8775942447e+00
-1.1212121212e+00 -2.6969696970e+00 5.0085260059e+00
-1.1212121212e+00 -2.6363636364e+00 5.1478879796e+00
-1.1212121212e+00 -2.5757575758e+00 5.2966837971e+00
-1.1212121212e+00 -2.5151515152e+00 5.4561109679e+00
-1.1212121212e+00 -2.4545454545e+00 5.6276159344e+00
-1.1212121212e+00 -2.3939393939e+00 5.8129705605e+00
-1.1212121212e+00 -2.3333333333e+00 6.0143810132e+00
-1.1212121212e+00 -2.2727272727e+00 6.2346471736e+00
-1.1212121212e+00 -2.2121212121e+00 6.4774038395e+00
-1.1212121212e+00 -2.1515151515e+00 6.7475002516e+00
-1.1212121212e+00 -2.0909090909e+00 7.0516262209e+00
-1.1212121212e+00 -2.0303030303e+00 7.3994073932e+00
-1.1212121212e+00 -1.9696969697e+00 7.8054693962e+00
-1.1212121212e+00 -1.9090909091e+00 8.2937306146e+00
-1.1212121212e+00 -1.8484848485e+00 8.9076442922e+00
-1.1212121212e+00 -1.7878787879e+00 9.7402966329e+00
-1.1212121212e+00 -1.7272727273e+00 1.1062517750e+01
-1.1212121212e+00 -1.6666666667e+00 1.5004363312e+01
-1.1212121212e+00 -1.6060606061e+00 1.2023101176e+01
-1.1212121212e+00 -1.5454545455e+00 1.0540448146e+01
-1.1212121212e+00 -1.4848484848e+00 9.7577222617e+00
-1.1212121212e+00 -1.4242424242e+00 9.2351673857e+00
-1.1212121212e+00 -1.3636363636e+00 8.8491654783e+00
-1.1212121212e+00 -1.3030303030e+00 8.5473192641e+00
-1.1212121212e+00 -1.2424242424e+00 8.3025356935e+00
-1.1212121212e+00 -1.1818181818e+00 8.0990061542e+00
-1.1212121212e+00 -1.1212121212e+00 7.9267184054e+00
-1.1212121212e+00 -1.0606060606e+00 7.7789432316e+00
-1.1212121212e+00 -1.0000000000e+00 7.6509499132e+00
-1.1212121212e+00 -9.3939393939e-01 7.5392939032e+00
-1.1212121212e+00 -8.7878787879e-01 7.4413960134e+00
-1.1212121212e+00 -8.1818181818e-01 7.3552809225e+00
-1.1212121212e+00 -7.5757575758e-01 7.2794078352e+00
-1.1212121212e+00 -6.9696969697e-01 7.2125569913e+00
-1.1212121212e+00 -6.3636363636e-01 7.1537513855e+00
-1.1212121212e+00 -5.7575757576e-01 7.1022014463e+00
-1.1212121212e+00 -5.1515151515e-01 7.0572651361e+00
-1.1212121212e+00 -4.5454545455e-01 7.0184186812e+00
-1.1212121212e+00 -3.9393939394e-01 6.9852348105e+00
-1.1212121212e+00 -3.3333333333e-01 6.9573664147e+00
-1.1212121212e+00 -2.7272727273e-01 6.9345342097e+00
-1.1212121212e+00 -2.1212121212e-01 6.9165174208e+00
-1.1212121212e+00 -1.5151515152e-01 6.9031468064e+00
-1.1212121212e+00 -9.0909090909e-02 6.8942995414e+00
-1.1212121212e+00 -3.0303030303e-02 6.8898956310e+00
-1.1212121212e+00 3.0303030303e-02 6.8898956310e+00
-1.1212121212e+00 9.0909090909e-02 6.8942995414e+00
-1.1212121212e+00 1.5151515152e-01 6.9031468064e+00
-1.1212121212e+00 2.1212121212e-01 6.9165174208e+00
-1.1212121212e+00 2.7272727273e-01 6.9345342097e+00
-1.1212121212e+00 3.3333333333e-01 6.9573664147e+00
-1.1212121212e+00 3.9393939394e-01 6.9852348105e+00
-1.1212121212e+00 4.5454545455e-01 7.0184186812e+00
-1.1212121212e+00 5.1515151515e-01 7.0572651361e+00
-1.1212121212e+00 5.7575757576e-01 7.1022014463e+00
-1.1212121212e+00 6.3636363636e-01 7.1537513855e+00
-1.1212121212e+00 6.9696969697e-01 7.2125569913e+00
-1.1212121212e+00 7.5757575758e-01 7.2794078352e+00
-1.1212121212e+00 8.1818181818e-01 7.3552809225e+00
-1.1212121212e+00 8.7878787879e-01 7.4413960134e+00
-1.1212121212e+00 9.3939393939e-01 7.5392939032e+00
-1.1212121212e+00 1.0000000000e+00 7.6509499132e+00
-1.1212121212e+00 1.0606060606e+00 7.7789432316e+00
-1.1212121212e+00 1.1212121212e+00 7.9267184054e+00
-1.1212121212e+00 1.1818181818e+00 8.0990061542e+00
-1.1212121212e+00 1.2424242424e+00 8.3025356935e+00
-1.1212121212e+00 1.3030303030e+00 8.5473192641e+00
-1.1212121212e+00 1.3636363636e+00 8.8491654783e+00
-1.1212121212e+00 1.4242424242e+00 9.2351673857e+00
-1.1212121212e+00 1.4848484848e+00 9.7577222617e+00
-1.1212121212e+00 1.5454545455e+00 1.0540448146e+01
-1.1212121212e+00 1.6060606061e+00 1.2023101176e+01
-1.1212121212e+00 1.6666666667e+00 1.5004363312e+01
-1.1212121212e+00 1.7272727273e+00 1.1062517750e+01
-1.1212121212e+00 1.7878787879e+00 9.7402966329e+00
-1.1212121212e+00 1.8484848485e+00 8.9076442922e+00
-1.1212121212e+00 1.9090909091e+00 8.2937306146e+00
-1.1212121212e+00 1.9696969697e+00 7.8054693962e+00
-1.1212121212e+00 2.0303030303e+00 7.3994073932e+00
-1.1212121212e+00 2.0909090909e+00 7.0516262209e+00
-1.1212121212e+00 2.1515151515e+00 6.7475002516e+00
-1.1212121212e+00 2.2121212121e+00 6.4774038395e+00
-1.1212121212e+00 2.2727272727e+00 6.2346471736e+00
-1.1212121212e+00 2.3333333333e+00 6.0143810132e+00
-1.1212121212e+00 2.3939393939e+00 5.8129705605e+00
-1.1212121212e+00 2.4545454545e+00 5.6276159344e+00
-1.1212121212e+00 2.5151515152e+00 5.4561109679e+00
-1.1212121212e+00 2.5757575758e+00 5.2966837971e+00
-1.1212121212e+00 2.6363636364e+00 5.1478879796e+00
-1.1212121212e+00 2.6969696970e+00 5.0085260059e+00
-1.1212121212e+00 2.7575757576e+00 4.8775942447e+00
-1.1212121212e+00 2.8181818182e+00 4.7542424662e+00
-1.1212121212e+00 2.8787878788e+00 4.6377435205e+00
-1.1212121212e+00 2.9393939394e+00 4.5274702446e+00
-1.1212121212e+00 3.0000000000e+00 4.4228776096e+00

-1.0606060606e+00 -3.0000000000e+00 4.4604251812e+00
-1.0606060606e+00 -2.9393939394e+00 4.5678627197e+00
-1.0606060606e+00 -2.8787878788e+00 4.6813022293e+00
-1.0606060606e+00 -2.8181818182e+00 4.8013402264e+00
-1.0606060606e+00 -2.7575757576e+00 4.9286666483e+00
-1.0606060606e+00 -2.6969696970e+00 5.0640859797e+00
-1.0606060606e+00 -2.6363636364e+00 5.2085448393e+00
-1.0606060606e+00 -2.5757575758e+00 5.3631685818e+00
-1.0606060606e+00 -2.5151515152e+00 5.5293107398e+00
-1.0606060606e+00 -2.4545454545e+00 5.7086211754e+00
-1.0606060606e+00 -2.3939393939e+00 5.9031422234e+00
-1.0606060606e+00 -2.3333333333e+00 6.1154479864e+00
-1.0606060606e+00 -2.2727272727e+00 6.3488525289e+00
-1.0606060606e+00 -2.2121212121e+00 6.6077327030e+00
-1.0606060606e+00 -2.1515151515e+00 6.8980513431e+00
-1.0606060606e+00 -2.0909090909e+00 7.2282524455e+00
-1.0606060606e+00 -2.0303030303e+00 7.6109010121e+00
-1.0606060606e+00 -1.9696969697e+00 8.0659663433e+00
-1.0606060606e+00 -1.9090909091e+00 8.6282443126e+00
-1.0606060606e+00 -1.8484848485e+00 9.3674036266e+00
-1.0606060606e+00 -1.7878787879e+00 1.0460702224e+01
-1.0606060606e+00 -1.7272727273e+00 1.2703906630e+01
-1.0606060606e+00 -1.6666666667e+00 1.3032232728e+01
-1.0606060606e+00 -1.6060606061e+00 1.0884443054e+01
-1.0606060606e+00 -1.5454545455e+00 9.9447223108e+00
-1.0606060606e+00 -1.4848484848e+00 9.3518973652e+00
-1.0606060606e+00 -1.4242424242e+00 8.9259880687e+00
-1.0606060606e+00 -1.3636363636e+00 8.5983220325e+00
-1.0606060606e+00 -1.3030303030e+00 8.3353658744e+00
-1.0606060606e+00 -1.2424242424e+00 8.1182550100e+00
-1.0606060606e+00 -1.1818181818e+00 7.9353418704e+00
-1.0606060606e+00 -1.1212121212e+00 7.7789432316e+00
-1.0606060606e+00 -1.0606060606e+00 7.6437341292e+00
-1.0606060606e+00 -1.0000000000e+00 7.5258801229e+00
-1.0606060606e+00 -9.3939393939e-01 7.4225350356e+00
-1.0606060606e+00 -8.7878787879e-01 7.3315339399e+00
-1.0606060606e+00 -8.1818181818e-01 7.2511969958e+00
-1.0606060606e+00 -7.5757575758e-01 7.1801994444e+00
-1.0606060606e+00 -6.9696969697e-01 7.1174827614e+00
-1.0606060606e+00 -6.3636363636e-01 7.0621923463e+00
-1.0606060606e+00 -5.7575757576e-01 7.0136328522e+00
-1.0606060606e+00 -5.1515151515e-01 6.9712355641e+00
-1.0606060606e+00 -4.5454545455e-01 6.9345342097e+00
-1.0606060606e+00 -3.9393939394e-01 6.9031468064e+00
-1.0606060606e+00 -3.3333333333e-01 6.8767619181e+00
-1.0606060606e+00 -2.7272727273e-01 6.8551282073e+00
-1.0606060606e+00 -2.1212121212e-01 6.8380464987e+00
-1.0606060606e+00 -1.5151515152e-01 6.8253638057e+00
-1.0606060606e+00 -9.0909090909e-02 6.8169689327e+00
-1.0606060606e+00 -3.0303030303e-02 6.8127893812e+00
-1.0606060606e+00 3.0303030303e-02 6.8127893812e+00
-1.0606060606e+00 9.0909090909e-02 6.8169689327e+00
-1.0606060606e+00 1.5151515152e-01 6.8253638057e+00
-1.0606060606e+00 2.1212121212e-01 6.8380464987e+00
-1.0606060606e+00 2.7272727273e-01 6.8551282073e+00
-1.0606060606e+00 3.3333333333e-01 6.8767619181e+00
-1.0606060606e+00 3.9393939394e-01 6.9031468064e+00
-1.0606060606e+00 4.5454545455e-01 6.9345342097e+00
-1.0606060606e+00 5.1515151515e-01 6.9712355641e+00
-1.0606060606e+00 5.7575757576e-01 7.0136328522e+00
-1.0606060606e+00 6.3636363636e-01 7.0621923463e+00
-1.0606060606e+00 6.9696969697e-01 7.1174827614e+00
-1.0606060606e+00 7.5757575758e-01 7.1801994444e+00
-1.0606060606e+00 8.1818181818e-01 7.2511969958e+00
-1.0606060606e+00 8.7878787879e-01 7.3315339399e+00
-1.0606060606e+00 9.3939393939e-01 7.4225350356e+00
-1.0606060606e+00 1.0000000000e+00 7.5258801229e+00
-1.0606060606e+00 1.0606060606e+00 7.6437341292e+00
-1.0606060606e+00 1.1212121212e+00 7.7789432316e+00
-1.0606060606e+00 1.1818181818e+00 7.9353418704e+00
-1.0606060606e+00 1.2424242424e+00 8.1182550100e+00
-1.0606060606e+00 1.3030303030e+00 8.3353658744e+00
-1.0606060606e+00 1.3636363636e+00 8.5983220325e+00
-1.0606060606e+00 1.4242424242e+00 8.9259880687e+00
-1.0606060606e+00 1.4848484848e+00 9.3518973652e+00
-1.0606060606e+00 1.5454545455e+00 9.9447223108e+00
-1.0606060606e+00 1.6060606061e+00 1.0884443054e+01
-1.0606060606e+00 1.6666666667e+00 1.3032232728e+01
-1.0606060606e+00 1.7272727273e+00 1.2703906630e+01
-1.0606060606e+00 1.7878787879e+00 1.0460702224e+01
-1.0606060606e+00 1.8484848485e+00 9.3674036266e+00
-1.0606060606e+00 1.9090909091e+00 8.6282443126e+00
-1.0606060606e+00 1.9696969697e+00 8.0659663433e+00
-1.0606060606e+00 2.0303030303e+00 7.6109010121e+00
-1.0606060606e+00 2.0909090909e+00 7.2282524455e+00
-1.0606060606e+00 2.1515151515e+00 6.8980513431e+00
-1.0606060606e+00 2.2121212121e+00 6.6077327030e+00
-1.0606060606e+00 2.2727272727e+00 6.3488525289e+00
-1.0606060606e+00 2.3333333333e+00 6.1154479864e+00
-1.0606060606e+00 2.3939393939e+00 5.9031422234e+00
-1.0606060606e+00 2.4545454545e+00 5.7086211754e+00
-1.0606060606e+00 2.5151515152e+00 5.5293107398e+00
-1.0606060606e+00 2.5757575758e+00 5.3631685818e+00
-1.0606060606e+00 2.6363636364e+00 5.2085448393e+00
-1.0606060606e+00 2.6969696970e+00 5.0640859797e+00
-1.0606060606e+00 2.7575757576e+00 4.9286666483e+00
-1.0606060606e+00 2.8181818182e+00 4.8013402264e+00
-1.0606060606e+00 2.8787878788e+00 4.6813022293e+00
-1.0606060606e+00 2.9393939394e+00 4.5678627197e+00
-1.0606060606e+00 3.0000000000e+00 4.4604251812e+00

-1.0000000000e+00 -3.0000000000e+00 4.4968078392e+00
-1.0000000000e+00 -2.9393939394e+00 4.6070565558e+00
-1.0000000000e+00 -2.8787878788e+00 4.7236330298e+00
-1.0000000000e+00 -2.8181818182e+00 4.8471876254e+00
-1.0000000000e+00 -2.7575757576e+00 4.9784763542e+00
-1.0000000000e+00 -2.6969696970e+00 5.1183856846e+00
-1.0000000000e+00 -2.6363636364e+00 5.2679652423e+00
-1.0000000000e+00 -2.5757575758e+00 5.4284716493e+00
-1.0000000000e+00 -2.5151515152e+00 5.6014284428e+00
-1.0000000000e+00 -2.4545454545e+00 5.7887097831e+00
-1.0000000000e+00 -2.3939393939e+00 5.9926603762e+00
-1.0000000000e+00 -2.3333333333e+00 6.2162723704e+00
-1.0000000000e+00 -2.2727272727e+00 6.4634554076e+00
-1.0000000000e+00 -2.2121212121e+00 6.7394661317e+00
-1.0000000000e+00 -2.1515151515e+00 7.0516262209e+00
-1.0000000000e+00 -2.0909090909e+00 7.4105996153e+00
-1.0000000000e+00 -2.0303030303e+00 7.8328527816e+00
-1.0000000000e+00 -1.9696969697e+00 8.3459263570e+00
-1.0000000000e+00 -1.9090909091e+00 9.0015735361e+00
-1.0000000000e+00 -1.8484848485e+00 9.9172277687e+00
-1.0000000000e+00 -1.7878787879e+00 1.1481117156e+01
-1.0000000000e+00 -1.7272727273e+00 1.6711967511e+01
-1.0000000000e+00 -1.6666666667e+00 1.1430671865e+01
-1.0000000000e+00 -1.6060606061e+00 1.0218086763e+01
-1.0000000000e+00 -1.5454545455e+00 9.5208023563e+00
-1.0000000000e+00 -1.4848484848e+00 9.0397047662e+00
-1.0000000000e+00 -1.4242424242e+00 8.6778595424e+00
-1.0000000000e+00 -1.3636363636e+00 8.3915769927e+00
-1.0000000000e+00 -1.3030303030e+00 8.1574491169e+00
-1.0000000000e+00 -1.2424242424e+00 7.9614931366e+00
-1.0000000000e+00 -1.1818181818e+00 7.7947033658e+00
-1.0000000000e+00 -1.1212121212e+00 7.6509499132e+00
-1.0000000000e+00 -1.0606060606e+00 7.5258801229e+00
-1.0000000000e+00 -1.0000000000e+00 7.4162987092e+00
-1.0000000000e+00 -9.3939393939e-01 7.3197964844e+00
-1.0000000000e+00 -8.7878787879e-01 7.2345170436e+00
-1.0000000000e+00 -8.1818181818e-01 7.1590042453e+00
-1.0000000000e+00 -7.5757575758e-01 7.0920991683e+00
-1.0000000000e+00 -6.9696969697e-01 7.0328685343e+00
-1.0000000000e+00 -6.3636363636e-01 6.9805537991e+00
-1.0000000000e+00 -5.7575757576e-01 6.9345342097e+00
-1.0000000000e+00 -5.1515151515e-01 6.8942995414e+00
-1.0000000000e+00 -4.5454545455e-01 6.8594296937e+00
-1.0000000000e+00 -3.9393939394e-01 6.8295792546e+00
-1.0000000000e+00 -3.3333333333e-01 6.8044657340e+00
-1.0000000000e+00 -2.7272727273e-01 6.7838605634e+00
-1.0000000000e+00 -2.1212121212e-01 6.7675822244e+00
-1.0000000000e+00 -1.5151515152e-01 6.7554910549e+00
-1.0000000000e+00 -9.0909090909e-02 6.7474854112e+00
-1.0000000000e+00 -3.0303030303e-02 6.7434989620e+00
-1.0000000000e+00 3.0303030303e-02 6.7434989620e+00
-1.0000000000e+00 9.0909090909e-02 6.7474854112e+00
-1.0000000000e+00 1.5151515152e-01 6.7554910549e+00
-1.0000000000e+00 2.1212121212e-01 6.7675822244e+00
-1.0000000000e+00 2.7272727273e-01 6.7838605634e+00
-1.0000000000e+00 3.3333333333e-01 6.8044657340e+00
-1.0000000000e+00 3.9393939394e-01 6.8295792546e+00
-1.0000000000e+00 4.5454545455e-01 6.8594296937e+00
-1.0000000000e+00 5.1515151515e-01 6.8942995414e+00
-1.0000000000e+00 5.7575757576e-01 6.9345342097e+00
-1.0000000000e+00 6.3636363636e-01 6.9805537991e+00
-1.0000000000e+00 6.9696969697e-01 7.0328685343e+00
-1.0000000000e+00 7.5757575758e-01 7.0920991683e+00
-1.0000000000e+00 8.1818181818e-01 7.1590042453e+00
-1.0000000000e+00 8.7878787879e-01 7.2345170436e+00
-1.0000000000e+00 9.3939393939e-01 7.3197964844e+00
-1.0000000000e+00 1.0000000000e+00 7.4162987092e+00
-1.0000000000e+00 1.0606060606e+00 7.5258801229e+00
-1.0000000000e+00 1.1212121212e+00 7.6509499132e+00
-1.0000000000e+00 1.1818181818e+00 7.7947033658e+00
-1.0000000000e+00 1.2424242424e+00 7.9614931366e+00
-1.0000000000e+00 1.3030303030e+00 8.1574491169e+00
-1.0000000000e+00 1.3636363636e+00 8.3915769927e+00
-1.0000000000e+00 1.4242424242e+00 8.6778595424e+00
-1.0000000000e+00 1.4848484848e+00 9.0397047662e+00
-1.0000000000e+00 1.5454545455e+00 9.5208023563e+00
-1.0000000000e+00 1.6060606061e+00 1.0218086763e+01
-1.0000000000e+00 1.6666666667e+00 1.1430671865e+01
-1.0000000000e+00 1.7272727273e+00 1.6711967511e+01
-1.0000000000e+00 1.7878787879e+00 1.1481117156e+01
-1.0000000000e+00 1.8484848485e+00 9.9172277687e+00
-1.0000000000e+00 1.9090909091e+00 9.0015735361e+00
-1.0000000000e+00 1.9696969697e+00 8.3459263570e+00
-1.0000000000e+00 2.0303030303e+00 7.8328527816e+00
-1.0000000000e+00 2.0909090909e+00 7.4105996153e+00
-1.0000000000e+00 2.1515151515e+00 7.0516262209e+00
-1.0000000000e+00 2.2121212121e+00 6.7394661317e+00
-1.0000000000e+00 2.2727272727e+00 6.4634554076e+00
-1.0000000000e+00 2.3333333333e+00 6.2162723704e+00
-1.0000000000e+00 2.3939393939e+00 5.9926603762e+00
-1.0000000000e+00 2.4545454545e+00 5.7887097831e+00
-1.0000000000e+00 2.5151515152e+00 5.6014284428e+00
-1.0000000000e+00 2.5757575758e+00 5.4284716493e+00
-1.0000000000e+00 2.6363636364e+00 5.2679652423e+00
-1.0000000000e+00 2.6969696970e+00 5.1183856846e+00
-1.0000000000e+00 2.7575757576e+00 4.9784763542e+00
-1.0000000000e+00 2.8181818182e+00 4.8471876254e+00
-1.0000000000e+00 2.8787878788e+00 4.7236330298e+00
-1.0000000000e+00 2.9393939394e+00 4.6070565558e+00
-1.0000000000e+00 3.0000000000e+00 4.4968078392e+00

-9.3939393939e-01 -3.0000000000e+00 4.5319036936e+00
-9.3939393939e-01 -2.9393939394e+00 4.6449158197e+00
-9.3939393939e-01 -2.8787878788e+00 4.7645839691e+00
-9.3939393939e-01 -2.8181818182e+00 4.8916144053e+00
-9.3939393939e-01 -2.7575757576e+00 5.0268321646e+00
-9.3939393939e-01 -2.6969696970e+00 5.1712099685e+00
-9.3939393939e-01 -2.6363636364e+00 5.3259066800e+00
-9.3939393939e-01 -2.5757575758e+00 5.4923193933e+00
-9.3939393939e-01 -2.5151515152e+00 5.6721554657e+00
-9.3939393939e-01 -2.4545454545e+00 5.8675345032e+00
-9.3939393939e-01 -2.3939393939e+00 6.0811367529e+00
-9.3939393939e-01 -2.3333333333e+00 6.3164260088e+00
-9.3939393939e-01 -2.2727272727e+00 6.5779973482e+00
-9.3939393939e-01 -2.2121212121e+00 6.8721448893e+00
-9.3939393939e-01 -2.1515151515e+00 7.2078422803e+00
-9.3939393939e-01 -2.0909090909e+00 7.5985604802e+00
-9.3939393939e-01 -2.0303030303e+00 8.0659663433e+00
-9.3939393939e-01 -1.9696969697e+00 8.6484768798e+00
-9.3939393939e-01 -1.9090909091e+00 9.4251971831e+00
-9.3939393939e-01 -1.8484848485e+00 1.0608635387e+01
-9.3939393939e-01 -1.7878787879e+00 1.3349172534e+01
-9.3939393939e-01 -1.7272727273e+00 1.2407677054e+01
-9.3939393939e-01 -1.6666666667e+00 1.0620574748e+01
-9.3939393939e-01 -1.6060606061e+00 9.7577222617e+00
-9.3939393939e-01 -1.5454545455e+00 9.1979413230e+00
-9.3939393939e-01 -1.4848484848e+00 8.7901145831e+00
-9.3939393939e-01 -1.4242424242e+00 8.4736222507e+00
-9.3939393939e-01 -1.3636363636e+00 8.2180632826e+00
-9.3939393939e-01 -1.3030303030e+00 8.0060442909e+00
-9.3939393939e-01 -1.2424242424e+00 7.8266992032e+00
-9.3939393939e-01 -1.1818181818e+00 7.6727975342e+00
-9.3939393939e-01 -1.1212121212e+00 7.5392939032e+00
-9.3939393939e-01 -1.0606060606e+00 7.4225350356e+00
-9.3939393939e-01 -1.0000000000e+00 7.3197964844e+00
-9.3939393939e-01 -9.3939393939e-01 7.2289973139e+00
-9.3939393939e-01 -8.7878787879e-01 7.1485166637e+00
-9.3939393939e-01 -8.1818181818e-01 7.0770715299e+00
-9.3939393939e-01 -7.5757575758e-01 7.0136328522e+00
-9.3939393939e-01 -6.9696969697e-01 6.9573664147e+00
-9.3939393939e-01 -6.3636363636e-01 6.9075903079e+00
-9.3939393939e-01 -5.7575757576e-01 6.8637437391e+00
-9.3939393939e-01 -5.1515151515e-01 6.8253638057e+00
-9.3939393939e-01 -4.5454545455e-01 6.7920679739e+00
-9.3939393939e-01 -3.9393939394e-01 6.7635407319e+00
-9.3939393939e-01 -3.3333333333e-01 6.7395233541e+00
-9.3939393939e-01 -2.7272727273e-01 6.7198060310e+00
-9.3939393939e-01 -2.1212121212e-01 6.7042218340e+00
-9.3939393939e-01 -1.5151515152e-01 6.6926421365e+00
-9.3939393939e-01 -9.0909090909e-02 6.6849732202e+00
-9.3939393939e-01 -3.0303030303e-02 6.6811538773e+00
-9.3939393939e-01 3.0303030303e-02 6.6811538773e+00
-9.3939393939e-01 9.0909090909e-02 6.6849732202e+00
-9.3939393939e-01 1.5151515152e-01 6.6926421365e+00
-9.3939393939e-01 2.1212121212e-01 6.7042218340e+00
-9.3939393939e-01 2.7272727273e-01 6.7198060310e+00
-9.3939393939e-01 3.3333333333e-01 6.7395233541e+00
-9.3939393939e-01 3.9393939394e-01 6.7635407319e+00
-9.3939393939e-01 4.5454545455e-01 6.7920679739e+00
-9.3939393939e-01 5.1515151515e-01 6.8253638057e+00
-9.3939393939e-01 5.7575757576e-01 6.8637437391e+00
-9.3939393939e-01 6.3636363636e-01 6.9075903079e+00
-9.3939393939e-01 6.9696969697e-01 6.9573664147e+00
-9.3939393939e-01 7.5757575758e-01 7.0136328522e+00
-9.3939393939e-01 8.1818181818e-01 7.0770715299e+00
-9.3939393939e-01 8.7878787879e-01 7.1485166637e+00
-9.3939393939e-01 9.3939393939e-01 7.2289973139e+00
-9.3939393939e-01 1.0000000000e+00 7.3197964844e+00
-9.3939393939e-01 1.0606060606e+00 7.4225350356e+00
-9.3939393939e-01 1.1212121212e+00 7.5392939032e+00
-9.3939393939e-01 1.1818181818e+00 7.6727975342e+00
-9.3939393939e-01 1.2424242424e+00 7.8266992032e+00
-9.3939393939e-01 1.3030303030e+00 8.0060442909e+00
-9.3939393939e-01 1.3636363636e+00 8.2180632826e+00
-9.3939393939e-01 1.4242424242e+00 8.4736222507e+00
-9.3939393939e-01 1.4848484848e+00 8.7901145831e+00
-9.3939393939e-01 1.5454545455e+00 9.1979413230e+00
-9.3939393939e-01 1.6060606061e+00 9.7577222617e+00
-9.3939393939e-01 1.6666666667e+00 1.0620574748e+01
-9.3939393939e-01 1.7272727273e+00 1.2407677054e+01
-9.3939393939e-01 1.7878787879e+00 1.3349172534e+01
-9.3939393939e-01 1.8484848485e+00 1.0608635387e+01
-9.3939393939e-01 1.9090909091e+00 9.4251971831e+00
-9.3939393939e-01 1.9696969697e+00 8.6484768798e+00
-9.3939393939e-01 2.0303030303e+00 8.0659663433e+00
-9.3939393939e-01 2.0909090909e+00 7.5985604802e+00
-9.3939393939e-01 2.1515151515e+00 7.2078422803e+00
-9.3939393939e-01 2.2121212121e+00 6.8721448893e+00
-9.3939393939e-01 2.2727272727e+00 6.5779973482e+00
-9.3939393939e-01 2.3333333333e+00 6.3164260088e+00
-9.3939393939e-01 2.3939393939e+00 6.0811367529e+00
-9.3939393939e-01 2.4545454545e+00 5.8675345032e+00
-9.3939393939e-01 2.5151515152e+00 5.6721554657e+00
-9.3939393939e-01 2.5757575758e+00 5.4923193933e+00
-9.3939393939e-01 2.6363636364e+00 5.3259066800e+00
-9.3939393939e-01 2.6969696970e+00 5.1712099685e+00
-9.3939393939e-01 2.7575757576e+00 5.0268321646e+00
-9.3939393939e-01 2.8181818182e+00 4.8916144053e+00
-9.3939393939e-01 2.8787878788e+00 4.7645839691e+00
-9.3939393939e-01 2.9393939394e+00 4.6449158197e+00
-9.3939393939e-01 3.0000000000e+00 4.5319036936e+00

-8.7878787879e-01 -3.0000000000e+00 4.5655893009e+00
-8.7878787879e-01 -2.9393939394e+00 4.6813022293e+00
-8.7878787879e-01 -2.8787878788e+00 4.8039996977e+00
-8.7878787879e-01 -2.8181818182e+00 4.9344455278e+00
-8.7878787879e-01 -2.7575757576e+00 5.0735362705e+00
-8.7878787879e-01 -2.6969696970e+00 5.2223346346e+00
-8.7878787879e-01 -2.6363636364e+00 5.3821143500e+00
-8.7878787879e-01 -2.5757575758e+00 5.5544215533e+00
-8.7878787879e-01 -2.5151515152e+00 5.7411606609e+00
-8.7878787879e-01 -2.4545454545e+00 5.9447175788e+00
-8.7878787879e-01 -2.3939393939e+00 6.1681417784e+00
-8.7878787879e-01 -2.3333333333e+00 6.4154248598e+00
-8.7878787879e-01 -2.2727272727e+00 6.6919447834e+00
-8.7878787879e-01 -2.2121212121e+00 7.0052110054e+00
-8.7878787879e-01 -2.1515151515e+00 7.3661956300e+00
-8.7878787879e-01 -2.0909090909e+00 7.7919122439e+00
-8.7878787879e-01 -2.0303030303e+00 8.3109857179e+00
-8.7878787879e-01 -1.9696969697e+00 8.9776993345e+00
-8.7878787879e-01 -1.9090909091e+00 9.9172277687e+00
-8.7878787879e-01 -1.8484848485e+00 1.1559751646e+01
-8.7878787879e-01 -1.7878787879e+00 1.5276659910e+01
-8.7878787879e-01 -1.7272727273e+00 1.1249293792e+01
-8.7878787879e-01 -1.6666666667e+00 1.0091422711e+01
-8.7878787879e-01 -1.6060606061e+00 9.4133384967e+00
-8.7878787879e-01 -1.5454545455e+00 8.9417772951e+00
-8.7878787879e-01 -1.4848484848e+00 8.5854248626e+00
-8.7878787879e-01 -1.4242424242e+00 8.3025356935e+00
-8.7878787879e-01 -1.3636363636e+00 8.0705536855e+00
-8.7878787879e-01 -1.3030303030e+00 7.8759281733e+00
-8.7878787879e-01 -1.2424242424e+00 7.7098955849e+00
-8.7878787879e-01 -1.1818181818e+00 7.5664716691e+00
-8.7878787879e-01 -1.1212121212e+00 7.4413960134e+00
-8.7878787879e-01 -1.0606060606e+00 7.3315339399e+00
-8.7878787879e-01 -1.0000000000e+00 7.2345170436e+00
-8.7878787879e-01 -9.3939393939e-01 7.1485166637e+00
-8.7878787879e-01 -8.7878787879e-01 7.0720954430e+00
-8.7878787879e-01 -8.1818181818e-01 7.0041068284e+00
-8.7878787879e-01 -7.5757575758e-01 6.9436251216e+00
-8.7878787879e-01 -6.9696969697e-01 6.8898956310e+00
-8.7878787879e-01 -6.3636363636e-01 6.8422984242e+00
-8.7878787879e-01 -5.7575757576e-01 6.8003215139e+00
-8.7878787879e-01 -5.1515151515e-01 6.7635407319e+00
-8.7878787879e-01 -4.5454545455e-01 6.7316044436e+00
-8.7878787879e-01 -3.9393939394e-01 6.7042218340e+00
-8.7878787879e-01 -3.3333333333e-01 6.6811538773e+00
-8.7878787879e-01 -2.7272727273e-01 6.6622063618e+00
-8.7878787879e-01 -2.1212121212e-01 6.6472245206e+00
-8.7878787879e-01 -1.5151515152e-01 6.6360889447e+00
-8.7878787879e-01 -9.0909090909e-02 6.6287125465e+00
-8.7878787879e-01 -3.0303030303e-02 6.6250384088e+00
-8.7878787879e-01 3.0303030303e-02 6.6250384088e+00
-8.7878787879e-01 9.0909090909e-02 6.6287125465e+00
-8.7878787879e-01 1.5151515152e-01 6.6360889447e+00
-8.7878787879e-01 2.1212121212e-01 6.6472245206e+00
-8.7878787879e-01 2.7272727273e-01 6.6622063618e+00
-8.7878787879e-01 3.3333333333e-01 6.6811538773e+00
-8.7878787879e-01 3.9393939394e-01 6.7042218340e+00
-8.7878787879e-01 4.5454545455e-01 6.7316044436e+00
-8.7878787879e-01 5.1515151515e-01 6.7635407319e+00
-8.7878787879e-01 5.7575757576e-01 6.8003215139e+00
-8.7878787879e-01 6.3636363636e-01 6.8422984242e+00
-8.7878787879e-01 6.9696969697e-01 6.8898956310e+00
-8.7878787879e-01 7.5757575758e-01 6.9436251216e+00
-8.7878787879e-01 8.1818181818e-01 7.0041068284e+00
-8.7878787879e-01 8.7878787879e-01 7.0720954430e+00
-8.7878787879e-01 9.3939393939e-01 7.1485166637e+00
-8.7878787879e-01 1.0000000000e+00 7.2345170436e+00
-8.7878787879e-01 1.0606060606e+00 7.3315339399e+00
-8.7878787879e-01 1.1212121212e+00 7.4413960134e+00
-8.7878787879e-01 1.1818181818e+00 7.5664716691e+00
-8.7878787879e-01 1.2424242424e+00 7.7098955849e+00
-8.7878787879e-01 1.3030303030e+00 7.8759281733e+00
-8.7878787879e-01 1.3636363636e+00 8.0705536855e+00
-8.7878787879e-01 1.4242424242e+00 8.3025356935e+00
-8.7878787879e-01 1.4848484848e+00 8.5854248626e+00
-8.7878787879e-01 1.5454545455e+00 8.9417772951e+00
-8.7878787879e-01 1.6060606061e+00 9.4133384967e+00
-8.7878787879e-01 1.6666666667e+00 1.0091422711e+01
-8.7878787879e-01 1.7272727273e+00 1.1249293792e+01
-8.7878787879e-01 1.7878787879e+00 1.5276659910e+01
-8.7878787879e-01 1.8484848485e+00 1.1559751646e+01
-8.7878787879e-01 1.9090909091e+00 9.9172277687e+00
-8.7878787879e-01 1.9696969697e+00 8.9776993345e+00
-8.7878787879e-01 2.0303030303e+00 8.3109857179e+00
-8.7878787879e-01 2.0909090909e+00 7.7919122439e+00
-8.7878787879e-01 2.1515151515e+00 7.3661956300e+00
-8.7878787879e-01 2.2121212121e+00 7.0052110054e+00
-8.7878787879e-01 2.2727272727e+00 6.6919447834e+00
-8.7878787879e-01 2.3333333333e+00 6.4154248598e+00
-8.7878787879e-01 2.3939393939e+00 6.1681417784e+00
-8.7878787879e-01 2.4545454545e+00 5.9447175788e+00
-8.7878787879e-01 2.5151515152e+00 5.7411606609e+00
-8.7878787879e-01 2.5757575758e+00 5.5544215533e+00
-8.7878787879e-01 2.6363636364e+00 5.3821143500e+00
-8.7878787879e-01 2.6969696970e+00 5.2223346346e+00
-8.7878787879e-01 2.7575757576e+00 5.0735362705e+00
-8.7878787879e-01 2.8181818182e+00 4.9344455278e+00
-8.7878787879e-01 2.8787878788e+00 4.8039996977e+00
-8.7878787879e-01 2.9393939394e+00 4.6813022293e+00
-8.7878787879e-01 3.0000000000e+00 4.5655893009e+00

-8.1818181818e-01 -3.0000000000e+00 4.5977405748e+00
-8.1818181818e-01 -2.9393939394e+00 4.7160761823e+00
-8.1818181818e-01 -2.8787878788e+00 4.8417226265e+00
-8.1818181818e-01 -2.8181818182e+00 4.9755024689e+00
-8.1818181818e-01 -2.7575757576e+00 5.1183856846e+00
-8.1818181818e-01 -2.6969696970e+00 5.2715280029e+00
-8.1818181818e-01 -2.6363636364e+00 5.4363228123e+00
-8.1818181818e-01 -2.5757575758e+00 5.6144728895e+00
-8.1818181818e-01 -2.5151515152e+00 5.8080918839e+00
-8.1818181818e-01 -2.4545454545e+00 6.0198518549e+00
-8.1818181818e-01 -2.3939393939e+00 6.2532046854e+00
-8.1818181818e-01 -2.3333333333e+00 6.5127271054e+00
-8.1818181818e-01 -2.2727272727e+00 6.8046832934e+00
-8.1818181818e-01 -2.2121212121e+00 7.1379949515e+00
-8.1818181818e-01 -2.1515151515e+00 7.5260363308e+00
-8.1818181818e-01 -2.0909090909e+00 7.9902774763e+00
-8.1818181818e-01 -2.0303030303e+00 8.5686818060e+00
-8.1818181818e-01 -1.9696969697e+00 9.3390840499e+00
-8.1818181818e-01 -1.9090909091e+00 1.0508876998e+01
-8.1818181818e-01 -1.8484848485e+00 1.3168038228e+01
-8.1818181818e-01 -1.7878787879e+00 1.2407677057e+01
-8.1818181818e-01 -1.7272727273e+00 1.0580071453e+01
-8.1818181818e-01 -1.6666666667e+00 9.7077242022e+00
-8.1818181818e-01 -1.6060606061e+00 9.1435643110e+00
-8.1818181818e-01 -1.5454545455e+00 8.7330540311e+00
-8.1818181818e-01 -1.4848484848e+00 8.4146073667e+00
-8.1818181818e-01 -1.4242424242e+00 8.1574491169e+00
-8.1818181818e-01 -1.3636363636e+00 7.9440118284e+00
-8.1818181818e-01 -1.3030303030e+00 7.7633377032e+00
-8.1818181818e-01 -1.2424242424e+00 7.6081431293e+00
-8.1818181818e-01 -1.1818181818e+00 7.4733494313e+00
-8.1818181818e-01 -1.1212121212e+00 7.3552809225e+00
-8.1818181818e-01 -1.0606060606e+00 7.2511969958e+00
-8.1818181818e-01 -1.0000000000e+00 7.1590042453e+00
-8.1818181818e-01 -9.3939393939e-01 7.0770715299e+00
-8.1818181818e-01 -8.7878787879e-01 7.0041068284e+00
-8.1818181818e-01 -8.1818181818e-01 6.9390727239e+00
-8.1818181818e-01 -7.5757575758e-01 6.8811268910e+00
-8.1818181818e-01 -6.9696969697e-01 6.8295792546e+00
-8.1818181818e-01 -6.3636363636e-01 6.7838605634e+00
-8.1818181818e-01 -5.7575757576e-01 6.7434989620e+00
-8.1818181818e-01 -5.1515151515e-01 6.7081022878e+00
-8.1818181818e-01 -4.5454545455e-01 6.6773445457e+00
-8.1818181818e-01 -3.9393939394e-01 6.6509554881e+00
-8.1818181818e-01 -3.3333333333e-01 6.6287125465e+00
-8.1818181818e-01 -2.7272727273e-01 6.6104345743e+00
-8.1818181818e-01 -2.1212121212e-01 6.5959770141e+00
-8.1818181818e-01 -1.5151515152e-01 6.5852282086e+00
-8.1818181818e-01 -9.0909090909e-02 6.5781066535e+00
-8.1818181818e-01 -3.0303030303e-02 6.5745590487e+00
-8.1818181818e-01 3.0303030303e-02 6.5745590487e+00
-8.1818181818e-01 9.0909090909e-02 6.5781066535e+00
-8.1818181818e-01 1.5151515152e-01 6.5852282086e+00
-8.1818181818e-01 2.1212121212e-01 6.5959770141e+00
-8.1818181818e-01 2.7272727273e-01 6.6104345743e+00
-8.1818181818e-01 3.3333333333e-01 6.6287125465e+00
-8.1818181818e-01 3.9393939394e-01 6.6509554881e+00
-8.1818181818e-01 4.5454545455e-01 6.6773445457e+00
-8.1818181818e-01 5.1515151515e-01 6.7081022878e+00
-8.1818181818e-01 5.7575757576e-01 6.7434989620e+00
-8.1818181818e-01 6.3636363636e-01 6.7838605634e+00
-8.1818181818e-01 6.9696969697e-01 6.8295792546e+00
-8.1818181818e-01 7.5757575758e-01 6.8811268910e+00
-8.1818181818e-01 8.1818181818e-01 6.9390727239e+00
-8.1818181818e-01 8.7878787879e-01 7.0041068284e+00
-8.1818181818e-01 9.3939393939e-01 7.0770715299e+00
-8.1818181818e-01 1.0000000000e+00 7.1590042453e+00
-8.1818181818e-01 1.0606060606e+00 7.2511969958e+00
-8.1818181818e-01 1.1212121212e+00 7.3552809225e+00
-8.1818181818e-01 1.1818181818e+00 7.4733494313e+00
-8.1818181818e-01 1.2424242424e+00 7.6081431293e+00
-8.1818181818e-01 1.3030303030e+00 7.7633377032e+00
-8.1818181818e-01 1.3636363636e+00 7.9440118284e+00
-8.1818181818e-01 1.4242424242e+00 8.1574491169e+00
-8.1818181818e-01 1.4848484848e+00 8.4146073667e+00
-8.1818181818e-01 1.5454545455e+00 8.7330540311e+00
-8.1818181818e-01 1.6060606061e+00 9.1435643110e+00
-8.1818181818e-01 1.6666666667e+00 9.7077242022e+00
-8.1818181818e-01 1.7272727273e+00 1.0580071453e+01
-8.1818181818e-01 1.7878787879e+00 1.2407677057e+01
-8.1818181818e-01 1.8484848485e+00 1.3168038228e+01
-8.1818181818e-01 1.9090909091e+00 1.0508876998e+01
-8.1818181818e-01 1.9696969697e+00 9.3390840499e+00
-8.1818181818e-01 2.0303030303e+00 8.5686818060e+00
-8.1818181818e-01 2.0909090909e+00 7.9902774763e+00
-8.1818181818e-01 2.1515151515e+00 7.5260363308e+00
-8.1818181818e-01 2.2121212121e+00 7.1379949515e+00
-8.1818181818e-01 2.2727272727e+00 6.8046832934e+00
-8.1818181818e-01 2.3333333333e+00 6.5127271054e+00
-8.1818181818e-01 2.3939393939e+00 6.2532046854e+00
-8.1818181818e-01 2.4545454545e+00 6.0198518549e+00
-8.1818181818e-01 2.5151515152e+00 5.8080918839e+00
-8.1818181818e-01 2.5757575758e+00 5.6144728895e+00
-8.1818181818e-01 2.6363636364e+00 5.4363228123e+00
-8.1818181818e-01 2.6969696970e+00 5.2715280029e+00
-8.1818181818e-01 2.7575757576e+00 5.1183856846e+00
-8.1818181818e-01 2.8181818182e+00 4.9755024689e+00
-8.1818181818e-01 2.8787878788e+00 4.8417226265e+00
-8.1818181818e-01 2.9393939394e+00 4.7160761823e+00
-8.1818181818e-01 3.0000000000e+00 4.5977405748e+00

-7.5757575758e-01 -3.0000000000e+00 4.6282337937e+00
-7.5757575758e-01 -2.9393939394e+00 4.7490979087e+00
-7.5757575758e-01 -2.8787878788e+00 4.8775942447e+00
-7.5757575758e-01 -2.8181818182e+00 5.0146047219e+00
-7.5757575758e-01 -2.7575757576e+00 5.1611739476e+00
-7.5757575758e-01 -2.6969696970e+00 5.3185528285e+00
-7.5757575758e-01 -2.6363636364e+00 5.4882581126e+00
-7.5757575758e-01 -2.5757575758e+00 5.6721554657e+00
-7.5757575758e-01 -2.5151515152e+00 5.8725783188e+00
-7.5757575758e-01 -2.4545454545e+00 6.0925028917e+00
-7.5757575758e-01 -2.3939393939e+00 6.3358148818e+00
-7.5757575758e-01 -2.3333333333e+00 6.6077327030e+00
-7.5757575758e-01 -2.2727272727e+00 6.9155132210e+00
-7.5757575758e-01 -2.2121212121e+00 7.2697032166e+00
-7.5757575758e-01 -2.1515151515e+00 7.6865406648e+00
-7.5757575758e-01 -2.0909090909e+00 8.1930736587e+00
-7.5757575758e-01 -2.0303030303e+00 8.8398253059e+00
-7.5757575758e-01 -1.9696969697e+00 9.7402966329e+00
-7.5757575758e-01 -1.9090909091e+00 1.1261443837e+01
-7.5757575758e-01 -1.8484848485e+00 1.7435181034e+01
-7.5757575758e-01 -1.7878787879e+00 1.1368230288e+01
-7.5757575758e-01 -1.7272727273e+00 1.0122261686e+01
-7.5757575758e-01 -1.6666666667e+00 9.4133384967e+00
-7.5757575758e-01 -1.6060606061e+00 8.9259880687e+00
-7.5757575758e-01 -1.5454545455e+00 8.5599248895e+00
-7.5757575758e-01 -1.4848484848e+00 8.2703473297e+00
-7.5757575758e-01 -1.4242424242e+00 8.0333770478e+00
-7.5757575758e-01 -1.3636363636e+00 7.8347994497e+00
-7.5757575758e-01 -1.3030303030e+00 7.6654813250e+00
-7.5757575758e-01 -1.2424242424e+00 7.5192161869e+00
-7.5757575758e-01 -1.1818181818e+00 7.3916016817e+00
-7.5757575758e-01 -1.1212121212e+00 7.2794078352e+00
-7.5757575758e-01 -1.0606060606e+00 7.1801994444e+00
-7.5757575758e-01 -1.0000000000e+00 7.0920991683e+00
-7.5757575758e-01 -9.3939393939e-01 7.0136328522e+00
-7.5757575758e-01 -8.7878787879e-01 6.9436251216e+00
-7.5757575758e-01 -8.1818181818e-01 6.8811268910e+00
-7.5757575758e-01 -7.5757575758e-01 6.8253638057e+00
-7.5757575758e-01 -6.9696969697e-01 6.7756988038e+00
-7.5757575758e-01 -6.3636363636e-01 6.7316044436e+00
-7.5757575758e-01 -5.7575757576e-01 6.6926421365e+00
-7.5757575758e-01 -5.1515151515e-01 6.6584463622e+00
-7.5757575758e-01 -4.5454545455e-01 6.6287125465e+00
-7.5757575758e-01 -3.9393939394e-01 6.6031876805e+00
-7.5757575758e-01 -3.3333333333e-01 6.5816630267e+00
-7.5757575758e-01 -2.7272727273e-01 6.5639684441e+00
-7.5757575758e-01 -2.1212121212e-01 6.5499679917e+00
-7.5757575758e-01 -1.5151515152e-01 6.5395565648e+00
-7.5757575758e-01 -9.0909090909e-02 6.5326573844e+00
-7.5757575758e-01 -3.0303030303e-02 6.5292202136e+00
-7.5757575758e-01 3.0303030303e-02 6.5292202136e+00
-7.5757575758e-01 9.0909090909e-02 6.5326573844e+00
-7.5757575758e-01 1.5151515152e-01 6.5395565648e+00
-7.5757575758e-01 2.1212121212e-01 6.5499679917e+00
-7.5757575758e-01 2.7272727273e-01 6.5639684441e+00
-7.5757575758e-01 3.3333333333e-01 6.5816630267e+00
-7.5757575758e-01 3.9393939394e-01 6.6031876805e+00
-7.5757575758e-01 4.5454545455e-01 6.6287125465e+00
-7.5757575758e-01 5.1515151515e-01 6.6584463622e+00
-7.5757575758e-01 5.7575757576e-01 6.6926421365e+00
-7.5757575758e-01 6.3636363636e-01 6.7316044436e+00
-7.5757575758e-01 6.9696969697e-01 6.7756988038e+00
-7.5757575758e-01 7.5757575758e-01 6.8253638057e+00
-7.5757575758e-01 8.1818181818e-01 6.8811268910e+00
-7.5757575758e-01 8.7878787879e-01 6.9436251216e+00
-7.5757575758e-01 9.3939393939e-01 7.0136328522e+00
-7.5757575758e-01 1.0000000000e+00 7.0920991683e+00
-7.5757575758e-01 1.0606060606e+00 7.1801994444e+00
-7.5757575758e-01 1.1212121212e+00 7.2794078352e+00
-7.5757575758e-01 1.1818181818e+00 7.3916016817e+00
-7.5757575758e-01 1.2424242424e+00 7.5192161869e+00
-7.5757575758e-01 1.3030303030e+00 7.6654813250e+00
-7.5757575758e-01 1.3636363636e+00 7.8347994497e+00
-7.5757575758e-01 1.4242424242e+00 8.0333770478e+00
-7.5757575758e-01 1.4848484848e+00 8.2703473297e+00
-7.5757575758e-01 1.5454545455e+00 8.5599248895e+00
-7.5757575758e-01 1.6060606061e+00 8.9259880687e+00
-7.5757575758e-01 1.6666666667e+00 9.4133384967e+00
-7.5757575758e-01 1.7272727273e+00 1.0122261686e+01
-7.5757575758e-01 1.7878787879e+00 1.1368230288e+01
-7.5757575758e-01 1.8484848485e+00 1.7435181034e+01
-7.5757575758e-01 1.9090909091e+00 1.1261443837e+01
-7.5757575758e-01 1.9696969697e+00 9.7402966329e+00
-7.5757575758e-01 2.0303030303e+00 8.8398253059e+00
-7.5757575758e-01 2.0909090909e+00 8.1930736587e+00
-7.5757575758e-01 2.1515151515e+00 7.6865406648e+00
-7.5757575758e-01 2.2121212121e+00 7.2697032166e+00
-7.5757575758e-01 2.2727272727e+00 6.9155132210e+00
-7.5757575758e-01 2.3333333333e+00 6.6077327030e+00
-7.5757575758e-01 2.3939393939e+00 6.3358148818e+00
-7.5757575758e-01 2.4545454545e+00 6.0925028917e+00
-7.5757575758e-01 2.5151515152e+00 5.8725783188e+00
-7.5757575758e-01 2.5757575758e+00 5.6721554657e+00
-7.5757575758e-01 2.6363636364e+00 5.4882581126e+00
-7.5757575758e-01 2.6969696970e+00 5.3185528285e+00
-7.5757575758e-01 2.7575757576e+00 5.1611739476e+00
-7.5757575758e-01 2.8181818182e+00 5.0146047219e+00
-7.5757575758e-01 2.8787878788e+00 4.8775942447e+00
-7.5757575758e-01 2.9393939394e+00 4.7490979087e+00
-7.5757575758e-01 3.0000000000e+00 4.6282337937e+00

-6.9696969697e-01 -3.0000000000e+00 4.6569466958e+00
-6.9696969697e-01 -2.9393939394e+00 4.7802287405e+00
-6.9696969697e-01 -2.8787878788e+00 4.9114565923e+00
-6.9696969697e-01 -2.8181818182e+00 5.0515715046e+00
-6.9696969697e-01 -2.7575757576e+00 5.2016931045e+00
-6.9696969697e-01 -2.6969696970e+00 5.3631685818e+00
-6.9696969697e-01 -2.6363636364e+00 5.5376403898e+00
-6.9696969697e-01 -2.5757575758e+00 5.7271415845e+00
-6.9696969697e-01 -2.5151515152e+00 5.9342336836e+00
-6.9696969697e-01 -2.4545454545e+00 6.1622122513e+00
-6.9696969697e-01 -2.3939393939e+00 6.4154248598e+00
-6.9696969697e-01 -2.3333333333e+00 6.6997848725e+00
-6.9696969697e-01 -2.2727272727e+00 7.0236474416e+00
-6.9696969697e-01 -2.2121212121e+00 7.3994073932e+00
-6.9696969697e-01 -2.1515151515e+00 7.8466813125e+00
-6.9696969697e-01 -2.0909090909e+00 8.3994490780e+00
-6.9696969697e-01 -2.0303030303e+00 9.1251366228e+00
-6.9696969697e-01 -1.9696969697e+00 1.0192554842e+01
-6.9696969697e-01 -1.9090909091e+00 1.2324878901e+01
-6.9696969697e-01 -1.8484848485e+00 1.3032235011e+01
-6.9696969697e-01 -1.7878787879e+00 1.0747765695e+01
-6.9696969697e-01 -1.7272727273e+00 9.7832609533e+00
-6.9696969697e-01 -1.6666666667e+00 9.1796246594e+00
-6.9696969697e-01 -1.6060606061e+00 8.7471395731e+00
-6.9696969697e-01 -1.5454545455e+00 8.4146073667e+00
-6.9696969697e-01 -1.4848484848e+00 8.1475618829e+00
-6.9696969697e-01 -1.4242424242e+00 7.9267184054e+00
-6.9696969697e-01 -1.3636363636e+00 7.7402131097e+00
-6.9696969697e-01 -1.3030303030e+00 7.5802395132e+00
-6.9696969697e-01 -1.2424242424e+00 7.4413960134e+00
-6.9696969697e-01 -1.1818181818e+00 7.3197964844e+00
-6.9696969697e-01 -1.1212121212e+00 7.2125569913e+00
-6.9696969697e-01 -1.0606060606e+00 7.1174827614e+00
-6.9696969697e-01 -1.0000000000e+00 7.0328685343e+00
-6.9696969697e-01 -9.3939393939e-01 6.9573664147e+00
-6.9696969697e-01 -8.7878787879e-01 6.8898956310e+00
-6.9696969697e-01 -8.1818181818e-01 6.8295792546e+00
-6.9696969697e-01 -7.5757575758e-01 6.7756988038e+00
-6.9696969697e-01 -6.9696969697e-01 6.7276610326e+00
-6.9696969697e-01 -6.3636363636e-01 6.6849732202e+00
-6.9696969697e-01 -5.7575757576e-01 6.6472245206e+00
-6.9696969697e-01 -5.1515151515e-01 6.6140717126e+00
-6.9696969697e-01 -4.5454545455e-01 6.5852282086e+00
-6.9696969697e-01 -3.9393939394e-01 6.5604555140e+00
-6.9696969697e-01 -3.3333333333e-01 6.5395565648e+00
-6.9696969697e-01 -2.7272727273e-01 6.5223705271e+00
-6.9696969697e-01 -2.1212121212e-01 6.5087687593e+00
-6.9696969697e-01 -1.5151515152e-01 6.4986517147e+00
-6.9696969697e-01 -9.0909090909e-02 6.4919466269e+00
-6.9696969697e-01 -3.0303030303e-02 6.4886058621e+00
-6.9696969697e-01 3.0303030303e-02 6.4886058621e+00
-6.9696969697e-01 9.0909090909e-02 6.4919466269e+00
-6.9696969697e-01 1.5151515152e-01 6.4986517147e+00
-6.9696969697e-01 2.1212121212e-01 6.5087687593e+00
-6.9696969697e-01 2.7272727273e-01 6.5223705271e+00
-6.9696969697e-01 3.3333333333e-01 6.5395565648e+00
-6.9696969697e-01 3.9393939394e-01 6.5604555140e+00
-6.9696969697e-01 4.5454545455e-01 6.5852282086e+00
-6.9696969697e-01 5.1515151515e-01 6.6140717126e+00
-6.9696969697e-01 5.7575757576e-01 6.6472245206e+00
-6.9696969697e-01 6.3636363636e-01 6.6849732202e+00
-6.9696969697e-01 6.9696969697e-01 6.7276610326e+00
-6.9696969697e-01 7.5757575758e-01 6.7756988038e+00
-6.9696969697e-01 8.1818181818e-01 6.8295792546e+00
-6.9696969697e-01 8.7878787879e-01 6.8898956310e+00
-6.9696969697e-01 9.3939393939e-01 6.9573664147e+00
-6.9696969697e-01 1.0000000000e+00 7.0328685343e+00
-6.9696969697e-01 1.0606060606e+00 7.1174827614e+00
-6.9696969697e-01 1.1212121212e+00 7.2125569913e+00
-6.9696969697e-01 1.1818181818e+00 7.3197964844e+00
-6.9696969697e-01 1.2424242424e+00 7.4413960134e+00
-6.9696969697e-01 1.3030303030e+00 7.5802395132e+00
-6.9696969697e-01 1.3636363636e+00 7.7402131097e+00
-6.9696969697e-01 1.4242424242e+00 7.9267184054e+00
-6.9696969697e-01 1.4848484848e+00 8.1475618829e+00
-6.9696969697e-01 1.5454545455e+00 8.4146073667e+00
-6.9696969697e-01 1.6060606061e+00 8.7471395731e+00
-6.9696969697e-01 1.6666666667e+00 9.1796246594e+00
-6.9696969697e-01 1.7272727273e+00 9.7832609533e+00
-6.9696969697e-01 1.7878787879e+00 1.0747765695e+01
-6.9696969697e-01 1.8484848485e+00 1.3032235011e+01
-6.9696969697e-01 1.9090909091e+00 1.2324878901e+01
-6.9696969697e-01 1.9696969697e+00 1.0192554842e+01
-6.9696969697e-01 2.0303030303e+00 9.1251366228e+00
-6.9696969697e-01 2.0909090909e+00 8.3994490780e+00
-6.9696969697e-01 2.1515151515e+00 7.8466813125e+00
-6.9696969697e-01 2.2121212121e+00 7.3994073932e+00
-6.9696969697e-01 2.2727272727e+00 7.0236474416e+00
-6.9696969697e-01 2.3333333333e+00 6.6997848725e+00
-6.9696969697e-01 2.3939393939e+00 6.4154248598e+00
-6.9696969697e-01 2.4545454545e+00 6.1622122513e+00
-6.9696969697e-01 2.5151515152e+00 5.9342336836e+00
-6.9696969697e-01 2.5757575758e+00 5.7271415845e+00
-6.9696969697e-01 2.6363636364e+00 5.5376403898e+00
-6.9696969697e-01 2.6969696970e+00 5.3631685818e+00
-6.9696969697e-01 2.7575757576e+00 5.2016931045e+00
-6.9696969697e-01 2.8181818182e+00 5.0515715046e+00
-6.9696969697e-01 2.8787878788e+00 4.9114565923e+00
-6.9696969697e-01 2.9393939394e+00 4.7802287405e+00
-6.9696969697e-01 3.0000000000e+00 4.6569466958e+00

-6.3636363636e-01 -3.0000000000e+00 4.6837596499e+00
-6.3636363636e-01 -2.9393939394e+00 4.8093324815e+00
-6.3636363636e-01 -2.8787878788e+00 4.9431538690e+00
-6.3636363636e-01 -2.8181818182e+00 5.0862236539e+00
-6.3636363636e-01 -2.7575757576e+00 5.2397359384e+00
-6.3636363636e-01 -2.6969696970e+00 5.4051340809e+00
-6.3636363636e-01 -2.6363636364e+00 5.5841869709e+00
-6.3636363636e-01 -2.5757575758e+00 5.7790973992e+00
-6.3636363636e-01 -2.5151515152e+00 5.9926603762e+00
-6.3636363636e-01 -2.4545454545e+00 6.2285021000e+00
-6.3636363636e-01 -2.3939393939e+00 6.4914549300e+00
-6.3636363636e-01 -2.3333333333e+00 6.7881740571e+00
-6.3636363636e-01 -2.2727272727e+00 7.1282122495e+00
-6.3636363636e-01 -2.2121212121e+00 7.5260363308e+00
-6.3636363636e-01 -2.1515151515e+00 8.0051972311e+00
-6.3636363636e-01 -2.0909090909e+00 8.6082032823e+00
-6.3636363636e-01 -2.0303030303e+00 9.4251971831e+00
-6.3636363636e-01 -1.9696969697e+00 1.0713316864e+01
-6.3636363636e-01 -1.9090909091e+00 1.4293667161e+01
-6.3636363636e-01 -1.8484848485e+00 1.1856612203e+01
-6.3636363636e-01 -1.7878787879e+00 1.0319295003e+01
-6.3636363636e-01 -1.7272727273e+00 9.5208023563e+00
-6.3636363636e-01 -1.6666666667e+00 8.9900404018e+00
-6.3636363636e-01 -1.6060606061e+00 8.5983220325e+00
-6.3636363636e-01 -1.5454545455e+00 8.2917361089e+00
-6.3636363636e-01 -1.4848484848e+00 8.0425915453e+00
-6.3636363636e-01 -1.4242424242e+00 7.8347994497e+00
-6.3636363636e-01 -1.3636363636e+00 7.6581988822e+00
-6.3636363636e-01 -1.3030303030e+00 7.5059730808e+00
-6.3636363636e-01 -1.2424242424e+00 7.3733344571e+00
-6.3636363636e-01 -1.1818181818e+00 7.2567976948e+00
-6.3636363636e-01 -1.1212121212e+00 7.1537513855e+00
-6.3636363636e-01 -1.0606060606e+00 7.0621923463e+00
-6.3636363636e-01 -1.0000000000e+00 6.9805537991e+00
-6.3636363636e-01 -9.3939393939e-01 6.9075903079e+00
-6.3636363636e-01 -8.7878787879e-01 6.8422984242e+00
-6.3636363636e-01 -8.1818181818e-01 6.7838605634e+00
-6.3636363636e-01 -7.5757575758e-01 6.7316044436e+00
-6.3636363636e-01 -6.9696969697e-01 6.6849732202e+00
-6.3636363636e-01 -6.3636363636e-01 6.6435031379e+00
-6.3636363636e-01 -5.7575757576e-01 6.6068065779e+00
-6.3636363636e-01 -5.1515151515e-01 6.5745590487e+00
-6.3636363636e-01 -4.5454545455e-01 6.5464891118e+00
-6.3636363636e-01 -3.9393939394e-01 6.5223705271e+00
-6.3636363636e-01 -3.3333333333e-01 6.5020161065e+00
-6.3636363636e-01 -2.7272727273e-01 6.4852729046e+00
-6.3636363636e-01 -2.1212121212e-01 6.4720184748e+00
-6.3636363636e-01 -1.5151515152e-01 6.4621579938e+00
-6.3636363636e-01 -9.0909090909e-02 6.4556221078e+00
-6.3636363636e-01 -3.0303030303e-02 6.4523653988e+00
-6.3636363636e-01 3.0303030303e-02 6.4523653988e+00
-6.3636363636e-01 9.0909090909e-02 6.4556221078e+00
-6.3636363636e-01 1.5151515152e-01 6.4621579938e+00
-6.3636363636e-01 2.1212121212e-01 6.4720184748e+00
-6.3636363636e-01 2.7272727273e-01 6.4852729046e+00
-6.3636363636e-01 3.3333333333e-01 6.5020161065e+00
-6.3636363636e-01 3.9393939394e-01 6.5223705271e+00
-6.3636363636e-01 4.5454545455e-01 6.5464891118e+00
-6.3636363636e-01 5.1515151515e-01 6.5745590487e+00
-6.3636363636e-01 5.7575757576e-01 6.6068065779e+00
-6.3636363636e-01 6.3636363636e-01 6.6435031379e+00
-6.3636363636e-01 6.9696969697e-01 6.6849732202e+00
-6.3636363636e-01 7.5757575758e-01 6.7316044436e+00
-6.3636363636e-01 8.1818181818e-01 6.7838605634e+00
-6.3636363636e-01 8.7878787879e-01 6.8422984242e+00
-6.3636363636e-01 9.3939393939e-01 6.9075903079e+00
-6.3636363636e-01 1.0000000000e+00 6.9805537991e+00
-6.3636363636e-01 1.0606060606e+00 7.0621923463e+00
-6.3636363636e-01 1.1212121212e+00 7.1537513855e+00
-6.3636363636e-01 1.1818181818e+00 7.2567976948e+00
-6.3636363636e-01 1.2424242424e+00 7.3733344571e+00
-6.3636363636e-01 1.3030303030e+00 7.5059730808e+00
-6.3636363636e-01 1.3636363636e+00 7.6581988822e+00
-6.3636363636e-01 1.4242424242e+00 7.8347994497e+00
-6.3636363636e-01 1.4848484848e+00 8.0425915453e+00
-6.3636363636e-01 1.5454545455e+00 8.2917361089e+00
-6.3636363636e-01 1.6060606061e+00 8.5983220325e+00
-6.3636363636e-01 1.6666666667e+00 8.9900404018e+00
-6.3636363636e-01 1.7272727273e+00 9.5208023563e+00
-6.3636363636e-01 1.7878787879e+00 1.0319295003e+01
-6.3636363636e-01 1.8484848485e+00 1.1856612203e+01
-6.3636363636e-01 1.9090909091e+00 1.4293667161e+01
-6.3636363636e-01 1.9696969697e+00 1.0713316864e+01
-6.3636363636e-01 2.0303030303e+00 9.4251971831e+00
-6.3636363636e-01 2.0909090909e+00 8.6082032823e+00
-6.3636363636e-01 2.1515151515e+00 8.0051972311e+00
-6.3636363636e-01 2.2121212121e+00 7.5260363308e+00
-6.3636363636e-01 2.2727272727e+00 7.1282122495e+00
-6.3636363636e-01 2.3333333333e+00 6.7881740571e+00
-6.3636363636e-01 2.3939393939e+00 6.4914549300e+00
-6.3636363636e-01 2.4545454545e+00 6.2285021000e+00
-6.3636363636e-01 2.5151515152e+00 5.9926603762e+00
-6.3636363636e-01 2.5757575758e+00 5.7790973992e+00
-6.3636363636e-01 2.6363636364e+00 5.5841869709e+00
-6.3636363636e-01 2.6969696970e+00 5.4051340809e+00
-6.3636363636e-01 2.7575757576e+00 5.2397359384e+00
-6.3636363636e-01 2.8181818182e+00 5.0862236539e+00
-6.3636363636e-01 2.8787878788e+00 4.9431538690e+00
-6.3636363636e-01 2.9393939394e+00 4.8093324815e+00
-6.3636363636e-01 3.0000000000e+00 4.6837596499e+00

-5.7575757576e-01 -3.0000000000e+00 4.7085568835e+00
-5.7575757576e-01 -2.9393939394e+00 4.8362768611e+00
-5.7575757576e-01 -2.8787878788e+00 4.9725341608e+00
-5.7575757576e-01 -2.8181818182e+00 5.1183856846e+00
-5.7575757576e-01 -2.7575757576e+00 5.2750984361e+00
-5.7575757576e-01 -2.6969696970e+00 5.4442104532e+00
-5.7575757576e-01 -2.6363636364e+00 5.6276159344e+00
-5.7575757576e-01 -2.5757575758e+00 5.8276871976e+00
-5.7575757576e-01 -2.5151515152e+00 6.0474545952e+00
-5.7575757576e-01 -2.4545454545e+00 6.2908812286e+00
-5.7575757576e-01 -2.3939393939e+00 6.5633000290e+00
-5.7575757576e-01 -2.3333333333e+00 6.8721448893e+00
-5.7575757576e-01 -2.2727272727e+00 7.2282524455e+00
-5.7575757576e-01 -2.2121212121e+00 7.6483734099e+00
-5.7575757576e-01 -2.1515151515e+00 8.1605663274e+00
-5.7575757576e-01 -2.0909090909e+00 8.8176918675e+00
-5.7575757576e-01 -2.0303030303e+00 9.7402966329e+00
-5.7575757576e-01 -1.9696969697e+00 1.1332152440e+01
-5.7575757576e-01 -1.9090909091e+00 1.5839998695e+01
-5.7575757576e-01 -1.8484848485e+00 1.1192561352e+01
-5.7575757576e-01 -1.7878787879e+00 1.0001966831e+01
-5.7575757576e-01 -1.7272727273e+00 9.3121090373e+00
-5.7575757576e-01 -1.6666666667e+00 8.8342089011e+00
-5.7575757576e-01 -1.6060606061e+00 8.4736222507e+00
-5.7575757576e-01 -1.5454545455e+00 8.1874752931e+00
-5.7575757576e-01 -1.4848484848e+00 7.9527287560e+00
-5.7575757576e-01 -1.4242424242e+00 7.7555920264e+00
-5.7575757576e-01 -1.3636363636e+00 7.5871690429e+00
-5.7575757576e-01 -1.3030303030e+00 7.4413960134e+00
-5.7575757576e-01 -1.2424242424e+00 7.3139611993e+00
-5.7575757576e-01 -1.1818181818e+00 7.2016945077e+00
-5.7575757576e-01 -1.1212121212e+00 7.1022014463e+00
-5.7575757576e-01 -1.0606060606e+00 7.0136328522e+00
-5.7575757576e-01 -1.0000000000e+00 6.9345342097e+00
-5.7575757576e-01 -9.3939393939e-01 6.8637437391e+00
-5.7575757576e-01 -8.7878787879e-01 6.8003215139e+00
-5.7575757576e-01 -8.1818181818e-01 6.7434989620e+00
-5.7575757576e-01 -7.5757575758e-01 6.6926421365e+00
-5.7575757576e-01 -6.9696969697e-01 6.6472245206e+00
-5.7575757576e-01 -6.3636363636e-01 6.6068065779e+00
-5.7575757576e-01 -5.7575757576e-01 6.5710201720e+00
-5.7575757576e-01 -5.1515151515e-01 6.5395565648e+00
-5.7575757576e-01 -4.5454545455e-01 6.5121570903e+00
-5.7575757576e-01 -3.9393939394e-01 6.4886058621e+00
-5.7575757576e-01 -3.3333333333e-01 6.4687240510e+00
-5.7575757576e-01 -2.7272727273e-01 6.4523653988e+00
-5.7575757576e-01 -2.1212121212e-01 6.4394127175e+00
-5.7575757576e-01 -1.5151515152e-01 6.4297751968e+00
-5.7575757576e-01 -9.0909090909e-02 6.4233863849e+00
-5.7575757576e-01 -3.0303030303e-02 6.4202027490e+00
-5.7575757576e-01 3.0303030303e-02 6.4202027490e+00
-5.7575757576e-01 9.0909090909e-02 6.4233863849e+00
-5.7575757576e-01 1.5151515152e-01 6.4297751968e+00
-5.7575757576e-01 2.1212121212e-01 6.4394127175e+00
-5.7575757576e-01 2.7272727273e-01 6.4523653988e+00
-5.7575757576e-01 3.3333333333e-01 6.4687240510e+00
-5.7575757576e-01 3.9393939394e-01 6.4886058621e+00
-5.7575757576e-01 4.5454545455e-01 6.5121570903e+00
-5.7575757576e-01 5.1515151515e-01 6.5395565648e+00
-5.7575757576e-01 5.7575757576e-01 6.5710201720e+00
-5.7575757576e-01 6.3636363636e-01 6.6068065779e+00
-5.7575757576e-01 6.9696969697e-01 6.6472245206e+00
-5.7575757576e-01 7.5757575758e-01 6.6926421365e+00
-5.7575757576e-01 8.1818181818e-01 6.7434989620e+00
-5.7575757576e-01 8.7878787879e-01 6.8003215139e+00
-5.7575757576e-01 9.3939393939e-01 6.8637437391e+00
-5.7575757576e-01 1.0000000000e+00 6.9345342097e+00
-5.7575757576e-01 1.0606060606e+00 7.0136328522e+00
-5.7575757576e-01 1.1212121212e+00 7.1022014463e+00
-5.7575757576e-01 1.1818181818e+00 7.2016945077e+00
-5.7575757576e-01 1.2424242424e+00 7.3139611993e+00
-5.7575757576e-01 1.3030303030e+00 7.4413960134e+00
-5.7575757576e-01 1.3636363636e+00 7.5871690429e+00
-5.7575757576e-01 1.4242424242e+00 7.7555920264e+00
-5.7575757576e-01 1.4848484848e+00 7.9527287560e+00
-5.7575757576e-01 1.5454545455e+00 8.1874752931e+00
-5.7575757576e-01 1.6060606061e+00 8.4736222507e+00
-5.7575757576e-01 1.6666666667e+00 8.8342089011e+00
-5.7575757576e-01 1.7272727273e+00 9.3121090373e+00
-5.7575757576e-01 1.7878787879e+00 1.0001966831e+01
-5.7575757576e-01 1.8484848485e+00 1.1192561352e+01
-5.7575757576e-01 1.9090909091e+00 1.5839998695e+01
-5.7575757576e-01 1.9696969697e+00 1.1332152440e+01
-5.7575757576e-01 2.0303030303e+00 9.7402966329e+00
-5.7575757576e-01 2.0909090909e+00 8.8176918675e+00
-5.7575757576e-01 2.1515151515e+00 8.1605663274e+00
-5.7575757576e-01 2.2121212121e+00 7.6483734099e+00
-5.7575757576e-01 2.2727272727e+00 7.2282524455e+00
-5.7575757576e-01 2.3333333333e+00 6.8721448893e+00
-5.7575757576e-01 2.3939393939e+00 6.5633000290e+00
-5.7575757576e-01 2.4545454545e+00 6.2908812286e+00
-5.7575757576e-01 2.5151515152e+00 6.0474545952e+00
-5.7575757576e-01 2.5757575758e+00 5.8276871976e+00
-5.7575757576e-01 2.6363636364e+00 5.6276159344e+00
-5.7575757576e-01 2.6969696970e+00 5.4442104532e+00
-5.7575757576e-01 2.7575757576e+00 5.2750984361e+00
-5.7575757576e-01 2.8181818182e+00 5.1183856846e+00
-5.7575757576e-01 2.8787878788e+00 4.9725341608e+00
-5.7575757576e-01 2.9393939394e+00 4.8362768611e+00
-5.7575757576e-01 3.0000000000e+00 4.7085568835e+00

-5.1515151515e-01 -3.0000000000e+00 4.7312277510e+00
-5.1515151515e-01 -2.9393939394e+00 4.8609350465e+00
-5.1515151515e-01 -2.8787878788e+00 4.9994512541e+00
-5.1515151515e-01 -2.8181818182e+00 5.1478879796e+00
-5.1515151515e-01 -2.7575757576e+00 5.3075824459e+00
-5.1515151515e-01 -2.6969696970e+00 5.4801643816e+00
-5.1515151515e-01 -2.6363636364e+00 5.6676500969e+00
-5.1515151515e-01 -2.5757575758e+00 5.8725783188e+00
-5.1515151515e-01 -2.5151515152e+00 6.0982124141e+00
-5.1515151515e-01 -2.4545454545e+00 6.3488525289e+00
-5.1515151515e-01 -2.3939393939e+00 6.6303387690e+00
-5.1515151515e-01 -2.3333333333e+00 6.9509066353e+00
-5.1515151515e-01 -2.2727272727e+00 7.3227417559e+00
-5.1515151515e-01 -2.2121212121e+00 7.7650614382e+00
-5.1515151515e-01 -2.1515151515e+00 8.3109857179e+00
-5.1515151515e-01 -2.0909090909e+00 9.0257187695e+00
-5.1515151515e-01 -2.0303030303e+00 1.0070174909e+01
-5.1515151515e-01 -1.9696969697e+00 1.2105800067e+01
-5.1515151515e-01 -1.9090909091e+00 1.3185840787e+01
-5.1515151515e-01 -1.8484848485e+00 1.0747765695e+01
-5.1515151515e-01 -1.7878787879e+00 9.7577222617e+00
-5.1515151515e-01 -1.7272727273e+00 9.1435643110e+00
-5.1515151515e-01 -1.6666666667e+00 8.7052308430e+00
-5.1515151515e-01 -1.6060606061e+00 8.3688626288e+00
-5.1515151515e-01 -1.5454545455e+00 8.0990061542e+00
-5.1515151515e-01 -1.4848484848e+00 7.8759281733e+00
-5.1515151515e-01 -1.4242424242e+00 7.6875324410e+00
-5.1515151515e-01 -1.3636363636e+00 7.5258801229e+00
-5.1515151515e-01 -1.3030303030e+00 7.3854885703e+00
-5.1515151515e-01 -1.2424242424e+00 7.2624189850e+00
-5.1515151515e-01 -1.1818181818e+00 7.1537513855e+00
-5.1515151515e-01 -1.1212121212e+00 7.0572651361e+00
-5.1515151515e-01 -1.0606060606e+00 6.9712355641e+00
-5.1515151515e-01 -1.0000000000e+00 6.8942995414e+00
-5.1515151515e-01 -9.3939393939e-01 6.8253638057e+00
-5.1515151515e-01 -8.7878787879e-01 6.7635407319e+00
-5.1515151515e-01 -8.1818181818e-01 6.7081022878e+00
-5.1515151515e-01 -7.5757575758e-01 6.6584463622e+00
-5.1515151515e-01 -6.9696969697e-01 6.6140717126e+00
-5.1515151515e-01 -6.3636363636e-01 6.5745590487e+00
-5.1515151515e-01 -5.7575757576e-01 6.5395565648e+00
-5.1515151515e-01 -5.1515151515e-01 6.5087687593e+00
-5.1515151515e-01 -4.5454545455e-01 6.4819477206e+00
-5.1515151515e-01 -3.9393939394e-01 6.4588862955e+00
-5.1515151515e-01 -3.3333333333e-01 6.4394127175e+00
-5.1515151515e-01 -2.7272727273e-01 6.4233863849e+00
-5.1515151515e-01 -2.1212121212e-01 6.4106945635e+00
-5.1515151515e-01 -1.5151515152e-01 6.4012498446e+00
-5.1515151515e-01 -9.0909090909e-02 6.3949882382e+00
-5.1515151515e-01 -3.0303030303e-02 6.3918678110e+00
-5.1515151515e-01 3.0303030303e-02 6.3918678110e+00
-5.1515151515e-01 9.0909090909e-02 6.3949882382e+00
-5.1515151515e-01 1.5151515152e-01 6.4012498446e+00
-5.1515151515e-01 2.1212121212e-01 6.4106945635e+00
-5.1515151515e-01 2.7272727273e-01 6.4233863849e+00
-5.1515151515e-01 3.3333333333e-01 6.4394127175e+00
-5.1515151515e-01 3.9393939394e-01 6.4588862955e+00
-5.1515151515e-01 4.5454545455e-01 6.4819477206e+00
-5.1515151515e-01 5.1515151515e-01 6.5087687593e+00
-5.1515151515e-01 5.7575757576e-01 6.5395565648e+00
-5.1515151515e-01 6.3636363636e-01 6.5745590487e+00
-5.1515151515e-01 6.9696969697e-01 6.6140717126e+00
-5.1515151515e-01 7.5757575758e-01 6.6584463622e+00
-5.1515151515e-01 8.1818181818e-01 6.7081022878e+00
-5.1515151515e-01 8.7878787879e-01 6.7635407319e+00
-5.1515151515e-01 9.3939393939e-01 6.8253638057e+00
-5.1515151515e-01 1.0000000000e+00 6.8942995414e+00
-5.1515151515e-01 1.0606060606e+00 6.9712355641e+00
-5.1515151515e-01 1.1212121212e+00 7.0572651361e+00
-5.1515151515e-01 1.1818181818e+00 7.1537513855e+00
-5.1515151515e-01 1.2424242424e+00 7.2624189850e+00
-5.1515151515e-01 1.3030303030e+00 7.3854885703e+00
-5.1515151515e-01 1.3636363636e+00 7.5258801229e+00
-5.1515151515e-01 1.4242424242e+00 7.6875324410e+00
-5.1515151515e-01 1.4848484848e+00 7.8759281733e+00
-5.1515151515e-01 1.5454545455e+00 8.0990061542e+00
-5.1515151515e-01 1.6060606061e+00 8.3688626288e+00
-5.1515151515e-01 1.6666666667e+00 8.7052308430e+00
-5.1515151515e-01 1.7272727273e+00 9.1435643110e+00
-5.1515151515e-01 1.7878787879e+00 9.7577222617e+00
-5.1515151515e-01 1.8484848485e+00 1.0747765695e+01
-5.1515151515e-01 1.9090909091e+00 1.3185840787e+01
-5.1515151515e-01 1.9696969697e+00 1.2105800067e+01
-5.1515151515e-01 2.0303030303e+00 1.0070174909e+01
-5.1515151515e-01 2.0909090909e+00 9.0257187695e+00
-5.1515151515e-01 2.1515151515e+00 8.3109857179e+00
-5.1515151515e-01 2.2121212121e+00 7.7650614382e+00
-5.1515151515e-01 2.2727272727e+00 7.3227417559e+00
-5.1515151515e-01 2.3333333333e+00 6.9509066353e+00
-5.1515151515e-01 2.3939393939e+00 6.6303387690e+00
-5.1515151515e-01 2.4545454545e+00 6.3488525289e+00
-5.1515151515e-01 2.5151515152e+00 6.0982124141e+00
-5.1515151515e-01 2.5757575758e+00 5.8725783188e+00
-5.1515151515e-01 2.6363636364e+00 5.6676500969e+00
-5.1515151515e-01 2.6969696970e+00 5.4801643816e+00
-5.1515151515e-01 2.7575757576e+00 5.3075824459e+00
-5.1515151515e-01 2.8181818182e+00 5.1478879796e+00
-5.1515151515e-01 2.8787878788e+00 4.9994512541e+00
-5.1515151515e-01 2.9393939394e+00 4.8609350465e+00
-5.1515151515e-01 3.0000000000e+00 4.7312277510e+00

-4.5454545455e-01 -3.0000000000e+00 4.7516680153e+00
-4.5454545455e-01 -2.9393939394e+00 4.8831871849e+00
-4.5454545455e-01 -2.8787878788e+00 5.0237665039e+00
-4.5454545455e-01 -2.8181818182e+00 5.1745690671e+00
-4.5454545455e-01 -2.7575757576e+00 5.3369984781e+00
-4.5454545455e-01 -2.6969696970e+00 5.5127715754e+00
-4.5454545455e-01 -2.6363636364e+00 5.7040213516e+00
-4.5454545455e-01 -2.5757575758e+00 5.9134466238e+00
-4.5454545455e-01 -2.5151515152e+00 6.1445367332e+00
-4.5454545455e-01 -2.4545454545e+00 6.4019218770e+00
-4.5454545455e-01 -2.3939393939e+00 6.6919447834e+00
-4.5454545455e-01 -2.3333333333e+00 7.0236474416e+00
-4.5454545455e-01 -2.2727272727e+00 7.4105996153e+00
-4.5454545455e-01 -2.2121212121e+00 7.8746179641e+00
-4.5454545455e-01 -2.1515151515e+00 8.4543663127e+00
-4.5454545455e-01 -2.0909090909e+00 9.2294255341e+00
-4.5454545455e-01 -2.0303030303e+00 1.0413595826e+01
-4.5454545455e-01 -1.9696969697e+00 1.3168023692e+01
-4.5454545455e-01 -1.9090909091e+00 1.2205668123e+01
-4.5454545455e-01 -1.8484848485e+00 1.0426505080e+01
-4.5454545455e-01 -1.7878787879e+00 9.5657041349e+00
-4.5454545455e-01 -1.7272727273e+00 9.0064356788e+00
-4.5454545455e-01 -1.6666666667e+00 8.5983220325e+00
-4.5454545455e-01 -1.6060606061e+00 8.2810069432e+00
-4.5454545455e-01 -1.5454545455e+00 8.0242147090e+00
-4.5454545455e-01 -1.4848484848e+00 7.8106210232e+00
-4.5454545455e-01 -1.4242424242e+00 7.6294009793e+00
-4.5454545455e-01 -1.3636363636e+00 7.4733494313e+00
-4.5454545455e-01 -1.3030303030e+00 7.3374364313e+00
-4.5454545455e-01 -1.2424242424e+00 7.2180174211e+00
-4.5454545455e-01 -1.1818181818e+00 7.1123717930e+00
-4.5454545455e-01 -1.1212121212e+00 7.0184186812e+00
-4.5454545455e-01 -1.0606060606e+00 6.9345342097e+00
-4.5454545455e-01 -1.0000000000e+00 6.8594296937e+00
-4.5454545455e-01 -9.3939393939e-01 6.7920679739e+00
-4.5454545455e-01 -8.7878787879e-01 6.7316044436e+00
-4.5454545455e-01 -8.1818181818e-01 6.6773445457e+00
-4.5454545455e-01 -7.5757575758e-01 6.6287125465e+00
-4.5454545455e-01 -6.9696969697e-01 6.5852282086e+00
-4.5454545455e-01 -6.3636363636e-01 6.5464891118e+00
-4.5454545455e-01 -5.7575757576e-01 6.5121570903e+00
-4.5454545455e-01 -5.1515151515e-01 6.4819477206e+00
-4.5454545455e-01 -4.5454545455e-01 6.4556221078e+00
-4.5454545455e-01 -3.9393939394e-01 6.4329804329e+00
-4.5454545455e-01 -3.3333333333e-01 6.4138568678e+00
-4.5454545455e-01 -2.7272727273e-01 6.3981155732e+00
-4.5454545455e-01 -2.1212121212e-01 6.3856475677e+00
-4.5454545455e-01 -1.5151515152e-01 6.3763683114e+00
-4.5454545455e-01 -9.0909090909e-02 6.3702158912e+00
-4.5454545455e-01 -3.0303030303e-02 6.3671497246e+00
-4.5454545455e-01 3.0303030303e-02 6.3671497246e+00
-4.5454545455e-01 9.0909090909e-02 6.3702158912e+00
-4.5454545455e-01 1.5151515152e-01 6.3763683114e+00
-4.5454545455e-01 2.1212121212e-01 6.3856475677e+00
-4.5454545455e-01 2.7272727273e-01 6.3981155732e+00
-4.5454545455e-01 3.3333333333e-01 6.4138568678e+00
-4.5454545455e-01 3.9393939394e-01 6.4329804329e+00
-4.5454545455e-01 4.5454545455e-01 6.4556221078e+00
-4.5454545455e-01 5.1515151515e-01 6.4819477206e+00
-4.5454545455e-01 5.7575757576e-01 6.5121570903e+00
-4.5454545455e-01 6.3636363636e-01 6.5464891118e+00
-4.5454545455e-01 6.9696969697e-01 6.5852282086e+00
-4.5454545455e-01 7.5757575758e-01 6.6287125465e+00
-4.5454545455e-01 8.1818181818e-01 6.6773445457e+00
-4.5454545455e-01 8.7878787879e-01 6.7316044436e+00
-4.5454545455e-01 9.3939393939e-01 6.7920679739e+00
-4.5454545455e-01 1.0000000000e+00 6.8594296937e+00
-4.5454545455e-01 1.0606060606e+00 6.9345342097e+00
-4.5454545455e-01 1.1212121212e+00 7.0184186812e+00
-4.5454545455e-01 1.1818181818e+00 7.1123717930e+00
-4.5454545455e-01 1.2424242424e+00 7.2180174211e+00
-4.5454545455e-01 1.3030303030e+00 7.3374364313e+00
-4.5454545455e-01 1.3636363636e+00 7.4733494313e+00
-4.5454545455e-01 1.4242424242e+00 7.6294009793e+00
-4.5454545455e-01 1.4848484848e+00 7.8106210232e+00
-4.5454545455e-01 1.5454545455e+00 8.0242147090e+00
-4.5454545455e-01 1.6060606061e+00 8.2810069432e+00
-4.5454545455e-01 1.6666666667e+00 8.5983220325e+00
-4.5454545455e-01 1.7272727273e+00 9.0064356788e+00
-4.5454545455e-01 1.7878787879e+00 9.5657041349e+00
-4.5454545455e-01 1.8484848485e+00 1.0426505080e+01
-4.5454545455e-01 1.9090909091e+00 1.2205668123e+01
-4.5454545455e-01 1.9696969697e+00 1.3168023692e+01
-4.5454545455e-01 2.0303030303e+00 1.0413595826e+01
-4.5454545455e-01 2.0909090909e+00 9.2294255341e+00
-4.5454545455e-01 2.1515151515e+00 8.4543663127e+00
-4.5454545455e-01 2.2121212121e+00 7.8746179641e+00
-4.5454545455e-01 2.2727272727e+00 7.4105996153e+00
-4.5454545455e-01 2.3333333333e+00 7.0236474416e+00
-4.5454545455e-01 2.3939393939e+00 6.6919447834e+00
-4.5454545455e-01 2.4545454545e+00 6.4019218770e+00
-4.5454545455e-01 2.5151515152e+00 6.1445367332e+00
-4.5454545455e-01 2.5757575758e+00 5.9134466238e+00
-4.5454545455e-01 2.6363636364e+00 5.7040213516e+00
-4.5454545455e-01 2.6969696970e+00 5.5127715754e+00
-4.5454545455e-01 2.7575757576e+00 5.3369984781e+00
-4.5454545455e-01 2.8181818182e+00 5.1745690671e+00
-4.5454545455e-01 2.8787878788e+00 5.0237665039e+00
-4.5454545455e-01 2.9393939394e+00 4.8831871849e+00
-4.5454545455e-01 3.0000000000e+00 4.7516680153e+00

-3.9393939394e-01 -3.0000000000e+00 4.7697811199e+00
-3.9393939394e-01 -2.9393939394e+00 4.9029219434e+00
-3.9393939394e-01 -2.8787878788e+00 5.0453507130e+00
-3.9393939394e-01 -2.8181818182e+00 5.1982779360e+00
-3.9393939394e-01 -2.7575757576e+00 5.3631685818e+00
-3.9393939394e-01 -2.6969696970e+00 5.5418203823e+00
-3.9393939394e-01 -2.6363636364e+00 5.7364752560e+00
-3.9393939394e-01 -2.5757575758e+00 5.9499823928e+00
-3.9393939394e-01 -2.5151515152e+00 6.1860449610e+00
-3.9393939394e-01 -2.4545454545e+00 6.4496082687e+00
-3.9393939394e-01 -2.3939393939e+00 6.7475002516e+00
-3.9393939394e-01 -2.3333333333e+00 7.0895524653e+00
-3.9393939394e-01 -2.2727272727e+00 7.4907150419e+00
-3.9393939394e-01 -2.2121212121e+00 7.9754637306e+00
-3.9393939394e-01 -2.1515151515e+00 8.5883502578e+00
-3.9393939394e-01 -2.0909090909e+00 9.4251971831e+00
-3.9393939394e-01 -2.0303030303e+00 1.0767662009e+01
-3.9393939394e-01 -1.9696969697e+00 1.5013592666e+01
-3.9393939394e-01 -1.9090909091e+00 1.1631580832e+01
-3.9393939394e-01 -1.8484848485e+00 1.0185574704e+01
-3.9393939394e-01 -1.7878787879e+00 9.4133384967e+00
-3.9393939394e-01 -1.7272727273e+00 8.8948416952e+00
-3.9393939394e-01 -1.6666666667e+00 8.5100635205e+00
-3.9393939394e-01 -1.6060606061e+00 8.2078036323e+00
-3.9393939394e-01 -1.5454545455e+00 7.9614931366e+00
-3.9393939394e-01 -1.4848484848e+00 7.7555920264e+00
-3.9393939394e-01 -1.4242424242e+00 7.5802395132e+00
-3.9393939394e-01 -1.3636363636e+00 7.4287965667e+00
-3.9393939394e-01 -1.3030303030e+00 7.2965872236e+00
-3.9393939394e-01 -1.2424242424e+00 7.1801994444e+00
-3.9393939394e-01 -1.1818181818e+00 7.0770715299e+00
-3.9393939394e-01 -1.1212121212e+00 6.9852348105e+00
-3.9393939394e-01 -1.0606060606e+00 6.9031468064e+00
-3.9393939394e-01 -1.0000000000e+00 6.8295792546e+00
-3.9393939394e-01 -9.3939393939e-01 6.7635407319e+00
-3.9393939394e-01 -8.7878787879e-01 6.7042218340e+00
-3.9393939394e-01 -8.1818181818e-01 6.6509554881e+00
-3.9393939394e-01 -7.5757575758e-01 6.6031876805e+00
-3.9393939394e-01 -6.9696969697e-01 6.5604555140e+00
-3.9393939394e-01 -6.3636363636e-01 6.5223705271e+00
-3.9393939394e-01 -5.7575757576e-01 6.4886058621e+00
-3.9393939394e-01 -5.1515151515e-01 6.4588862955e+00
-3.9393939394e-01 -4.5454545455e-01 6.4329804329e+00
-3.9393939394e-01 -3.9393939394e-01 6.4106945635e+00
-3.9393939394e-01 -3.3333333333e-01 6.3918678110e+00
-3.9393939394e-01 -2.7272727273e-01 6.3763683114e+00
-3.9393939394e-01 -2.1212121212e-01 6.3640902177e+00
-3.9393939394e-01 -1.5151515152e-01 6.3549513884e+00
-3.9393939394e-01 -9.0909090909e-02 6.3488916475e+00
-3.9393939394e-01 -3.0303030303e-02 6.3458715422e+00
-3.9393939394e-01 3.0303030303e-02 6.3458715422e+00
-3.9393939394e-01 9.0909090909e-02 6.3488916475e+00
-3.9393939394e-01 1.5151515152e-01 6.3549513884e+00
-3.9393939394e-01 2.1212121212e-01 6.3640902177e+00
-3.9393939394e-01 2.7272727273e-01 6.3763683114e+00
-3.9393939394e-01 3.3333333333e-01 6.3918678110e+00
-3.9393939394e-01 3.9393939394e-01 6.4106945635e+00
-3.9393939394e-01 4.5454545455e-01 6.4329804329e+00
-3.9393939394e-01 5.1515151515e-01 6.4588862955e+00
-3.9393939394e-01 5.7575757576e-01 6.4886058621e+00
-3.9393939394e-01 6.3636363636e-01 6.5223705271e+00
-3.9393939394e-01 6.9696969697e-01 6.5604555140e+00
-3.9393939394e-01 7.5757575758e-01 6.6031876805e+00
-3.9393939394e-01 8.1818181818e-01 6.6509554881e+00
-3.9393939394e-01 8.7878787879e-01 6.7042218340e+00
-3.9393939394e-01 9.3939393939e-01 6.7635407319e+00
-3.9393939394e-01 1.0000000000e+00 6.8295792546e+00
-3.9393939394e-01 1.0606060606e+00 6.9031468064e+00
-3.9393939394e-01 1.1212121212e+00 6.9852348105e+00
-3.9393939394e-01 1.1818181818e+00 7.0770715299e+00
-3.9393939394e-01 1.2424242424e+00 7.1801994444e+00
-3.9393939394e-01 1.3030303030e+00 7.2965872236e+00
-3.9393939394e-01 1.3636363636e+00 7.4287965667e+00
-3.9393939394e-01 1.4242424242e+00 7.5802395132e+00
-3.9393939394e-01 1.4848484848e+00 7.7555920264e+00
-3.9393939394e-01 1.5454545455e+00 7.9614931366e+00
-3.9393939394e-01 1.6060606061e+00 8.2078036323e+00
-3.9393939394e-01 1.6666666667e+00 8.5100635205e+00
-3.9393939394e-01 1.7272727273e+00 8.8948416952e+00
-3.9393939394e-01 1.7878787879e+00 9.4133384967e+00
-3.9393939394e-01 1.8484848485e+00 1.0185574704e+01
-3.9393939394e-01 1.9090909091e+00 1.1631580832e+01
-3.9393939394e-01 1.9696969697e+00 1.5013592666e+01
-3.9393939394e-01 2.0303030303e+00 1.0767662009e+01
-3.9393939394e-01 2.0909090909e+00 9.4251971831e+00
-3.9393939394e-01 2.1515151515e+00 8.5883502578e+00
-3.9393939394e-01 2.2121212121e+00 7.9754637306e+00
-3.9393939394e-01 2.2727272727e+00 7.4907150419e+00
-3.9393939394e-01 2.3333333333e+00 7.0895524653e+00
-3.9393939394e-01 2.3939393939e+00 6.7475002516e+00
-3.9393939394e-01 2.4545454545e+00 6.4496082687e+00
-3.9393939394e-01 2.5151515152e+00 6.1860449610e+00
-3.9393939394e-01 2.5757575758e+00 5.9499823928e+00
-3.9393939394e-01 2.6363636364e+00 5.7364752560e+00
-3.9393939394e-01 2.6969696970e+00 5.5418203823e+00
-3.9393939394e-01 2.7575757576e+00 5.3631685818e+00
-3.9393939394e-01 2.8181818182e+00 5.1982779360e+00
-3.9393939394e-01 2.8787878788e+00 5.0453507130e+00
-3.9393939394e-01 2.9393939394e+00 4.9029219434e+00
-3.9393939394e-01 3.0000000000e+00 4.7697811199e+00

-3.3333333333e-01 -3.0000000000e+00 4.7854794209e+00
-3.3333333333e-01 -2.9393939394e+00 4.9200380117e+00
-3.3333333333e-01 -2.8787878788e+00 5.0640859797e+00
-3.3333333333e-01 -2.8181818182e+00 5.2188763290e+00
-3.3333333333e-01 -2.7575757576e+00 5.3859292232e+00
-3.3333333333e-01 -2.6969696970e+00 5.5671154453e+00
-3.3333333333e-01 -2.6363636364e+00 5.7647757402e+00
-3.3333333333e-01 -2.5757575758e+00 5.9818964825e+00
-3.3333333333e-01 -2.5151515152e+00 6.2223772055e+00
-3.3333333333e-01 -2.4545454545e+00 6.4914549300e+00
-3.3333333333e-01 -2.3939393939e+00 6.7964112858e+00
-3.3333333333e-01 -2.3333333333e+00 7.1478256221e+00
-3.3333333333e-01 -2.2727272727e+00 7.5619777834e+00
-3.3333333333e-01 -2.2121212121e+00 8.0659663433e+00
-3.3333333333e-01 -2.1515151515e+00 8.7103606572e+00
-3.3333333333e-01 -2.0909090909e+00 9.6086182394e+00
-3.3333333333e-01 -2.0303030303e+00 1.1126765542e+01
-3.3333333333e-01 -1.9696969697e+00 1.7664691947e+01
-3.3333333333e-01 -1.9090909091e+00 1.1249293792e+01
-3.3333333333e-01 -1.8484848485e+00 1.0001966831e+01
-3.3333333333e-01 -1.7878787879e+00 9.2925513405e+00
-3.3333333333e-01 -1.7272727273e+00 8.8046855910e+00
-3.3333333333e-01 -1.6666666667e+00 8.4379622172e+00
-3.3333333333e-01 -1.6060606061e+00 8.1475618829e+00
-3.3333333333e-01 -1.5454545455e+00 7.9096090846e+00
-3.3333333333e-01 -1.4848484848e+00 7.7098955849e+00
-3.3333333333e-01 -1.4242424242e+00 7.5392939032e+00
-3.3333333333e-01 -1.3636363636e+00 7.3916016817e+00
-3.3333333333e-01 -1.3030303030e+00 7.2624189850e+00
-3.3333333333e-01 -1.2424242424e+00 7.1485166637e+00
-3.3333333333e-01 -1.1818181818e+00 7.0474588970e+00
-3.3333333333e-01 -1.1212121212e+00 6.9573664147e+00
-3.3333333333e-01 -1.0606060606e+00 6.8767619181e+00
-3.3333333333e-01 -1.0000000000e+00 6.8044657340e+00
-3.3333333333e-01 -9.3939393939e-01 6.7395233541e+00
-3.3333333333e-01 -8.7878787879e-01 6.6811538773e+00
-3.3333333333e-01 -8.1818181818e-01 6.6287125465e+00
-3.3333333333e-01 -7.5757575758e-01 6.5816630267e+00
-3.3333333333e-01 -6.9696969697e-01 6.5395565648e+00
-3.3333333333e-01 -6.3636363636e-01 6.5020161065e+00
-3.3333333333e-01 -5.7575757576e-01 6.4687240510e+00
-3.3333333333e-01 -5.1515151515e-01 6.4394127175e+00
-3.3333333333e-01 -4.5454545455e-01 6.4138568678e+00
-3.3333333333e-01 -3.9393939394e-01 6.3918678110e+00
-3.3333333333e-01 -3.3333333333e-01 6.3732887444e+00
-3.3333333333e-01 -2.7272727273e-01 6.3579910762e+00
-3.3333333333e-01 -2.1212121212e-01 6.3458715422e+00
-3.3333333333e-01 -1.5151515152e-01 6.3368499773e+00
-3.3333333333e-01 -9.0909090909e-02 6.3308676383e+00
-3.3333333333e-01 -3.0303030303e-02 6.3278860044e+00
-3.3333333333e-01 3.0303030303e-02 6.3278860044e+00
-3.3333333333e-01 9.0909090909e-02 6.3308676383e+00
-3.3333333333e-01 1.5151515152e-01 6.3368499773e+00
-3.3333333333e-01 2.1212121212e-01 6.3458715422e+00
-3.3333333333e-01 2.7272727273e-01 6.3579910762e+00
-3.3333333333e-01 3.3333333333e-01 6.3732887444e+00
-3.3333333333e-01 3.9393939394e-01 6.3918678110e+00
-3.3333333333e-01 4.5454545455e-01 6.4138568678e+00
-3.3333333333e-01 5.1515151515e-01 6.4394127175e+00
-3.3333333333e-01 5.7575757576e-01 6.4687240510e+00
-3.3333333333e-01 6.3636363636e-01 6.5020161065e+00
-3.3333333333e-01 6.9696969697e-01 6.5395565648e+00
-3.3333333333e-01 7.5757575758e-01 6.5816630267e+00
-3.3333333333e-01 8.1818181818e-01 6.6287125465e+00
-3.3333333333e-01 8.7878787879e-01 6.6811538773e+00
-3.3333333333e-01 9.3939393939e-01 6.7395233541e+00
-3.3333333333e-01 1.0000000000e+00 6.8044657340e+00
-3.3333333333e-01 1.0606060606e+00 6.8767619181e+00
-3.3333333333e-01 1.1212121212e+00 6.9573664147e+00
-3.3333333333e-01 1.1818181818e+00 7.0474588970e+00
-3.3333333333e-01 1.2424242424e+00 7.1485166637e+00
-3.3333333333e-01 1.3030303030e+00 7.2624189850e+00
-3.3333333333e-01 1.3636363636e+00 7.3916016817e+00
-3.3333333333e-01 1.4242424242e+00 7.5392939032e+00
-3.3333333333e-01 1.4848484848e+00 7.7098955849e+00
-3.3333333333e-01 1.5454545455e+00 7.9096090846e+00
-3.3333333333e-01 1.6060606061e+00 8.1475618829e+00
-3.3333333333e-01 1.6666666667e+00 8.4379622172e+00
-3.3333333333e-01 1.7272727273e+00 8.8046855910e+00
-3.3333333333e-01 1.7878787879e+00 9.2925513405e+00
-3.3333333333e-01 1.8484848485e+00 1.0001966831e+01
-3.3333333333e-01 1.9090909091e+00 1.1249293792e+01
-3.3333333333e-01 1.9696969697e+00 1.7664691947e+01
-3.3333333333e-01 2.0303030303e+00 1.1126765542e+01
-3.3333333333e-01 2.0909090909e+00 9.6086182394e+00
-3.3333333333e-01 2.1515151515e+00 8.7103606572e+00
-3.3333333333e-01 2.2121212121e+00 8.0659663433e+00
-3.3333333333e-01 2.2727272727e+00 7.5619777834e+00
-3.3333333333e-01 2.3333333333e+00 7.1478256221e+00
-3.3333333333e-01 2.3939393939e+00 6.7964112858e+00
-3.3333333333e-01 2.4545454545e+00 6.4914549300e+00
-3.3333333333e-01 2.5151515152e+00 6.2223772055e+00
-3.3333333333e-01 2.5757575758e+00 5.9818964825e+00
-3.3333333333e-01 2.6363636364e+00 5.7647757402e+00
-3.3333333333e-01 2.6969696970e+00 5.5671154453e+00
-3.3333333333e-01 2.7575757576e+00 5.3859292232e+00
-3.3333333333e-01 2.8181818182e+00 5.2188763290e+00
-3.3333333333e-01 2.8787878788e+00 5.0640859797e+00
-3.3333333333e-01 2.9393939394e+00 4.9200380117e+00
-3.3333333333e-01 3.0000000000e+00 4.7854794209e+00

-2.7272727273e-01 -3.0000000000e+00 4.7986853503e+00
-2.7272727273e-01 -2.9393939394e+00 4.9344455278e+00
-2.7272727273e-01 -2.8787878788e+00 5.0798674631e+00
-2.7272727273e-01 -2.8181818182e+00 5.2362409505e+00
-2.7272727273e-01 -2.7575757576e+00 5.4051340809e+00
-2.7272727273e-01 -2.6969696970e+00 5.5884812897e+00
-2.7272727273e-01 -2.6363636364e+00 5.7887097831e+00
-2.7272727273e-01 -2.5757575758e+00 6.0089265320e+00
-2.7272727273e-01 -2.5151515152e+00 6.2532046854e+00
-2.7272727273e-01 -2.4545454545e+00 6.5270409992e+00
-2.7272727273e-01 -2.3939393939e+00 6.8381246290e+00
-2.7272727273e-01 -2.3333333333e+00 7.1977142571e+00
-2.7272727273e-01 -2.2727272727e+00 7.6233160984e+00
-2.7272727273e-01 -2.2121212121e+00 8.1444997996e+00
-2.7272727273e-01 -2.1515151515e+00 8.8176918675e+00
-2.7272727273e-01 -2.0909090909e+00 9.7745274361e+00
-2.7272727273e-01 -2.0303030303e+00 1.1481117156e+01
-2.7272727273e-01 -1.9696969697e+00 1.4508307875e+01
-2.7272727273e-01 -1.9090909091e+00 1.0981549376e+01
-2.7272727273e-01 -1.8484848485e+00 9.8621598834e+00
-2.7272727273e-01 -1.7878787879e+00 9.1979413230e+00
-2.7272727273e-01 -1.7272727273e+00 8.7330540311e+00
-2.7272727273e-01 -1.6666666667e+00 8.3801808258e+00
-2.7272727273e-01 -1.6060606061e+00 8.0990061542e+00
-2.7272727273e-01 -1.5454545455e+00 7.8676174025e+00
-2.7272727273e-01 -1.4848484848e+00 7.6727975342e+00
-2.7272727273e-01 -1.4242424242e+00 7.5059730808e+00
-2.7272727273e-01 -1.3636363636e+00 7.3612753140e+00
-2.7272727273e-01 -1.3030303030e+00 7.2345170436e+00
-2.7272727273e-01 -1.2424242424e+00 7.1226110720e+00
-2.7272727273e-01 -1.1818181818e+00 7.0232198430e+00
-2.7272727273e-01 -1.1212121212e+00 6.9345342097e+00
-2.7272727273e-01 -1.0606060606e+00 6.8551282073e+00
-2.7272727273e-01 -1.0000000000e+00 6.7838605634e+00
-2.7272727273e-01 -9.3939393939e-01 6.7198060310e+00
-2.7272727273e-01 -8.7878787879e-01 6.6622063618e+00
-2.7272727273e-01 -8.1818181818e-01 6.6104345743e+00
-2.7272727273e-01 -7.5757575758e-01 6.5639684441e+00
-2.7272727273e-01 -6.9696969697e-01 6.5223705271e+00
-2.7272727273e-01 -6.3636363636e-01 6.4852729046e+00
-2.7272727273e-01 -5.7575757576e-01 6.4523653988e+00
-2.7272727273e-01 -5.1515151515e-01 6.4233863849e+00
-2.7272727273e-01 -4.5454545455e-01 6.3981155732e+00
-2.7272727273e-01 -3.9393939394e-01 6.3763683114e+00
-2.7272727273e-01 -3.3333333333e-01 6.3579910762e+00
-2.7272727273e-01 -2.7272727273e-01 6.3428579125e+00
-2.7272727273e-01 -2.1212121212e-01 6.3308676383e+00
-2.7272727273e-01 -1.5151515152e-01 6.3219416828e+00
-2.7272727273e-01 -9.0909090909e-02 6.3160224583e+00
-2.7272727273e-01 -3.0303030303e-02 6.3130721962e+00
-2.7272727273e-01 3.0303030303e-02 6.3130721962e+00
-2.7272727273e-01 9.0909090909e-02 6.3160224583e+00
-2.7272727273e-01 1.5151515152e-01 6.3219416828e+00
-2.7272727273e-01 2.1212121212e-01 6.3308676383e+00
-2.7272727273e-01 2.7272727273e-01 6.3428579125e+00
-2.7272727273e-01 3.3333333333e-01 6.3579910762e+00
-2.7272727273e-01 3.9393939394e-01 6.3763683114e+00
-2.7272727273e-01 4.5454545455e-01 6.3981155732e+00
-2.7272727273e-01 5.1515151515e-01 6.4233863849e+00
-2.7272727273e-01 5.7575757576e-01 6.4523653988e+00
-2.7272727273e-01 6.3636363636e-01 6.4852729046e+00
-2.7272727273e-01 6.9696969697e-01 6.5223705271e+00
-2.7272727273e-01 7.5757575758e-01 6.5639684441e+00
-2.7272727273e-01 8.1818181818e-01 6.6104345743e+00
-2.7272727273e-01 8.7878787879e-01 6.6622063618e+00
-2.7272727273e-01 9.3939393939e-01 6.7198060310e+00
-2.7272727273e-01 1.0000000000e+00 6.7838605634e+00
-2.7272727273e-01 1.0606060606e+00 6.8551282073e+00
-2.7272727273e-01 1.1212121212e+00 6.9345342097e+00
-2.7272727273e-01 1.1818181818e+00 7.0232198430e+00
-2.7272727273e-01 1.2424242424e+00 7.1226110720e+00
-2.7272727273e-01 1.3030303030e+00 7.2345170436e+00
-2.7272727273e-01 1.3636363636e+00 7.3612753140e+00
-2.7272727273e-01 1.4242424242e+00 7.5059730808e+00
-2.7272727273e-01 1.4848484848e+00 7.6727975342e+00
-2.7272727273e-01 1.5454545455e+00 7.8676174025e+00
-2.7272727273e-01 1.6060606061e+00 8.0990061542e+00
-2.7272727273e-01 1.6666666667e+00 8.3801808258e+00
-2.7272727273e-01 1.7272727273e+00 8.7330540311e+00
-2.7272727273e-01 1.7878787879e+00 9.1979413230e+00
-2.7272727273e-01 1.8484848485e+00 9.8621598834e+00
-2.7272727273e-01 1.9090909091e+00 1.0981549376e+01
-2.7272727273e-01 1.9696969697e+00 1.4508307875e+01
-2.7272727273e-01 2.0303030303e+00 1.1481117156e+01
-2.7272727273e-01 2.0909090909e+00 9.7745274361e+00
-2.7272727273e-01 2.1515151515e+00 8.8176918675e+00
-2.7272727273e-01 2.2121212121e+00 8.1444997996e+00
-2.7272727273e-01 2.2727272727e+00 7.6233160984e+00
-2.7272727273e-01 2.3333333333e+00 7.1977142571e+00
-2.7272727273e-01 2.3939393939e+00 6.8381246290e+00
-2.7272727273e-01 2.4545454545e+00 6.5270409992e+00
-2.7272727273e-01 2.5151515152e+00 6.2532046854e+00
-2.7272727273e-01 2.5757575758e+00 6.0089265320e+00
-2.7272727273e-01 2.6363636364e+00 5.7887097831e+00
-2.7272727273e-01 2.6969696970e+00 5.5884812897e+00
-2.7272727273e-01 2.7575757576e+00 5.4051340809e+00
-2.7272727273e-01 2.8181818182e+00 5.2362409505e+00
-2.7272727273e-01 2.8787878788e+00 5.0798674631e+00
-2.7272727273e-01 2.9393939394e+00 4.9344455278e+00
-2.7272727273e-01 3.0000000000e+00 4.7986853503e+00

-2.1212121212e-01 -3.0000000000e+00 4.8093324815e+00
-2.1212121212e-01 -2.9393939394e+00 4.9460673905e+00
-2.1212121212e-01 -2.8787878788e+00 5.0926050155e+00
-2.1212121212e-01 -2.8181818182e+00 5.2502655228e+00
-2.1212121212e-01 -2.7575757576e+00 5.4206566677e+00
-2.1212121212e-01 -2.6969696970e+00 5.6057657174e+00
-2.1212121212e-01 -2.6363636364e+00 5.8080918839e+00
-2.1212121212e-01 -2.5757575758e+00 6.0308429746e+00
-2.1212121212e-01 -2.5151515152e+00 6.2782380090e+00
-2.1212121212e-01 -2.4545454545e+00 6.5559932639e+00
-2.1212121212e-01 -2.3939393939e+00 6.8721448893e+00
-2.1212121212e-01 -2.3333333333e+00 7.2385355742e+00
-2.1212121212e-01 -2.2727272727e+00 7.6737395201e+00
-2.1212121212e-01 -2.2121212121e+00 8.2095182589e+00
-2.1212121212e-01 -2.1515151515e+00 8.9076442922e+00
-2.1212121212e-01 -2.0909090909e+00 9.9172277687e+00
-2.1212121212e-01 -2.0303030303e+00 1.1815035291e+01
-2.1212121212e-01 -1.9696969697e+00 1.3535430435e+01
-2.1212121212e-01 -1.9090909091e+00 1.0792204105e+01
-2.1212121212e-01 -1.8484848485e+00 9.7577222617e+00
-2.1212121212e-01 -1.7878787879e+00 9.1258130725e+00
-2.1212121212e-01 -1.7272727273e+00 8.6778595424e+00
-2.1212121212e-01 -1.6666666667e+00 8.3353658744e+00
-2.1212121212e-01 -1.6060606061e+00 8.0611792852e+00
-2.1212121212e-01 -1.5454545455e+00 7.8347994497e+00
-2.1212121212e-01 -1.4848484848e+00 7.6437341292e+00
-2.1212121212e-01 -1.4242424242e+00 7.4798197030e+00
-2.1212121212e-01 -1.3636363636e+00 7.3374364313e+00
-2.1212121212e-01 -1.3030303030e+00 7.2125569913e+00
-2.1212121212e-01 -1.2424242424e+00 7.1022014463e+00
-2.1212121212e-01 -1.1818181818e+00 7.0041068284e+00
-2.1212121212e-01 -1.1212121212e+00 6.9165174208e+00
-2.1212121212e-01 -1.0606060606e+00 6.8380464987e+00
-2.1212121212e-01 -1.0000000000e+00 6.7675822244e+00
-2.1212121212e-01 -9.3939393939e-01 6.7042218340e+00
-2.1212121212e-01 -8.7878787879e-01 6.6472245206e+00
-2.1212121212e-01 -8.1818181818e-01 6.5959770141e+00
-2.1212121212e-01 -7.5757575758e-01 6.5499679917e+00
-2.1212121212e-01 -6.9696969697e-01 6.5087687593e+00
-2.1212121212e-01 -6.3636363636e-01 6.4720184748e+00
-2.1212121212e-01 -5.7575757576e-01 6.4394127175e+00
-2.1212121212e-01 -5.1515151515e-01 6.4106945635e+00
-2.1212121212e-01 -4.5454545455e-01 6.3856475677e+00
-2.1212121212e-01 -3.9393939394e-01 6.3640902177e+00
-2.1212121212e-01 -3.3333333333e-01 6.3458715422e+00
-2.1212121212e-01 -2.7272727273e-01 6.3308676383e+00
-2.1212121212e-01 -2.1212121212e-01 6.3189789457e+00
-2.1212121212e-01 -1.5151515152e-01 6.3101281353e+00
-2.1212121212e-01 -9.0909090909e-02 6.3042585204e+00
-2.1212121212e-01 -3.0303030303e-02 6.3013329186e+00
-2.1212121212e-01 3.0303030303e-02 6.3013329186e+00
-2.1212121212e-01 9.0909090909e-02 6.3042585204e+00
-2.1212121212e-01 1.5151515152e-01 6.3101281353e+00
-2.1212121212e-01 2.1212121212e-01 6.3189789457e+00
-2.1212121212e-01 2.7272727273e-01 6.3308676383e+00
-2.1212121212e-01 3.3333333333e-01 6.3458715422e+00
-2.1212121212e-01 3.9393939394e-01 6.3640902177e+00
-2.1212121212e-01 4.5454545455e-01 6.3856475677e+00
-2.1212121212e-01 5.1515151515e-01 6.4106945635e+00
-2.1212121212e-01 5.7575757576e-01 6.4394127175e+00
-2.1212121212e-01 6.3636363636e-01 6.4720184748e+00
-2.1212121212e-01 6.9696969697e-01 6.5087687593e+00
-2.1212121212e-01 7.5757575758e-01 6.5499679917e+00
-2.1212121212e-01 8.1818181818e-01 6.5959770141e+00
-2.1212121212e-01 8.7878787879e-01 6.6472245206e+00
-2.1212121212e-01 9.3939393939e-01 6.7042218340e+00
-2.1212121212e-01 1.0000000000e+00 6.7675822244e+00
-2.1212121212e-01 1.0606060606e+00 6.8380464987e+00
-2.1212121212e-01 1.1212121212e+00 6.9165174208e+00
-2.1212121212e-01 1.1818181818e+00 7.0041068284e+00
-2.1212121212e-01 1.2424242424e+00 7.1022014463e+00
-2.1212121212e-01 1.3030303030e+00 7.2125569913e+00
-2.1212121212e-01 1.3636363636e+00 7.3374364313e+00
-2.1212121212e-01 1.4242424242e+00 7.4798197030e+00
-2.1212121212e-01 1.4848484848e+00 7.6437341292e+00
-2.1212121212e-01 1.5454545455e+00 7.8347994497e+00
-2.1212121212e-01 1.6060606061e+00 8.0611792852e+00
-2.1212121212e-01 1.6666666667e+00 8.3353658744e+00
-2.1212121212e-01 1.7272727273e+00 8.6778595424e+00
-2.1212121212e-01 1.7878787879e+00 9.1258130725e+00
-2.1212121212e-01 1.8484848485e+00 9.7577222617e+00
-2.1212121212e-01 1.9090909091e+00 1.0792204105e+01
-2.1212121212e-01 1.9696969697e+00 1.3535430435e+01
-2.1212121212e-01 2.0303030303e+00 1.1815035291e+01
-2.1212121212e-01 2.0909090909e+00 9.9172277687e+00
-2.1212121212e-01 2.1515151515e+00 8.9076442922e+00
-2.1212121212e-01 2.2121212121e+00 8.2095182589e+00
-2.1212121212e-01 2.2727272727e+00 7.6737395201e+00
-2.1212121212e-01 2.3333333333e+00 7.2385355742e+00
-2.1212121212e-01 2.3939393939e+00 6.8721448893e+00
-2.1212121212e-01 2.4545454545e+00 6.5559932639e+00
-2.1212121212e-01 2.5151515152e+00 6.2782380090e+00
-2.1212121212e-01 2.5757575758e+00 6.0308429746e+00
-2.1212121212e-01 2.6363636364e+00 5.8080918839e+00
-2.1212121212e-01 2.6969696970e+00 5.6057657174e+00
-2.1212121212e-01 2.7575757576e+00 5.4206566677e+00
-2.1212121212e-01 2.8181818182e+00 5.2502655228e+00
-2.1212121212e-01 2.8787878788e+00 5.0926050155e+00
-2.1212121212e-01 2.9393939394e+00 4.9460673905e+00
-2.1212121212e-01 3.0000000000e+00 4.8093324815e+00

-1.5151515152e-01 -3.0000000000e+00 4.8173664680e+00
-1.5151515152e-01 -2.9393939394e+00 4.9548404208e+00
-1.5151515152e-01 -2.8787878788e+00 5.1022246352e+00
-1.5151515152e-01 -2.8181818182e+00 5.2608626234e+00
-1.5151515152e-01 -2.7575757576e+00 5.4323926896e+00
-1.5151515152e-01 -2.6969696970e+00 5.6188428839e+00
-1.5151515152e-01 -2.6363636364e+00 5.8227681513e+00
-1.5151515152e-01 -2.5757575758e+00 6.0474545952e+00
-1.5151515152e-01 -2.5151515152e+00 6.2972349319e+00
-1.5151515152e-01 -2.4545454545e+00 6.5779973482e+00
-1.5151515152e-01 -2.3939393939e+00 6.8980513431e+00
-1.5151515152e-01 -2.3333333333e+00 7.2697032166e+00
-1.5151515152e-01 -2.2727272727e+00 7.7123838592e+00
-1.5151515152e-01 -2.2121212121e+00 8.2596395165e+00
-1.5151515152e-01 -2.1515151515e+00 8.9776993345e+00
-1.5151515152e-01 -2.0909090909e+00 1.0030896319e+01
-1.5151515152e-01 -2.0303030303e+00 1.2105800061e+01
-1.5151515152e-01 -1.9696969697e+00 1.3032232996e+01
-1.5151515152e-01 -1.9090909091e+00 1.0661996816e+01
-1.5151515152e-01 -1.8484848485e+00 9.6832455789e+00
-1.5151515152e-01 -1.7878787879e+00 9.0736320527e+00
-1.5151515152e-01 -1.7272727273e+00 8.6376198671e+00
-1.5151515152e-01 -1.6666666667e+00 8.3025356935e+00
-1.5151515152e-01 -1.6060606061e+00 8.0333770478e+00
-1.5151515152e-01 -1.5454545455e+00 7.8106210232e+00
-1.5151515152e-01 -1.4848484848e+00 7.6222830538e+00
-1.5151515152e-01 -1.4242424242e+00 7.4604890930e+00
-1.5151515152e-01 -1.3636363636e+00 7.3197964844e+00
-1.5151515152e-01 -1.3030303030e+00 7.1962921948e+00
-1.5151515152e-01 -1.2424242424e+00 7.0870732895e+00
-1.5151515152e-01 -1.1818181818e+00 6.9899305321e+00
-1.5151515152e-01 -1.1212121212e+00 6.9031468064e+00
-1.5151515152e-01 -1.0606060606e+00 6.8253638057e+00
-1.5151515152e-01 -1.0000000000e+00 6.7554910549e+00
-1.5151515152e-01 -9.3939393939e-01 6.6926421365e+00
-1.5151515152e-01 -8.7878787879e-01 6.6360889447e+00
-1.5151515152e-01 -8.1818181818e-01 6.5852282086e+00
-1.5151515152e-01 -7.5757575758e-01 6.5395565648e+00
-1.5151515152e-01 -6.9696969697e-01 6.4986517147e+00
-1.5151515152e-01 -6.3636363636e-01 6.4621579938e+00
-1.5151515152e-01 -5.7575757576e-01 6.4297751968e+00
-1.5151515152e-01 -5.1515151515e-01 6.4012498446e+00
-1.5151515152e-01 -4.5454545455e-01 6.3763683114e+00
-1.5151515152e-01 -3.9393939394e-01 6.3549513884e+00
-1.5151515152e-01 -3.3333333333e-01 6.3368499773e+00
-1.5151515152e-01 -2.7272727273e-01 6.3219416828e+00
-1.5151515152e-01 -2.1212121212e-01 6.3101281353e+00
-1.5151515152e-01 -1.5151515152e-01 6.3013329186e+00
-1.5151515152e-01 -9.0909090909e-02 6.2955000081e+00
-1.5151515152e-01 -3.0303030303e-02 6.2925926524e+00
-1.5151515152e-01 3.0303030303e-02 6.2925926524e+00
-1.5151515152e-01 9.0909090909e-02 6.2955000081e+00
-1.5151515152e-01 1.5151515152e-01 6.3013329186e+00
-1.5151515152e-01 2.1212121212e-01 6.3101281353e+00
-1.5151515152e-01 2.7272727273e-01 6.3219416828e+00
-1.5151515152e-01 3.3333333333e-01 6.3368499773e+00
-1.5151515152e-01 3.9393939394e-01 6.3549513884e+00
-1.5151515152e-01 4.5454545455e-01 6.3763683114e+00
-1.5151515152e-01 5.1515151515e-01 6.4012498446e+00
-1.5151515152e-01 5.7575757576e-01 6.4297751968e+00
-1.5151515152e-01 6.3636363636e-01 6.4621579938e+00
-1.5151515152e-01 6.9696969697e-01 6.4986517147e+00
-1.5151515152e-01 7.5757575758e-01 6.5395565648e+00
-1.5151515152e-01 8.1818181818e-01 6.5852282086e+00
-1.5151515152e-01 8.7878787879e-01 6.6360889447e+00
-1.5151515152e-01 9.3939393939e-01 6.6926421365e+00
-1.5151515152e-01 1.0000000000e+00 6.7554910549e+00
-1.5151515152e-01 1.0606060606e+00 6.8253638057e+00
-1.5151515152e-01 1.1212121212e+00 6.9031468064e+00
-1.5151515152e-01 1.1818181818e+00 6.9899305321e+00
-1.5151515152e-01 1.2424242424e+00 7.0870732895e+00
-1.5151515152e-01 1.3030303030e+00 7.1962921948e+00
-1.5151515152e-01 1.3636363636e+00 7.3197964844e+00
-1.5151515152e-01 1.4242424242e+00 7.4604890930e+00
-1.5151515152e-01 1.4848484848e+00 7.6222830538e+00
-1.5151515152e-01 1.5454545455e+00 7.8106210232e+00
-1.5151515152e-01 1.6060606061e+00 8.0333770478e+00
-1.5151515152e-01 1.6666666667e+00 8.3025356935e+00
-1.5151515152e-01 1.7272727273e+00 8.6376198671e+00
-1.5151515152e-01 1.7878787879e+00 9.0736320527e+00
-1.5151515152e-01 1.8484848485e+00 9.6832455789e+00
-1.5151515152e-01 1.9090909091e+00 1.0661996816e+01
-1.5151515152e-01 1.9696969697e+00 1.3032232996e+01
-1.5151515152e-01 2.0303030303e+00 1.2105800061e+01
-1.5151515152e-01 2.0909090909e+00 1.0030896319e+01
-1.5151515152e-01 2.1515151515e+00 8.9776993345e+00
-1.5151515152e-01 2.2121212121e+00 8.2596395165e+00
-1.5151515152e-01 2.2727272727e+00 7.7123838592e+00
-1.5151515152e-01 2.3333333333e+00 7.2697032166e+00
-1.5151515152e-01 2.3939393939e+00 6.8980513431e+00
-1.5151515152e-01 2.4545454545e+00 6.5779973482e+00
-1.5151515152e-01 2.5151515152e+00 6.2972349319e+00
-1.5151515152e-01 2.5757575758e+00 6.0474545952e+00
-1.5151515152e-01 2.6363636364e+00 5.8227681513e+00
-1.5151515152e-01 2.6969696970e+00 5.6188428839e+00
-1.5151515152e-01 2.7575757576e+00 5.4323926896e+00
-1.5151515152e-01 2.8181818182e+00 5.2608626234e+00
-1.5151515152e-01 2.8787878788e+00 5.1022246352e+00
-1.5151515152e-01 2.9393939394e+00 4.9548404208e+00
-1.5151515152e-01 3.0000000000e+00 4.8173664680e+00

-9.0909090909e-02 -3.0000000000e+00 4.8227458298e+00
-9.0909090909e-02 -2.9393939394e+00 4.9607163376e+00
-9.0909090909e-02 -2.8787878788e+00 5.1086696907e+00
-9.0909090909e-02 -2.8181818182e+00 5.2679652423e+00
-9.0909090909e-02 -2.7575757576e+00 5.4402620543e+00
-9.0909090909e-02 -2.6969696970e+00 5.6276159344e+00
-9.0909090909e-02 -2.6363636364e+00 5.8326198333e+00
-9.0909090909e-02 -2.5757575758e+00 6.0586133699e+00
-9.0909090909e-02 -2.5151515152e+00 6.3100071878e+00
-9.0909090909e-02 -2.4545454545e+00 6.5928077030e+00
-9.0909090909e-02 -2.3939393939e+00 6.9155132210e+00
-9.0909090909e-02 -2.3333333333e+00 7.2907520689e+00
-9.0909090909e-02 -2.2727272727e+00 7.7385547641e+00
-9.0909090909e-02 -2.2121212121e+00 8.2937306146e+00
-9.0909090909e-02 -2.1515151515e+00 9.0257187695e+00
-9.0909090909e-02 -2.0909090909e+00 1.0110191622e+01
-9.0909090909e-02 -2.0303030303e+00 1.2324878858e+01
-9.0909090909e-02 -1.9696969697e+00 1.2757543419e+01
-9.0909090909e-02 -1.9090909091e+00 1.0580071453e+01
-9.0909090909e-02 -1.8484848485e+00 9.6352838177e+00
-9.0909090909e-02 -1.7878787879e+00 9.0397047662e+00
-9.0909090909e-02 -1.7272727273e+00 8.6113192578e+00
-9.0909090909e-02 -1.6666666667e+00 8.2810069432e+00
-9.0909090909e-02 -1.6060606061e+00 8.0151039725e+00
-9.0909090909e-02 -1.5454545455e+00 7.7947033658e+00
-9.0909090909e-02 -1.4848484848e+00 7.6081431293e+00
-9.0909090909e-02 -1.4242424242e+00 7.4477343199e+00
-9.0909090909e-02 -1.3636363636e+00 7.3081479980e+00
-9.0909090909e-02 -1.3030303030e+00 7.1855447889e+00
-9.0909090909e-02 -1.2424242424e+00 7.0770715299e+00
-9.0909090909e-02 -1.1818181818e+00 6.9805537991e+00
-9.0909090909e-02 -1.1212121212e+00 6.8942995414e+00
-9.0909090909e-02 -1.0606060606e+00 6.8169689327e+00
-9.0909090909e-02 -1.0000000000e+00 6.7474854112e+00
-9.0909090909e-02 -9.3939393939e-01 6.6849732202e+00
-9.0909090909e-02 -8.7878787879e-01 6.6287125465e+00
-9.0909090909e-02 -8.1818181818e-01 6.5781066535e+00
-9.0909090909e-02 -7.5757575758e-01 6.5326573844e+00
-9.0909090909e-02 -6.9696969697e-01 6.4919466269e+00
-9.0909090909e-02 -6.3636363636e-01 6.4556221078e+00
-9.0909090909e-02 -5.7575757576e-01 6.4233863849e+00
-9.0909090909e-02 -5.1515151515e-01 6.3949882382e+00
-9.0909090909e-02 -4.5454545455e-01 6.3702158912e+00
-9.0909090909e-02 -3.9393939394e-01 6.3488916475e+00
-9.0909090909e-02 -3.3333333333e-01 6.3308676383e+00
-9.0909090909e-02 -2.7272727273e-01 6.3160224583e+00
-9.0909090909e-02 -2.1212121212e-01 6.3042585204e+00
-9.0909090909e-02 -1.5151515152e-01 6.2955000081e+00
-9.0909090909e-02 -9.0909090909e-02 6.2896913318e+00
-9.0909090909e-02 -3.0303030303e-02 6.2867960234e+00
-9.0909090909e-02 3.0303030303e-02 6.2867960234e+00
-9.0909090909e-02 9.0909090909e-02 6.2896913318e+00
-9.0909090909e-02 1.5151515152e-01 6.2955000081e+00
-9.0909090909e-02 2.1212121212e-01 6.3042585204e+00
-9.0909090909e-02 2.7272727273e-01 6.3160224583e+00
-9.0909090909e-02 3.3333333333e-01 6.3308676383e+00
-9.0909090909e-02 3.9393939394e-01 6.3488916475e+00
-9.0909090909e-02 4.5454545455e-01 6.3702158912e+00
-9.0909090909e-02 5.1515151515e-01 6.3949882382e+00
-9.0909090909e-02 5.7575757576e-01 6.4233863849e+00
-9.0909090909e-02 6.3636363636e-01 6.4556221078e+00
-9.0909090909e-02 6.9696969697e-01 6.4919466269e+00
-9.0909090909e-02 7.5757575758e-01 6.5326573844e+00
-9.0909090909e-02 8.1818181818e-01 6.5781066535e+00
-9.0909090909e-02 8.7878787879e-01 6.6287125465e+00
-9.0909090909e-02 9.3939393939e-01 6.6849732202e+00
-9.0909090909e-02 1.0000000000e+00 6.7474854112e+00
-9.0909090909e-02 1.0606060606e+00 6.8169689327e+00
-9.0909090909e-02 1.1212121212e+00 6.8942995414e+00
-9.0909090909e-02 1.1818181818e+00 6.9805537991e+00
-9.0909090909e-02 1.2424242424e+00 7.0770715299e+00
-9.0909090909e-02 1.3030303030e+00 7.1855447889e+00
-9.0909090909e-02 1.3636363636e+00 7.3081479980e+00
-9.0909090909e-02 1.4242424242e+00 7.4477343199e+00
-9.0909090909e-02 1.4848484848e+00 7.6081431293e+00
-9.0909090909e-02 1.5454545455e+00 7.7947033658e+00
-9.0909090909e-02 1.6060606061e+00 8.0151039725e+00
-9.0909090909e-02 1.6666666667e+00 8.2810069432e+00
-9.0909090909e-02 1.7272727273e+00 8.6113192578e+00
-9.0909090909e-02 1.7878787879e+00 9.0397047662e+00
-9.0909090909e-02 1.8484848485e+00 9.6352838177e+00
-9.0909090909e-02 1.9090909091e+00 1.0580071453e+01
-9.0909090909e-02 1.9696969697e+00 1.2757543419e+01
-9.0909090909e-02 2.0303030303e+00 1.2324878858e+01
-9.0909090909e-02 2.0909090909e+00 1.0110191622e+01
-9.0909090909e-02 2.1515151515e+00 9.0257187695e+00
-9.0909090909e-02 2.2121212121e+00 8.2937306146e+00
-9.0909090909e-02 2.2727272727e+00 7.7385547641e+00
-9.0909090909e-02 2.3333333333e+00 7.2907520689e+00
-9.0909090909e-02 2.3939393939e+00 6.9155132210e+00
-9.0909090909e-02 2.4545454545e+00 6.5928077030e+00
-9.0909090909e-02 2.5151515152e+00 6.3100071878e+00
-9.0909090909e-02 2.5757575758e+00 6.0586133699e+00
-9.0909090909e-02 2.6363636364e+00 5.8326198333e+00
-9.0909090909e-02 2.6969696970e+00 5.6276159344e+00
-9.0909090909e-02 2.7575757576e+00 5.4402620543e+00
-9.0909090909e-02 2.8181818182e+00 5.2679652423e+00
-9.0909090909e-02 2.8787878788e+00 5.1086696907e+00
-9.0909090909e-02 2.9393939394e+00 4.9607163376e+00
-9.0909090909e-02 3.0000000000e+00 4.8227458298e+00

-3.0303030303e-02 -3.0000000000e+00 4.8254425645e+00
-3.0303030303e-02 -2.9393939394e+00 4.9636625180e+00
-3.0303030303e-02 -2.8787878788e+00 5.1119018781e+00
-3.0303030303e-02 -2.8181818182e+00 5.2715280029e+00
-3.0303030303e-02 -2.7575757576e+00 5.4442104532e+00
-3.0303030303e-02 -2.6969696970e+00 5.6320190893e+00
-3.0303030303e-02 -2.6363636364e+00 5.8375661259e+00
-3.0303030303e-02 -2.5757575758e+00 6.0642183444e+00
-3.0303030303e-02 -2.5151515152e+00 6.3164260088e+00
-3.0303030303e-02 -2.4545454545e+00 6.6002557704e+00
-3.0303030303e-02 -2.3939393939e+00 6.9243023800e+00
-3.0303030303e-02 -2.3333333333e+00 7.3013592260e+00
-3.0303030303e-02 -2.2727272727e+00 7.7517656146e+00
-3.0303030303e-02 -2.2121212121e+00 8.3109857179e+00
-3.0303030303e-02 -2.1515151515e+00 9.0501412003e+00
-3.0303030303e-02 -2.0909090909e+00 1.0150974893e+01
-3.0303030303e-02 -2.0303030303e+00 1.2443707316e+01
-3.0303030303e-02 -1.9696969697e+00 1.2633668665e+01
-3.0303030303e-02 -1.9090909091e+00 1.0540448146e+01
-3.0303030303e-02 -1.8484848485e+00 9.6117835923e+00
-3.0303030303e-02 -1.7878787879e+00 9.0229894800e+00
-3.0303030303e-02 -1.7272727273e+00 8.5983220325e+00
-3.0303030303e-02 -1.6666666667e+00 8.2703473297e+00
-3.0303030303e-02 -1.6060606061e+00 8.0060442909e+00
-3.0303030303e-02 -1.5454545455e+00 7.7868037925e+00
-3.0303030303e-02 -1.4848484848e+00 7.6011205915e+00
-3.0303030303e-02 -1.4242424242e+00 7.4413960134e+00
-3.0303030303e-02 -1.3636363636e+00 7.3023567244e+00
-3.0303030303e-02 -1.3030303030e+00 7.1801994444e+00
-3.0303030303e-02 -1.2424242424e+00 7.0720954430e+00
-3.0303030303e-02 -1.1818181818e+00 6.9758874120e+00
-3.0303030303e-02 -1.1212121212e+00 6.8898956310e+00
-3.0303030303e-02 -1.0606060606e+00 6.8127893812e+00
-3.0303030303e-02 -1.0000000000e+00 6.7434989620e+00
-3.0303030303e-02 -9.3939393939e-01 6.6811538773e+00
-3.0303030303e-02 -8.7878787879e-01 6.6250384088e+00
-3.0303030303e-02 -8.1818181818e-01 6.5745590487e+00
-3.0303030303e-02 -7.5757575758e-01 6.5292202136e+00
-3.0303030303e-02 -6.9696969697e-01 6.4886058621e+00
-3.0303030303e-02 -6.3636363636e-01 6.4523653988e+00
-3.0303030303e-02 -5.7575757576e-01 6.4202027490e+00
-3.0303030303e-02 -5.1515151515e-01 6.3918678110e+00
-3.0303030303e-02 -4.5454545455e-01 6.3671497246e+00
-3.0303030303e-02 -3.9393939394e-01 6.3458715422e+00
-3.0303030303e-02 -3.3333333333e-01 6.3278860044e+00
-3.0303030303e-02 -2.7272727273e-01 6.3130721962e+00
-3.0303030303e-02 -2.1212121212e-01 6.3013329186e+00
-3.0303030303e-02 -1.5151515152e-01 6.2925926524e+00
-3.0303030303e-02 -9.0909090909e-02 6.2867960234e+00
-3.0303030303e-02 -3.0303030303e-02 6.2839067039e+00
-3.0303030303e-02 3.0303030303e-02 6.2839067039e+00
-3.0303030303e-02 9.0909090909e-02 6.2867960234e+00
-3.0303030303e-02 1.5151515152e-01 6.2925926524e+00
-3.0303030303e-02 2.1212121212e-01 6.3013329186e+00
-3.0303030303e-02 2.7272727273e-01 6.3130721962e+00
-3.0303030303e-02 3.3333333333e-01 6.3278860044e+00
-3.0303030303e-02 3.9393939394e-01 6.3458715422e+00
-3.0303030303e-02 4.5454545455e-01 6.3671497246e+00
-3.0303030303e-02 5.1515151515e-01 6.3918678110e+00
-3.0303030303e-02 5.7575757576e-01 6.4202027490e+00
-3.0303030303e-02 6.3636363636e-01 6.4523653988e+00
-3.0303030303e-02 6.9696969697e-01 6.4886058621e+00
-3.0303030303e-02 7.5757575758e-01 6.5292202136e+00
-3.0303030303e-02 8.1818181818e-01 6.5745590487e+00
-3.0303030303e-02 8.7878787879e-01 6.6250384088e+00
-3.0303030303e-02 9.3939393939e-01 6.6811538773e+00
-3.0303030303e-02 1.0000000000e+00 6.7434989620e+00
-3.0303030303e-02 1.0606060606e+00 6.8127893812e+00
-3.0303030303e-02 1.1212121212e+00 6.8898956310e+00
-3.0303030303e-02 1.1818181818e+00 6.9758874120e+00
-3.0303030303e-02 1.2424242424e+00 7.0720954430e+00
-3.0303030303e-02 1.3030303030e+00 7.1801994444e+00
-3.0303030303e-02 1.3636363636e+00 7.3023567244e+00
-3.0303030303e-02 1.4242424242e+00 7.4413960134e+00
-3.0303030303e-02 1.4848484848e+00 7.6011205915e+00
-3.0303030303e-02 1.5454545455e+00 7.7868037925e+00
-3.0303030303e-02 1.6060606061e+00 8.0060442909e+00
-3.0303030303e-02 1.6666666667e+00 8.2703473297e+00
-3.0303030303e-02 1.7272727273e+00 8.5983220325e+00
-3.0303030303e-02 1.7878787879e+00 9.0229894800e+00
-3.0303030303e-02 1.8484848485e+00 9.6117835923e+00
-3.0303030303e-02 1.9090909091e+00 1.0540448146e+01
-3.0303030303e-02 1.9696969697e+00 1.2633668665e+01
-3.0303030303e-02 2.0303030303e+00 1.2443707316e+01
-3.0303030303e-02 2.0909090909e+00 1.0150974893e+01
-3.0303030303e-02 2.1515151515e+00 9.0501412003e+00
-3.0303030303e-02 2.2121212121e+00 8.3109857179e+00
-3.0303030303e-02 2.2727272727e+00 7.7517656146e+00
-3.0303030303e-02 2.3333333333e+00 7.3013592260e+00
-3.0303030303e-02 2.3939393939e+00 6.9243023800e+00
-3.0303030303e-02 2.4545454545e+00 6.6002557704e+00
-3.0303030303e-02 2.5151515152e+00 6.3164260088e+00
-3.0303030303e-02 2.5757575758e+00 6.0642183444e+00
-3.0303030303e-02 2.6363636364e+00 5.8375661259e+00
-3.0303030303e-02 2.6969696970e+00 5.6320190893e+00
-3.0303030303e-02 2.7575757576e+00 5.4442104532e+00
-3.0303030303e-02 2.8181818182e+00 5.2715280029e+00
-3.0303030303e-02 2.8787878788e+00 5.1119018781e+00
-3.0303030303e-02 2.9393939394e+00 4.9636625180e+00
-3.0303030303e-02 3.0000000000e+00 4.8254425645e+00

3.0303030303e-02 -3.0000000000e+00 4.8254425645e+00
3.0303030303e-02 -2.9393939394e+00 4.9636625180e+00
3.0303030303e-02 -2.8787878788e+00 5.1119018781e+00
3.0303030303e-02 -2.8181818182e+00 5.2715280029e+00
3.0303030303e-02 -2.7575757576e+00 5.4442104532e+00
3.0303030303e-02 -2.6969696970e+00 5.6320190893e+00
3.0303030303e-02 -2.6363636364e+00 5.8375661259e+00
3.0303030303e-02 -2.5757575758e+00 6.0642183444e+00
3.0303030303e-02 -2.5151515152e+00 6.3164260088e+00
3.0303030303e-02 -2.4545454545e+00 6.6002557704e+00
3.0303030303e-02 -2.3939393939e+00 6.9243023800e+00
3.0303030303e-02 -2.3333333333e+00 7.3013592260e+00
3.0303030303e-02 -2.2727272727e+00 7.7517656146e+00
3.0303030303e-02 -2.2121212121e+00 8.3109857179e+00
3.0303030303e-02 -2.1515151515e+00 9.0501412003e+00
3.0303030303e-02 -2.0909090909e+00 1.0150974893e+01
3.0303030303e-02 -2.0303030303e+00 1.2443707316e+01
3.0303030303e-02 -1.9696969697e+00 1.2633668665e+01
3.0303030303e-02 -1.9090909091e+00 1.0540448146e+01
3.0303030303e-02 -1.8484848485e+00 9.6117835923e+00
3.0303030303e-02 -1.7878787879e+00 9.0229894800e+00
3.0303030303e-02 -1.7272727273e+00 8.5983220325e+00
3.0303030303e-02 -1.6666666667e+00 8.2703473297e+00
3.0303030303e-02 -1.6060606061e+00 8.0060442909e+00
3.0303030303e-02 -1.5454545455e+00 7.7868037925e+00
3.0303030303e-02 -1.4848484848e+00 7.6011205915e+00
3.0303030303e-02 -1.4242424242e+00 7.4413960134e+00
3.0303030303e-02 -1.3636363636e+00 7.3023567244e+00
3.0303030303e-02 -1.3030303030e+00 7.1801994444e+00
3.0303030303e-02 -1.2424242424e+00 7.0720954430e+00
3.0303030303e-02 -1.1818181818e+00 6.9758874120e+00
3.0303030303e-02 -1.1212121212e+00 6.8898956310e+00
3.0303030303e-02 -1.0606060606e+00 6.8127893812e+00
3.0303030303e-02 -1.0000000000e+00 6.7434989620e+00
3.0303030303e-02 -9.3939393939e-01 6.6811538773e+00
3.0303030303e-02 -8.7878787879e-01 6.6250384088e+00
3.0303030303e-02 -8.1818181818e-01 6.5745590487e+00
3.0303030303e-02 -7.5757575758e-01 6.5292202136e+00
3.0303030303e-02 -6.9696969697e-01 6.4886058621e+00
3.0303030303e-02 -6.3636363636e-01 6.4523653988e+00
3.0303030303e-02 -5.7575757576e-01 6.4202027490e+00
3.0303030303e-02 -5.1515151515e-01 6.3918678110e+00
3.0303030303e-02 -4.5454545455e-01 6.3671497246e+00
3.0303030303e-02 -3.9393939394e-01 6.3458715422e+00
3.0303030303e-02 -3.3333333333e-01 6.3278860044e+00
3.0303030303e-02 -2.7272727273e-01 6.3130721962e+00
3.0303030303e-02 -2.1212121212e-01 6.3013329186e+00
3.0303030303e-02 -1.5151515152e-01 6.2925926524e+00
3.0303030303e-02 -9.0909090909e-02 6.2867960234e+00
3.0303030303e-02 -3.0303030303e-02 6.2839067039e+00
3.0303030303e-02 3.0303030303e-02 6.2839067039e+00
3.0303030303e-02 9.0909090909e-02 6.2867960234e+00
3.0303030303e-02 1.5151515152e-01 6.2925926524e+00
3.0303030303e-02 2.1212121212e-01 6.3013329186e+00
3.0303030303e-02 2.7272727273e-01 6.3130721962e+00
3.0303030303e-02 3.3333333333e-01 6.3278860044e+00
3.0303030303e-02 3.9393939394e-01 6.3458715422e+00
3.0303030303e-02 4.5454545455e-01 6.3671497246e+00
3.0303030303e-02 5.1515151515e-01 6.3918678110e+00
3.0303030303e-02 5.7575757576e-01 6.4202027490e+00
3.0303030303e-02 6.3636363636e-01 6.4523653988e+00
3.0303030303e-02 6.9696969697e-01 6.4886058621e+00
3.0303030303e-02 7.5757575758e-01 6.5292202136e+00
3.0303030303e-02 8.1818181818e-01 6.5745590487e+00
3.0303030303e-02 8.7878787879e-01 6.6250384088e+00
3.0303030303e-02 9.3939393939e-01 6.6811538773e+00
3.0303030303e-02 1.0000000000e+00 6.7434989620e+00
3.0303030303e-02 1.0606060606e+00 6.8127893812e+00
3.0303030303e-02 1.1212121212e+00 6.8898956310e+00
3.0303030303e-02 1.1818181818e+00 6.9758874120e+00
3.0303030303e-02 1.2424242424e+00 7.0720954430e+00
3.0303030303e-02 1.3030303030e+00 7.1801994444e+00
3.0303030303e-02 1.3636363636e+00 7.3023567244e+00
3.0303030303e-02 1.4242424242e+00 7.4413960134e+00
3.0303030303e-02 1.4848484848e+00 7.6011205915e+00
3.0303030303e-02 1.5454545455e+00 7.7868037925e+00
3.0303030303e-02 1.6060606061e+00 8.0060442909e+00
3.0303030303e-02 1.6666666667e+00 8.2703473297e+00
3.0303030303e-02 1.7272727273e+00 8.5983220325e+00
3.0303030303e-02 1.7878787879e+00 9.0229894800e+00
3.0303030303e-02 1.8484848485e+00 9.6117835923e+00
3.0303030303e-02 1.9090909091e+00 1.0540448146e+01
3.0303030303e-02 1.9696969697e+00 1.2633668665e+01
3.0303030303e-02 2.0303030303e+00 1.2443707316e+01
3.0303030303e-02 2.0909090909e+00 1.0150974893e+01
3.0303030303e-02 2.1515151515e+00 9.0501412003e+00
3.0303030303e-02 2.2121212121e+00 8.3109857179e+00
3.0303030303e-02 2.2727272727e+00 7.7517656146e+00
3.0303030303e-02 2.3333333333e+00 7.3013592260e+00
3.0303030303e-02 2.3939393939e+00 6.9243023800e+00
3.0303030303e-02 2.4545454545e+00 6.6002557704e+00
3.0303030303e-02 2.5151515152e+00 6.3164260088e+00
3.0303030303e-02 2.5757575758e+00 6.0642183444e+00
3.0303030303e-02 2.6363636364e+00 5.8375661259e+00
3.0303030303e-02 2.6969696970e+00 5.6320190893e+00
3.0303030303e-02 2.7575757576e+00 5.4442104532e+00
3.0303030303e-02 2.8181818182e+00 5.2715280029e+00
3.0303030303e-02 2.8787878788e+00 5.1119018781e+00
3.0303030303e-02 2.9393939394e+00 4.9636625180e+00
3.0303030303e-02 3.0000000000e+00 4.8254425645e+00

9.0909090909e-02 -3.0000000000e+00 4.8227458298e+00
9.0909090909e-02 -2.9393939394e+00 4.9607163376e+00
9.0909090909e-02 -2.8787878788e+00 5.1086696907e+00
9.0909090909e-02 -2.8181818182e+00 5.2679652423e+00
9.0909090909e-02 -2.7575757576e+00 5.4402620543e+00
9.0909090909e-02 -2.6969696970e+00 5.6276159344e+00
9.0909090909e-02 -2.6363636364e+00 5.8326198333e+00
9.0909090909e-02 -2.5757575758e+00 6.0586133699e+00
9.0909090909e-02 -2.5151515152e+00 6.3100071878e+00
9.0909090909e-02 -2.4545454545e+00 6.5928077030e+00
9.0909090909e-02 -2.3939393939e+00 6.9155132210e+00
9.0909090909e-02 -2.3333333333e+00 7.2907520689e+00
9.0909090909e-02 -2.2727272727e+00 7.7385547641e+00
9.0909090909e-02 -2.2121212121e+00 8.2937306146e+00
9.0909090909e-02 -2.1515151515e+00 9.0257187695e+00
9.0909090909e-02 -2.0909090909e+00 1.0110191622e+01
9.0909090909e-02 -2.0303030303e+00 1.2324878858e+01
9.0909090909e-02 -1.9696969697e+00 1.2757543419e+01
9.0909090909e-02 -1.9090909091e+00 1.0580071453e+01
9.0909090909e-02 -1.8484848485e+00 9.6352838177e+00
9.0909090909e-02 -1.7878787879e+00 9.0397047662e+00
9.0909090909e-02 -1.7272727273e+00 8.6113192578e+00
9.0909090909e-02 -1.6666666667e+00 8.2810069432e+00
9.0909090909e-02 -1.6060606061e+00 8.0151039725e+00
9.0909090909e-02 -1.5454545455e+00 7.7947033658e+00
9.0909090909e-02 -1.4848484848e+00 7.6081431293e+00
9.0909090909e-02 -1.4242424242e+00 7.4477343199e+00
9.0909090909e-02 -1.3636363636e+00 7.3081479980e+00
9.0909090909e-02 -1.3030303030e+00 7.1855447889e+00
9.0909090909e-02 -1.2424242424e+00 7.0770715299e+00
9.0909090909e-02 -1.1818181818e+00 6.9805537991e+00
9.0909090909e-02 -1.1212121212e+00 6.8942995414e+00
9.0909090909e-02 -1.0606060606e+00 6.8169689327e+00
9.0909090909e-02 -1.0000000000e+00 6.7474854112e+00
9.0909090909e-02 -9.3939393939e-01 6.6849732202e+00
9.0909090909e-02 -8.7878787879e-01 6.6287125465e+00
9.0909090909e-02 -8.1818181818e-01 6.5781066535e+00
9.0909090909e-02 -7.5757575758e-01 6.5326573844e+00
9.0909090909e-02 -6.9696969697e-01 6.4919466269e+00
9.0909090909e-02 -6.3636363636e-01 6.4556221078e+00
9.0909090909e-02 -5.7575757576e-01 6.4233863849e+00
9.0909090909e-02 -5.1515151515e-01 6.3949882382e+00
9.0909090909e-02 -4.5454545455e-01 6.3702158912e+00
9.0909090909e-02 -3.9393939394e-01 6.3488916475e+00
9.0909090909e-02 -3.3333333333e-01 6.3308676383e+00
9.0909090909e-02 -2.7272727273e-01 6.3160224583e+00
9.0909090909e-02 -2.1212121212e-01 6.3042585204e+00
9.0909090909e-02 -1.5151515152e-01 6.2955000081e+00
9.0909090909e-02 -9.0909090909e-02 6.2896913318e+00
9.0909090909e-02 -3.0303030303e-02 6.2867960234e+00
9.0909090909e-02 3.0303030303e-02 6.2867960234e+00
9.0909090909e-02 9.0909090909e-02 6.2896913318e+00
9.0909090909e-02 1.5151515152e-01 6.2955000081e+00
9.0909090909e-02 2.1212121212e-01 6.3042585204e+00
9.0909090909e-02 2.7272727273e-01 6.3160224583e+00
9.0909090909e-02 3.3333333333e-01 6.3308676383e+00
9.0909090909e-02 3.9393939394e-01 6.3488916475e+00
9.0909090909e-02 4.5454545455e-01 6.3702158912e+00
9.0909090909e-02 5.1515151515e-01 6.3949882382e+00
9.0909090909e-02 5.7575757576e-01 6.4233863849e+00
9.0909090909e-02 6.3636363636e-01 6.4556221078e+00
9.0909090909e-02 6.9696969697e-01 6.4919466269e+00
9.0909090909e-02 7.5757575758e-01 6.5326573844e+00
9.0909090909e-02 8.1818181818e-01 6.5781066535e+00
9.0909090909e-02 8.7878787879e-01 6.6287125465e+00
9.0909090909e-02 9.3939393939e-01 6.6849732202e+00
9.0909090909e-02 1.0000000000e+00 6.7474854112e+00
9.0909090909e-02 1.0606060606e+00 6.8169689327e+00
9.0909090909e-02 1.1212121212e+00 6.8942995414e+00
9.0909090909e-02 1.1818181818e+00 6.9805537991e+00
9.0909090909e-02 1.2424242424e+00 7.0770715299e+00
9.0909090909e-02 1.3030303030e+00 7.1855447889e+00
9.0909090909e-02 1.3636363636e+00 7.3081479980e+00
9.0909090909e-02 1.4242424242e+00 7.4477343199e+00
9.0909090909e-02 1.4848484848e+00 7.6081431293e+00
9.0909090909e-02 1.5454545455e+00 7.7947033658e+00
9.0909090909e-02 1.6060606061e+00 8.0151039725e+00
9.0909090909e-02 1.6666666667e+00 8.2810069432e+00
9.0909090909e-02 1.7272727273e+00 8.6113192578e+00
9.0909090909e-02 1.7878787879e+00 9.0397047662e+00
9.0909090909e-02 1.8484848485e+00 9.6352838177e+00
9.0909090909e-02 1.9090909091e+00 1.0580071453e+01
9.0909090909e-02 1.9696969697e+00 1.2757543419e+01
9.0909090909e-02 2.0303030303e+00 1.2324878858e+01
9.0909090909e-02 2.0909090909e+00 1.0110191622e+01
9.0909090909e-02 2.1515151515e+00 9.0257187695e+00
9.0909090909e-02 2.2121212121e+00 8.2937306146e+00
9.0909090909e-02 2.2727272727e+00 7.7385547641e+00
9.0909090909e-02 2.3333333333e+00 7.2907520689e+00
9.0909090909e-02 2.3939393939e+00 6.9155132210e+00
9.0909090909e-02 2.4545454545e+00 6.5928077030e+00
9.0909090909e-02 2.5151515152e+00 6.3100071878e+00
9.0909090909e-02 2.5757575758e+00 6.0586133699e+00
9.0909090909e-02 2.6363636364e+00 5.8326198333e+00
9.0909090909e-02 2.6969696970e+00 5.6276159344e+00
9.0909090909e-02 2.7575757576e+00 5.4402620543e+00
9.0909090909e-02 2.8181818182e+00 5.2679652423e+00
9.0909090909e-02 2.8787878788e+00 5.1086696907e+00
9.0909090909e-02 2.9393939394e+00 4.9607163376e+00
9.0909090909e-02 3.0000000000e+00 4.8227458298e+00

1.5151515152e-01 -3.0000000000e+00 4.8173664680e+00
1.5151515152e-01 -2.9393939394e+00 4.9548404208e+00
1.5151515152e-01 -2.8787878788e+00 5.1022246352e+00
1.5151515152e-01 -2.8181818182e+00 5.2608626234e+00
1.5151515152e-01 -2.7575757576e+00 5.4323926896e+00
1.5151515152e-01 -2.6969696970e+00 5.6188428839e+00
1.5151515152e-01 -2.6363636364e+00 5.8227681513e+00
1.5151515152e-01 -2.5757575758e+00 6.0474545952e+00
1.5151515152e-01 -2.5151515152e+00 6.2972349319e+00
1.5151515152e-01 -2.4545454545e+00 6.5779973482e+00
1.5151515152e-01 -2.3939393939e+00 6.8980513431e+00
1.5151515152e-01 -2.3333333333e+00 7.2697032166e+00
1.5151515152e-01 -2.2727272727e+00 7.7123838592e+00
1.5151515152e-01 -2.2121212121e+00 8.2596395165e+00
1.5151515152e-01 -2.1515151515e+00 8.9776993345e+00
1.5151515152e-01 -2.0909090909e+00 1.0030896319e+01
1.5151515152e-01 -2.0303030303e+00 1.2105800061e+01
1.5151515152e-01 -1.9696969697e+00 1.3032232996e+01
1.5151515152e-01 -1.9090909091e+00 1.0661996816e+01
1.5151515152e-01 -1.8484848485e+00 9.6832455789e+00
1.5151515152e-01 -1.7878787879e+00 9.0736320527e+00
1.5151515152e-01 -1.7272727273e+00 8.6376198671e+00
1.5151515152e-01 -1.6666666667e+00 8.3025356935e+00
1.5151515152e-01 -1.6060606061e+00 8.0333770478e+00
1.5151515152e-01 -1.5454545455e+00 7.8106210232e+00
1.5151515152e-01 -1.4848484848e+00 7.6222830538e+00
1.5151515152e-01 -1.4242424242e+00 7.4604890930e+00
1.5151515152e-01 -1.3636363636e+00 7.3197964844e+00
1.5151515152e-01 -1.3030303030e+00 7.1962921948e+00
1.5151515152e-01 -1.2424242424e+00 7.0870732895e+00
1.5151515152e-01 -1.1818181818e+00 6.9899305321e+00
1.5151515152e-01 -1.1212121212e+00 6.9031468064e+00
1.5151515152e-01 -1.0606060606e+00 6.8253638057e+00
1.5151515152e-01 -1.0000000000e+00 6.7554910549e+00
1.5151515152e-01 -9.3939393939e-01 6.6926421365e+00
1.5151515152e-01 -8.7878787879e-01 6.6360889447e+00
1.5151515152e-01 -8.1818181818e-01 6.5852282086e+00
1.5151515152e-01 -7.5757575758e-01 6.5395565648e+00
1.5151515152e-01 -6.9696969697e-01 6.4986517147e+00
1.5151515152e-01 -6.3636363636e-01 6.4621579938e+00
1.5151515152e-01 -5.7575757576e-01 6.4297751968e+00
1.5151515152e-01 -5.1515151515e-01 6.4012498446e+00
1.5151515152e-01 -4.5454545455e-01 6.3763683114e+00
1.5151515152e-01 -3.9393939394e-01 6.3549513884e+00
1.5151515152e-01 -3.3333333333e-01 6.3368499773e+00
1.5151515152e-01 -2.7272727273e-01 6.3219416828e+00
1.5151515152e-01 -2.1212121212e-01 6.3101281353e+00
1.5151515152e-01 -1.5151515152e-01 6.3013329186e+00
1.5151515152e-01 -9.0909090909e-02 6.2955000081e+00
1.5151515152e-01 -3.0303030303e-02 6.2925926524e+00
1.5151515152e-01 3.0303030303e-02 6.2925926524e+00
1.5151515152e-01 9.0909090909e-02 6.2955000081e+00
1.5151515152e-01 1.5151515152e-01 6.3013329186e+00
1.5151515152e-01 2.1212121212e-01 6.3101281353e+00
1.5151515152e-01 2.7272727273e-01 6.3219416828e+00
1.5151515152e-01 3.3333333333e-01 6.3368499773e+00
1.5151515152e-01 3.9393939394e-01 6.3549513884e+00
1.5151515152e-01 4.5454545455e-01 6.3763683114e+00
1.5151515152e-01 5.1515151515e-01 6.4012498446e+00
1.5151515152e-01 5.7575757576e-01 6.4297751968e+00
1.5151515152e-01 6.3636363636e-01 6.4621579938e+00
1.5151515152e-01 6.9696969697e-01 6.4986517147e+00
1.5151515152e-01 7.5757575758e-01 6.5395565648e+00
1.5151515152e-01 8.1818181818e-01 6.5852282086e+00
1.5151515152e-01 8.7878787879e-01 6.6360889447e+00
1.5151515152e-01 9.3939393939e-01 6.6926421365e+00
1.5151515152e-01 1.0000000000e+00 6.7554910549e+00
1.5151515152e-01 1.0606060606e+00 6.8253638057e+00
1.5151515152e-01 1.1212121212e+00 6.9031468064e+00
1.5151515152e-01 1.1818181818e+00 6.9899305321e+00
1.5151515152e-01 1.2424242424e+00 7.0870732895e+00
1.5151515152e-01 1.3030303030e+00 7.1962921948e+00
1.5151515152e-01 1.3636363636e+00 7.3197964844e+00
1.5151515152e-01 1.4242424242e+00 7.4604890930e+00
1.5151515152e-01 1.4848484848e+00 7.6222830538e+00
1.5151515152e-01 1.5454545455e+00 7.8106210232e+00
1.5151515152e-01 1.6060606061e+00 8.0333770478e+00
1.5151515152e-01 1.6666666667e+00 8.3025356935e+00
1.5151515152e-01 1.7272727273e+00 8.6376198671e+00
1.5151515152e-01 1.7878787879e+00 9.0736320527e+00
1.5151515152e-01 1.8484848485e+00 9.6832455789e+00
1.5151515152e-01 1.9090909091e+00 1.0661996816e+01
1.5151515152e-01 1.9696969697e+00 1.3032232996e+01
1.5151515152e-01 2.0303030303e+00 1.2105800061e+01
1.5151515152e-01 2.0909090909e+00 1.0030896319e+01
1.5151515152e-01 2.1515151515e+00 8.9776993345e+00
1.5151515152e-01 2.2121212121e+00 8.2596395165e+00
1.5151515152e-01 2.2727272727e+00 7.7123838592e+00
1.5151515152e-01 2.3333333333e+00 7.2697032166e+00
1.5151515152e-01 2.3939393939e+00 6.8980513431e+00
1.5151515152e-01 2.4545454545e+00 6.5779973482e+00
1.5151515152e-01 2.5151515152e+00 6.2972349319e+00
1.5151515152e-01 2.5757575758e+00 6.0474545952e+00
1.5151515152e-01 2.6363636364e+00 5.8227681513e+00
1.5151515152e-01 2.6969696970e+00 5.6188428839e+00
1.5151515152e-01 2.7575757576e+00 5.4323926896e+00
1.5151515152e-01 2.8181818182e+00 5.2608626234e+00
1.5151515152e-01 2.8787878788e+00 5.1022246352e+00
1.5151515152e-01 2.9393939394e+00 4.9548404208e+00
1.5151515152e-01 3.0000000000e+00 4.8173664680e+00

2.1212121212e-01 -3.0000000000e+00 4.8093324815e+00
2.1212121212e-01 -2.9393939394e+00 4.9460673905e+00
2.1212121212e-01 -2.8787878788e+00 5.0926050155e+00
2.1212121212e-01 -2.8181818182e+00 5.2502655228e+00
2.1212121212e-01 -2.7575757576e+00 5.4206566677e+00
2.1212121212e-01 -2.6969696970e+00 5.6057657174e+00
2.1212121212e-01 -2.6363636364e+00 5.8080918839e+00
2.1212121212e-01 -2.5757575758e+00 6.0308429746e+00
2.1212121212e-01 -2.5151515152e+00 6.2782380090e+00
2.1212121212e-01 -2.4545454545e+00 6.5559932639e+00
2.1212121212e-01 -2.3939393939e+00 6.8721448893e+00
2.1212121212e-01 -2.3333333333e+00 7.2385355742e+00
2.1212121212e-01 -2.2727272727e+00 7.6737395201e+00
2.1212121212e-01 -2.2121212121e+00 8.2095182589e+00
2.1212121212e-01 -2.1515151515e+00 8.9076442922e+00
2.1212121212e-01 -2.0909090909e+00 9.9172277687e+00
2.1212121212e-01 -2.0303030303e+00 1.1815035291e+01
2.1212121212e-01 -1.9696969697e+00 1.3535430435e+01
2.1212121212e-01 -1.9090909091e+00 1.0792204105e+01
2.1212121212e-01 -1.8484848485e+00 9.7577222617e+00
2.1212121212e-01 -1.7878787879e+00 9.1258130725e+00
2.1212121212e-01 -1.7272727273e+00 8.6778595424e+00
2.1212121212e-01 -1.6666666667e+00 8.3353658744e+00
2.1212121212e-01 -1.6060606061e+00 8.0611792852e+00
2.1212121212e-01 -1.5454545455e+00 7.8347994497e+00
2.1212121212e-01 -1.4848484848e+00 7.6437341292e+00
2.1212121212e-01 -1.4242424242e+00 7.4798197030e+00
2.1212121212e-01 -1.3636363636e+00 7.3374364313e+00
2.1212121212e-01 -1.3030303030e+00 7.2125569913e+00
2.1212121212e-01 -1.2424242424e+00 7.1022014463e+00
2.1212121212e-01 -1.1818181818e+00 7.0041068284e+00
2.1212121212e-01 -1.1212121212e+00 6.9165174208e+00
2.1212121212e-01 -1.0606060606e+00 6.8380464987e+00
2.1212121212e-01 -1.0000000000e+00 6.7675822244e+00
2.1212121212e-01 -9.3939393939e-01 6.7042218340e+00
2.1212121212e-01 -8.7878787879e-01 6.6472245206e+00
2.1212121212e-01 -8.1818181818e-01 6.5959770141e+00
2.1212121212e-01 -7.5757575758e-01 6.5499679917e+00
2.1212121212e-01 -6.9696969697e-01 6.5087687593e+00
2.1212121212e-01 -6.3636363636e-01 6.4720184748e+00
2.1212121212e-01 -5.7575757576e-01 6.4394127175e+00
2.1212121212e-01 -5.1515151515e-01 6.4106945635e+00
2.1212121212e-01 -4.5454545455e-01 6.3856475677e+00
2.1212121212e-01 -3.9393939394e-01 6.3640902177e+00
2.1212121212e-01 -3.3333333333e-01 6.3458715422e+00
2.1212121212e-01 -2.7272727273e-01 6.3308676383e+00
2.1212121212e-01 -2.1212121212e-01 6.3189789457e+00
2.1212121212e-01 -1.5151515152e-01 6.3101281353e+00
2.1212121212e-01 -9.0909090909e-02 6.3042585204e+00
2.1212121212e-01 -3.0303030303e-02 6.3013329186e+00
2.1212121212e-01 3.0303030303e-02 6.3013329186e+00
2.1212121212e-01 9.0909090909e-02 6.3042585204e+00
2.1212121212e-01 1.5151515152e-01 6.3101281353e+00
2.1212121212e-01 2.1212121212e-01 6.3189789457e+00
2.1212121212e-01 2.7272727273e-01 6.3308676383e+00
2.1212121212e-01 3.3333333333e-01 6.3458715422e+00
2.1212121212e-01 3.9393939394e-01 6.3640902177e+00
2.1212121212e-01 4.5454545455e-01 6.3856475677e+00
2.1212121212e-01 5.1515151515e-01 6.4106945635e+00
2.1212121212e-01 5.7575757576e-01 6.4394127175e+00
2.1212121212e-01 6.3636363636e-01 6.4720184748e+00
2.1212121212e-01 6.9696969697e-01 6.5087687593e+00
2.1212121212e-01 7.5757575758e-01 6.5499679917e+00
2.1212121212e-01 8.1818181818e-01 6.5959770141e+00
2.1212121212e-01 8.7878787879e-01 6.6472245206e+00
2.1212121212e-01 9.3939393939e-01 6.7042218340e+00
2.1212121212e-01 1.0000000000e+00 6.7675822244e+00
2.1212121212e-01 1.0606060606e+00 6.8380464987e+00
2.1212121212e-01 1.1212121212e+00 6.9165174208e+00
2.1212121212e-01 1.1818181818e+00 7.0041068284e+00
2.1212121212e-01 1.2424242424e+00 7.1022014463e+00
2.1212121212e-01 1.3030303030e+00 7.2125569913e+00
2.1212121212e-01 1.3636363636e+00 7.3374364313e+00
2.1212121212e-01 1.4242424242e+00 7.4798197030e+00
2.1212121212e-01 1.4848484848e+00 7.6437341292e+00
2.1212121212e-01 1.5454545455e+00 7.8347994497e+00
2.1212121212e-01 1.6060606061e+00 8.0611792852e+00
2.1212121212e-01 1.6666666667e+00 8.3353658744e+00
2.1212121212e-01 1.7272727273e+00 8.6778595424e+00
2.1212121212e-01 1.7878787879e+00 9.1258130725e+00
2.1212121212e-01 1.8484848485e+00 9.7577222617e+00
2.1212121212e-01 1.9090909091e+00 1.0792204105e+01
2.1212121212e-01 1.9696969697e+00 1.3535430435e+01
2.1212121212e-01 2.0303030303e+00 1.1815035291e+01
2.1212121212e-01 2.0909090909e+00 9.9172277687e+00
2.1212121212e-01 2.1515151515e+00 8.9076442922e+00
2.1212121212e-01 2.2121212121e+00 8.2095182589e+00
2.1212121212e-01 2.2727272727e+00 7.6737395201e+00
2.1212121212e-01 2.3333333333e+00 7.2385355742e+00
2.1212121212e-01 2.3939393939e+00 6.8721448893e+00
2.1212121212e-01 2.4545454545e+00 6.5559932639e+00
2.1212121212e-01 2.5151515152e+00 6.2782380090e+00
2.1212121212e-01 2.5757575758e+00 6.0308429746e+00
2.1212121212e-01 2.6363636364e+00 5.8080918839e+00
2.1212121212e-01 2.6969696970e+00 5.6057657174e+00
2.1212121212e-01 2.7575757576e+00 5.4206566677e+00
2.1212121212e-01 2.8181818182e+00 5.2502655228e+00
2.1212121212e-01 2.8787878788e+00 5.0926050155e+00
2.1212121212e-01 2.9393939394e+00 4.9460673905e+00
2.1212121212e-01 3.0000000000e+00 4.8093324815e+00

2.7272727273e-01 -3.0000000000e+00 4.7986853503e+00
2.7272727273e-01 -2.9393939394e+00 4.9344455278e+00
2.7272727273e-01 -2.8787878788e+00 5.0798674631e+00
2.7272727273e-01 -2.8181818182e+00 5.2362409505e+00
2.7272727273e-01 -2.7575757576e+00 5.4051340809e+00
2.7272727273e-01 -2.6969696970e+00 5.5884812897e+00
2.7272727273e-01 -2.6363636364e+00 5.7887097831e+00
2.7272727273e-01 -2.5757575758e+00 6.0089265320e+00
2.7272727273e-01 -2.5151515152e+00 6.2532046854e+00
2.7272727273e-01 -2.4545454545e+00 6.5270409992e+00
2.7272727273e-01 -2.3939393939e+00 6.8381246290e+00
2.7272727273e-01 -2.3333333333e+00 7.1977142571e+00
2.7272727273e-01 -2.2727272727e+00 7.6233160984e+00
2.7272727273e-01 -2.2121212121e+00 8.1444997996e+00
2.7272727273e-01 -2.1515151515e+00 8.8176918675e+00
2.7272727273e-01 -2.0909090909e+00 9.7745274361e+00
2.7272727273e-01 -2.0303030303e+00 1.1481117156e+01
2.7272727273e-01 -1.9696969697e+00 1.4508307875e+01
2.7272727273e-01 -1.9090909091e+00 1.0981549376e+01
2.7272727273e-01 -1.8484848485e+00 9.8621598834e+00
2.7272727273e-01 -1.7878787879e+00 9.1979413230e+00
2.7272727273e-01 -1.7272727273e+00 8.7330540311e+00
2.7272727273e-01 -1.6666666667e+00 8.3801808258e+00
2.7272727273e-01 -1.6060606061e+00 8.0990061542e+00
2.7272727273e-01 -1.5454545455e+00 7.8676174025e+00
2.7272727273e-01 -1.4848484848e+00 7.6727975342e+00
2.7272727273e-01 -1.4242424242e+00 7.5059730808e+00
2.7272727273e-01 -1.3636363636e+00 7.3612753140e+00
2.7272727273e-01 -1.3030303030e+00 7.2345170436e+00
2.7272727273e-01 -1.2424242424e+00 7.1226110720e+00
2.7272727273e-01 -1.1818181818e+00 7.0232198430e+00
2.7272727273e-01 -1.1212121212e+00 6.9345342097e+00
2.7272727273e-01 -1.0606060606e+00 6.8551282073e+00
2.7272727273e-01 -1.0000000000e+00 6.7838605634e+00
2.7272727273e-01 -9.3939393939e-01 6.7198060310e+00
2.7272727273e-01 -8.7878787879e-01 6.6622063618e+00
2.7272727273e-01 -8.1818181818e-01 6.6104345743e+00
2.7272727273e-01 -7.5757575758e-01 6.5639684441e+00
2.7272727273e-01 -6.9696969697e-01 6.5223705271e+00
2.7272727273e-01 -6.3636363636e-01 6.4852729046e+00
2.7272727273e-01 -5.7575757576e-01 6.4523653988e+00
2.7272727273e-01 -5.1515151515e-01 6.4233863849e+00
2.7272727273e-01 -4.5454545455e-01 6.3981155732e+00
2.7272727273e-01 -3.9393939394e-01 6.3763683114e+00
2.7272727273e-01 -3.3333333333e-01 6.3579910762e+00
2.7272727273e-01 -2.7272727273e-01 6.3428579125e+00
2.7272727273e-01 -2.1212121212e-01 6.3308676383e+00
2.7272727273e-01 -1.5151515152e-01 6.3219416828e+00
2.7272727273e-01 -9.0909090909e-02 6.3160224583e+00
2.7272727273e-01 -3.0303030303e-02 6.3130721962e+00
2.7272727273e-01 3.0303030303e-02 6.3130721962e+00
2.7272727273e-01 9.0909090909e-02 6.3160224583e+00
2.7272727273e-01 1.5151515152e-01 6.3219416828e+00
2.7272727273e-01 2.1212121212e-01 6.3308676383e+00
2.7272727273e-01 2.7272727273e-01 6.3428579125e+00
2.7272727273e-01 3.3333333333e-01 6.3579910762e+00
2.7272727273e-01 3.9393939394e-01 6.3763683114e+00
2.7272727273e-01 4.5454545455e-01 6.3981155732e+00
2.7272727273e-01 5.1515151515e-01 6.4233863849e+00
2.7272727273e-01 5.7575757576e-01 6.4523653988e+00
2.7272727273e-01 6.3636363636e-01 6.4852729046e+00
2.7272727273e-01 6.9696969697e-01 6.5223705271e+00
2.7272727273e-01 7.5757575758e-01 6.5639684441e+00
2.7272727273e-01 8.1818181818e-01 6.6104345743e+00
2.7272727273e-01 8.7878787879e-01 6.6622063618e+00
2.7272727273e-01 9.3939393939e-01 6.7198060310e+00
2.7272727273e-01 1.0000000000e+00 6.7838605634e+00
2.7272727273e-01 1.0606060606e+00 6.8551282073e+00
2.7272727273e-01 1.1212121212e+00 6.9345342097e+00
2.7272727273e-01 1.1818181818e+00 7.0232198430e+00
2.7272727273e-01 1.2424242424e+00 7.1226110720e+00
2.7272727273e-01 1.3030303030e+00 7.2345170436e+00
2.7272727273e-01 1.3636363636e+00 7.3612753140e+00
2.7272727273e-01 1.4242424242e+00 7.5059730808e+00
2.7272727273e-01 1.4848484848e+00 7.6727975342e+00
2.7272727273e-01 1.5454545455e+00 7.8676174025e+00
2.7272727273e-01 1.6060606061e+00 8.0990061542e+00
2.7272727273e-01 1.6666666667e+00 8.3801808258e+00
2.7272727273e-01 1.7272727273e+00 8.7330540311e+00
2.7272727273e-01 1.7878787879e+00 9.1979413230e+00
2.7272727273e-01 1.8484848485e+00 9.8621598834e+00
2.7272727273e-01 1.9090909091e+00 1.0981549376e+01
2.7272727273e-01 1.9696969697e+00 1.4508307875e+01
2.7272727273e-01 2.0303030303e+00 1.1481117156e+01
2.7272727273e-01 2.0909090909e+00 9.7745274361e+00
2.7272727273e-01 2.1515151515e+00 8.8176918675e+00
2.7272727273e-01 2.2121212121e+00 8.1444997996e+00
2.7272727273e-01 2.2727272727e+00 7.6233160984e+00
2.7272727273e-01 2.3333333333e+00 7.1977142571e+00
2.7272727273e-01 2.3939393939e+00 6.8381246290e+00
2.7272727273e-01 2.4545454545e+00 6.5270409992e+00
2.7272727273e-01 2.5151515152e+00 6.2532046854e+00
2.7272727273e-01 2.5757575758e+00 6.0089265320e+00
2.7272727273e-01 2.6363636364e+00 5.7887097831e+00
2.7272727273e-01 2.6969696970e+00 5.5884812897e+00
2.7272727273e-01 2.7575757576e+00 5.4051340809e+00
2.7272727273e-01 2.8181818182e+00 5.2362409505e+00
2.7272727273e-01 2.8787878788e+00 5.0798674631e+00
2.7272727273e-01 2.9393939394e+00 4.9344455278e+00
2.7272727273e-01 3.0000000000e+00 4.7986853503e+00

3.3333333333e-01 -3.0000000000e+00 4.7854794209e+00
3.3333333333e-01 -2.9393939394e+00 4.9200380117e+00
3.3333333333e-01 -2.8787878788e+00 5.0640859797e+00
3.3333333333e-01 -2.8181818182e+00 5.2188763290e+00
3.3333333333e-01 -2.7575757576e+00 5.3859292232e+00
3.3333333333e-01 -2.6969696970e+00 5.5671154453e+00
3.3333333333e-01 -2.6363636364e+00 5.7647757402e+00
3.3333333333e-01 -2.5757575758e+00 5.9818964825e+00
3.3333333333e-01 -2.5151515152e+00 6.2223772055e+00
3.3333333333e-01 -2.4545454545e+00 6.4914549300e+00
3.3333333333e-01 -2.3939393939e+00 6.7964112858e+00
3.3333333333e-01 -2.3333333333e+00 7.1478256221e+00
3.3333333333e-01 -2.2727272727e+00 7.5619777834e+00
3.3333333333e-01 -2.2121212121e+00 8.0659663433e+00
3.3333333333e-01 -2.1515151515e+00 8.7103606572e+00
3.3333333333e-01 -2.0909090909e+00 9.6086182394e+00
3.3333333333e-01 -2.0303030303e+00 1.1126765542e+01
3.3333333333e-01 -1.9696969697e+00 1.7664691947e+01
3.3333333333e-01 -1.9090909091e+00 1.1249293792e+01
3.3333333333e-01 -1.8484848485e+00 1.0001966831e+01
3.3333333333e-01 -1.7878787879e+00 9.2925513405e+00
3.3333333333e-01 -1.7272727273e+00 8.8046855910e+00
3.3333333333e-01 -1.6666666667e+00 8.4379622172e+00
3.3333333333e-01 -1.6060606061e+00 8.1475618829e+00
3.3333333333e-01 -1.5454545455e+00 7.9096090846e+00
3.3333333333e-01 -1.4848484848e+00 7.7098955849e+00
3.3333333333e-01 -1.4242424242e+00 7.5392939032e+00
3.3333333333e-01 -1.3636363636e+00 7.3916016817e+00
3.3333333333e-01 -1.3030303030e+00 7.2624189850e+00
3.3333333333e-01 -1.2424242424e+00 7.1485166637e+00
3.3333333333e-01 -1.1818181818e+00 7.0474588970e+00
3.3333333333e-01 -1.1212121212e+00 6.9573664147e+00
3.3333333333e-01 -1.0606060606e+00 6.8767619181e+00
3.3333333333e-01 -1.0000000000e+00 6.8044657340e+00
3.3333333333e-01 -9.3939393939e-01 6.7395233541e+00
3.3333333333e-01 -8.7878787879e-01 6.6811538773e+00
3.3333333333e-01 -8.1818181818e-01 6.6287125465e+00
3.3333333333e-01 -7.5757575758e-01 6.5816630267e+00
3.3333333333e-01 -6.9696969697e-01 6.5395565648e+00
3.3333333333e-01 -6.3636363636e-01 6.5020161065e+00
3.3333333333e-01 -5.7575757576e-01 6.4687240510e+00
3.3333333333e-01 -5.1515151515e-01 6.4394127175e+00
3.3333333333e-01 -4.5454545455e-01 6.4138568678e+00
3.3333333333e-01 -3.9393939394e-01 6.3918678110e+00
3.3333333333e-01 -3.3333333333e-01 6.3732887444e+00
3.3333333333e-01 -2.7272727273e-01 6.3579910762e+00
3.3333333333e-01 -2.1212121212e-01 6.3458715422e+00
3.3333333333e-01 -1.5151515152e-01 6.3368499773e+00
3.3333333333e-01 -9.0909090909e-02 6.3308676383e+00
3.3333333333e-01 -3.0303030303e-02 6.3278860044e+00
3.3333333333e-01 3.0303030303e-02 6.3278860044e+00
3.3333333333e-01 9.0909090909e-02 6.3308676383e+00
3.3333333333e-01 1.5151515152e-01 6.3368499773e+00
3.3333333333e-01 2.1212121212e-01 6.3458715422e+00
3.3333333333e-01 2.7272727273e-01 6.3579910762e+00
3.3333333333e-01 3.3333333333e-01 6.3732887444e+00
3.3333333333e-01 3.9393939394e-01 6.3918678110e+00
3.3333333333e-01 4.5454545455e-01 6.4138568678e+00
3.3333333333e-01 5.1515151515e-01 6.4394127175e+00
3.3333333333e-01 5.7575757576e-01 6.4687240510e+00
3.3333333333e-01 6.3636363636e-01 6.5020161065e+00
3.3333333333e-01 6.9696969697e-01 6.5395565648e+00
3.3333333333e-01 7.5757575758e-01 6.5816630267e+00
3.3333333333e-01 8.1818181818e-01 6.6287125465e+00
3.3333333333e-01 8.7878787879e-01 6.6811538773e+00
3.3333333333e-01 9.3939393939e-01 6.7395233541e+00
3.3333333333e-01 1.0000000000e+00 6.8044657340e+00
3.3333333333e-01 1.0606060606e+00 6.8767619181e+00
3.3333333333e-01 1.1212121212e+00 6.9573664147e+00
3.3333333333e-01 1.1818181818e+00 7.0474588970e+00
3.3333333333e-01 1.2424242424e+00 7.1485166637e+00
3.3333333333e-01 1.3030303030e+00 7.2624189850e+00
3.3333333333e-01 1.3636363636e+00 7.3916016817e+00
3.3333333333e-01 1.4242424242e+00 7.5392939032e+00
3.3333333333e-01 1.4848484848e+00 7.7098955849e+00
3.3333333333e-01 1.5454545455e+00 7.9096090846e+00
3.3333333333e-01 1.6060606061e+00 8.1475618829e+00
3.3333333333e-01 1.6666666667e+00 8.4379622172e+00
3.3333333333e-01 1.7272727273e+00 8.8046855910e+00
3.3333333333e-01 1.7878787879e+00 9.2925513405e+00
3.3333333333e-01 1.8484848485e+00 1.0001966831e+01
3.3333333333e-01 1.9090909091e+00 1.1249293792e+01
3.3333333333e-01 1.9696969697e+00 1.7664691947e+01
3.3333333333e-01 2.0303030303e+00 1.1126765542e+01
3.3333333333e-01 2.0909090909e+00 9.6086182394e+00
3.3333333333e-01 2.1515151515e+00 8.7103606572e+00
3.3333333333e-01 2.2121212121e+00 8.0659663433e+00
3.3333333333e-01 2.2727272727e+00 7.5619777834e+00
3.3333333333e-01 2.3333333333e+00 7.1478256221e+00
3.3333333333e-01 2.3939393939e+00 6.7964112858e+00
3.3333333333e-01 2.4545454545e+00 6.4914549300e+00
3.3333333333e-01 2.5151515152e+00 6.2223772055e+00
3.3333333333e-01 2.5757575758e+00 5.9818964825e+00
3.3333333333e-01 2.6363636364e+00 5.7647757402e+00
3.3333333333e-01 2.6969696970e+00 5.5671154453e+00
3.3333333333e-01 2.7575757576e+00 5.3859292232e+00
3.3333333333e-01 2.8181818182e+00 5.2188763290e+00
3.3333333333e-01 2.8787878788e+00 5.0640859797e+00
3.3333333333e-01 2.9393939394e+00 4.9200380117e+00
3.3333333333e-01 3.0000000000e+00 4.7854794209e+00

3.9393939394e-01 -3.0000000000e+00 4.7697811199e+00
3.9393939394e-01 -2.9393939394e+00 4.9029219434e+00
3.9393939394e-01 -2.8787878788e+00 5.0453507130e+00
3.9393939394e-01 -2.8181818182e+00 5.1982779360e+00
3.9393939394e-01 -2.7575757576e+00 5.3631685818e+00
3.9393939394e-01 -2.6969696970e+00 5.5418203823e+00
3.9393939394e-01 -2.6363636364e+00 5.7364752560e+00
3.9393939394e-01 -2.5757575758e+00 5.9499823928e+00
3.9393939394e-01 -2.5151515152e+00 6.1860449610e+00
3.9393939394e-01 -2.4545454545e+00 6.4496082687e+00
3.9393939394e-01 -2.3939393939e+00 6.7475002516e+00
3.9393939394e-01 -2.3333333333e+00 7.0895524653e+00
3.9393939394e-01 -2.2727272727e+00 7.4907150419e+00
3.9393939394e-01 -2.2121212121e+00 7.9754637306e+00
3.9393939394e-01 -2.1515151515e+00 8.5883502578e+00
3.9393939394e-01 -2.0909090909e+00 9.4251971831e+00
3.9393939394e-01 -2.0303030303e+00 1.0767662009e+01
3.9393939394e-01 -1.9696969697e+00 1.5013592666e+01
3.9393939394e-01 -1.9090909091e+00 1.1631580832e+01
3.9393939394e-01 -1.8484848485e+00 1.0185574704e+01
3.9393939394e-01 -1.7878787879e+00 9.4133384967e+00
3.9393939394e-01 -1.7272727273e+00 8.8948416952e+00
3.9393939394e-01 -1.6666666667e+00 8.5100635205e+00
3.9393939394e-01 -1.6060606061e+00 8.2078036323e+00
3.9393939394e-01 -1.5454545455e+00 7.9614931366e+00
3.9393939394e-01 -1.4848484848e+00 7.7555920264e+00
3.9393939394e-01 -1.4242424242e+00 7.5802395132e+00
3.9393939394e-01 -1.3636363636e+00 7.4287965667e+00
3.9393939394e-01 -1.3030303030e+00 7.2965872236e+00
3.9393939394e-01 -1.2424242424e+00 7.1801994444e+00
3.9393939394e-01 -1.1818181818e+00 7.0770715299e+00
3.9393939394e-01 -1.1212121212e+00 6.9852348105e+00
3.9393939394e-01 -1.0606060606e+00 6.9031468064e+00
3.9393939394e-01 -1.0000000000e+00 6.8295792546e+00
3.9393939394e-01 -9.3939393939e-01 6.7635407319e+00
3.9393939394e-01 -8.7878787879e-01 6.7042218340e+00
3.9393939394e-01 -8.1818181818e-01 6.6509554881e+00
3.9393939394e-01 -7.5757575758e-01 6.6031876805e+00
3.9393939394e-01 -6.9696969697e-01 6.5604555140e+00
3.9393939394e-01 -6.3636363636e-01 6.5223705271e+00
3.9393939394e-01 -5.7575757576e-01 6.4886058621e+00
3.9393939394e-01 -5.1515151515e-01 6.4588862955e+00
3.9393939394e-01 -4.5454545455e-01 6.4329804329e+00
3.9393939394e-01 -3.9393939394e-01 6.4106945635e+00
3.9393939394e-01 -3.3333333333e-01 6.3918678110e+00
3.9393939394e-01 -2.7272727273e-01 6.3763683114e+00
3.9393939394e-01 -2.1212121212e-01 6.3640902177e+00
3.9393939394e-01 -1.5151515152e-01 6.3549513884e+00
3.9393939394e-01 -9.0909090909e-02 6.3488916475e+00
3.9393939394e-01 -3.0303030303e-02 6.3458715422e+00
3.9393939394e-01 3.0303030303e-02 6.3458715422e+00
3.9393939394e-01 9.0909090909e-02 6.3488916475e+00
3.9393939394e-01 1.5151515152e-01 6.3549513884e+00
3.9393939394e-01 2.1212121212e-01 6.3640902177e+00
3.9393939394e-01 2.7272727273e-01 6.3763683114e+00
3.9393939394e-01 3.3333333333e-01 6.3918678110e+00
3.9393939394e-01 3.9393939394e-01 6.4106945635e+00
3.9393939394e-01 4.5454545455e-01 6.4329804329e+00
3.9393939394e-01 5.1515151515e-01 6.4588862955e+00
3.9393939394e-01 5.7575757576e-01 6.4886058621e+00
3.9393939394e-01 6.3636363636e-01 6.5223705271e+00
3.9393939394e-01 6.9696969697e-01 6.5604555140e+00
3.9393939394e-01 7.5757575758e-01 6.6031876805e+00
3.9393939394e-01 8.1818181818e-01 6.6509554881e+00
3.9393939394e-01 8.7878787879e-01 6.7042218340e+00
3.9393939394e-01 9.3939393939e-01 6.7635407319e+00
3.9393939394e-01 1.0000000000e+00 6.8295792546e+00
3.9393939394e-01 1.0606060606e+00 6.9031468064e+00
3.9393939394e-01 1.1212121212e+00 6.9852348105e+00
3.9393939394e-01 1.1818181818e+00 7.0770715299e+00
3.9393939394e-01 1.2424242424e+00 7.1801994444e+00
3.9393939394e-01 1.3030303030e+00 7.2965872236e+00
3.9393939394e-01 1.3636363636e+00 7.4287965667e+00
3.9393939394e-01 1.4242424242e+00 7.5802395132e+00
3.9393939394e-01 1.4848484848e+00 7.7555920264e+00
3.9393939394e-01 1.5454545455e+00 7.9614931366e+00
3.9393939394e-01 1.6060606061e+00 8.2078036323e+00
3.9393939394e-01 1.6666666667e+00 8.5100635205e+00
3.9393939394e-01 1.7272727273e+00 8.8948416952e+00
3.9393939394e-01 1.7878787879e+00 9.4133384967e+00
3.9393939394e-01 1.8484848485e+00 1.0185574704e+01
3.9393939394e-01 1.9090909091e+00 1.1631580832e+01
3.9393939394e-01 1.9696969697e+00 1.5013592666e+01
3.9393939394e-01 2.0303030303e+00 1.0767662009e+01
3.9393939394e-01 2.0909090909e+00 9.4251971831e+00
3.9393939394e-01 2.1515151515e+00 8.5883502578e+00
3.9393939394e-01 2.2121212121e+00 7.9754637306e+00
3.9393939394e-01 2.2727272727e+00 7.4907150419e+00
3.9393939394e-01 2.3333333333e+00 7.0895524653e+00
3.9393939394e-01 2.3939393939e+00 6.7475002516e+00
3.9393939394e-01 2.4545454545e+00 6.4496082687e+00
3.9393939394e-01 2.5151515152e+00 6.1860449610e+00
3.9393939394e-01 2.5757575758e+00 5.9499823928e+00
3.9393939394e-01 2.6363636364e+00 5.7364752560e+00
3.9393939394e-01 2.6969696970e+00 5.5418203823e+00
3.9393939394e-01 2.7575757576e+00 5.3631685818e+00
3.9393939394e-01 2.8181818182e+00 5.1982779360e+00
3.9393939394e-01 2.8787878788e+00 5.0453507130e+00
3.9393939394e-01 2.9393939394e+00 4.9029219434e+00
3.9393939394e-01 3.0000000000e+00 4.7697811199e+00

4.5454545455e-01 -3.0000000000e+00 4.7516680153e+00
4.5454545455e-01 -2.9393939394e+00 4.8831871849e+00
4.5454545455e-01 -2.8787878788e+00 5.0237665039e+00
4.5454545455e-01 -2.8181818182e+00 5.1745690671e+00
4.5454545455e-01 -2.7575757576e+00 5.3369984781e+00
4.5454545455e-01 -2.6969696970e+00 5.5127715754e+00
4.5454545455e-01 -2.6363636364e+00 5.7040213516e+00
4.5454545455e-01 -2.5757575758e+00 5.9134466238e+00
4.5454545455e-01 -2.5151515152e+00 6.1445367332e+00
4.5454545455e-01 -2.4545454545e+00 6.4019218770e+00
4.5454545455e-01 -2.3939393939e+00 6.6919447834e+00
4.5454545455e-01 -2.3333333333e+00 7.0236474416e+00
4.5454545455e-01 -2.2727272727e+00 7.4105996153e+00
4.5454545455e-01 -2.2121212121e+00 7.8746179641e+00
4.5454545455e-01 -2.1515151515e+00 8.4543663127e+00
4.5454545455e-01 -2.0909090909e+00 9.2294255341e+00
4.5454545455e-01 -2.0303030303e+00 1.0413595826e+01
4.5454545455e-01 -1.9696969697e+00 1.3168023692e+01
4.5454545455e-01 -1.9090909091e+00 1.2205668123e+01
4.5454545455e-01 -1.8484848485e+00 1.0426505080e+01
4.5454545455e-01 -1.7878787879e+00 9.5657041349e+00
4.5454545455e-01 -1.7272727273e+00 9.0064356788e+00
4.5454545455e-01 -1.6666666667e+00 8.5983220325e+00
4.5454545455e-01 -1.6060606061e+00 8.2810069432e+00
4.5454545455e-01 -1.5454545455e+00 8.0242147090e+00
4.5454545455e-01 -1.4848484848e+00 7.8106210232e+00
4.5454545455e-01 -1.4242424242e+00 7.6294009793e+00
4.5454545455e-01 -1.3636363636e+00 7.4733494313e+00
4.5454545455e-01 -1.3030303030e+00 7.3374364313e+00
4.5454545455e-01 -1.2424242424e+00 7.2180174211e+00
4.5454545455e-01 -1.1818181818e+00 7.1123717930e+00
4.5454545455e-01 -1.1212121212e+00 7.0184186812e+00
4.5454545455e-01 -1.0606060606e+00 6.9345342097e+00
4.5454545455e-01 -1.0000000000e+00 6.8594296937e+00
4.5454545455e-01 -9.3939393939e-01 6.7920679739e+00
4.5454545455e-01 -8.7878787879e-01 6.7316044436e+00
4.5454545455e-01 -8.1818181818e-01 6.6773445457e+00
4.5454545455e-01 -7.5757575758e-01 6.6287125465e+00
4.5454545455e-01 -6.9696969697e-01 6.5852282086e+00
4.5454545455e-01 -6.3636363636e-01 6.5464891118e+00
4.5454545455e-01 -5.7575757576e-01 6.5121570903e+00
4.5454545455e-01 -5.1515151515e-01 6.4819477206e+00
4.5454545455e-01 -4.5454545455e-01 6.4556221078e+00
4.5454545455e-01 -3.9393939394e-01 6.4329804329e+00
4.5454545455e-01 -3.3333333333e-01 6.4138568678e+00
4.5454545455e-01 -2.7272727273e-01 6.3981155732e+00
4.5454545455e-01 -2.1212121212e-01 6.3856475677e+00
4.5454545455e-01 -1.5151515152e-01 6.3763683114e+00
4.5454545455e-01 -9.0909090909e-02 6.3702158912e+00
4.5454545455e-01 -3.0303030303e-02 6.3671497246e+00
4.5454545455e-01 3.0303030303e-02 6.3671497246e+00
4.5454545455e-01 9.0909090909e-02 6.3702158912e+00
4.5454545455e-01 1.5151515152e-01 6.3763683114e+00
4.5454545455e-01 2.1212121212e-01 6.3856475677e+00
4.5454545455e-01 2.7272727273e-01 6.3981155732e+00
4.5454545455e-01 3.3333333333e-01 6.4138568678e+00
4.5454545455e-01 3.9393939394e-01 6.4329804329e+00
4.5454545455e-01 4.5454545455e-01 6.4556221078e+00
4.5454545455e-01 5.1515151515e-01 6.4819477206e+00
4.5454545455e-01 5.7575757576e-01 6.5121570903e+00
4.5454545455e-01 6.3636363636e-01 6.5464891118e+00
4.5454545455e-01 6.9696969697e-01 6.5852282086e+00
4.5454545455e-01 7.5757575758e-01 6.6287125465e+00
4.5454545455e-01 8.1818181818e-01 6.6773445457e+00
4.5454545455e-01 8.7878787879e-01 6.7316044436e+00
4.5454545455e-01 9.3939393939e-01 6.7920679739e+00
4.5454545455e-01 1.0000000000e+00 6.8594296937e+00
4.5454545455e-01 1.0606060606e+00 6.9345342097e+00
4.5454545455e-01 1.1212121212e+00 7.0184186812e+00
4.5454545455e-01 1.1818181818e+00 7.1123717930e+00
4.5454545455e-01 1.2424242424e+00 7.2180174211e+00
4.5454545455e-01 1.3030303030e+00 7.3374364313e+00
4.5454545455e-01 1.3636363636e+00 7.4733494313e+00
4.5454545455e-01 1.4242424242e+00 7.6294009793e+00
4.5454545455e-01 1.4848484848e+00 7.8106210232e+00
4.5454545455e-01 1.5454545455e+00 8.0242147090e+00
4.5454545455e-01 1.6060606061e+00 8.2810069432e+00
4.5454545455e-01 1.6666666667e+00 8.5983220325e+00
4.5454545455e-01 1.7272727273e+00 9.0064356788e+00
4.5454545455e-01 1.7878787879e+00 9.5657041349e+00
4.5454545455e-01 1.8484848485e+00 1.0426505080e+01
4.5454545455e-01 1.9090909091e+00 1.2205668123e+01
4.5454545455e-01 1.9696969697e+00 1.3168023692e+01
4.5454545455e-01 2.0303030303e+00 1.0413595826e+01
4.5454545455e-01 2.0909090909e+00 9.2294255341e+00
4.5454545455e-01 2.1515151515e+00 8.4543663127e+00
4.5454545455e-01 2.2121212121e+00 7.8746179641e+00
4.5454545455e-01 2.2727272727e+00 7.4105996153e+00
4.5454545455e-01 2.3333333333e+00 7.0236474416e+00
4.5454545455e-01 2.3939393939e+00 6.6919447834e+00
4.5454545455e-01 2.4545454545e+00 6.4019218770e+00
4.5454545455e-01 2.5151515152e+00 6.1445367332e+00
4.5454545455e-01 2.5757575758e+00 5.9134466238e+00
4.5454545455e-01 2.6363636364e+00 5.7040213516e+00
4.5454545455e-01 2.6969696970e+00 5.5127715754e+00
4.5454545455e-01 2.7575757576e+00 5.3369984781e+00
4.5454545455e-01 2.8181818182e+00 5.1745690671e+00
4.5454545455e-01 2.8787878788e+00 5.0237665039e+00
4.5454545455e-01 2.9393939394e+00 4.8831871849e+00
4.5454545455e-01 3.0000000000e+00 4.7516680153e+00

5.1515151515e-01 -3.0000000000e+00 4.7312277510e+00
5.1515151515e-01 -2.9393939394e+00 4.8609350465e+00
5.1515151515e-01 -2.8787878788e+00 4.9994512541e+00
5.1515151515e-01 -2.8181818182e+00 5.1478879796e+00
5.1515151515e-01 -2.7575757576e+00 5.3075824459e+00
5.1515151515e-01 -2.6969696970e+00 5.4801643816e+00
5.1515151515e-01 -2.6363636364e+00 5.6676500969e+00
5.1515151515e-01 -2.5757575758e+00 5.8725783188e+00
5.1515151515e-01 -2.5151515152e+00 6.0982124141e+00
5.1515151515e-01 -2.4545454545e+00 6.3488525289e+00
5.1515151515e-01 -2.3939393939e+00 6.6303387690e+00
5.1515151515e-01 -2.3333333333e+00 6.9509066353e+00
5.1515151515e-01 -2.2727272727e+00 7.3227417559e+00
5.1515151515e-01 -2.2121212121e+00 7.7650614382e+00
5.1515151515e-01 -2.1515151515e+00 8.3109857179e+00
5.1515151515e-01 -2.0909090909e+00 9.0257187695e+00
5.1515151515e-01 -2.0303030303e+00 1.0070174909e+01
5.1515151515e-01 -1.9696969697e+00 1.2105800067e+01
5.1515151515e-01 -1.9090909091e+00 1.3185840787e+01
5.1515151515e-01 -1.8484848485e+00 1.0747765695e+01
5.1515151515e-01 -1.7878787879e+00 9.7577222617e+00
5.1515151515e-01 -1.7272727273e+00 9.1435643110e+00
5.1515151515e-01 -1.6666666667e+00 8.7052308430e+00
5.1515151515e-01 -1.6060606061e+00 8.3688626288e+00
5.1515151515e-01 -1.5454545455e+00 8.0990061542e+00
5.1515151515e-01 -1.4848484848e+00 7.8759281733e+00
5.1515151515e-01 -1.4242424242e+00 7.6875324410e+00
5.1515151515e-01 -1.3636363636e+00 7.5258801229e+00
5.1515151515e-01 -1.3030303030e+00 7.3854885703e+00
5.1515151515e-01 -1.2424242424e+00 7.2624189850e+00
5.1515151515e-01 -1.1818181818e+00 7.1537513855e+00
5.1515151515e-01 -1.1212121212e+00 7.0572651361e+00
5.1515151515e-01 -1.0606060606e+00 6.9712355641e+00
5.1515151515e-01 -1.0000000000e+00 6.8942995414e+00
5.1515151515e-01 -9.3939393939e-01 6.8253638057e+00
5.1515151515e-01 -8.7878787879e-01 6.7635407319e+00
5.1515151515e-01 -8.1818181818e-01 6.7081022878e+00
5.1515151515e-01 -7.5757575758e-01 6.6584463622e+00
5.1515151515e-01 -6.9696969697e-01 6.6140717126e+00
5.1515151515e-01 -6.3636363636e-01 6.5745590487e+00
5.1515151515e-01 -5.7575757576e-01 6.5395565648e+00
5.1515151515e-01 -5.1515151515e-01 6.5087687593e+00
5.1515151515e-01 -4.5454545455e-01 6.4819477206e+00
5.1515151515e-01 -3.9393939394e-01 6.4588862955e+00
5.1515151515e-01 -3.3333333333e-01 6.4394127175e+00
5.1515151515e-01 -2.7272727273e-01 6.4233863849e+00
5.1515151515e-01 -2.1212121212e-01 6.4106945635e+00
5.1515151515e-01 -1.5151515152e-01 6.4012498446e+00
5.1515151515e-01 -9.0909090909e-02 6.3949882382e+00
5.1515151515e-01 -3.0303030303e-02 6.3918678110e+00
5.1515151515e-01 3.0303030303e-02 6.3918678110e+00
5.1515151515e-01 9.0909090909e-02 6.3949882382e+00
5.1515151515e-01 1.5151515152e-01 6.4012498446e+00
5.1515151515e-01 2.1212121212e-01 6.4106945635e+00
5.1515151515e-01 2.7272727273e-01 6.4233863849e+00
5.1515151515e-01 3.3333333333e-01 6.4394127175e+00
5.1515151515e-01 3.9393939394e-01 6.4588862955e+00
5.1515151515e-01 4.5454545455e-01 6.4819477206e+00
5.1515151515e-01 5.1515151515e-01 6.5087687593e+00
5.1515151515e-01 5.7575757576e-01 6.5395565648e+00
5.1515151515e-01 6.3636363636e-01 6.5745590487e+00
5.1515151515e-01 6.9696969697e-01 6.6140717126e+00
5.1515151515e-01 7.5757575758e-01 6.6584463622e+00
5.1515151515e-01 8.1818181818e-01 6.7081022878e+00
5.1515151515e-01 8.7878787879e-01 6.7635407319e+00
5.1515151515e-01 9.3939393939e-01 6.8253638057e+00
5.1515151515e-01 1.0000000000e+00 6.8942995414e+00
5.1515151515e-01 1.0606060606e+00 6.9712355641e+00
5.1515151515e-01 1.1212121212e+00 7.0572651361e+00
5.1515151515e-01 1.1818181818e+00 7.1537513855e+00
5.1515151515e-01 1.2424242424e+00 7.2624189850e+00
5.1515151515e-01 1.3030303030e+00 7.3854885703e+00
5.1515151515e-01 1.3636363636e+00 7.5258801229e+00
5.1515151515e-01 1.4242424242e+00 7.6875324410e+00
5.1515151515e-01 1.4848484848e+00 7.8759281733e+00
5.1515151515e-01 1.5454545455e+00 8.0990061542e+00
5.1515151515e-01 1.6060606061e+00 8.3688626288e+00
5.1515151515e-01 1.6666666667e+00 8.7052308430e+00
5.1515151515e-01 1.7272727273e+00 9.1435643110e+00
5.1515151515e-01 1.7878787879e+00 9.7577222617e+00
5.1515151515e-01 1.8484848485e+00 1.0747765695e+01
5.1515151515e-01 1.9090909091e+00 1.3185840787e+01
5.1515151515e-01 1.9696969697e+00 1.2105800067e+01
5.1515151515e-01 2.0303030303e+00 1.0070174909e+01
5.1515151515e-01 2.0909090909e+00 9.0257187695e+00
5.1515151515e-01 2.1515151515e+00 8.3109857179e+00
5.1515151515e-01 2.2121212121e+00 7.7650614382e+00
5.1515151515e-01 2.2727272727e+00 7.3227417559e+00
5.1515151515e-01 2.3333333333e+00 6.9509066353e+00
5.1515151515e-01 2.3939393939e+00 6.6303387690e+00
5.1515151515e-01 2.4545454545e+00 6.3488525289e+00
5.1515151515e-01 2.5151515152e+00 6.0982124141e+00
5.1515151515e-01 2.5757575758e+00 5.8725783188e+00
5.1515151515e-01 2.6363636364e+00 5.6676500969e+00
5.1515151515e-01 2.6969696970e+00 5.4801643816e+00
5.1515151515e-01 2.7575757576e+00 5.3075824459e+00
5.1515151515e-01 2.8181818182e+00 5.1478879796e+00
5.1515151515e-01 2.8787878788e+00 4.9994512541e+00
5.1515151515e-01 2.9393939394e+00 4.8609350465e+00
5.1515151515e-01 3.0000000000e+00 4.7312277510e+00

5.7575757576e-01 -3.0000000000e+00 4.7085568835e+00
5.7575757576e-01 -2.9393939394e+00 4.8362768611e+00
5.7575757576e-01 -2.8787878788e+00 4.9725341608e+00
5.7575757576e-01 -2.8181818182e+00 5.1183856846e+00
5.7575757576e-01 -2.7575757576e+00 5.2750984361e+00
5.7575757576e-01 -2.6969696970e+00 5.4442104532e+00
5.7575757576e-01 -2.6363636364e+00 5.6276159344e+00
5.7575757576e-01 -2.5757575758e+00 5.8276871976e+00
5.7575757576e-01 -2.5151515152e+00 6.0474545952e+00
5.7575757576e-01 -2.4545454545e+00 6.2908812286e+00
5.7575757576e-01 -2.3939393939e+00 6.5633000290e+00
5.7575757576e-01 -2.3333333333e+00 6.8721448893e+00
5.7575757576e-01 -2.2727272727e+00 7.2282524455e+00
5.7575757576e-01 -2.2121212121e+00 7.6483734099e+00
5.7575757576e-01 -2.1515151515e+00 8.1605663274e+00
5.7575757576e-01 -2.0909090909e+00 8.8176918675e+00
5.7575757576e-01 -2.0303030303e+00 9.7402966329e+00
5.7575757576e-01 -1.9696969697e+00 1.1332152440e+01
5.7575757576e-01 -1.9090909091e+00 1.5839998695e+01
5.7575757576e-01 -1.8484848485e+00 1.1192561352e+01
5.7575757576e-01 -1.7878787879e+00 1.0001966831e+01
5.7575757576e-01 -1.7272727273e+00 9.3121090373e+00
5.7575757576e-01 -1.6666666667e+00 8.8342089011e+00
5.7575757576e-01 -1.6060606061e+00 8.4736222507e+00
5.7575757576e-01 -1.5454545455e+00 8.1874752931e+00
5.7575757576e-01 -1.4848484848e+00 7.9527287560e+00
5.7575757576e-01 -1.4242424242e+00 7.7555920264e+00
5.7575757576e-01 -1.3636363636e+00 7.5871690429e+00
5.7575757576e-01 -1.3030303030e+00 7.4413960134e+00
5.7575757576e-01 -1.2424242424e+00 7.3139611993e+00
5.7575757576e-01 -1.1818181818e+00 7.2016945077e+00
5.7575757576e-01 -1.1212121212e+00 7.1022014463e+00
5.7575757576e-01 -1.0606060606e+00 7.0136328522e+00
5.7575757576e-01 -1.0000000000e+00 6.9345342097e+00
5.7575757576e-01 -9.3939393939e-01 6.8637437391e+00
5.7575757576e-01 -8.7878787879e-01 6.8003215139e+00
5.7575757576e-01 -8.1818181818e-01 6.7434989620e+00
5.7575757576e-01 -7.5757575758e-01 6.6926421365e+00
5.7575757576e-01 -6.9696969697e-01 6.6472245206e+00
5.7575757576e-01 -6.3636363636e-01 6.6068065779e+00
5.7575757576e-01 -5.7575757576e-01 6.5710201720e+00
5.7575757576e-01 -5.1515151515e-01 6.5395565648e+00
5.7575757576e-01 -4.5454545455e-01 6.5121570903e+00
5.7575757576e-01 -3.9393939394e-01 6.4886058621e+00
5.7575757576e-01 -3.3333333333e-01 6.4687240510e+00
5.7575757576e-01 -2.7272727273e-01 6.4523653988e+00
5.7575757576e-01 -2.1212121212e-01 6.4394127175e+00
5.7575757576e-01 -1.5151515152e-01 6.4297751968e+00
5.7575757576e-01 -9.0909090909e-02 6.4233863849e+00
5.7575757576e-01 -3.0303030303e-02 6.4202027490e+00
5.7575757576e-01 3.0303030303e-02 6.4202027490e+00
5.7575757576e-01 9.0909090909e-02 6.4233863849e+00
5.7575757576e-01 1.5151515152e-01 6.4297751968e+00
5.7575757576e-01 2.1212121212e-01 6.4394127175e+00
5.7575757576e-01 2.7272727273e-01 6.4523653988e+00
5.7575757576e-01 3.3333333333e-01 6.4687240510e+00
5.7575757576e-01 3.9393939394e-01 6.4886058621e+00
5.7575757576e-01 4.5454545455e-01 6.5121570903e+00
5.7575757576e-01 5.1515151515e-01 6.5395565648e+00
5.7575757576e-01 5.7575757576e-01 6.5710201720e+00
5.7575757576e-01 6.3636363636e-01 6.6068065779e+00
5.7575757576e-01 6.9696969697e-01 6.6472245206e+00
5.7575757576e-01 7.5757575758e-01 6.6926421365e+00
5.7575757576e-01 8.1818181818e-01 6.7434989620e+00
5.7575757576e-01 8.7878787879e-01 6.8003215139e+00
5.7575757576e-01 9.3939393939e-01 6.8637437391e+00
5.7575757576e-01 1.0000000000e+00 6.9345342097e+00
5.7575757576e-01 1.0606060606e+00 7.0136328522e+00
5.7575757576e-01 1.1212121212e+00 7.1022014463e+00
5.7575757576e-01 1.1818181818e+00 7.2016945077e+00
5.7575757576e-01 1.2424242424e+00 7.3139611993e+00
5.7575757576e-01 1.3030303030e+00 7.4413960134e+00
5.7575757576e-01 1.3636363636e+00 7.5871690429e+00
5.7575757576e-01 1.4242424242e+00 7.7555920264e+00
5.7575757576e-01 1.4848484848e+00 7.9527287560e+00
5.7575757576e-01 1.5454545455e+00 8.1874752931e+00
5.7575757576e-01 1.6060606061e+00 8.4736222507e+00
5.7575757576e-01 1.6666666667e+00 8.8342089011e+00
5.7575757576e-01 1.7272727273e+00 9.3121090373e+00
5.7575757576e-01 1.7878787879e+00 1.0001966831e+01
5.7575757576e-01 1.8484848485e+00 1.1192561352e+01
5.7575757576e-01 1.9090909091e+00 1.5839998695e+01
5.7575757576e-01 1.9696969697e+00 1.1332152440e+01
5.7575757576e-01 2.0303030303e+00 9.7402966329e+00
5.7575757576e-01 2.0909090909e+00 8.8176918675e+00
5.7575757576e-01 2.1515151515e+00 8.1605663274e+00
5.7575757576e-01 2.2121212121e+00 7.6483734099e+00
5.7575757576e-01 2.2727272727e+00 7.2282524455e+00
5.7575757576e-01 2.3333333333e+00 6.8721448893e+00
5.7575757576e-01 2.3939393939e+00 6.5633000290e+00
5.7575757576e-01 2.4545454545e+00 6.2908812286e+00
5.7575757576e-01 2.5151515152e+00 6.0474545952e+00
5.7575757576e-01 2.5757575758e+00 5.8276871976e+00
5.7575757576e-01 2.6363636364e+00 5.6276159344e+00
5.7575757576e-01 2.6969696970e+00 5.4442104532e+00
5.7575757576e-01 2.7575757576e+00 5.2750984361e+00
5.7575757576e-01 2.8181818182e+00 5.1183856846e+00
5.7575757576e-01 2.8787878788e+00 4.9725341608e+00
5.7575757576e-01 2.9393939394e+00 4.8362768611e+00
5.7575757576e-01 3.0000000000e+00 4.7085568835e+00

6.3636363636e-01 -3.0000000000e+00 4.6837596499e+00
6.3636363636e-01 -2.9393939394e+00 4.8093324815e+00
6.3636363636e-01 -2.8787878788e+00 4.9431538690e+00
6.3636363636e-01 -2.8181818182e+00 5.0862236539e+00
6.3636363636e-01 -2.7575757576e+00 5.2397359384e+00
6.3636363636e-01 -2.6969696970e+00 5.4051340809e+00
6.3636363636e-01 -2.6363636364e+00 5.5841869709e+00
6.3636363636e-01 -2.5757575758e+00 5.7790973992e+00
6.3636363636e-01 -2.5151515152e+00 5.9926603762e+00
6.3636363636e-01 -2.4545454545e+00 6.2285021000e+00
6.3636363636e-01 -2.3939393939e+00 6.4914549300e+00
6.3636363636e-01 -2.3333333333e+00 6.7881740571e+00
6.3636363636e-01 -2.2727272727e+00 7.1282122495e+00
6.3636363636e-01 -2.2121212121e+00 7.5260363308e+00
6.3636363636e-01 -2.1515151515e+00 8.0051972311e+00
6.3636363636e-01 -2.0909090909e+00 8.6082032823e+00
6.3636363636e-01 -2.0303030303e+00 9.4251971831e+00
6.3636363636e-01 -1.9696969697e+00 1.0713316864e+01
6.3636363636e-01 -1.9090909091e+00 1.4293667161e+01
6.3636363636e-01 -1.8484848485e+00 1.1856612203e+01
6.3636363636e-01 -1.7878787879e+00 1.0319295003e+01
6.3636363636e-01 -1.7272727273e+00 9.5208023563e+00
6.3636363636e-01 -1.6666666667e+00 8.9900404018e+00
6.3636363636e-01 -1.6060606061e+00 8.5983220325e+00
6.3636363636e-01 -1.5454545455e+00 8.2917361089e+00
6.3636363636e-01 -1.4848484848e+00 8.0425915453e+00
6.3636363636e-01 -1.4242424242e+00 7.8347994497e+00
6.3636363636e-01 -1.3636363636e+00 7.6581988822e+00
6.3636363636e-01 -1.3030303030e+00 7.5059730808e+00
6.3636363636e-01 -1.2424242424e+00 7.3733344571e+00
6.3636363636e-01 -1.1818181818e+00 7.2567976948e+00
6.3636363636e-01 -1.1212121212e+00 7.1537513855e+00
6.3636363636e-01 -1.0606060606e+00 7.0621923463e+00
6.3636363636e-01 -1.0000000000e+00 6.9805537991e+00
6.3636363636e-01 -9.3939393939e-01 6.9075903079e+00
6.3636363636e-01 -8.7878787879e-01 6.8422984242e+00
6.3636363636e-01 -8.1818181818e-01 6.7838605634e+00
6.3636363636e-01 -7.5757575758e-01 6.7316044436e+00
6.3636363636e-01 -6.9696969697e-01 6.6849732202e+00
6.3636363636e-01 -6.3636363636e-01 6.6435031379e+00
6.3636363636e-01 -5.7575757576e-01 6.6068065779e+00
6.3636363636e-01 -5.1515151515e-01 6.5745590487e+00
6.3636363636e-01 -4.5454545455e-01 6.5464891118e+00
6.3636363636e-01 -3.9393939394e-01 6.5223705271e+00
6.3636363636e-01 -3.3333333333e-01 6.5020161065e+00
6.3636363636e-01 -2.7272727273e-01 6.4852729046e+00
6.3636363636e-01 -2.1212121212e-01 6.4720184748e+00
6.3636363636e-01 -1.5151515152e-01 6.4621579938e+00
6.3636363636e-01 -9.0909090909e-02 6.4556221078e+00
6.3636363636e-01 -3.0303030303e-02 6.4523653988e+00
6.3636363636e-01 3.0303030303e-02 6.4523653988e+00
6.3636363636e-01 9.0909090909e-02 6.4556221078e+00
6.3636363636e-01 1.5151515152e-01 6.4621579938e+00
6.3636363636e-01 2.1212121212e-01 6.4720184748e+00
6.3636363636e-01 2.7272727273e-01 6.4852729046e+00
6.3636363636e-01 3.3333333333e-01 6.5020161065e+00
6.3636363636e-01 3.9393939394e-01 6.5223705271e+00
6.3636363636e-01 4.5454545455e-01 6.5464891118e+00
6.3636363636e-01 5.1515151515e-01 6.5745590487e+00
6.3636363636e-01 5.7575757576e-01 6.6068065779e+00
6.3636363636e-01 6.3636363636e-01 6.6435031379e+00
6.3636363636e-01 6.9696969697e-01 6.6849732202e+00
6.3636363636e-01 7.5757575758e-01 6.7316044436e+00
6.3636363636e-01 8.1818181818e-01 6.7838605634e+00
6.3636363636e-01 8.7878787879e-01 6.8422984242e+00
6.3636363636e-01 9.3939393939e-01 6.9075903079e+00
6.3636363636e-01 1.0000000000e+00 6.9805537991e+00
6.3636363636e-01 1.0606060606e+00 7.0621923463e+00
6.3636363636e-01 1.1212121212e+00 7.1537513855e+00
6.3636363636e-01 1.1818181818e+00 7.2567976948e+00
6.3636363636e-01 1.2424242424e+00 7.3733344571e+00
6.3636363636e-01 1.3030303030e+00 7.5059730808e+00
6.3636363636e-01 1.3636363636e+00 7.6581988822e+00
6.3636363636e-01 1.4242424242e+00 7.8347994497e+00
6.3636363636e-01 1.4848484848e+00 8.0425915453e+00
6.3636363636e-01 1.5454545455e+00 8.2917361089e+00
6.3636363636e-01 1.6060606061e+00 8.5983220325e+00
6.3636363636e-01 1.6666666667e+00 8.9900404018e+00
6.3636363636e-01 1.7272727273e+00 9.5208023563e+00
6.3636363636e-01 1.7878787879e+00 1.0319295003e+01
6.3636363636e-01 1.8484848485e+00 1.1856612203e+01
6.3636363636e-01 1.9090909091e+00 1.4293667161e+01
6.3636363636e-01 1.9696969697e+00 1.0713316864e+01
6.3636363636e-01 2.0303030303e+00 9.4251971831e+00
6.3636363636e-01 2.0909090909e+00 8.6082032823e+00
6.3636363636e-01 2.1515151515e+00 8.0051972311e+00
6.3636363636e-01 2.2121212121e+00 7.5260363308e+00
6.3636363636e-01 2.2727272727e+00 7.1282122495e+00
6.3636363636e-01 2.3333333333e+00 6.7881740571e+00
6.3636363636e-01 2.3939393939e+00 6.4914549300e+00
6.3636363636e-01 2.4545454545e+00 6.2285021000e+00
6.3636363636e-01 2.5151515152e+00 5.9926603762e+00
6.3636363636e-01 2.5757575758e+00 5.7790973992e+00
6.3636363636e-01 2.6363636364e+00 5.5841869709e+00
6.3636363636e-01 2.6969696970e+00 5.4051340809e+00
6.3636363636e-01 2.7575757576e+00 5.2397359384e+00
6.3636363636e-01 2.8181818182e+00 5.0862236539e+00
6.3636363636e-01 2.8787878788e+00 4.9431538690e+00
6.3636363636e-01 2.9393939394e+00 4.8093324815e+00
6.3636363636e-01 3.0000000000e+00 4.6837596499e+00

6.9696969697e-01 -3.0000000000e+00 4.6569466958e+00
6.9696969697e-01 -2.9393939394e+00 4.7802287405e+00
6.9696969697e-01 -2.8787878788e+00 4.9114565923e+00
6.9696969697e-01 -2.8181818182e+00 5.0515715046e+00
6.9696969697e-01 -2.7575757576e+00 5.2016931045e+00
6.9696969697e-01 -2.6969696970e+00 5.3631685818e+00
6.9696969697e-01 -2.6363636364e+00 5.5376403898e+00
6.9696969697e-01 -2.5757575758e+00 5.7271415845e+00
6.9696969697e-01 -2.5151515152e+00 5.9342336836e+00
6.9696969697e-01 -2.4545454545e+00 6.1622122513e+00
6.9696969697e-01 -2.3939393939e+00 6.4154248598e+00
6.9696969697e-01 -2.3333333333e+00 6.6997848725e+00
6.9696969697e-01 -2.2727272727e+00 7.0236474416e+00
6.9696969697e-01 -2.2121212121e+00 7.3994073932e+00
6.9696969697e-01 -2.1515151515e+00 7.8466813125e+00
6.9696969697e-01 -2.0909090909e+00 8.3994490780e+00
6.9696969697e-01 -2.0303030303e+00 9.1251366228e+00
6.9696969697e-01 -1.9696969697e+00 1.0192554842e+01
6.9696969697e-01 -1.9090909091e+00 1.2324878901e+01
6.9696969697e-01 -1.8484848485e+00 1.3032235011e+01
6.9696969697e-01 -1.7878787879e+00 1.0747765695e+01
6.9696969697e-01 -1.7272727273e+00 9.7832609533e+00
6.9696969697e-01 -1.6666666667e+00 9.1796246594e+00
6.9696969697e-01 -1.6060606061e+00 8.7471395731e+00
6.9696969697e-01 -1.5454545455e+00 8.4146073667e+00
6.9696969697e-01 -1.4848484848e+00 8.1475618829e+00
6.9696969697e-01 -1.4242424242e+00 7.9267184054e+00
6.9696969697e-01 -1.3636363636e+00 7.7402131097e+00
6.9696969697e-01 -1.3030303030e+00 7.5802395132e+00
6.9696969697e-01 -1.2424242424e+00 7.4413960134e+00
6.9696969697e-01 -1.1818181818e+00 7.3197964844e+00
6.9696969697e-01 -1.1212121212e+00 7.2125569913e+00
6.9696969697e-01 -1.0606060606e+00 7.1174827614e+00
6.9696969697e-01 -1.0000000000e+00 7.0328685343e+00
6.9696969697e-01 -9.3939393939e-01 6.9573664147e+00
6.9696969697e-01 -8.7878787879e-01 6.8898956310e+00
6.9696969697e-01 -8.1818181818e-01 6.8295792546e+00
6.9696969697e-01 -7.5757575758e-01 6.7756988038e+00
6.9696969697e-01 -6.9696969697e-01 6.7276610326e+00
6.9696969697e-01 -6.3636363636e-01 6.6849732202e+00
6.9696969697e-01 -5.7575757576e-01 6.6472245206e+00
6.9696969697e-01 -5.1515151515e-01 6.6140717126e+00
6.9696969697e-01 -4.5454545455e-01 6.5852282086e+00
6.9696969697e-01 -3.9393939394e-01 6.5604555140e+00
6.9696969697e-01 -3.3333333333e-01 6.5395565648e+00
6.9696969697e-01 -2.7272727273e-01 6.5223705271e+00
6.9696969697e-01 -2.1212121212e-01 6.5087687593e+00
6.9696969697e-01 -1.5151515152e-01 6.4986517147e+00
6.9696969697e-01 -9.0909090909e-02 6.4919466269e+00
6.9696969697e-01 -3.0303030303e-02 6.4886058621e+00
6.9696969697e-01 3.0303030303e-02 6.4886058621e+00
6.9696969697e-01 9.0909090909e-02 6.4919466269e+00
6.9696969697e-01 1.5151515152e-01 6.4986517147e+00
6.9696969697e-01 2.1212121212e-01 6.5087687593e+00
6.9696969697e-01 2.7272727273e-01 6.5223705271e+00
6.9696969697e-01 3.3333333333e-01 6.5395565648e+00
6.9696969697e-01 3.9393939394e-01 6.5604555140e+00
6.9696969697e-01 4.5454545455e-01 6.5852282086e+00
6.9696969697e-01 5.1515151515e-01 6.6140717126e+00
6.9696969697e-01 5.7575757576e-01 6.6472245206e+00
6.9696969697e-01 6.3636363636e-01 6.6849732202e+00
6.9696969697e-01 6.9696969697e-01 6.7276610326e+00
6.9696969697e-01 7.5757575758e-01 6.7756988038e+00
6.9696969697e-01 8.1818181818e-01 6.8295792546e+00
6.9696969697e-01 8.7878787879e-01 6.8898956310e+00
6.9696969697e-01 9.3939393939e-01 6.9573664147e+00
6.9696969697e-01 1.0000000000e+00 7.0328685343e+00
6.9696969697e-01 1.0606060606e+00 7.1174827614e+00
6.9696969697e-01 1.1212121212e+00 7.2125569913e+00
6.9696969697e-01 1.1818181818e+00 7.3197964844e+00
6.9696969697e-01 1.2424242424e+00 7.4413960134e+00
6.9696969697e-01 1.3030303030e+00 7.5802395132e+00
6.9696969697e-01 1.3636363636e+00 7.7402131097e+00
6.9696969697e-01 1.4242424242e+00 7.9267184054e+00
6.9696969697e-01 1.4848484848e+00 8.1475618829e+00
6.9696969697e-01 1.5454545455e+00 8.4146073667e+00
6.9696969697e-01 1.6060606061e+00 8.7471395731e+00
6.9696969697e-01 1.6666666667e+00 9.1796246594e+00
6.9696969697e-01 1.7272727273e+00 9.7832609533e+00
6.9696969697e-01 1.7878787879e+00 1.0747765695e+01
6.9696969697e-01 1.8484848485e+00 1.3032235011e+01
6.9696969697e-01 1.9090909091e+00 1.2324878901e+01
6.9696969697e-01 1.9696969697e+00 1.0192554842e+01
6.9696969697e-01 2.0303030303e+00 9.1251366228e+00
6.9696969697e-01 2.0909090909e+00 8.3994490780e+00
6.9696969697e-01 2.1515151515e+00 7.8466813125e+00
6.9696969697e-01 2.2121212121e+00 7.3994073932e+00
6.9696969697e-01 2.2727272727e+00 7.0236474416e+00
6.9696969697e-01 2.3333333333e+00 6.6997848725e+00
6.9696969697e-01 2.3939393939e+00 6.4154248598e+00
6.9696969697e-01 2.4545454545e+00 6.1622122513e+00
6.9696969697e-01 2.5151515152e+00 5.9342336836e+00
6.9696969697e-01 2.5757575758e+00 5.7271415845e+00
6.9696969697e-01 2.6363636364e+00 5.5376403898e+00
6.9696969697e-01 2.6969696970e+00 5.3631685818e+00
6.9696969697e-01 2.7575757576e+00 5.2016931045e+00
6.9696969697e-01 2.8181818182e+00 5.0515715046e+00
6.9696969697e-01 2.8787878788e+00 4.9114565923e+00
6.9696969697e-01 2.9393939394e+00 4.7802287405e+00
6.9696969697e-01 3.0000000000e+00 4.6569466958e+00

7.5757575758e-01 -3.0000000000e+00 4.6282337937e+00
7.5757575758e-01 -2.9393939394e+00 4.7490979087e+00
7.5757575758e-01 -2.8787878788e+00 4.8775942447e+00
7.5757575758e-01 -2.8181818182e+00 5.0146047219e+00
7.5757575758e-01 -2.7575757576e+00 5.1611739476e+00
7.5757575758e-01 -2.6969696970e+00 5.3185528285e+00
7.5757575758e-01 -2.6363636364e+00 5.4882581126e+00
7.5757575758e-01 -2.5757575758e+00 5.6721554657e+00
7.5757575758e-01 -2.5151515152e+00 5.8725783188e+00
7.5757575758e-01 -2.4545454545e+00 6.0925028917e+00
7.5757575758e-01 -2.3939393939e+00 6.3358148818e+00
7.5757575758e-01 -2.3333333333e+00 6.6077327030e+00
7.5757575758e-01 -2.2727272727e+00 6.9155132210e+00
7.5757575758e-01 -2.2121212121e+00 7.2697032166e+00
7.5757575758e-01 -2.1515151515e+00 7.6865406648e+00
7.5757575758e-01 -2.0909090909e+00 8.1930736587e+00
7.5757575758e-01 -2.0303030303e+00 8.8398253059e+00
7.5757575758e-01 -1.9696969697e+00 9.7402966329e+00
7.5757575758e-01 -1.9090909091e+00 1.1261443837e+01
7.5757575758e-01 -1.8484848485e+00 1.7435181034e+01
7.5757575758e-01 -1.7878787879e+00 1.1368230288e+01
7.5757575758e-01 -1.7272727273e+00 1.0122261686e+01
7.5757575758e-01 -1.6666666667e+00 9.4133384967e+00
7.5757575758e-01 -1.6060606061e+00 8.9259880687e+00
7.5757575758e-01 -1.5454545455e+00 8.5599248895e+00
7.5757575758e-01 -1.4848484848e+00 8.2703473297e+00
7.5757575758e-01 -1.4242424242e+00 8.0333770478e+00
7.5757575758e-01 -1.3636363636e+00 7.8347994497e+00
7.5757575758e-01 -1.3030303030e+00 7.6654813250e+00
7.5757575758e-01 -1.2424242424e+00 7.5192161869e+00
7.5757575758e-01 -1.1818181818e+00 7.3916016817e+00
7.5757575758e-01 -1.1212121212e+00 7.2794078352e+00
7.5757575758e-01 -1.0606060606e+00 7.1801994444e+00
7.5757575758e-01 -1.0000000000e+00 7.0920991683e+00
7.5757575758e-01 -9.3939393939e-01 7.0136328522e+00
7.5757575758e-01 -8.7878787879e-01 6.9436251216e+00
7.5757575758e-01 -8.1818181818e-01 6.8811268910e+00
7.5757575758e-01 -7.5757575758e-01 6.8253638057e+00
7.5757575758e-01 -6.9696969697e-01 6.7756988038e+00
7.5757575758e-01 -6.3636363636e-01 6.7316044436e+00
7.5757575758e-01 -5.7575757576e-01 6.6926421365e+00
7.5757575758e-01 -5.1515151515e-01 6.6584463622e+00
7.5757575758e-01 -4.5454545455e-01 6.6287125465e+00
7.5757575758e-01 -3.9393939394e-01 6.6031876805e+00
7.5757575758e-01 -3.3333333333e-01 6.5816630267e+00
7.5757575758e-01 -2.7272727273e-01 6.5639684441e+00
7.5757575758e-01 -2.1212121212e-01 6.5499679917e+00
7.5757575758e-01 -1.5151515152e-01 6.5395565648e+00
7.5757575758e-01 -9.0909090909e-02 6.5326573844e+00
7.5757575758e-01 -3.0303030303e-02 6.5292202136e+00
7.5757575758e-01 3.0303030303e-02 6.5292202136e+00
7.5757575758e-01 9.0909090909e-02 6.5326573844e+00
7.5757575758e-01 1.5151515152e-01 6.5395565648e+00
7.5757575758e-01 2.1212121212e-01 6.5499679917e+00
7.5757575758e-01 2.7272727273e-01 6.5639684441e+00
7.5757575758e-01 3.3333333333e-01 6.5816630267e+00
7.5757575758e-01 3.9393939394e-01 6.6031876805e+00
7.5757575758e-01 4.5454545455e-01 6.6287125465e+00
7.5757575758e-01 5.1515151515e-01 6.6584463622e+00
7.5757575758e-01 5.7575757576e-01 6.6926421365e+00
7.5757575758e-01 6.3636363636e-01 6.7316044436e+00
7.5757575758e-01 6.9696969697e-01 6.7756988038e+00
7.5757575758e-01 7.5757575758e-01 6.8253638057e+00
7.5757575758e-01 8.1818181818e-01 6.8811268910e+00
7.5757575758e-01 8.7878787879e-01 6.9436251216e+00
7.5757575758e-01 9.3939393939e-01 7.0136328522e+00
7.5757575758e-01 1.0000000000e+00 7.0920991683e+00
7.5757575758e-01 1.0606060606e+00 7.1801994444e+00
7.5757575758e-01 1.1212121212e+00 7.2794078352e+00
7.5757575758e-01 1.1818181818e+00 7.3916016817e+00
7.5757575758e-01 1.2424242424e+00 7.5192161869e+00
7.5757575758e-01 1.3030303030e+00 7.6654813250e+00
7.5757575758e-01 1.3636363636e+00 7.8347994497e+00
7.5757575758e-01 1.4242424242e+00 8.0333770478e+00
7.5757575758e-01 1.4848484848e+00 8.2703473297e+00
7.5757575758e-01 1.5454545455e+00 8.5599248895e+00
7.5757575758e-01 1.6060606061e+00 8.9259880687e+00
7.5757575758e-01 1.6666666667e+00 9.4133384967e+00
7.5757575758e-01 1.7272727273e+00 1.0122261686e+01
7.5757575758e-01 1.7878787879e+00 1.1368230288e+01
7.5757575758e-01 1.8484848485e+00 1.7435181034e+01
7.5757575758e-01 1.9090909091e+00 1.1261443837e+01
7.5757575758e-01 1.9696969697e+00 9.7402966329e+00
7.5757575758e-01 2.0303030303e+00 8.8398253059e+00
7.5757575758e-01 2.0909090909e+00 8.1930736587e+00
7.5757575758e-01 2.1515151515e+00 7.6865406648e+00
7.5757575758e-01 2.2121212121e+00 7.2697032166e+00
7.5757575758e-01 2.2727272727e+00 6.9155132210e+00
7.5757575758e-01 2.3333333333e+00 6.6077327030e+00
7.5757575758e-01 2.3939393939e+00 6.3358148818e+00
7.5757575758e-01 2.4545454545e+00 6.0925028917e+00
7.5757575758e-01 2.5151515152e+00 5.8725783188e+00
7.5757575758e-01 2.5757575758e+00 5.6721554657e+00
7.5757575758e-01 2.6363636364e+00 5.4882581126e+00
7.5757575758e-01 2.6969696970e+00 5.3185528285e+00
7.5757575758e-01 2.7575757576e+00 5.1611739476e+00
7.5757575758e-01 2.8181818182e+00 5.0146047219e+00
7.5757575758e-01 2.8787878788e+00 4.8775942447e+00
7.5757575758e-01 2.9393939394e+00 4.7490979087e+00
7.5757575758e-01 3.0000000000e+00 4.6282337937e+00

8.1818181818e-01 -3.0000000000e+00 4.5977405748e+00
8.1818181818e-01 -2.9393939394e+00 4.7160761823e+00
8.1818181818e-01 -2.8787878788e+00 4.8417226265e+00
8.1818181818e-01 -2.8181818182e+00 4.9755024689e+00
8.1818181818e-01 -2.7575757576e+00 5.1183856846e+00
8.1818181818e-01 -2.6969696970e+00 5.2715280029e+00
8.1818181818e-01 -2.6363636364e+00 5.4363228123e+00
8.1818181818e-01 -2.5757575758e+00 5.6144728895e+00
8.1818181818e-01 -2.5151515152e+00 5.8080918839e+00
8.1818181818e-01 -2.4545454545e+00 6.0198518549e+00
8.1818181818e-01 -2.3939393939e+00 6.2532046854e+00
8.1818181818e-01 -2.3333333333e+00 6.5127271054e+00
8.1818181818e-01 -2.2727272727e+00 6.8046832934e+00
8.1818181818e-01 -2.2121212121e+00 7.1379949515e+00
8.1818181818e-01 -2.1515151515e+00 7.5260363308e+00
8.1818181818e-01 -2.0909090909e+00 7.9902774763e+00
8.1818181818e-01 -2.0303030303e+00 8.5686818060e+00
8.1818181818e-01 -1.9696969697e+00 9.3390840499e+00
8.1818181818e-01 -1.9090909091e+00 1.0508876998e+01
8.1818181818e-01 -1.8484848485e+00 1.3168038228e+01
8.1818181818e-01 -1.7878787879e+00 1.2407677057e+01
8.1818181818e-01 -1.7272727273e+00 1.0580071453e+01
8.1818181818e-01 -1.6666666667e+00 9.7077242022e+00
8.1818181818e-01 -1.6060606061e+00 9.1435643110e+00
8.1818181818e-01 -1.5454545455e+00 8.7330540311e+00
8.1818181818e-01 -1.4848484848e+00 8.4146073667e+00
8.1818181818e-01 -1.4242424242e+00 8.1574491169e+00
8.1818181818e-01 -1.3636363636e+00 7.9440118284e+00
8.1818181818e-01 -1.3030303030e+00 7.7633377032e+00
8.1818181818e-01 -1.2424242424e+00 7.6081431293e+00
8.1818181818e-01 -1.1818181818e+00 7.4733494313e+00
8.1818181818e-01 -1.1212121212e+00 7.3552809225e+00
8.1818181818e-01 -1.0606060606e+00 7.2511969958e+00
8.1818181818e-01 -1.0000000000e+00 7.1590042453e+00
8.1818181818e-01 -9.3939393939e-01 7.0770715299e+00
8.1818181818e-01 -8.7878787879e-01 7.0041068284e+00
8.1818181818e-01 -8.1818181818e-01 6.9390727239e+00
8.1818181818e-01 -7.5757575758e-01 6.8811268910e+00
8.1818181818e-01 -6.9696969697e-01 6.8295792546e+00
8.1818181818e-01 -6.3636363636e-01 6.7838605634e+00
8.1818181818e-01 -5.7575757576e-01 6.7434989620e+00
8.1818181818e-01 -5.1515151515e-01 6.7081022878e+00
8.1818181818e-01 -4.5454545455e-01 6.6773445457e+00
8.1818181818e-01 -3.9393939394e-01 6.6509554881e+00
8.1818181818e-01 -3.3333333333e-01 6.6287125465e+00
8.1818181818e-01 -2.7272727273e-01 6.6104345743e+00
8.1818181818e-01 -2.1212121212e-01 6.5959770141e+00
8.1818181818e-01 -1.5151515152e-01 6.5852282086e+00
8.1818181818e-01 -9.0909090909e-02 6.5781066535e+00
8.1818181818e-01 -3.0303030303e-02 6.5745590487e+00
8.1818181818e-01 3.0303030303e-02 6.5745590487e+00
8.1818181818e-01 9.0909090909e-02 6.5781066535e+00
8.1818181818e-01 1.5151515152e-01 6.5852282086e+00
8.1818181818e-01 2.1212121212e-01 6.5959770141e+00
8.1818181818e-01 2.7272727273e-01 6.6104345743e+00
8.1818181818e-01 3.3333333333e-01 6.6287125465e+00
8.1818181818e-01 3.9393939394e-01 6.6509554881e+00
8.1818181818e-01 4.5454545455e-01 6.6773445457e+00
8.1818181818e-01 5.1515151515e-01 6.7081022878e+00
8.1818181818e-01 5.7575757576e-01 6.7434989620e+00
8.1818181818e-01 6.3636363636e-01 6.7838605634e+00
8.1818181818e-01 6.9696969697e-01 6.8295792546e+00
8.1818181818e-01 7.5757575758e-01 6.8811268910e+00
8.1818181818e-01 8.1818181818e-01 6.9390727239e+00
8.1818181818e-01 8.7878787879e-01 7.0041068284e+00
8.1818181818e-01 9.3939393939e-01 7.0770715299e+00
8.1818181818e-01 1.0000000000e+00 7.1590042453e+00
8.1818181818e-01 1.0606060606e+00 7.2511969958e+00
8.1818181818e-01 1.1212121212e+00 7.3552809225e+00
8.1818181818e-01 1.1818181818e+00 7.4733494313e+00
8.1818181818e-01 1.2424242424e+00 7.6081431293e+00
8.1818181818e-01 1.3030303030e+00 7.7633377032e+00
8.1818181818e-01 1.3636363636e+00 7.9440118284e+00
8.1818181818e-01 1.4242424242e+00 8.1574491169e+00
8.1818181818e-01 1.4848484848e+00 8.4146073667e+00
8.1818181818e-01 1.5454545455e+00 8.7330540311e+00
8.1818181818e-01 1.6060606061e+00 9.1435643110e+00
8.1818181818e-01 1.6666666667e+00 9.7077242022e+00
8.1818181818e-01 1.7272727273e+00 1.0580071453e+01
8.1818181818e-01 1.7878787879e+00 1.2407677057e+01
8.1818181818e-01 1.8484848485e+00 1.3168038228e+01
8.1818181818e-01 1.9090909091e+00 1.0508876998e+01
8.1818181818e-01 1.9696969697e+00 9.3390840499e+00
8.1818181818e-01 2.0303030303e+00 8.5686818060e+00
8.1818181818e-01 2.0909090909e+00 7.9902774763e+00
8.1818181818e-01 2.1515151515e+00 7.5260363308e+00
8.1818181818e-01 2.2121212121e+00 7.1379949515e+00
8.1818181818e-01 2.2727272727e+00 6.8046832934e+00
8.1818181818e-01 2.3333333333e+00 6.5127271054e+00
8.1818181818e-01 2.3939393939e+00 6.2532046854e+00
8.1818181818e-01 2.4545454545e+00 6.0198518549e+00
8.1818181818e-01 2.5151515152e+00 5.8080918839e+00
8.1818181818e-01 2.5757575758e+00 5.6144728895e+00
8.1818181818e-01 2.6363636364e+00 5.4363228123e+00
8.1818181818e-01 2.6969696970e+00 5.2715280029e+00
8.1818181818e-01 2.7575757576e+00 5.1183856846e+00
8.1818181818e-01 2.8181818182e+00 4.9755024689e+00
8.1818181818e-01 2.8787878788e+00 4.8417226265e+00
8.1818181818e-01 2.9393939394e+00 4.7160761823e+00
8.1818181818e-01 3.0000000000e+00 4.5977405748e+00

8.7878787879e-01 -3.0000000000e+00 4.5655893009e+00
8.7878787879e-01 -2.9393939394e+00 4.6813022293e+00
8.7878787879e-01 -2.8787878788e+00 4.8039996977e+00
8.7878787879e-01 -2.8181818182e+00 4.9344455278e+00
8.7878787879e-01 -2.7575757576e+00 5.0735362705e+00
8.7878787879e-01 -2.6969696970e+00 5.2223346346e+00
8.7878787879e-01 -2.6363636364e+00 5.3821143500e+00
8.7878787879e-01 -2.5757575758e+00 5.5544215533e+00
8.7878787879e-01 -2.5151515152e+00 5.7411606609e+00
8.7878787879e-01 -2.4545454545e+00 5.9447175788e+00
8.7878787879e-01 -2.3939393939e+00 6.1681417784e+00
8.7878787879e-01 -2.3333333333e+00 6.4154248598e+00
8.7878787879e-01 -2.2727272727e+00 6.6919447834e+00
8.7878787879e-01 -2.2121212121e+00 7.0052110054e+00
8.7878787879e-01 -2.1515151515e+00 7.3661956300e+00
8.7878787879e-01 -2.0909090909e+00 7.7919122439e+00
8.7878787879e-01 -2.0303030303e+00 8.3109857179e+00
8.7878787879e-01 -1.9696969697e+00 8.9776993345e+00
8.7878787879e-01 -1.9090909091e+00 9.9172277687e+00
8.7878787879e-01 -1.8484848485e+00 1.1559751646e+01
8.7878787879e-01 -1.7878787879e+00 1.5276659910e+01
8.7878787879e-01 -1.7272727273e+00 1.1249293792e+01
8.7878787879e-01 -1.6666666667e+00 1.0091422711e+01
8.7878787879e-01 -1.6060606061e+00 9.4133384967e+00
8.7878787879e-01 -1.5454545455e+00 8.9417772951e+00
8.7878787879e-01 -1.4848484848e+00 8.5854248626e+00
8.7878787879e-01 -1.4242424242e+00 8.3025356935e+00
8.7878787879e-01 -1.3636363636e+00 8.0705536855e+00
8.7878787879e-01 -1.3030303030e+00 7.8759281733e+00
8.7878787879e-01 -1.2424242424e+00 7.7098955849e+00
8.7878787879e-01 -1.1818181818e+00 7.5664716691e+00
8.7878787879e-01 -1.1212121212e+00 7.4413960134e+00
8.7878787879e-01 -1.0606060606e+00 7.3315339399e+00
8.7878787879e-01 -1.0000000000e+00 7.2345170436e+00
8.7878787879e-01 -9.3939393939e-01 7.1485166637e+00
8.7878787879e-01 -8.7878787879e-01 7.0720954430e+00
8.7878787879e-01 -8.1818181818e-01 7.0041068284e+00
8.7878787879e-01 -7.5757575758e-01 6.9436251216e+00
8.7878787879e-01 -6.9696969697e-01 6.8898956310e+00
8.7878787879e-01 -6.3636363636e-01 6.8422984242e+00
8.7878787879e-01 -5.7575757576e-01 6.8003215139e+00
8.7878787879e-01 -5.1515151515e-01 6.7635407319e+00
8.7878787879e-01 -4.5454545455e-01 6.7316044436e+00
8.7878787879e-01 -3.9393939394e-01 6.7042218340e+00
8.7878787879e-01 -3.3333333333e-01 6.6811538773e+00
8.7878787879e-01 -2.7272727273e-01 6.6622063618e+00
8.7878787879e-01 -2.1212121212e-01 6.6472245206e+00
8.7878787879e-01 -1.5151515152e-01 6.6360889447e+00
8.7878787879e-01 -9.0909090909e-02 6.6287125465e+00
8.7878787879e-01 -3.0303030303e-02 6.6250384088e+00
8.7878787879e-01 3.0303030303e-02 6.6250384088e+00
8.7878787879e-01 9.0909090909e-02 6.6287125465e+00
8.7878787879e-01 1.5151515152e-01 6.6360889447e+00
8.7878787879e-01 2.1212121212e-01 6.6472245206e+00
8.7878787879e-01 2.7272727273e-01 6.6622063618e+00
8.7878787879e-01 3.3333333333e-01 6.6811538773e+00
8.7878787879e-01 3.9393939394e-01 6.7042218340e+00
8.7878787879e-01 4.5454545455e-01 6.7316044436e+00
8.7878787879e-01 5.1515151515e-01 6.7635407319e+00
8.7878787879e-01 5.7575757576e-01 6.8003215139e+00
8.7878787879e-01 6.3636363636e-01 6.8422984242e+00
8.7878787879e-01 6.9696969697e-01 6.8898956310e+00
8.7878787879e-01 7.5757575758e-01 6.9436251216e+00
8.7878787879e-01 8.1818181818e-01 7.0041068284e+00
8.7878787879e-01 8.7878787879e-01 7.0720954430e+00
8.7878787879e-01 9.3939393939e-01 7.1485166637e+00
8.7878787879e-01 1.0000000000e+00 7.2345170436e+00
8.7878787879e-01 1.0606060606e+00 7.3315339399e+00
8.7878787879e-01 1.1212121212e+00 7.4413960134e+00
8.7878787879e-01 1.1818181818e+00 7.5664716691e+00
8.7878787879e-01 1.2424242424e+00 7.7098955849e+00
8.7878787879e-01 1.3030303030e+00 7.8759281733e+00
8.7878787879e-01 1.3636363636e+00 8.0705536855e+00
8.7878787879e-01 1.4242424242e+00 8.3025356935e+00
8.7878787879e-01 1.4848484848e+00 8.5854248626e+00
8.7878787879e-01 1.5454545455e+00 8.9417772951e+00
8.7878787879e-01 1.6060606061e+00 9.4133384967e+00
8.7878787879e-01 1.6666666667e+00 1.0091422711e+01
8.7878787879e-01 1.7272727273e+00 1.1249293792e+01
8.7878787879e-01 1.7878787879e+00 1.5276659910e+01
8.7878787879e-01 1.8484848485e+00 1.1559751646e+01
8.7878787879e-01 1.9090909091e+00 9.9172277687e+00
8.7878787879e-01 1.9696969697e+00 8.9776993345e+00
8.7878787879e-01 2.0303030303e+00 8.3109857179e+00
8.7878787879e-01 2.0909090909e+00 7.7919122439e+00
8.7878787879e-01 2.1515151515e+00 7.3661956300e+00
8.7878787879e-01 2.2121212121e+00 7.0052110054e+00
8.7878787879e-01 2.2727272727e+00 6.6919447834e+00
8.7878787879e-01 2.3333333333e+00 6.4154248598e+00
8.7878787879e-01 2.3939393939e+00 6.1681417784e+00
8.7878787879e-01 2.4545454545e+00 5.9447175788e+00
8.7878787879e-01 2.5151515152e+00 5.7411606609e+00
8.7878787879e-01 2.5757575758e+00 5.5544215533e+00
8.7878787879e-01 2.6363636364e+00 5.3821143500e+00
8.7878787879e-01 2.6969696970e+00 5.2223346346e+00
8.7878787879e-01 2.7575757576e+00 5.0735362705e+00
8.7878787879e-01 2.8181818182e+00 4.9344455278e+00
8.7878787879e-01 2.8787878788e+00 4.8039996977e+00
8.7878787879e-01 2.9393939394e+00 4.6813022293e+00
8.7878787879e-01 3.0000000000e+00 4.5655893009e+00

9.3939393939e-01 -3.0000000000e+00 4.5319036936e+00
9.3939393939e-01 -2.9393939394e+00 4.6449158197e+00
9.3939393939e-01 -2.8787878788e+00 4.7645839691e+00
9.3939393939e-01 -2.8181818182e+00 4.8916144053e+00
9.3939393939e-01 -2.7575757576e+00 5.0268321646e+00
9.3939393939e-01 -2.6969696970e+00 5.1712099685e+00
9.3939393939e-01 -2.6363636364e+00 5.3259066800e+00
9.3939393939e-01 -2.5757575758e+00 5.4923193933e+00
9.3939393939e-01 -2.5151515152e+00 5.6721554657e+00
9.3939393939e-01 -2.4545454545e+00 5.8675345032e+00
9.3939393939e-01 -2.3939393939e+00 6.0811367529e+00
9.3939393939e-01 -2.3333333333e+00 6.3164260088e+00
9.3939393939e-01 -2.2727272727e+00 6.5779973482e+00
9.3939393939e-01 -2.2121212121e+00 6.8721448893e+00
9.3939393939e-01 -2.1515151515e+00 7.2078422803e+00
9.3939393939e-01 -2.0909090909e+00 7.5985604802e+00
9.3939393939e-01 -2.0303030303e+00 8.0659663433e+00
9.3939393939e-01 -1.9696969697e+00 8.6484768798e+00
9.3939393939e-01 -1.9090909091e+00 9.4251971831e+00
9.3939393939e-01 -1.8484848485e+00 1.0608635387e+01
9.3939393939e-01 -1.7878787879e+00 1.3349172534e+01
9.3939393939e-01 -1.7272727273e+00 1.2407677054e+01
9.3939393939e-01 -1.6666666667e+00 1.0620574748e+01
9.3939393939e-01 -1.6060606061e+00 9.7577222617e+00
9.3939393939e-01 -1.5454545455e+00 9.1979413230e+00
9.3939393939e-01 -1.4848484848e+00 8.7901145831e+00
9.3939393939e-01 -1.4242424242e+00 8.4736222507e+00
9.3939393939e-01 -1.3636363636e+00 8.2180632826e+00
9.3939393939e-01 -1.3030303030e+00 8.0060442909e+00
9.3939393939e-01 -1.2424242424e+00 7.8266992032e+00
9.3939393939e-01 -1.1818181818e+00 7.6727975342e+00
9.3939393939e-01 -1.1212121212e+00 7.5392939032e+00
9.3939393939e-01 -1.0606060606e+00 7.4225350356e+00
9.3939393939e-01 -1.0000000000e+00 7.3197964844e+00
9.3939393939e-01 -9.3939393939e-01 7.2289973139e+00
9.3939393939e-01 -8.7878787879e-01 7.1485166637e+00
9.3939393939e-01 -8.1818181818e-01 7.0770715299e+00
9.3939393939e-01 -7.5757575758e-01 7.0136328522e+00
9.3939393939e-01 -6.9696969697e-01 6.9573664147e+00
9.3939393939e-01 -6.3636363636e-01 6.9075903079e+00
9.3939393939e-01 -5.7575757576e-01 6.8637437391e+00
9.3939393939e-01 -5.1515151515e-01 6.8253638057e+00
9.3939393939e-01 -4.5454545455e-01 6.7920679739e+00
9.3939393939e-01 -3.9393939394e-01 6.7635407319e+00
9.3939393939e-01 -3.3333333333e-01 6.7395233541e+00
9.3939393939e-01 -2.7272727273e-01 6.7198060310e+00
9.3939393939e-01 -2.1212121212e-01 6.7042218340e+00
9.3939393939e-01 -1.5151515152e-01 6.6926421365e+00
9.3939393939e-01 -9.0909090909e-02 6.6849732202e+00
9.3939393939e-01 -3.0303030303e-02 6.6811538773e+00
9.3939393939e-01 3.0303030303e-02 6.6811538773e+00
9.3939393939e-01 9.0909090909e-02 6.6849732202e+00
9.3939393939e-01 1.5151515152e-01 6.6926421365e+00
9.3939393939e-01 2.1212121212e-01 6.7042218340e+00
9.3939393939e-01 2.7272727273e-01 6.7198060310e+00
9.3939393939e-01 3.3333333333e-01 6.7395233541e+00
9.3939393939e-01 3.9393939394e-01 6.7635407319e+00
9.3939393939e-01 4.5454545455e-01 6.7920679739e+00
9.3939393939e-01 5.1515151515e-01 6.8253638057e+00
9.3939393939e-01 5.7575757576e-01 6.8637437391e+00
9.3939393939e-01 6.3636363636e-01 6.9075903079e+00
9.3939393939e-01 6.9696969697e-01 6.9573664147e+00
9.3939393939e-01 7.5757575758e-01 7.0136328522e+00
9.3939393939e-01 8.1818181818e-01 7.0770715299e+00
9.3939393939e-01 8.7878787879e-01 7.1485166637e+00
9.3939393939e-01 9.3939393939e-01 7.2289973139e+00
9.3939393939e-01 1.0000000000e+00 7.3197964844e+00
9.3939393939e-01 1.0606060606e+00 7.4225350356e+00
9.3939393939e-01 1.1212121212e+00 7.5392939032e+00
9.3939393939e-01 1.1818181818e+00 7.6727975342e+00
9.3939393939e-01 1.2424242424e+00 7.8266992032e+00
9.3939393939e-01 1.3030303030e+00 8.0060442909e+00
9.3939393939e-01 1.3636363636e+00 8.2180632826e+00
9.3939393939e-01 1.4242424242e+00 8.4736222507e+00
9.3939393939e-01 1.4848484848e+00 8.7901145831e+00
9.3939393939e-01 1.5454545455e+00 9.1979413230e+00
9.3939393939e-01 1.6060606061e+00 9.7577222617e+00
9.3939393939e-01 1.6666666667e+00 1.0620574748e+01
9.3939393939e-01 1.7272727273e+00 1.2407677054e+01
9.3939393939e-01 1.7878787879e+00 1.3349172534e+01
9.3939393939e-01 1.8484848485e+00 1.0608635387e+01
9.3939393939e-01 1.9090909091e+00 9.4251971831e+00
9.3939393939e-01 1.9696969697e+00 8.6484768798e+00
9.3939393939e-01 2.0303030303e+00 8.0659663433e+00
9.3939393939e-01 2.0909090909e+00 7.5985604802e+00
9.3939393939e-01 2.1515151515e+00 7.2078422803e+00
9.3939393939e-01 2.2121212121e+00 6.8721448893e+00
9.3939393939e-01 2.2727272727e+00 6.5779973482e+00
9.3939393939e-01 2.3333333333e+00 6.3164260088e+00
9.3939393939e-01 2.3939393939e+00 6.0811367529e+00
9.3939393939e-01 2.4545454545e+00 5.8675345032e+00
9.3939393939e-01 2.5151515152e+00 5.6721554657e+00
9.3939393939e-01 2.5757575758e+00 5.4923193933e+00
9.3939393939e-01 2.6363636364e+00 5.3259066800e+00
9.3939393939e-01 2.6969696970e+00 5.1712099685e+00
9.3939393939e-01 2.7575757576e+00 5.0268321646e+00
9.3939393939e-01 2.8181818182e+00 4.8916144053e+00
9.3939393939e-01 2.8787878788e+00 4.7645839691e+00
9.3939393939e-01 2.9393939394e+00 4.6449158197e+00
9.3939393939e-01 3.0000000000e+00 4.5319036936e+00

1.0000000000e+00 -3.0000000000e+00 4.4968078392e+00
1.0000000000e+00 -2.9393939394e+00 4.6070565558e+00
1.0000000000e+00 -2.8787878788e+00 4.7236330298e+00
1.0000000000e+00 -2.8181818182e+00 4.8471876254e+00
1.0000000000e+00 -2.7575757576e+00 4.9784763542e+00
1.0000000000e+00 -2.6969696970e+00 5.1183856846e+00
1.0000000000e+00 -2.6363636364e+00 5.2679652423e+00
1.0000000000e+00 -2.5757575758e+00 5.4284716493e+00
1.0000000000e+00 -2.5151515152e+00 5.6014284428e+00
1.0000000000e+00 -2.4545454545e+00 5.7887097831e+00
1.0000000000e+00 -2.3939393939e+00 5.9926603762e+00
1.0000000000e+00 -2.3333333333e+00 6.2162723704e+00
1.0000000000e+00 -2.2727272727e+00 6.4634554076e+00
1.0000000000e+00 -2.2121212121e+00 6.7394661317e+00
1.0000000000e+00 -2.1515151515e+00 7.0516262209e+00
1.0000000000e+00 -2.0909090909e+00 7.4105996153e+00
1.0000000000e+00 -2.0303030303e+00 7.8328527816e+00
1.0000000000e+00 -1.9696969697e+00 8.3459263570e+00
1.0000000000e+00 -1.9090909091e+00 9.0015735361e+00
1.0000000000e+00 -1.8484848485e+00 9.9172277687e+00
1.0000000000e+00 -1.7878787879e+00 1.1481117156e+01
1.0000000000e+00 -1.7272727273e+00 1.6711967511e+01
1.0000000000e+00 -1.6666666667e+00 1.1430671865e+01
1.0000000000e+00 -1.6060606061e+00 1.0218086763e+01
1.0000000000e+00 -1.5454545455e+00 9.5208023563e+00
1.0000000000e+00 -1.4848484848e+00 9.0397047662e+00
1.0000000000e+00 -1.4242424242e+00 8.6778595424e+00
1.0000000000e+00 -1.3636363636e+00 8.3915769927e+00
1.0000000000e+00 -1.3030303030e+00 8.1574491169e+00
1.0000000000e+00 -1.2424242424e+00 7.9614931366e+00
1.0000000000e+00 -1.1818181818e+00 7.7947033658e+00
1.0000000000e+00 -1.1212121212e+00 7.6509499132e+00
1.0000000000e+00 -1.0606060606e+00 7.5258801229e+00
1.0000000000e+00 -1.0000000000e+00 7.4162987092e+00
1.0000000000e+00 -9.3939393939e-01 7.3197964844e+00
1.0000000000e+00 -8.7878787879e-01 7.2345170436e+00
1.0000000000e+00 -8.1818181818e-01 7.1590042453e+00
1.0000000000e+00 -7.5757575758e-01 7.0920991683e+00
1.0000000000e+00 -6.9696969697e-01 7.0328685343e+00
1.0000000000e+00 -6.3636363636e-01 6.9805537991e+00
1.0000000000e+00 -5.7575757576e-01 6.9345342097e+00
1.0000000000e+00 -5.1515151515e-01 6.8942995414e+00
1.0000000000e+00 -4.5454545455e-01 6.8594296937e+00
1.0000000000e+00 -3.9393939394e-01 6.8295792546e+00
1.0000000000e+00 -3.3333333333e-01 6.8044657340e+00
1.0000000000e+00 -2.7272727273e-01 6.7838605634e+00
1.0000000000e+00 -2.1212121212e-01 6.7675822244e+00
1.0000000000e+00 -1.5151515152e-01 6.7554910549e+00
1.0000000000e+00 -9.0909090909e-02 6.7474854112e+00
1.0000000000e+00 -3.0303030303e-02 6.7434989620e+00
1.0000000000e+00 3.0303030303e-02 6.7434989620e+00
1.0000000000e+00 9.0909090909e-02 6.7474854112e+00
1.0000000000e+00 1.5151515152e-01 6.7554910549e+00
1.0000000000e+00 2.1212121212e-01 6.7675822244e+00
1.0000000000e+00 2.7272727273e-01 6.7838605634e+00
1.0000000000e+00 3.3333333333e-01 6.8044657340e+00
1.0000000000e+00 3.9393939394e-01 6.8295792546e+00
1.0000000000e+00 4.5454545455e-01 6.8594296937e+00
1.0000000000e+00 5.1515151515e-01 6.8942995414e+00
1.0000000000e+00 5.7575757576e-01 6.9345342097e+00
1.0000000000e+00 6.3636363636e-01 6.9805537991e+00
1.0000000000e+00 6.9696969697e-01 7.0328685343e+00
1.0000000000e+00 7.5757575758e-01 7.0920991683e+00
1.0000000000e+00 8.1818181818e-01 7.1590042453e+00
1.0000000000e+00 8.7878787879e-01 7.2345170436e+00
1.0000000000e+00 9.3939393939e-01 7.3197964844e+00
1.0000000000e+00 1.0000000000e+00 7.4162987092e+00
1.0000000000e+00 1.0606060606e+00 7.5258801229e+00
1.0000000000e+00 1.1212121212e+00 7.6509499132e+00
1.0000000000e+00 1.1818181818e+00 7.7947033658e+00
1.0000000000e+00 1.2424242424e+00 7.9614931366e+00
1.0000000000e+00 1.3030303030e+00 8.1574491169e+00
1.0000000000e+00 1.3636363636e+00 8.3915769927e+00
1.0000000000e+00 1.4242424242e+00 8.6778595424e+00
1.0000000000e+00 1.4848484848e+00 9.0397047662e+00
1.0000000000e+00 1.5454545455e+00 9.5208023563e+00
1.0000000000e+00 1.6060606061e+00 1.0218086763e+01
1.0000000000e+00 1.6666666667e+00 1.1430671865e+01
1.0000000000e+00 1.7272727273e+00 1.6711967511e+01
1.0000000000e+00 1.7878787879e+00 1.1481117156e+01
1.0000000000e+00 1.8484848485e+00 9.9172277687e+00
1.0000000000e+00 1.9090909091e+00 9.0015735361e+00
1.0000000000e+00 1.9696969697e+00 8.3459263570e+00
1.0000000000e+00 2.0303030303e+00 7.8328527816e+00
1.0000000000e+00 2.0909090909e+00 7.4105996153e+00
1.0000000000e+00 2.1515151515e+00 7.0516262209e+00
1.0000000000e+00 2.2121212121e+00 6.7394661317e+00
1.0000000000e+00 2.2727272727e+00 6.4634554076e+00
1.0000000000e+00 2.3333333333e+00 6.2162723704e+00
1.0000000000e+00 2.3939393939e+00 5.9926603762e+00
1.0000000000e+00 2.4545454545e+00 5.7887097831e+00
1.0000000000e+00 2.5151515152e+00 5.6014284428e+00
1.0000000000e+00 2.5757575758e+00 5.4284716493e+00
1.0000000000e+00 2.6363636364e+00 5.2679652423e+00
1.0000000000e+00 2.6969696970e+00 5.1183856846e+00
1.0000000000e+00 2.7575757576e+00 4.9784763542e+00
1.0000000000e+00 2.8181818182e+00 4.8471876254e+00
1.0000000000e+00 2.8787878788e+00 4.7236330298e+00
1.0000000000e+00 2.9393939394e+00 4.6070565558e+00
1.0000000000e+00 3.0000000000e+00 4.4968078392e+00

1.0606060606e+00 -3.0000000000e+00 4.4604251812e+00
1.0606060606e+00 -2.9393939394e+00 4.5678627197e+00
1.0606060606e+00 -2.8787878788e+00 4.6813022293e+00
1.0606060606e+00 -2.8181818182e+00 4.8013402264e+00
1.0606060606e+00 -2.7575757576e+00 4.9286666483e+00
1.0606060606e+00 -2.6969696970e+00 5.0640859797e+00
1.0606060606e+00 -2.6363636364e+00 5.2085448393e+00
1.0606060606e+00 -2.5757575758e+00 5.3631685818e+00
1.0606060606e+00 -2.5151515152e+00 5.5293107398e+00
1.0606060606e+00 -2.4545454545e+00 5.7086211754e+00
1.0606060606e+00 -2.3939393939e+00 5.9031422234e+00
1.0606060606e+00 -2.3333333333e+00 6.1154479864e+00
1.0606060606e+00 -2.2727272727e+00 6.3488525289e+00
1.0606060606e+00 -2.2121212121e+00 6.6077327030e+00
1.0606060606e+00 -2.1515151515e+00 6.8980513431e+00
1.0606060606e+00 -2.0909090909e+00 7.2282524455e+00
1.0606060606e+00 -2.0303030303e+00 7.6109010121e+00
1.0606060606e+00 -1.9696969697e+00 8.0659663433e+00
1.0606060606e+00 -1.9090909091e+00 8.6282443126e+00
1.0606060606e+00 -1.8484848485e+00 9.3674036266e+00
1.0606060606e+00 -1.7878787879e+00 1.0460702224e+01
1.0606060606e+00 -1.7272727273e+00 1.2703906630e+01
1.0606060606e+00 -1.6666666667e+00 1.3032232728e+01
1.0606060606e+00 -1.6060606061e+00 1.0884443054e+01
1.0606060606e+00 -1.5454545455e+00 9.9447223108e+00
1.0606060606e+00 -1.4848484848e+00 9.3518973652e+00
1.0606060606e+00 -1.4242424242e+00 8.9259880687e+00
1.0606060606e+00 -1.3636363636e+00 8.5983220325e+00
1.0606060606e+00 -1.3030303030e+00 8.3353658744e+00
1.0606060606e+00 -1.2424242424e+00 8.1182550100e+00
1.0606060606e+00 -1.1818181818e+00 7.9353418704e+00
1.0606060606e+00 -1.1212121212e+00 7.7789432316e+00
1.0606060606e+00 -1.0606060606e+00 7.6437341292e+00
1.0606060606e+00 -1.0000000000e+00 7.5258801229e+00
1.0606060606e+00 -9.3939393939e-01 7.4225350356e+00
1.0606060606e+00 -8.7878787879e-01 7.3315339399e+00
1.0606060606e+00 -8.1818181818e-01 7.2511969958e+00
1.0606060606e+00 -7.5757575758e-01 7.1801994444e+00
1.0606060606e+00 -6.9696969697e-01 7.1174827614e+00
1.0606060606e+00 -6.3636363636e-01 7.0621923463e+00
1.0606060606e+00 -5.7575757576e-01 7.0136328522e+00
1.0606060606e+00 -5.1515151515e-01 6.9712355641e+00
1.0606060606e+00 -4.5454545455e-01 6.9345342097e+00
1.0606060606e+00 -3.9393939394e-01 6.9031468064e+00
1.0606060606e+00 -3.3333333333e-01 6.8767619181e+00
1.0606060606e+00 -2.7272727273e-01 6.8551282073e+00
1.0606060606e+00 -2.1212121212e-01 6.8380464987e+00
1.0606060606e+00 -1.5151515152e-01 6.8253638057e+00
1.0606060606e+00 -9.0909090909e-02 6.8169689327e+00
1.0606060606e+00 -3.0303030303e-02 6.8127893812e+00
1.0606060606e+00 3.0303030303e-02 6.8127893812e+00
1.0606060606e+00 9.0909090909e-02 6.8169689327e+00
1.0606060606e+00 1.5151515152e-01 6.8253638057e+00
1.0606060606e+00 2.1212121212e-01 6.8380464987e+00
1.0606060606e+00 2.7272727273e-01 6.8551282073e+00
1.0606060606e+00 3.3333333333e-01 6.8767619181e+00
1.0606060606e+00 3.9393939394e-01 6.9031468064e+00
1.0606060606e+00 4.5454545455e-01 6.9345342097e+00
1.0606060606e+00 5.1515151515e-01 6.9712355641e+00
1.0606060606e+00 5.7575757576e-01 7.0136328522e+00
1.0606060606e+00 6.3636363636e-01 7.0621923463e+00
1.0606060606e+00 6.9696969697e-01 7.1174827614e+00
1.0606060606e+00 7.5757575758e-01 7.1801994444e+00
1.0606060606e+00 8.1818181818e-01 7.2511969958e+00
1.0606060606e+00 8.7878787879e-01 7.3315339399e+00
1.0606060606e+00 9.3939393939e-01 7.4225350356e+00
1.0606060606e+00 1.0000000000e+00 7.5258801229e+00
1.0606060606e+00 1.0606060606e+00 7.6437341292e+00
1.0606060606e+00 1.1212121212e+00 7.7789432316e+00
1.0606060606e+00 1.1818181818e+00 7.9353418704e+00
1.0606060606e+00 1.2424242424e+00 8.1182550100e+00
1.0606060606e+00 1.3030303030e+00 8.3353658744e+00
1.0606060606e+00 1.3636363636e+00 8.5983220325e+00
1.0606060606e+00 1.4242424242e+00 8.9259880687e+00
1.0606060606e+00 1.4848484848e+00 9.3518973652e+00
1.0606060606e+00 1.5454545455e+00 9.9447223108e+00
1.0606060606e+00 1.6060606061e+00 1.0884443054e+01
1.0606060606e+00 1.6666666667e+00 1.3032232728e+01
1.0606060606e+00 1.7272727273e+00 1.2703906630e+01
1.0606060606e+00 1.7878787879e+00 1.0460702224e+01
1.0606060606e+00 1.8484848485e+00 9.3674036266e+00
1.0606060606e+00 1.9090909091e+00 8.6282443126e+00
1.0606060606e+00 1.9696969697e+00 8.0659663433e+00
1.0606060606e+00 2.0303030303e+00 7.6109010121e+00
1.0606060606e+00 2.0909090909e+00 7.2282524455e+00
1.0606060606e+00 2.1515151515e+00 6.8980513431e+00
1.0606060606e+00 2.2121212121e+00 6.6077327030e+00
1.0606060606e+00 2.2727272727e+00 6.3488525289e+00
1.0606060606e+00 2.3333333333e+00 6.1154479864e+00
1.0606060606e+00 2.3939393939e+00 5.9031422234e+00
1.0606060606e+00 2.4545454545e+00 5.7086211754e+00
1.0606060606e+00 2.5151515152e+00 5.5293107398e+00
1.0606060606e+00 2.5757575758e+00 5.3631685818e+00
1.0606060606e+00 2.6363636364e+00 5.2085448393e+00
1.0606060606e+00 2.6969696970e+00 5.0640859797e+00
1.0606060606e+00 2.7575757576e+00 4.9286666483e+00
1.0606060606e+00 2.8181818182e+00 4.8013402264e+00
1.0606060606e+00 2.8787878788e+00 4.6813022293e+00
1.0606060606e+00 2.9393939394e+00 4.5678627197e+00
1.0606060606e+00 3.0000000000e+00 4.4604251812e+00

1.1212121212e+00 -3.0000000000e+00 4.4228776096e+00
1.1212121212e+00 -2.9393939394e+00 4.5274702446e+00
1.1212121212e+00 -2.8787878788e+00 4.6377435205e+00
1.1212121212e+00 -2.8181818182e+00 4.7542424662e+00
1.1212121212e+00 -2.7575757576e+00 4.8775942447e+00
1.1212121212e+00 -2.6969696970e+00 5.0085260059e+00
1.1212121212e+00 -2.6363636364e+00 5.1478879796e+00
1.1212121212e+00 -2.5757575758e+00 5.2966837971e+00
1.1212121212e+00 -2.5151515152e+00 5.4561109679e+00
1.1212121212e+00 -2.4545454545e+00 5.6276159344e+00
1.1212121212e+00 -2.3939393939e+00 5.8129705605e+00
1.1212121212e+00 -2.3333333333e+00 6.0143810132e+00
1.1212121212e+00 -2.2727272727e+00 6.2346471736e+00
1.1212121212e+00 -2.2121212121e+00 6.4774038395e+00
1.1212121212e+00 -2.1515151515e+00 6.7475002516e+00
1.1212121212e+00 -2.0909090909e+00 7.0516262209e+00
1.1212121212e+00 -2.0303030303e+00 7.3994073932e+00
1.1212121212e+00 -1.9696969697e+00 7.8054693962e+00
1.1212121212e+00 -1.9090909091e+00 8.2937306146e+00
1.1212121212e+00 -1.8484848485e+00 8.9076442922e+00
1.1212121212e+00 -1.7878787879e+00 9.7402966329e+00
1.1212121212e+00 -1.7272727273e+00 1.1062517750e+01
1.1212121212e+00 -1.6666666667e+00 1.5004363312e+01
1.1212121212e+00 -1.6060606061e+00 1.2023101176e+01
1.1212121212e+00 -1.5454545455e+00 1.0540448146e+01
1.1212121212e+00 -1.4848484848e+00 9.7577222617e+00
1.1212121212e+00 -1.4242424242e+00 9.2351673857e+00
1.1212121212e+00 -1.3636363636e+00 8.8491654783e+00
1.1212121212e+00 -1.3030303030e+00 8.5473192641e+00
1.1212121212e+00 -1.2424242424e+00 8.3025356935e+00
1.1212121212e+00 -1.1818181818e+00 8.0990061542e+00
1.1212121212e+00 -1.1212121212e+00 7.9267184054e+00
1.1212121212e+00 -1.0606060606e+00 7.7789432316e+00
1.1212121212e+00 -1.0000000000e+00 7.6509499132e+00
1.1212121212e+00 -9.3939393939e-01 7.5392939032e+00
1.1212121212e+00 -8.7878787879e-01 7.4413960134e+00
1.1212121212e+00 -8.1818181818e-01 7.3552809225e+00
1.1212121212e+00 -7.5757575758e-01 7.2794078352e+00
1.1212121212e+00 -6.9696969697e-01 7.2125569913e+00
1.1212121212e+00 -6.3636363636e-01 7.1537513855e+00
1.1212121212e+00 -5.7575757576e-01 7.1022014463e+00
1.1212121212e+00 -5.1515151515e-01 7.0572651361e+00
1.1212121212e+00 -4.5454545455e-01 7.0184186812e+00
1.1212121212e+00 -3.9393939394e-01 6.9852348105e+00
1.1212121212e+00 -3.3333333333e-01 6.9573664147e+00
1.1212121212e+00 -2.7272727273e-01 6.9345342097e+00
1.1212121212e+00 -2.1212121212e-01 6.9165174208e+00
1.1212121212e+00 -1.5151515152e-01 6.9031468064e+00
1.1212121212e+00 -9.0909090909e-02 6.8942995414e+00
1.1212121212e+00 -3.0303030303e-02 6.8898956310e+00
1.1212121212e+00 3.0303030303e-02 6.8898956310e+00
1.1212121212e+00 9.0909090909e-02 6.8942995414e+00
1.1212121212e+00 1.5151515152e-01 6.9031468064e+00
1.1212121212e+00 2.1212121212e-01 6.9165174208e+00
1.1212121212e+00 2.7272727273e-01 6.9345342097e+00
1.1212121212e+00 3.3333333333e-01 6.9573664147e+00
1.1212121212e+00 3.9393939394e-01 6.9852348105e+00
1.1212121212e+00 4.5454545455e-01 7.0184186812e+00
1.1212121212e+00 5.1515151515e-01 7.0572651361e+00
1.1212121212e+00 5.7575757576e-01 7.1022014463e+00
1.1212121212e+00 6.3636363636e-01 7.1537513855e+00
1.1212121212e+00 6.9696969697e-01 7.2125569913e+00
1.1212121212e+00 7.5757575758e-01 7.2794078352e+00
1.1212121212e+00 8.1818181818e-01 7.3552809225e+00
1.1212121212e+00 8.7878787879e-01 7.4413960134e+00
1.1212121212e+00 9.3939393939e-01 7.5392939032e+00
1.1212121212e+00 1.0000000000e+00 7.6509499132e+00
1.1212121212e+00 1.0606060606e+00 7.7789432316e+00
1.1212121212e+00 1.1212121212e+00 7.9267184054e+00
1.1212121212e+00 1.1818181818e+00 8.0990061542e+00
1.1212121212e+00 1.2424242424e+00 8.3025356935e+00
1.1212121212e+00 1.3030303030e+00 8.5473192641e+00
1.1212121212e+00 1.3636363636e+00 8.8491654783e+00
1.1212121212e+00 1.4242424242e+00 9.2351673857e+00
1.1212121212e+00 1.4848484848e+00 9.7577222617e+00
1.1212121212e+00 1.5454545455e+00 1.0540448146e+01
1.1212121212e+00 1.6060606061e+00 1.2023101176e+01
1.1212121212e+00 1.6666666667e+00 1.5004363312e+01
1.1212121212e+00 1.7272727273e+00 1.1062517750e+01
1.1212121212e+00 1.7878787879e+00 9.7402966329e+00
1.1212121212e+00 1.8484848485e+00 8.9076442922e+00
1.1212121212e+00 1.9090909091e+00 8.2937306146e+00
1.1212121212e+00 1.9696969697e+00 7.8054693962e+00
1.1212121212e+00 2.0303030303e+00 7.3994073932e+00
1.1212121212e+00 2.0909090909e+00 7.0516262209e+00
1.1212121212e+00 2.1515151515e+00 6.7475002516e+00
1.1212121212e+00 2.2121212121e+00 6.4774038395e+00
1.1212121212e+00 2.2727272727e+00 6.2346471736e+00
1.1212121212e+00 2.3333333333e+00 6.0143810132e+00
1.1212121212e+00 2.3939393939e+00 5.8129705605e+00
1.1212121212e+00 2.4545454545e+00 5.6276159344e+00
1.1212121212e+00 2.5151515152e+00 5.4561109679e+00
1.1212121212e+00 2.5757575758e+00 5.2966837971e+00
1.1212121212e+00 2.6363636364e+00 5.1478879796e+00
1.1212121212e+00 2.6969696970e+00 5.0085260059e+00
1.1212121212e+00 2.7575757576e+00 4.8775942447e+00
1.1212121212e+00 2.8181818182e+00 4.7542424662e+00
1.1212121212e+00 2.8787878788e+00 4.6377435205e+00
1.1212121212e+00 2.9393939394e+00 4.5274702446e+00
1.1212121212e+00 3.0000000000e+00 4.4228776096e+00

1.1818181818e+00 -3.0000000000e+00 4.3842846523e+00
1.1818181818e+00 -2.9393939394e+00 4.4860118166e+00
1.1818181818e+00 -2.8787878788e+00 4.5931044678e+00
1.1818181818e+00 -2.8181818182e+00 4.7060587392e+00
1.1818181818e+00 -2.7575757576e+00 4.8254425645e+00
1.1818181818e+00 -2.6969696970e+00 4.9519106490e+00
1.1818181818e+00 -2.6363636364e+00 5.0862236539e+00
1.1818181818e+00 -2.5757575758e+00 5.2292731199e+00
1.1818181818e+00 -2.5151515152e+00 5.3821143500e+00
1.1818181818e+00 -2.4545454545e+00 5.5460105444e+00
1.1818181818e+00 -2.3939393939e+00 5.7224932016e+00
1.1818181818e+00 -2.3333333333e+00 5.9134466238e+00
1.1818181818e+00 -2.2727272727e+00 6.1212291821e+00
1.1818181818e+00 -2.2121212121e+00 6.3488525289e+00
1.1818181818e+00 -2.1515151515e+00 6.6002557704e+00
1.1818181818e+00 -2.0909090909e+00 6.8807426069e+00
1.1818181818e+00 -2.0303030303e+00 7.1977142571e+00
1.1818181818e+00 -1.9696969697e+00 7.5619777834e+00
1.1818181818e+00 -1.9090909091e+00 7.9902774763e+00
1.1818181818e+00 -1.8484848485e+00 8.5107509478e+00
1.1818181818e+00 -1.7878787879e+00 9.1766427606e+00
1.1818181818e+00 -1.7272727273e+00 1.0110191622e+01
1.1818181818e+00 -1.6666666667e+00 1.1726443990e+01
1.1818181818e+00 -1.6060606061e+00 1.5764146229e+01
1.1818181818e+00 -1.5454545455e+00 1.1495273961e+01
1.1818181818e+00 -1.4848484848e+00 1.0319295003e+01
1.1818181818e+00 -1.4242424242e+00 9.6352838177e+00
1.1818181818e+00 -1.3636363636e+00 9.1615002664e+00
1.1818181818e+00 -1.3030303030e+00 8.8046855910e+00
1.1818181818e+00 -1.2424242424e+00 8.5223899033e+00
1.1818181818e+00 -1.1818181818e+00 8.2917361089e+00
1.1818181818e+00 -1.1212121212e+00 8.0990061542e+00
1.1818181818e+00 -1.0606060606e+00 7.9353418704e+00
1.1818181818e+00 -1.0000000000e+00 7.7947033658e+00
1.1818181818e+00 -9.3939393939e-01 7.6727975342e+00
1.1818181818e+00 -8.7878787879e-01 7.5664716691e+00
1.1818181818e+00 -8.1818181818e-01 7.4733494313e+00
1.1818181818e+00 -7.5757575758e-01 7.3916016817e+00
1.1818181818e+00 -6.9696969697e-01 7.3197964844e+00
1.1818181818e+00 -6.3636363636e-01 7.2567976948e+00
1.1818181818e+00 -5.7575757576e-01 7.2016945077e+00
1.1818181818e+00 -5.1515151515e-01 7.1537513855e+00
1.1818181818e+00 -4.5454545455e-01 7.1123717930e+00
1.1818181818e+00 -3.9393939394e-01 7.0770715299e+00
1.1818181818e+00 -3.3333333333e-01 7.0474588970e+00
1.1818181818e+00 -2.7272727273e-01 7.0232198430e+00
1.1818181818e+00 -2.1212121212e-01 7.0041068284e+00
1.1818181818e+00 -1.5151515152e-01 6.9899305321e+00
1.1818181818e+00 -9.0909090909e-02 6.9805537991e+00
1.1818181818e+00 -3.0303030303e-02 6.9758874120e+00
1.1818181818e+00 3.0303030303e-02 6.9758874120e+00
1.1818181818e+00 9.0909090909e-02 6.9805537991e+00
1.1818181818e+00 1.5151515152e-01 6.9899305321e+00
1.1818181818e+00 2.1212121212e-01 7.0041068284e+00
1.1818181818e+00 2.7272727273e-01 7.0232198430e+00
1.1818181818e+00 3.3333333333e-01 7.0474588970e+00
1.1818181818e+00 3.9393939394e-01 7.0770715299e+00
1.1818181818e+00 4.5454545455e-01 7.1123717930e+00
1.1818181818e+00 5.1515151515e-01 7.1537513855e+00
1.1818181818e+00 5.7575757576e-01 7.2016945077e+00
1.1818181818e+00 6.3636363636e-01 7.2567976948e+00
1.1818181818e+00 6.9696969697e-01 7.3197964844e+00
1.1818181818e+00 7.5757575758e-01 7.3916016817e+00
1.1818181818e+00 8.1818181818e-01 7.4733494313e+00
1.1818181818e+00 8.7878787879e-01 7.5664716691e+00
1.1818181818e+00 9.3939393939e-01 7.6727975342e+00
1.1818181818e+00 1.0000000000e+00 7.7947033658e+00
1.1818181818e+00 1.0606060606e+00 7.9353418704e+00
1.1818181818e+00 1.1212121212e+00 8.0990061542e+00
1.1818181818e+00 1.1818181818e+00 8.2917361089e+00
1.1818181818e+00 1.2424242424e+00 8.5223899033e+00
1.1818181818e+00 1.3030303030e+00 8.8046855910e+00
1.1818181818e+00 1.3636363636e+00 9.1615002664e+00
1.1818181818e+00 1.4242424242e+00 9.6352838177e+00
1.1818181818e+00 1.4848484848e+00 1.0319295003e+01
1.1818181818e+00 1.5454545455e+00 1.1495273961e+01
1.1818181818e+00 1.6060606061e+00 1.5764146229e+01
1.1818181818e+00 1.6666666667e+00 1.1726443990e+01
1.1818181818e+00 1.7272727273e+00 1.0110191622e+01
1.1818181818e+00 1.7878787879e+00 9.1766427606e+00
1.1818181818e+00 1.8484848485e+00 8.5107509478e+00
1.1818181818e+00 1.9090909091e+00 7.9902774763e+00
1.1818181818e+00 1.9696969697e+00 7.5619777834e+00
1.1818181818e+00 2.0303030303e+00 7.1977142571e+00
1.1818181818e+00 2.0909090909e+00 6.8807426069e+00
1.1818181818e+00 2.1515151515e+00 6.6002557704e+00
1.1818181818e+00 2.2121212121e+00 6.3488525289e+00
1.1818181818e+00 2.2727272727e+00 6.1212291821e+00
1.1818181818e+00 2.3333333333e+00 5.9134466238e+00
1.1818181818e+00 2.3939393939e+00 5.7224932016e+00
1.1818181818e+00 2.4545454545e+00 5.5460105444e+00
1.1818181818e+00 2.5151515152e+00 5.3821143500e+00
1.1818181818e+00 2.5757575758e+00 5.2292731199e+00
1.1818181818e+00 2.6363636364e+00 5.0862236539e+00
1.1818181818e+00 2.6969696970e+00 4.9519106490e+00
1.1818181818e+00 2.7575757576e+00 4.8254425645e+00
1.1818181818e+00 2.8181818182e+00 4.7060587392e+00
1.1818181818e+00 2.8787878788e+00 4.5931044678e+00
1.1818181818e+00 2.9393939394e+00 4.4860118166e+00
1.1818181818e+00 3.0000000000e+00 4.3842846523e+00

1.2424242424e+00 -3.0000000000e+00 4.3447627718e+00
1.2424242424e+00 -2.9393939394e+00 4.4436161072e+00
1.2424242424e+00 -2.8787878788e+00 4.5475274185e+00
1.2424242424e+00 -2.8181818182e+00 4.6569466958e+00
1.2424242424e+00 -2.7575757576e+00 4.7723863406e+00
1.2424242424e+00 -2.6969696970e+00 4.8944336246e+00
1.2424242424e+00 -2.6363636364e+00 5.0237665039e+00
1.2424242424e+00 -2.5757575758e+00 5.1611739476e+00
1.2424242424e+00 -2.5151515152e+00 5.3075824459e+00
1.2424242424e+00 -2.4545454545e+00 5.4640911242e+00
1.2424242424e+00 -2.3939393939e+00 5.6320190893e+00
1.2424242424e+00 -2.3333333333e+00 5.8129705605e+00
1.2424242424e+00 -2.2727272727e+00 6.0089265320e+00
1.2424242424e+00 -2.2121212121e+00 6.2223772055e+00
1.2424242424e+00 -2.1515151515e+00 6.4565192608e+00
1.2424242424e+00 -2.0909090909e+00 6.7155604908e+00
1.2424242424e+00 -2.0303030303e+00 7.0052110054e+00
1.2424242424e+00 -1.9696969697e+00 7.3335182550e+00
1.2424242424e+00 -1.9090909091e+00 7.7123838592e+00
1.2424242424e+00 -1.8484848485e+00 8.1605663274e+00
1.2424242424e+00 -1.7878787879e+00 8.7103606572e+00
1.2424242424e+00 -1.7272727273e+00 9.4251971831e+00
1.2424242424e+00 -1.6666666667e+00 1.0460702224e+01
1.2424242424e+00 -1.6060606061e+00 1.2443707209e+01
1.2424242424e+00 -1.5454545455e+00 1.3737202230e+01
1.2424242424e+00 -1.4848484848e+00 1.1192561352e+01
1.2424242424e+00 -1.4242424242e+00 1.0185574704e+01
1.2424242424e+00 -1.3636363636e+00 9.5657041349e+00
1.2424242424e+00 -1.3030303030e+00 9.1258130725e+00
1.2424242424e+00 -1.2424242424e+00 8.7901145831e+00
1.2424242424e+00 -1.1818181818e+00 8.5223899033e+00
1.2424242424e+00 -1.1212121212e+00 8.3025356935e+00
1.2424242424e+00 -1.0606060606e+00 8.1182550100e+00
1.2424242424e+00 -1.0000000000e+00 7.9614931366e+00
1.2424242424e+00 -9.3939393939e-01 7.8266992032e+00
1.2424242424e+00 -8.7878787879e-01 7.7098955849e+00
1.2424242424e+00 -8.1818181818e-01 7.6081431293e+00
1.2424242424e+00 -7.5757575758e-01 7.5192161869e+00
1.2424242424e+00 -6.9696969697e-01 7.4413960134e+00
1.2424242424e+00 -6.3636363636e-01 7.3733344571e+00
1.2424242424e+00 -5.7575757576e-01 7.3139611993e+00
1.2424242424e+00 -5.1515151515e-01 7.2624189850e+00
1.2424242424e+00 -4.5454545455e-01 7.2180174211e+00
1.2424242424e+00 -3.9393939394e-01 7.1801994444e+00
1.2424242424e+00 -3.3333333333e-01 7.1485166637e+00
1.2424242424e+00 -2.7272727273e-01 7.1226110720e+00
1.2424242424e+00 -2.1212121212e-01 7.1022014463e+00
1.2424242424e+00 -1.5151515152e-01 7.0870732895e+00
1.2424242424e+00 -9.0909090909e-02 7.0770715299e+00
1.2424242424e+00 -3.0303030303e-02 7.0720954430e+00
1.2424242424e+00 3.0303030303e-02 7.0720954430e+00
1.2424242424e+00 9.0909090909e-02 7.0770715299e+00
1.2424242424e+00 1.5151515152e-01 7.0870732895e+00
1.2424242424e+00 2.1212121212e-01 7.1022014463e+00
1.2424242424e+00 2.7272727273e-01 7.1226110720e+00
1.2424242424e+00 3.3333333333e-01 7.1485166637e+00
1.2424242424e+00 3.9393939394e-01 7.1801994444e+00
1.2424242424e+00 4.5454545455e-01 7.2180174211e+00
1.2424242424e+00 5.1515151515e-01 7.2624189850e+00
1.2424242424e+00 5.7575757576e-01 7.3139611993e+00
1.2424242424e+00 6.3636363636e-01 7.3733344571e+00
1.2424242424e+00 6.9696969697e-01 7.4413960134e+00
1.2424242424e+00 7.5757575758e-01 7.5192161869e+00
1.2424242424e+00 8.1818181818e-01 7.6081431293e+00
1.2424242424e+00 8.7878787879e-01 7.7098955849e+00
1.2424242424e+00 9.3939393939e-01 7.8266992032e+00
1.2424242424e+00 1.0000000000e+00 7.9614931366e+00
1.2424242424e+00 1.0606060606e+00 8.1182550100e+00
1.2424242424e+00 1.1212121212e+00 8.3025356935e+00
1.2424242424e+00 1.1818181818e+00 8.5223899033e+00
1.2424242424e+00 1.2424242424e+00 8.7901145831e+00
1.2424242424e+00 1.3030303030e+00 9.1258130725e+00
1.2424242424e+00 1.3636363636e+00 9.5657041349e+00
1.2424242424e+00 1.4242424242e+00 1.0185574704e+01
1.2424242424e+00 1.4848484848e+00 1.1192561352e+01
1.2424242424e+00 1.5454545455e+00 1.3737202230e+01
1.2424242424e+00 1.6060606061e+00 1.2443707209e+01
1.2424242424e+00 1.6666666667e+00 1.0460702224e+01
1.2424242424e+00 1.7272727273e+00 9.4251971831e+00
1.2424242424e+00 1.7878787879e+00 8.7103606572e+00
1.2424242424e+00 1.8484848485e+00 8.1605663274e+00
1.2424242424e+00 1.9090909091e+00 7.7123838592e+00
1.2424242424e+00 1.9696969697e+00 7.3335182550e+00
1.2424242424e+00 2.0303030303e+00 7.0052110054e+00
1.2424242424e+00 2.0909090909e+00 6.7155604908e+00
1.2424242424e+00 2.1515151515e+00 6.4565192608e+00
1.2424242424e+00 2.2121212121e+00 6.2223772055e+00
1.2424242424e+00 2.2727272727e+00 6.0089265320e+00
1.2424242424e+00 2.3333333333e+00 5.8129705605e+00
1.2424242424e+00 2.3939393939e+00 5.6320190893e+00
1.2424242424e+00 2.4545454545e+00 5.4640911242e+00
1.2424242424e+00 2.5151515152e+00 5.3075824459e+00
1.2424242424e+00 2.5757575758e+00 5.1611739476e+00
1.2424242424e+00 2.6363636364e+00 5.0237665039e+00
1.2424242424e+00 2.6969696970e+00 4.8944336246e+00
1.2424242424e+00 2.7575757576e+00 4.7723863406e+00
1.2424242424e+00 2.8181818182e+00 4.6569466958e+00
1.2424242424e+00 2.8787878788e+00 4.5475274185e+00
1.2424242424e+00 2.9393939394e+00 4.4436161072e+00
1.2424242424e+00 3.0000000000e+00 4.3447627718e+00

1.3030303030e+00 -3.0000000000e+00 4.3044247669e+00
1.3030303030e+00 -2.9393939394e+00 4.4004071341e+00
1.3030303030e+00 -2.8787878788e+00 4.5011488318e+00
1.3030303030e+00 -2.8181818182e+00 4.6070565558e+00
1.3030303030e+00 -2.7575757576e+00 4.7185909434e+00
1.3030303030e+00 -2.6969696970e+00 4.8362768611e+00
1.3030303030e+00 -2.6363636364e+00 4.9607163376e+00
1.3030303030e+00 -2.5757575758e+00 5.0926050155e+00
1.3030303030e+00 -2.5151515152e+00 5.2327533535e+00
1.3030303030e+00 -2.4545454545e+00 5.3821143500e+00
1.3030303030e+00 -2.3939393939e+00 5.5418203823e+00
1.3030303030e+00 -2.3333333333e+00 5.7132330541e+00
1.3030303030e+00 -2.2727272727e+00 5.8980120398e+00
1.3030303030e+00 -2.2121212121e+00 6.0982124141e+00
1.3030303030e+00 -2.1515151515e+00 6.3164260088e+00
1.3030303030e+00 -2.0909090909e+00 6.5559932639e+00
1.3030303030e+00 -2.0303030303e+00 6.8213327421e+00
1.3030303030e+00 -1.9696969697e+00 7.1184770787e+00
1.3030303030e+00 -1.9090909091e+00 7.4559938660e+00
1.3030303030e+00 -1.8484848485e+00 7.8466813125e+00
1.3030303030e+00 -1.7878787879e+00 8.3109857179e+00
1.3030303030e+00 -1.7272727273e+00 8.8847965380e+00
1.3030303030e+00 -1.6666666667e+00 9.6407832946e+00
1.3030303030e+00 -1.6060606061e+00 1.0767662009e+01
1.3030303030e+00 -1.5454545455e+00 1.3168044856e+01
1.3030303030e+00 -1.4848484848e+00 1.3032234815e+01
1.3030303030e+00 -1.4242424242e+00 1.1032089136e+01
1.3030303030e+00 -1.3636363636e+00 1.0122261686e+01
1.3030303030e+00 -1.3030303030e+00 9.5431096702e+00
1.3030303030e+00 -1.2424242424e+00 9.1258130725e+00
1.3030303030e+00 -1.1818181818e+00 8.8046855910e+00
1.3030303030e+00 -1.1212121212e+00 8.5473192641e+00
1.3030303030e+00 -1.0606060606e+00 8.3353658744e+00
1.3030303030e+00 -1.0000000000e+00 8.1574491169e+00
1.3030303030e+00 -9.3939393939e-01 8.0060442909e+00
1.3030303030e+00 -8.7878787879e-01 7.8759281733e+00
1.3030303030e+00 -8.1818181818e-01 7.7633377032e+00
1.3030303030e+00 -7.5757575758e-01 7.6654813250e+00
1.3030303030e+00 -6.9696969697e-01 7.5802395132e+00
1.3030303030e+00 -6.3636363636e-01 7.5059730808e+00
1.3030303030e+00 -5.7575757576e-01 7.4413960134e+00
1.3030303030e+00 -5.1515151515e-01 7.3854885703e+00
1.3030303030e+00 -4.5454545455e-01 7.3374364313e+00
1.3030303030e+00 -3.9393939394e-01 7.2965872236e+00
1.3030303030e+00 -3.3333333333e-01 7.2624189850e+00
1.3030303030e+00 -2.7272727273e-01 7.2345170436e+00
1.3030303030e+00 -2.1212121212e-01 7.2125569913e+00
1.3030303030e+00 -1.5151515152e-01 7.1962921948e+00
1.3030303030e+00 -9.0909090909e-02 7.1855447889e+00
1.3030303030e+00 -3.0303030303e-02 7.1801994444e+00
1.3030303030e+00 3.0303030303e-02 7.1801994444e+00
1.3030303030e+00 9.0909090909e-02 7.1855447889e+00
1.3030303030e+00 1.5151515152e-01 7.1962921948e+00
1.3030303030e+00 2.1212121212e-01 7.2125569913e+00
1.3030303030e+00 2.7272727273e-01 7.2345170436e+00
1.3030303030e+00 3.3333333333e-01 7.2624189850e+00
1.3030303030e+00 3.9393939394e-01 7.2965872236e+00
1.3030303030e+00 4.5454545455e-01 7.3374364313e+00
1.3030303030e+00 5.1515151515e-01 7.3854885703e+00
1.3030303030e+00 5.7575757576e-01 7.4413960134e+00
1.3030303030e+00 6.3636363636e-01 7.5059730808e+00
1.3030303030e+00 6.9696969697e-01 7.5802395132e+00
1.3030303030e+00 7.5757575758e-01 7.6654813250e+00
1.3030303030e+00 8.1818181818e-01 7.7633377032e+00
1.3030303030e+00 8.7878787879e-01 7.8759281733e+00
1.3030303030e+00 9.3939393939e-01 8.0060442909e+00
1.3030303030e+00 1.0000000000e+00 8.1574491169e+00
1.3030303030e+00 1.0606060606e+00 8.3353658744e+00
1.3030303030e+00 1.1212121212e+00 8.5473192641e+00
1.3030303030e+00 1.1818181818e+00 8.8046855910e+00
1.3030303030e+00 1.2424242424e+00 9.1258130725e+00
1.3030303030e+00 1.3030303030e+00 9.5431096702e+00
1.3030303030e+00 1.3636363636e+00 1.0122261686e+01
1.3030303030e+00 1.4242424242e+00 1.1032089136e+01
1.3030303030e+00 1.4848484848e+00 1.3032234815e+01
1.3030303030e+00 1.5454545455e+00 1.3168044856e+01
1.3030303030e+00 1.6060606061e+00 1.0767662009e+01
1.3030303030e+00 1.6666666667e+00 9.6407832946e+00
1.3030303030e+00 1.7272727273e+00 8.8847965380e+00
1.3030303030e+00 1.7878787879e+00 8.3109857179e+00
1.3030303030e+00 1.8484848485e+00 7.8466813125e+00
1.3030303030e+00 1.9090909091e+00 7.4559938660e+00
1.3030303030e+00 1.9696969697e+00 7.1184770787e+00
1.3030303030e+00 2.0303030303e+00 6.8213327421e+00
1.3030303030e+00 2.0909090909e+00 6.5559932639e+00
1.3030303030e+00 2.1515151515e+00 6.3164260088e+00
1.3030303030e+00 2.2121212121e+00 6.0982124141e+00
1.3030303030e+00 2.2727272727e+00 5.8980120398e+00
1.3030303030e+00 2.3333333333e+00 5.7132330541e+00
1.3030303030e+00 2.3939393939e+00 5.5418203823e+00
1.3030303030e+00 2.4545454545e+00 5.3821143500e+00
1.3030303030e+00 2.5151515152e+00 5.2327533535e+00
1.3030303030e+00 2.5757575758e+00 5.0926050155e+00
1.3030303030e+00 2.6363636364e+00 4.9607163376e+00
1.3030303030e+00 2.6969696970e+00 4.8362768611e+00
1.3030303030e+00 2.7575757576e+00 4.7185909434e+00
1.3030303030e+00 2.8181818182e+00 4.6070565558e+00
1.3030303030e+00 2.8787878788e+00 4.5011488318e+00
1.3030303030e+00 2.9393939394e+00 4.4004071341e+00
1.3030303030e+00 3.0000000000e+00 4.3044247669e+00

1.3636363636e+00 -3.0000000000e+00 4.2633792754e+00
1.3636363636e+00 -2.9393939394e+00 4.3565037455e+00
1.3636363636e+00 -2.8787878788e+00 4.4540987568e+00
1.3636363636e+00 -2.8181818182e+00 4.5565306007e+00
1.3636363636e+00 -2.7575757576e+00 4.6642119204e+00
1.3636363636e+00 -2.6969696970e+00 4.7776101377e+00
1.3636363636e+00 -2.6363636364e+00 4.8972579434e+00
1.3636363636e+00 -2.5757575758e+00 5.0237665039e+00
1.3636363636e+00 -2.5151515152e+00 5.1578422835e+00
1.3636363636e+00 -2.4545454545e+00 5.3003087605e+00
1.3636363636e+00 -2.3939393939e+00 5.4521348720e+00
1.3636363636e+00 -2.3333333333e+00 5.6144728895e+00
1.3636363636e+00 -2.2727272727e+00 5.7887097831e+00
1.3636363636e+00 -2.2121212121e+00 5.9765383434e+00
1.3636363636e+00 -2.1515151515e+00 6.1800580219e+00
1.3636363636e+00 -2.0909090909e+00 6.4019218770e+00
1.3636363636e+00 -2.0303030303e+00 6.6455576533e+00
1.3636363636e+00 -1.9696969697e+00 6.9155132210e+00
1.3636363636e+00 -1.9090909091e+00 7.2180215132e+00
1.3636363636e+00 -1.8484848485e+00 7.5619777834e+00
1.3636363636e+00 -1.7878787879e+00 7.9607545484e+00
1.3636363636e+00 -1.7272727273e+00 8.4359012389e+00
1.3636363636e+00 -1.6666666667e+00 9.0257187695e+00
1.3636363636e+00 -1.6060606061e+00 9.8093168854e+00
1.3636363636e+00 -1.5454545455e+00 1.1000166391e+01
1.3636363636e+00 -1.4848484848e+00 1.3767712605e+01
1.3636363636e+00 -1.4242424242e+00 1.2757543548e+01
1.3636363636e+00 -1.3636363636e+00 1.0981549376e+01
1.3636363636e+00 -1.3030303030e+00 1.0122261686e+01
1.3636363636e+00 -1.2424242424e+00 9.5657041349e+00
1.3636363636e+00 -1.1818181818e+00 9.1615002664e+00
1.3636363636e+00 -1.1212121212e+00 8.8491654783e+00
1.3636363636e+00 -1.0606060606e+00 8.5983220325e+00
1.3636363636e+00 -1.0000000000e+00 8.3915769927e+00
1.3636363636e+00 -9.3939393939e-01 8.2180632826e+00
1.3636363636e+00 -8.7878787879e-01 8.0705536855e+00
1.3636363636e+00 -8.1818181818e-01 7.9440118284e+00
1.3636363636e+00 -7.5757575758e-01 7.8347994497e+00
1.3636363636e+00 -6.9696969697e-01 7.7402131097e+00
1.3636363636e+00 -6.3636363636e-01 7.6581988822e+00
1.3636363636e+00 -5.7575757576e-01 7.5871690429e+00
1.3636363636e+00 -5.1515151515e-01 7.5258801229e+00
1.3636363636e+00 -4.5454545455e-01 7.4733494313e+00
1.3636363636e+00 -3.9393939394e-01 7.4287965667e+00
1.3636363636e+00 -3.3333333333e-01 7.3916016817e+00
1.3636363636e+00 -2.7272727273e-01 7.3612753140e+00
1.3636363636e+00 -2.1212121212e-01 7.3374364313e+00
1.3636363636e+00 -1.5151515152e-01 7.3197964844e+00
1.3636363636e+00 -9.0909090909e-02 7.3081479980e+00
1.3636363636e+00 -3.0303030303e-02 7.3023567244e+00
1.3636363636e+00 3.0303030303e-02 7.3023567244e+00
1.3636363636e+00 9.0909090909e-02 7.3081479980e+00
1.3636363636e+00 1.5151515152e-01 7.3197964844e+00
1.3636363636e+00 2.1212121212e-01 7.3374364313e+00
1.3636363636e+00 2.7272727273e-01 7.3612753140e+00
1.3636363636e+00 3.3333333333e-01 7.3916016817e+00
1.3636363636e+00 3.9393939394e-01 7.4287965667e+00
1.3636363636e+00 4.5454545455e-01 7.4733494313e+00
1.3636363636e+00 5.1515151515e-01 7.5258801229e+00
1.3636363636e+00 5.7575757576e-01 7.5871690429e+00
1.3636363636e+00 6.3636363636e-01 7.6581988822e+00
1.3636363636e+00 6.9696969697e-01 7.7402131097e+00
1.3636363636e+00 7.5757575758e-01 7.8347994497e+00
1.3636363636e+00 8.1818181818e-01 7.9440118284e+00
1.3636363636e+00 8.7878787879e-01 8.0705536855e+00
1.3636363636e+00 9.3939393939e-01 8.2180632826e+00
1.3636363636e+00 1.0000000000e+00 8.3915769927e+00
1.3636363636e+00 1.0606060606e+00 8.5983220325e+00
1.3636363636e+00 1.1212121212e+00 8.8491654783e+00
1.3636363636e+00 1.1818181818e+00 9.1615002664e+00
1.3636363636e+00 1.2424242424e+00 9.5657041349e+00
1.3636363636e+00 1.3030303030e+00 1.0122261686e+01
1.3636363636e+00 1.3636363636e+00 1.0981549376e+01
1.3636363636e+00 1.4242424242e+00 1.2757543548e+01
1.3636363636e+00 1.4848484848e+00 1.3767712605e+01
1.3636363636e+00 1.5454545455e+00 1.1000166391e+01
1.3636363636e+00 1.6060606061e+00 9.8093168854e+00
1.3636363636e+00 1.6666666667e+00 9.0257187695e+00
1.3636363636e+00 1.7272727273e+00 8.4359012389e+00
1.3636363636e+00 1.7878787879e+00 7.9607545484e+00
1.3636363636e+00 1.8484848485e+00 7.5619777834e+00
1.3636363636e+00 1.9090909091e+00 7.2180215132e+00
1.3636363636e+00 1.9696969697e+00 6.9155132210e+00
1.3636363636e+00 2.0303030303e+00 6.6455576533e+00
1.3636363636e+00 2.0909090909e+00 6.4019218770e+00
1.3636363636e+00 2.1515151515e+00 6.1800580219e+00
1.3636363636e+00 2.2121212121e+00 5.9765383434e+00
1.3636363636e+00 2.2727272727e+00 5.7887097831e+00
1.3636363636e+00 2.3333333333e+00 5.6144728895e+00
1.3636363636e+00 2.3939393939e+00 5.4521348720e+00
1.3636363636e+00 2.4545454545e+00 5.3003087605e+00
1.3636363636e+00 2.5151515152e+00 5.1578422835e+00
1.3636363636e+00 2.5757575758e+00 5.0237665039e+00
1.3636363636e+00 2.6363636364e+00 4.8972579434e+00
1.3636363636e+00 2.6969696970e+00 4.7776101377e+00
1.3636363636e+00 2.7575757576e+00 4.6642119204e+00
1.3636363636e+00 2.8181818182e+00 4.5565306007e+00
1.3636363636e+00 2.8787878788e+00 4.4540987568e+00
1.3636363636e+00 2.9393939394e+00 4.3565037455e+00
1.3636363636e+00 3.0000000000e+00 4.2633792754e+00

1.4242424242e+00 -3.0000000000e+00 4.2217303751e+00
1.4242424242e+00 -2.9393939394e+00 4.3120192204e+00
1.4242424242e+00 -2.8787878788e+00 4.4065004482e+00
1.4242424242e+00 -2.8181818182e+00 4.5055028289e+00
1.4242424242e+00 -2.7575757576e+00 4.6093947269e+00
1.4242424242e+00 -2.6969696970e+00 4.7185909434e+00
1.4242424242e+00 -2.6363636364e+00 4.8335611544e+00
1.4242424242e+00 -2.5757575758e+00 4.9548404208e+00
1.4242424242e+00 -2.5151515152e+00 5.0830424229e+00
1.4242424242e+00 -2.4545454545e+00 5.2188763290e+00
1.4242424242e+00 -2.3939393939e+00 5.3631685818e+00
1.4242424242e+00 -2.3333333333e+00 5.5168914560e+00
1.4242424242e+00 -2.2727272727e+00 5.6812011090e+00
1.4242424242e+00 -2.2121212121e+00 5.8574892265e+00
1.4242424242e+00 -2.1515151515e+00 6.0474545952e+00
1.4242424242e+00 -2.0909090909e+00 6.2532046854e+00
1.4242424242e+00 -2.0303030303e+00 6.4774038395e+00
1.4242424242e+00 -1.9696969697e+00 6.7234964991e+00
1.4242424242e+00 -1.9090909091e+00 6.9960564947e+00
1.4242424242e+00 -1.8484848485e+00 7.3013592260e+00
1.4242424242e+00 -1.7878787879e+00 7.6483734099e+00
1.4242424242e+00 -1.7272727273e+00 8.0506074711e+00
1.4242424242e+00 -1.6666666667e+00 8.5298853555e+00
1.4242424242e+00 -1.6060606061e+00 9.1251366228e+00
1.4242424242e+00 -1.5454545455e+00 9.9172277687e+00
1.4242424242e+00 -1.4848484848e+00 1.1126765542e+01
1.4242424242e+00 -1.4242424242e+00 1.4013508329e+01
1.4242424242e+00 -1.3636363636e+00 1.2757543548e+01
1.4242424242e+00 -1.3030303030e+00 1.1032089136e+01
1.4242424242e+00 -1.2424242424e+00 1.0185574704e+01
1.4242424242e+00 -1.1818181818e+00 9.6352838177e+00
1.4242424242e+00 -1.1212121212e+00 9.2351673857e+00
1.4242424242e+00 -1.0606060606e+00 8.9259880687e+00
1.4242424242e+00 -1.0000000000e+00 8.6778595424e+00
1.4242424242e+00 -9.3939393939e-01 8.4736222507e+00
1.4242424242e+00 -8.7878787879e-01 8.3025356935e+00
1.4242424242e+00 -8.1818181818e-01 8.1574491169e+00
1.4242424242e+00 -7.5757575758e-01 8.0333770478e+00
1.4242424242e+00 -6.9696969697e-01 7.9267184054e+00
1.4242424242e+00 -6.3636363636e-01 7.8347994497e+00
1.4242424242e+00 -5.7575757576e-01 7.7555920264e+00
1.4242424242e+00 -5.1515151515e-01 7.6875324410e+00
1.4242424242e+00 -4.5454545455e-01 7.6294009793e+00
1.4242424242e+00 -3.9393939394e-01 7.5802395132e+00
1.4242424242e+00 -3.3333333333e-01 7.5392939032e+00
1.4242424242e+00 -2.7272727273e-01 7.5059730808e+00
1.4242424242e+00 -2.1212121212e-01 7.4798197030e+00
1.4242424242e+00 -1.5151515152e-01 7.4604890930e+00
1.4242424242e+00 -9.0909090909e-02 7.4477343199e+00
1.4242424242e+00 -3.0303030303e-02 7.4413960134e+00
1.4242424242e+00 3.0303030303e-02 7.4413960134e+00
1.4242424242e+00 9.0909090909e-02 7.4477343199e+00
1.4242424242e+00 1.5151515152e-01 7.4604890930e+00
1.4242424242e+00 2.1212121212e-01 7.4798197030e+00
1.4242424242e+00 2.7272727273e-01 7.5059730808e+00
1.4242424242e+00 3.3333333333e-01 7.5392939032e+00
1.4242424242e+00 3.9393939394e-01 7.5802395132e+00
1.4242424242e+00 4.5454545455e-01 7.6294009793e+00
1.4242424242e+00 5.1515151515e-01 7.6875324410e+00
1.4242424242e+00 5.7575757576e-01 7.7555920264e+00
1.4242424242e+00 6.3636363636e-01 7.8347994497e+00
1.4242424242e+00 6.9696969697e-01 7.9267184054e+00
1.4242424242e+00 7.5757575758e-01 8.0333770478e+00
1.4242424242e+00 8.1818181818e-01 8.1574491169e+00
1.4242424242e+00 8.7878787879e-01 8.3025356935e+00
1.4242424242e+00 9.3939393939e-01 8.4736222507e+00
1.4242424242e+00 1.0000000000e+00 8.6778595424e+00
1.4242424242e+00 1.0606060606e+00 8.9259880687e+00
1.4242424242e+00 1.1212121212e+00 9.2351673857e+00
1.4242424242e+00 1.1818181818e+00 9.6352838177e+00
1.4242424242e+00 1.2424242424e+00 1.0185574704e+01
1.4242424242e+00 1.3030303030e+00 1.1032089136e+01
1.4242424242e+00 1.3636363636e+00 1.2757543548e+01
1.4242424242e+00 1.4242424242e+00 1.4013508329e+01
1.4242424242e+00 1.4848484848e+00 1.1126765542e+01
1.4242424242e+00 1.5454545455e+00 9.9172277687e+00
1.4242424242e+00 1.6060606061e+00 9.1251366228e+00
1.4242424242e+00 1.6666666667e+00 8.5298853555e+00
1.4242424242e+00 1.7272727273e+00 8.0506074711e+00
1.4242424242e+00 1.7878787879e+00 7.6483734099e+00
1.4242424242e+00 1.8484848485e+00 7.3013592260e+00
1.4242424242e+00 1.9090909091e+00 6.9960564947e+00
1.4242424242e+00 1.9696969697e+00 6.7234964991e+00
1.4242424242e+00 2.0303030303e+00 6.4774038395e+00
1.4242424242e+00 2.0909090909e+00 6.2532046854e+00
1.4242424242e+00 2.1515151515e+00 6.0474545952e+00
1.4242424242e+00 2.2121212121e+00 5.8574892265e+00
1.4242424242e+00 2.2727272727e+00 5.6812011090e+00
1.4242424242e+00 2.3333333333e+00 5.5168914560e+00
1.4242424242e+00 2.3939393939e+00 5.3631685818e+00
1.4242424242e+00 2.4545454545e+00 5.2188763290e+00
1.4242424242e+00 2.5151515152e+00 5.0830424229e+00
1.4242424242e+00 2.5757575758e+00 4.9548404208e+00
1.4242424242e+00 2.6363636364e+00 4.8335611544e+00
1.4242424242e+00 2.6969696970e+00 4.7185909434e+00
1.4242424242e+00 2.7575757576e+00 4.6093947269e+00
1.4242424242e+00 2.8181818182e+00 4.5055028289e+00
1.4242424242e+00 2.8787878788e+00 4.4065004482e+00
1.4242424242e+00 2.9393939394e+00 4.3120192204e+00
1.4242424242e+00 3.0000000000e+00 4.2217303751e+00

1.4848484848e+00 -3.0000000000e+00 4.1795772765e+00
1.4848484848e+00 -2.9393939394e+00 4.2670609763e+00
1.4848484848e+00 -2.8787878788e+00 4.3584701075e+00
1.4848484848e+00 -2.8181818182e+00 4.4540987568e+00
1.4848484848e+00 -2.7575757576e+00 4.5542746232e+00
1.4848484848e+00 -2.6969696970e+00 4.6593645241e+00
1.4848484848e+00 -2.6363636364e+00 4.7697811199e+00
1.4848484848e+00 -2.5757575758e+00 4.8859912012e+00
1.4848484848e+00 -2.5151515152e+00 5.0085260059e+00
1.4848484848e+00 -2.4545454545e+00 5.1379942035e+00
1.4848484848e+00 -2.3939393939e+00 5.2750984361e+00
1.4848484848e+00 -2.3333333333e+00 5.4206566677e+00
1.4848484848e+00 -2.2727272727e+00 5.5756301507e+00
1.4848484848e+00 -2.2121212121e+00 5.7411606609e+00
1.4848484848e+00 -2.1515151515e+00 5.9186209917e+00
1.4848484848e+00 -2.0909090909e+00 6.1096848608e+00
1.4848484848e+00 -2.0303030303e+00 6.3164260088e+00
1.4848484848e+00 -1.9696969697e+00 6.5414625533e+00
1.4848484848e+00 -1.9090909091e+00 6.7881740571e+00
1.4848484848e+00 -1.8484848485e+00 7.0610404389e+00
1.4848484848e+00 -1.7878787879e+00 7.3661956300e+00
1.4848484848e+00 -1.7272727273e+00 7.7123838592e+00
1.4848484848e+00 -1.6666666667e+00 8.1127318448e+00
1.4848484848e+00 -1.6060606061e+00 8.5883502578e+00
1.4848484848e+00 -1.5454545455e+00 9.1766427606e+00
1.4848484848e+00 -1.4848484848e+00 9.9544474903e+00
1.4848484848e+00 -1.4242424242e+00 1.1126765542e+01
1.4848484848e+00 -1.3636363636e+00 1.3767712605e+01
1.4848484848e+00 -1.3030303030e+00 1.3032234815e+01
1.4848484848e+00 -1.2424242424e+00 1.1192561352e+01
1.4848484848e+00 -1.1818181818e+00 1.0319295003e+01
1.4848484848e+00 -1.1212121212e+00 9.7577222617e+00
1.4848484848e+00 -1.0606060606e+00 9.3518973652e+00
1.4848484848e+00 -1.0000000000e+00 9.0397047662e+00
1.4848484848e+00 -9.3939393939e-01 8.7901145831e+00
1.4848484848e+00 -8.7878787879e-01 8.5854248626e+00
1.4848484848e+00 -8.1818181818e-01 8.4146073667e+00
1.4848484848e+00 -7.5757575758e-01 8.2703473297e+00
1.4848484848e+00 -6.9696969697e-01 8.1475618829e+00
1.4848484848e+00 -6.3636363636e-01 8.0425915453e+00
1.4848484848e+00 -5.7575757576e-01 7.9527287560e+00
1.4848484848e+00 -5.1515151515e-01 7.8759281733e+00
1.4848484848e+00 -4.5454545455e-01 7.8106210232e+00
1.4848484848e+00 -3.9393939394e-01 7.7555920264e+00
1.4848484848e+00 -3.3333333333e-01 7.7098955849e+00
1.4848484848e+00 -2.7272727273e-01 7.6727975342e+00
1.4848484848e+00 -2.1212121212e-01 7.6437341292e+00
1.4848484848e+00 -1.5151515152e-01 7.6222830538e+00
1.4848484848e+00 -9.0909090909e-02 7.6081431293e+00
1.4848484848e+00 -3.0303030303e-02 7.6011205915e+00
1.4848484848e+00 3.0303030303e-02 7.6011205915e+00
1.4848484848e+00 9.0909090909e-02 7.6081431293e+00
1.4848484848e+00 1.5151515152e-01 7.6222830538e+00
1.4848484848e+00 2.1212121212e-01 7.6437341292e+00
1.4848484848e+00 2.7272727273e-01 7.6727975342e+00
1.4848484848e+00 3.3333333333e-01 7.7098955849e+00
1.4848484848e+00 3.9393939394e-01 7.7555920264e+00
1.4848484848e+00 4.5454545455e-01 7.8106210232e+00
1.4848484848e+00 5.1515151515e-01 7.8759281733e+00
1.4848484848e+00 5.7575757576e-01 7.9527287560e+00
1.4848484848e+00 6.3636363636e-01 8.0425915453e+00
1.4848484848e+00 6.9696969697e-01 8.1475618829e+00
1.4848484848e+00 7.5757575758e-01 8.2703473297e+00
1.4848484848e+00 8.1818181818e-01 8.4146073667e+00
1.4848484848e+00 8.7878787879e-01 8.5854248626e+00
1.4848484848e+00 9.3939393939e-01 8.7901145831e+00
1.4848484848e+00 1.0000000000e+00 9.0397047662e+00
1.4848484848e+00 1.0606060606e+00 9.3518973652e+00
1.4848484848e+00 1.1212121212e+00 9.7577222617e+00
1.4848484848e+00 1.1818181818e+00 1.0319295003e+01
1.4848484848e+00 1.2424242424e+00 1.1192561352e+01
1.4848484848e+00 1.3030303030e+00 1.3032234815e+01
1.4848484848e+00 1.3636363636e+00 1.3767712605e+01
1.4848484848e+00 1.4242424242e+00 1.1126765542e+01
1.4848484848e+00 1.4848484848e+00 9.9544474903e+00
1.4848484848e+00 1.5454545455e+00 9.1766427606e+00
1.4848484848e+00 1.6060606061e+00 8.5883502578e+00
1.4848484848e+00 1.6666666667e+00 8.1127318448e+00
1.4848484848e+00 1.7272727273e+00 7.7123838592e+00
1.4848484848e+00 1.7878787879e+00 7.3661956300e+00
1.4848484848e+00 1.8484848485e+00 7.0610404389e+00
1.4848484848e+00 1.9090909091e+00 6.7881740571e+00
1.4848484848e+00 1.9696969697e+00 6.5414625533e+00
1.4848484848e+00 2.0303030303e+00 6.3164260088e+00
1.4848484848e+00 2.0909090909e+00 6.1096848608e+00
1.4848484848e+00 2.1515151515e+00 5.9186209917e+00
1.4848484848e+00 2.2121212121e+00 5.7411606609e+00
1.4848484848e+00 2.2727272727e+00 5.5756301507e+00
1.4848484848e+00 2.3333333333e+00 5.4206566677e+00
1.4848484848e+00 2.3939393939e+00 5.2750984361e+00
1.4848484848e+00 2.4545454545e+00 5.1379942035e+00
1.4848484848e+00 2.5151515152e+00 5.0085260059e+00
1.4848484848e+00 2.5757575758e+00 4.8859912012e+00
1.4848484848e+00 2.6363636364e+00 4.7697811199e+00
1.4848484848e+00 2.6969696970e+00 4.6593645241e+00
1.4848484848e+00 2.7575757576e+00 4.5542746232e+00
1.4848484848e+00 2.8181818182e+00 4.4540987568e+00
1.4848484848e+00 2.8787878788e+00 4.3584701075e+00
1.4848484848e+00 2.9393939394e+00 4.2670609763e+00
1.4848484848e+00 3.0000000000e+00 4.1795772765e+00

1.5454545455e+00 -3.0000000000e+00 4.1370140995e+00
1.5454545455e+00 -2.9393939394e+00 4.2217303751e+00
1.5454545455e+00 -2.8787878788e+00 4.3101167364e+00
1.5454545455e+00 -2.8181818182e+00 4.4024353461e+00
1.5454545455e+00 -2.7575757576e+00 4.4989767141e+00
1.5454545455e+00 -2.6969696970e+00 4.6000640844e+00
1.5454545455e+00 -2.6363636364e+00 4.7060587392e+00
1.5454545455e+00 -2.5757575758e+00 4.8173664680e+00
1.5454545455e+00 -2.5151515152e+00 4.9344455278e+00
1.5454545455e+00 -2.4545454545e+00 5.0578165385e+00
1.5454545455e+00 -2.3939393939e+00 5.1880749157e+00
1.5454545455e+00 -2.3333333333e+00 5.3259066800e+00
1.5454545455e+00 -2.2727272727e+00 5.4721088244e+00
1.5454545455e+00 -2.2121212121e+00 5.6276159344e+00
1.5454545455e+00 -2.1515151515e+00 5.7935355463e+00
1.5454545455e+00 -2.0909090909e+00 5.9711959641e+00
1.5454545455e+00 -2.0303030303e+00 6.1622122513e+00
1.5454545455e+00 -1.9696969697e+00 6.3685794369e+00
1.5454545455e+00 -1.9090909091e+00 6.5928077030e+00
1.5454545455e+00 -1.8484848485e+00 6.8381246290e+00
1.5454545455e+00 -1.7878787879e+00 7.1087890073e+00
1.5454545455e+00 -1.7272727273e+00 7.4105996153e+00
1.5454545455e+00 -1.6666666667e+00 7.7517656146e+00
1.5454545455e+00 -1.6060606061e+00 8.1444997996e+00
1.5454545455e+00 -1.5454545455e+00 8.6082032823e+00
1.5454545455e+00 -1.4848484848e+00 9.1766427606e+00
1.5454545455e+00 -1.4242424242e+00 9.9172277687e+00
1.5454545455e+00 -1.3636363636e+00 1.1000166391e+01
1.5454545455e+00 -1.3030303030e+00 1.3168044856e+01
1.5454545455e+00 -1.2424242424e+00 1.3737202230e+01
1.5454545455e+00 -1.1818181818e+00 1.1495273961e+01
1.5454545455e+00 -1.1212121212e+00 1.0540448146e+01
1.5454545455e+00 -1.0606060606e+00 9.9447223108e+00
1.5454545455e+00 -1.0000000000e+00 9.5208023563e+00
1.5454545455e+00 -9.3939393939e-01 9.1979413230e+00
1.5454545455e+00 -8.7878787879e-01 8.9417772951e+00
1.5454545455e+00 -8.1818181818e-01 8.7330540311e+00
1.5454545455e+00 -7.5757575758e-01 8.5599248895e+00
1.5454545455e+00 -6.9696969697e-01 8.4146073667e+00
1.5454545455e+00 -6.3636363636e-01 8.2917361089e+00
1.5454545455e+00 -5.7575757576e-01 8.1874752931e+00
1.5454545455e+00 -5.1515151515e-01 8.0990061542e+00
1.5454545455e+00 -4.5454545455e-01 8.0242147090e+00
1.5454545455e+00 -3.9393939394e-01 7.9614931366e+00
1.5454545455e+00 -3.3333333333e-01 7.9096090846e+00
1.5454545455e+00 -2.7272727273e-01 7.8676174025e+00
1.5454545455e+00 -2.1212121212e-01 7.8347994497e+00
1.5454545455e+00 -1.5151515152e-01 7.8106210232e+00
1.5454545455e+00 -9.0909090909e-02 7.7947033658e+00
1.5454545455e+00 -3.0303030303e-02 7.7868037925e+00
1.5454545455e+00 3.0303030303e-02 7.7868037925e+00
1.5454545455e+00 9.0909090909e-02 7.7947033658e+00
1.5454545455e+00 1.5151515152e-01 7.8106210232e+00
1.5454545455e+00 2.1212121212e-01 7.8347994497e+00
1.5454545455e+00 2.7272727273e-01 7.8676174025e+00
1.5454545455e+00 3.3333333333e-01 7.9096090846e+00
1.5454545455e+00 3.9393939394e-01 7.9614931366e+00
1.5454545455e+00 4.5454545455e-01 8.0242147090e+00
1.5454545455e+00 5.1515151515e-01 8.0990061542e+00
1.5454545455e+00 5.7575757576e-01 8.1874752931e+00
1.5454545455e+00 6.3636363636e-01 8.2917361089e+00
1.5454545455e+00 6.9696969697e-01 8.4146073667e+00
1.5454545455e+00 7.5757575758e-01 8.5599248895e+00
1.5454545455e+00 8.1818181818e-01 8.7330540311e+00
1.5454545455e+00 8.7878787879e-01 8.9417772951e+00
1.5454545455e+00 9.3939393939e-01 9.1979413230e+00
1.5454545455e+00 1.0000000000e+00 9.5208023563e+00
1.5454545455e+00 1.0606060606e+00 9.9447223108e+00
1.5454545455e+00 1.1212121212e+00 1.0540448146e+01
1.5454545455e+00 1.1818181818e+00 1.1495273961e+01
1.5454545455e+00 1.2424242424e+00 1.3737202230e+01
1.5454545455e+00 1.3030303030e+00 1.3168044856e+01
1.5454545455e+00 1.3636363636e+00 1.1000166391e+01
1.5454545455e+00 1.4242424242e+00 9.9172277687e+00
1.5454545455e+00 1.4848484848e+00 9.1766427606e+00
1.5454545455e+00 1.5454545455e+00 8.6082032823e+00
1.5454545455e+00 1.6060606061e+00 8.1444997996e+00
1.5454545455e+00 1.6666666667e+00 7.7517656146e+00
1.5454545455e+00 1.7272727273e+00 7.4105996153e+00
1.5454545455e+00 1.7878787879e+00 7.1087890073e+00
1.5454545455e+00 1.8484848485e+00 6.8381246290e+00
1.5454545455e+00 1.9090909091e+00 6.5928077030e+00
1.5454545455e+00 1.9696969697e+00 6.3685794369e+00
1.5454545455e+00 2.0303030303e+00 6.1622122513e+00
1.5454545455e+00 2.0909090909e+00 5.9711959641e+00
1.5454545455e+00 2.1515151515e+00 5.7935355463e+00
1.5454545455e+00 2.2121212121e+00 5.6276159344e+00
1.5454545455e+00 2.2727272727e+00 5.4721088244e+00
1.5454545455e+00 2.3333333333e+00 5.3259066800e+00
1.5454545455e+00 2.3939393939e+00 5.1880749157e+00
1.5454545455e+00 2.4545454545e+00 5.0578165385e+00
1.5454545455e+00 2.5151515152e+00 4.9344455278e+00
1.5454545455e+00 2.5757575758e+00 4.8173664680e+00
1.5454545455e+00 2.6363636364e+00 4.7060587392e+00
1.5454545455e+00 2.6969696970e+00 4.6000640844e+00
1.5454545455e+00 2.7575757576e+00 4.4989767141e+00
1.5454545455e+00 2.8181818182e+00 4.4024353461e+00
1.5454545455e+00 2.8787878788e+00 4.3101167364e+00
1.5454545455e+00 2.9393939394e+00 4.2217303751e+00
1.5454545455e+00 3.0000000000e+00 4.1370140995e+00

1.6060606061e+00 -3.0000000000e+00 4.0941297276e+00
1.6060606061e+00 -2.9393939394e+00 4.1761226156e+00
1.6060606061e+00 -2.8787878788e+00 4.2615420882e+00
1.6060606061e+00 -2.8181818182e+00 4.3506210408e+00
1.6060606061e+00 -2.7575757576e+00 4.4436161072e+00
1.6060606061e+00 -2.6969696970e+00 4.5408111150e+00
1.6060606061e+00 -2.6363636364e+00 4.6425212224e+00
1.6060606061e+00 -2.5757575758e+00 4.7490979087e+00
1.6060606061e+00 -2.5151515152e+00 4.8609350465e+00
1.6060606061e+00 -2.4545454545e+00 4.9784763542e+00
1.6060606061e+00 -2.3939393939e+00 5.1022246352e+00
1.6060606061e+00 -2.3333333333e+00 5.2327533535e+00
1.6060606061e+00 -2.2727272727e+00 5.3707213053e+00
1.6060606061e+00 -2.2121212121e+00 5.5168914560e+00
1.6060606061e+00 -2.1515151515e+00 5.6721554657e+00
1.6060606061e+00 -2.0909090909e+00 5.8375661259e+00
1.6060606061e+00 -2.0303030303e+00 6.0143810132e+00
1.6060606061e+00 -1.9696969697e+00 6.2041224038e+00
1.6060606061e+00 -1.9090909091e+00 6.4086613568e+00
1.6060606061e+00 -1.8484848485e+00 6.6303387690e+00
1.6060606061e+00 -1.7878787879e+00 6.8721448893e+00
1.6060606061e+00 -1.7272727273e+00 7.1379949515e+00
1.6060606061e+00 -1.6666666667e+00 7.4331703481e+00
1.6060606061e+00 -1.6060606061e+00 7.7650614382e+00
1.6060606061e+00 -1.5454545455e+00 8.1444997996e+00
1.6060606061e+00 -1.4848484848e+00 8.5883502578e+00
1.6060606061e+00 -1.4242424242e+00 9.1251366228e+00
1.6060606061e+00 -1.3636363636e+00 9.8093168854e+00
1.6060606061e+00 -1.3030303030e+00 1.0767662009e+01
1.6060606061e+00 -1.2424242424e+00 1.2443707209e+01
1.6060606061e+00 -1.1818181818e+00 1.5764146229e+01
1.6060606061e+00 -1.1212121212e+00 1.2023101176e+01
1.6060606061e+00 -1.0606060606e+00 1.0884443054e+01
1.6060606061e+00 -1.0000000000e+00 1.0218086763e+01
1.6060606061e+00 -9.3939393939e-01 9.7577222617e+00
1.6060606061e+00 -8.7878787879e-01 9.4133384967e+00
1.6060606061e+00 -8.1818181818e-01 9.1435643110e+00
1.6060606061e+00 -7.5757575758e-01 8.9259880687e+00
1.6060606061e+00 -6.9696969697e-01 8.7471395731e+00
1.6060606061e+00 -6.3636363636e-01 8.5983220325e+00
1.6060606061e+00 -5.7575757576e-01 8.4736222507e+00
1.6060606061e+00 -5.1515151515e-01 8.3688626288e+00
1.6060606061e+00 -4.5454545455e-01 8.2810069432e+00
1.6060606061e+00 -3.9393939394e-01 8.2078036323e+00
1.6060606061e+00 -3.3333333333e-01 8.1475618829e+00
1.6060606061e+00 -2.7272727273e-01 8.0990061542e+00
1.6060606061e+00 -2.1212121212e-01 8.0611792852e+00
1.6060606061e+00 -1.5151515152e-01 8.0333770478e+00
1.6060606061e+00 -9.0909090909e-02 8.0151039725e+00
1.6060606061e+00 -3.0303030303e-02 8.0060442909e+00
1.6060606061e+00 3.0303030303e-02 8.0060442909e+00
1.6060606061e+00 9.0909090909e-02 8.0151039725e+00
1.6060606061e+00 1.5151515152e-01 8.0333770478e+00
1.6060606061e+00 2.1212121212e-01 8.0611792852e+00
1.6060606061e+00 2.7272727273e-01 8.0990061542e+00
1.6060606061e+00 3.3333333333e-01 8.1475618829e+00
1.6060606061e+00 3.9393939394e-01 8.2078036323e+00
1.6060606061e+00 4.5454545455e-01 8.2810069432e+00
1.6060606061e+00 5.1515151515e-01 8.3688626288e+00
1.6060606061e+00 5.7575757576e-01 8.4736222507e+00
1.6060606061e+00 6.3636363636e-01 8.5983220325e+00
1.6060606061e+00 6.9696969697e-01 8.7471395731e+00
1.6060606061e+00 7.5757575758e-01 8.9259880687e+00
1.6060606061e+00 8.1818181818e-01 9.1435643110e+00
1.6060606061e+00 8.7878787879e-01 9.4133384967e+00
1.6060606061e+00 9.3939393939e-01 9.7577222617e+00
1.6060606061e+00 1.0000000000e+00 1.0218086763e+01
1.6060606061e+00 1.0606060606e+00 1.0884443054e+01
1.6060606061e+00 1.1212121212e+00 1.2023101176e+01
1.6060606061e+00 1.1818181818e+00 1.5764146229e+01
1.6060606061e+00 1.2424242424e+00 1.2443707209e+01
1.6060606061e+00 1.3030303030e+00 1.0767662009e+01
1.6060606061e+00 1.3636363636e+00 9.8093168854e+00
1.6060606061e+00 1.4242424242e+00 9.1251366228e+00
1.6060606061e+00 1.4848484848e+00 8.5883502578e+00
1.6060606061e+00 1.5454545455e+00 8.1444997996e+00
1.6060606061e+00 1.6060606061e+00 7.7650614382e+00
1.6060606061e+00 1.6666666667e+00 7.4331703481e+00
1.6060606061e+00 1.7272727273e+00 7.1379949515e+00
1.6060606061e+00 1.7878787879e+00 6.8721448893e+00
1.6060606061e+00 1.8484848485e+00 6.6303387690e+00
1.6060606061e+00 1.9090909091e+00 6.4086613568e+00
1.6060606061e+00 1.9696969697e+00 6.2041224038e+00
1.6060606061e+00 2.0303030303e+00 6.0143810132e+00
1.6060606061e+00 2.0909090909e+00 5.8375661259e+00
1.6060606061e+00 2.1515151515e+00 5.6721554657e+00
1.6060606061e+00 2.2121212121e+00 5.5168914560e+00
1.6060606061e+00 2.2727272727e+00 5.3707213053e+00
1.6060606061e+00 2.3333333333e+00 5.2327533535e+00
1.6060606061e+00 2.3939393939e+00 5.1022246352e+00
1.6060606061e+00 2.4545454545e+00 4.9784763542e+00
1.6060606061e+00 2.5151515152e+00 4.8609350465e+00
1.6060606061e+00 2.5757575758e+00 4.7490979087e+00
1.6060606061e+00 2.6363636364e+00 4.6425212224e+00
1.6060606061e+00 2.6969696970e+00 4.5408111150e+00
1.6060606061e+00 2.7575757576e+00 4.4436161072e+00
1.6060606061e+00 2.8181818182e+00 4.3506210408e+00
1.6060606061e+00 2.8787878788e+00 4.2615420882e+00
1.6060606061e+00 2.9393939394e+00 4.1761226156e+00
1.6060606061e+00 3.0000000000e+00 4.0941297276e+00

1.6666666667e+00 -3.0000000000e+00 4.0510077302e+00
1.6666666667e+00 -2.9393939394e+00 4.1303267032e+00
1.6666666667e+00 -2.8787878788e+00 4.2128407040e+00
1.6666666667e+00 -2.8181818182e+00 4.2987558960e+00
1.6666666667e+00 -2.7575757576e+00 4.3882981677e+00
1.6666666667e+00 -2.6969696970e+00 4.4817158187e+00
1.6666666667e+00 -2.6363636364e+00 4.5792827433e+00
1.6666666667e+00 -2.5757575758e+00 4.6813022293e+00
1.6666666667e+00 -2.5151515152e+00 4.7881115252e+00
1.6666666667e+00 -2.4545454545e+00 4.9000873776e+00
1.6666666667e+00 -2.3939393939e+00 5.0176528021e+00
1.6666666667e+00 -2.3333333333e+00 5.1412854433e+00
1.6666666667e+00 -2.2727272727e+00 5.2715280029e+00
1.6666666667e+00 -2.2121212121e+00 5.4090013959e+00
1.6666666667e+00 -2.1515151515e+00 5.5544215533e+00
1.6666666667e+00 -2.0909090909e+00 5.7086211754e+00
1.6666666667e+00 -2.0303030303e+00 5.8725783188e+00
1.6666666667e+00 -1.9696969697e+00 6.0474545952e+00
1.6666666667e+00 -1.9090909091e+00 6.2346471736e+00
1.6666666667e+00 -1.8484848485e+00 6.4358610845e+00
1.6666666667e+00 -1.7878787879e+00 6.6532121945e+00
1.6666666667e+00 -1.7272727273e+00 6.8893779887e+00
1.6666666667e+00 -1.6666666667e+00 7.1478256221e+00
1.6666666667e+00 -1.6060606061e+00 7.4331703481e+00
1.6666666667e+00 -1.5454545455e+00 7.7517656146e+00
1.6666666667e+00 -1.4848484848e+00 8.1127318448e+00
1.6666666667e+00 -1.4242424242e+00 8.5298853555e+00
1.6666666667e+00 -1.3636363636e+00 9.0257187695e+00
1.6666666667e+00 -1.3030303030e+00 9.6407832946e+00
1.6666666667e+00 -1.2424242424e+00 1.0460702224e+01
1.6666666667e+00 -1.1818181818e+00 1.1726443990e+01
1.6666666667e+00 -1.1212121212e+00 1.5004363312e+01
1.6666666667e+00 -1.0606060606e+00 1.3032232728e+01
1.6666666667e+00 -1.0000000000e+00 1.1430671865e+01
1.6666666667e+00 -9.3939393939e-01 1.0620574748e+01
1.6666666667e+00 -8.7878787879e-01 1.0091422711e+01
1.6666666667e+00 -8.1818181818e-01 9.7077242022e+00
1.6666666667e+00 -7.5757575758e-01 9.4133384967e+00
1.6666666667e+00 -6.9696969697e-01 9.1796246594e+00
1.6666666667e+00 -6.3636363636e-01 8.9900404018e+00
1.6666666667e+00 -5.7575757576e-01 8.8342089011e+00
1.6666666667e+00 -5.1515151515e-01 8.7052308430e+00
1.6666666667e+00 -4.5454545455e-01 8.5983220325e+00
1.6666666667e+00 -3.9393939394e-01 8.5100635205e+00
1.6666666667e+00 -3.3333333333e-01 8.4379622172e+00
1.6666666667e+00 -2.7272727273e-01 8.3801808258e+00
1.6666666667e+00 -2.1212121212e-01 8.3353658744e+00
1.6666666667e+00 -1.5151515152e-01 8.3025356935e+00
1.6666666667e+00 -9.0909090909e-02 8.2810069432e+00
1.6666666667e+00 -3.0303030303e-02 8.2703473297e+00
1.6666666667e+00 3.0303030303e-02 8.2703473297e+00
1.6666666667e+00 9.0909090909e-02 8.2810069432e+00
1.6666666667e+00 1.5151515152e-01 8.3025356935e+00
1.6666666667e+00 2.1212121212e-01 8.3353658744e+00
1.6666666667e+00 2.7272727273e-01 8.3801808258e+00
1.6666666667e+00 3.3333333333e-01 8.4379622172e+00
1.6666666667e+00 3.9393939394e-01 8.5100635205e+00
1.6666666667e+00 4.5454545455e-01 8.5983220325e+00
1.6666666667e+00 5.1515151515e-01 8.7052308430e+00
1.6666666667e+00 5.7575757576e-01 8.8342089011e+00
1.6666666667e+00 6.3636363636e-01 8.9900404018e+00
1.6666666667e+00 6.9696969697e-01 9.1796246594e+00
1.6666666667e+00 7.5757575758e-01 9.4133384967e+00
1.6666666667e+00 8.1818181818e-01 9.7077242022e+00
1.6666666667e+00 8.7878787879e-01 1.0091422711e+01
1.6666666667e+00 9.3939393939e-01 1.0620574748e+01
1.6666666667e+00 1.0000000000e+00 1.1430671865e+01
1.6666666667e+00 1.0606060606e+00 1.3032232728e+01
1.6666666667e+00 1.1212121212e+00 1.5004363312e+01
1.6666666667e+00 1.1818181818e+00 1.1726443990e+01
1.6666666667e+00 1.2424242424e+00 1.0460702224e+01
1.6666666667e+00 1.3030303030e+00 9.6407832946e+00
1.6666666667e+00 1.3636363636e+00 9.0257187695e+00
1.6666666667e+00 1.4242424242e+00 8.5298853555e+00
1.6666666667e+00 1.4848484848e+00 8.1127318448e+00
1.6666666667e+00 1.5454545455e+00 7.7517656146e+00
1.6666666667e+00 1.6060606061e+00 7.4331703481e+00
1.6666666667e+00 1.6666666667e+00 7.1478256221e+00
1.6666666667e+00 1.7272727273e+00 6.8893779887e+00
1.6666666667e+00 1.7878787879e+00 6.6532121945e+00
1.6666666667e+00 1.8484848485e+00 6.4358610845e+00
1.6666666667e+00 1.9090909091e+00 6.2346471736e+00
1.6666666667e+00 1.9696969697e+00 6.0474545952e+00
1.6666666667e+00 2.0303030303e+00 5.8725783188e+00
1.6666666667e+00 2.0909090909e+00 5.7086211754e+00
1.6666666667e+00 2.1515151515e+00 5.5544215533e+00
1.6666666667e+00 2.2121212121e+00 5.4090013959e+00
1.6666666667e+00 2.2727272727e+00 5.2715280029e+00
1.6666666667e+00 2.3333333333e+00 5.1412854433e+00
1.6666666667e+00 2.3939393939e+00 5.0176528021e+00
1.6666666667e+00 2.4545454545e+00 4.9000873776e+00
1.6666666667e+00 2.5151515152e+00 4.7881115252e+00
1.6666666667e+00 2.5757575758e+00 4.6813022293e+00
1.6666666667e+00 2.6363636364e+00 4.5792827433e+00
1.6666666667e+00 2.6969696970e+00 4.4817158187e+00
1.6666666667e+00 2.7575757576e+00 4.3882981677e+00
1.6666666667e+00 2.8181818182e+00 4.2987558960e+00
1.6666666667e+00 2.8787878788e+00 4.2128407040e+00
1.6666666667e+00 2.9393939394e+00 4.1303267032e+00
1.6666666667e+00 3.0000000000e+00 4.0510077302e+00

1.7272727273e+00 -3.0000000000e+00 4.0077263466e+00
1.7272727273e+00 -2.9393939394e+00 4.0844254863e+00
1.7272727273e+00 -2.8787878788e+00 4.1641000208e+00
1.7272727273e+00 -2.8181818182e+00 4.2469317823e+00
1.7272727273e+00 -2.7575757576e+00 4.3331188507e+00
1.7272727273e+00 -2.6969696970e+00 4.4228776096e+00
1.7272727273e+00 -2.6363636364e+00 4.5164451572e+00
1.7272727273e+00 -2.5757575758e+00 4.6140821500e+00
1.7272727273e+00 -2.5151515152e+00 4.7160761823e+00
1.7272727273e+00 -2.4545454545e+00 4.8227458298e+00
1.7272727273e+00 -2.3939393939e+00 4.9344455278e+00
1.7272727273e+00 -2.3333333333e+00 5.0515715046e+00
1.7272727273e+00 -2.2727272727e+00 5.1745690671e+00
1.7272727273e+00 -2.2121212121e+00 5.3039416333e+00
1.7272727273e+00 -2.1515151515e+00 5.4402620543e+00
1.7272727273e+00 -2.0909090909e+00 5.5841869709e+00
1.7272727273e+00 -2.0303030303e+00 5.7364752560e+00
1.7272727273e+00 -1.9696969697e+00 5.8980120398e+00
1.7272727273e+00 -1.9090909091e+00 6.0698405028e+00
1.7272727273e+00 -1.8484848485e+00 6.2532046854e+00
1.7272727273e+00 -1.7878787879e+00 6.4496082687e+00
1.7272727273e+00 -1.7272727273e+00 6.6608970950e+00
1.7272727273e+00 -1.6666666667e+00 6.8893779887e+00
1.7272727273e+00 -1.6060606061e+00 7.1379949515e+00
1.7272727273e+00 -1.5454545455e+00 7.4105996153e+00
1.7272727273e+00 -1.4848484848e+00 7.7123838592e+00
1.7272727273e+00 -1.4242424242e+00 8.0506074711e+00
1.7272727273e+00 -1.3636363636e+00 8.4359012389e+00
1.7272727273e+00 -1.3030303030e+00 8.8847965380e+00
1.7272727273e+00 -1.2424242424e+00 9.4251971831e+00
1.7272727273e+00 -1.1818181818e+00 1.0110191622e+01
1.7272727273e+00 -1.1212121212e+00 1.1062517750e+01
1.7272727273e+00 -1.0606060606e+00 1.2703906630e+01
1.7272727273e+00 -1.0000000000e+00 1.6711967511e+01
1.7272727273e+00 -9.3939393939e-01 1.2407677054e+01
1.7272727273e+00 -8.7878787879e-01 1.1249293792e+01
1.7272727273e+00 -8.1818181818e-01 1.0580071453e+01
1.7272727273e+00 -7.5757575758e-01 1.0122261686e+01
1.7272727273e+00 -6.9696969697e-01 9.7832609533e+00
1.7272727273e+00 -6.3636363636e-01 9.5208023563e+00
1.7272727273e+00 -5.7575757576e-01 9.3121090373e+00
1.7272727273e+00 -5.1515151515e-01 9.1435643110e+00
1.7272727273e+00 -4.5454545455e-01 9.0064356788e+00
1.7272727273e+00 -3.9393939394e-01 8.8948416952e+00
1.7272727273e+00 -3.3333333333e-01 8.8046855910e+00
1.7272727273e+00 -2.7272727273e-01 8.7330540311e+00
1.7272727273e+00 -2.1212121212e-01 8.6778595424e+00
1.7272727273e+00 -1.5151515152e-01 8.6376198671e+00
1.7272727273e+00 -9.0909090909e-02 8.6113192578e+00
1.7272727273e+00 -3.0303030303e-02 8.5983220325e+00
1.7272727273e+00 3.0303030303e-02 8.5983220325e+00
1.7272727273e+00 9.0909090909e-02 8.6113192578e+00
1.7272727273e+00 1.5151515152e-01 8.6376198671e+00
1.7272727273e+00 2.1212121212e-01 8.6778595424e+00
1.7272727273e+00 2.7272727273e-01 8.7330540311e+00
1.7272727273e+00 3.3333333333e-01 8.8046855910e+00
1.7272727273e+00 3.9393939394e-01 8.8948416952e+00
1.7272727273e+00 4.5454545455e-01 9.0064356788e+00
1.7272727273e+00 5.1515151515e-01 9.1435643110e+00
1.7272727273e+00 5.7575757576e-01 9.3121090373e+00
1.7272727273e+00 6.3636363636e-01 9.5208023563e+00
1.7272727273e+00 6.9696969697e-01 9.7832609533e+00
1.7272727273e+00 7.5757575758e-01 1.0122261686e+01
1.7272727273e+00 8.1818181818e-01 1.0580071453e+01
1.7272727273e+00 8.7878787879e-01 1.1249293792e+01
1.7272727273e+00 9.3939393939e-01 1.2407677054e+01
1.7272727273e+00 1.0000000000e+00 1.6711967511e+01
1.7272727273e+00 1.0606060606e+00 1.2703906630e+01
1.7272727273e+00 1.1212121212e+00 1.1062517750e+01
1.7272727273e+00 1.1818181818e+00 1.0110191622e+01
1.7272727273e+00 1.2424242424e+00 9.4251971831e+00
1.7272727273e+00 1.3030303030e+00 8.8847965380e+00
1.7272727273e+00 1.3636363636e+00 8.4359012389e+00
1.7272727273e+00 1.4242424242e+00 8.0506074711e+00
1.7272727273e+00 1.4848484848e+00 7.7123838592e+00
1.7272727273e+00 1.5454545455e+00 7.4105996153e+00
1.7272727273e+00 1.6060606061e+00 7.1379949515e+00
1.7272727273e+00 1.6666666667e+00 6.8893779887e+00
1.7272727273e+00 1.7272727273e+00 6.6608970950e+00
1.7272727273e+00 1.7878787879e+00 6.4496082687e+00
1.7272727273e+00 1.8484848485e+00 6.2532046854e+00
1.7272727273e+00 1.9090909091e+00 6.0698405028e+00
1.7272727273e+00 1.9696969697e+00 5.8980120398e+00
1.7272727273e+00 2.0303030303e+00 5.7364752560e+00
1.7272727273e+00 2.0909090909e+00 5.5841869709e+00
1.7272727273e+00 2.1515151515e+00 5.4402620543e+00
1.7272727273e+00 2.2121212121e+00 5.3039416333e+00
1.7272727273e+00 2.2727272727e+00 5.1745690671e+00
1.7272727273e+00 2.3333333333e+00 5.0515715046e+00
1.7272727273e+00 2.3939393939e+00 4.9344455278e+00
1.7272727273e+00 2.4545454545e+00 4.8227458298e+00
1.7272727273e+00 2.5151515152e+00 4.7160761823e+00
1.7272727273e+00 2.5757575758e+00 4.6140821500e+00
1.7272727273e+00 2.6363636364e+00 4.5164451572e+00
1.7272727273e+00 2.6969696970e+00 4.4228776096e+00
1.7272727273e+00 2.7575757576e+00 4.3331188507e+00
1.7272727273e+00 2.8181818182e+00 4.2469317823e+00
1.7272727273e+00 2.8787878788e+00 4.1641000208e+00
1.7272727273e+00 2.9393939394e+00 4.0844254863e+00
1.7272727273e+00 3.0000000000e+00 4.0077263466e+00

1.7878787879e+00 -3.0000000000e+00 3.9643585214e+00
1.7878787879e+00 -2.9393939394e+00 4.0384957488e+00
1.7878787879e+00 -2.8787878788e+00 4.1154005391e+00
1.7878787879e+00 -2.8181818182e+00 4.1952326505e+00
1.7878787879e+00 -2.7575757576e+00 4.2781650920e+00
1.7878787879e+00 -2.6969696970e+00 4.3643856658e+00
1.7878787879e+00 -2.6363636364e+00 4.4540987568e+00
1.7878787879e+00 -2.5757575758e+00 4.5475274185e+00
1.7878787879e+00 -2.5151515152e+00 4.6449158197e+00
1.7878787879e+00 -2.4545454545e+00 4.7465321340e+00
1.7878787879e+00 -2.3939393939e+00 4.8526719760e+00
1.7878787879e+00 -2.3333333333e+00 4.9636625180e+00
1.7878787879e+00 -2.2727272727e+00 5.0798674631e+00
1.7878787879e+00 -2.2121212121e+00 5.2016931045e+00
1.7878787879e+00 -2.1515151515e+00 5.3295957784e+00
1.7878787879e+00 -2.0909090909e+00 5.4640911242e+00
1.7878787879e+00 -2.0303030303e+00 5.6057657174e+00
1.7878787879e+00 -1.9696969697e+00 5.7552918589e+00
1.7878787879e+00 -1.9090909091e+00 5.9134466238e+00
1.7878787879e+00 -1.8484848485e+00 6.0811367529e+00
1.7878787879e+00 -1.7878787879e+00 6.2594316968e+00
1.7878787879e+00 -1.7272727273e+00 6.4496082687e+00
1.7878787879e+00 -1.6666666667e+00 6.6532121945e+00
1.7878787879e+00 -1.6060606061e+00 6.8721448893e+00
1.7878787879e+00 -1.5454545455e+00 7.1087890073e+00
1.7878787879e+00 -1.4848484848e+00 7.3661956300e+00
1.7878787879e+00 -1.4242424242e+00 7.6483734099e+00
1.7878787879e+00 -1.3636363636e+00 7.9607545484e+00
1.7878787879e+00 -1.3030303030e+00 8.3109857179e+00
1.7878787879e+00 -1.2424242424e+00 8.7103606572e+00
1.7878787879e+00 -1.1818181818e+00 9.1766427606e+00
1.7878787879e+00 -1.1212121212e+00 9.7402966329e+00
1.7878787879e+00 -1.0606060606e+00 1.0460702224e+01
1.7878787879e+00 -1.0000000000e+00 1.1481117156e+01
1.7878787879e+00 -9.3939393939e-01 1.3349172534e+01
1.7878787879e+00 -8.7878787879e-01 1.5276659910e+01
1.7878787879e+00 -8.1818181818e-01 1.2407677057e+01
1.7878787879e+00 -7.5757575758e-01 1.1368230288e+01
1.7878787879e+00 -6.9696969697e-01 1.0747765695e+01
1.7878787879e+00 -6.3636363636e-01 1.0319295003e+01
1.7878787879e+00 -5.7575757576e-01 1.0001966831e+01
1.7878787879e+00 -5.1515151515e-01 9.7577222617e+00
1.7878787879e+00 -4.5454545455e-01 9.5657041349e+00
1.7878787879e+00 -3.9393939394e-01 9.4133384967e+00
1.7878787879e+00 -3.3333333333e-01 9.2925513405e+00
1.7878787879e+00 -2.7272727273e-01 9.1979413230e+00
1.7878787879e+00 -2.1212121212e-01 9.1258130725e+00
1.7878787879e+00 -1.5151515152e-01 9.0736320527e+00
1.7878787879e+00 -9.0909090909e-02 9.0397047662e+00
1.7878787879e+00 -3.0303030303e-02 9.0229894800e+00
1.7878787879e+00 3.0303030303e-02 9.0229894800e+00
1.7878787879e+00 9.0909090909e-02 9.0397047662e+00
1.7878787879e+00 1.5151515152e-01 9.0736320527e+00
1.7878787879e+00 2.1212121212e-01 9.1258130725e+00
1.7878787879e+00 2.7272727273e-01 9.1979413230e+00
1.7878787879e+00 3.3333333333e-01 9.2925513405e+00
1.7878787879e+00 3.9393939394e-01 9.4133384967e+00
1.7878787879e+00 4.5454545455e-01 9.5657041349e+00
1.7878787879e+00 5.1515151515e-01 9.7577222617e+00
1.7878787879e+00 5.7575757576e-01 1.0001966831e+01
1.7878787879e+00 6.3636363636e-01 1.0319295003e+01
1.7878787879e+00 6.9696969697e-01 1.0747765695e+01
1.7878787879e+00 7.5757575758e-01 1.1368230288e+01
1.7878787879e+00 8.1818181818e-01 1.2407677057e+01
1.7878787879e+00 8.7878787879e-01 1.5276659910e+01
1.7878787879e+00 9.3939393939e-01 1.3349172534e+01
1.7878787879e+00 1.0000000000e+00 1.1481117156e+01
1.7878787879e+00 1.0606060606e+00 1.0460702224e+01
1.7878787879e+00 1.1212121212e+00 9.7402966329e+00
1.7878787879e+00 1.1818181818e+00 9.1766427606e+00
1.7878787879e+00 1.2424242424e+00 8.7103606572e+00
1.7878787879e+00 1.3030303030e+00 8.3109857179e+00
1.7878787879e+00 1.3636363636e+00 7.9607545484e+00
1.7878787879e+00 1.4242424242e+00 7.6483734099e+00
1.7878787879e+00 1.4848484848e+00 7.3661956300e+00
1.7878787879e+00 1.5454545455e+00 7.1087890073e+00
1.7878787879e+00 1.6060606061e+00 6.8721448893e+00
1.7878787879e+00 1.6666666667e+00 6.6532121945e+00
1.7878787879e+00 1.7272727273e+00 6.4496082687e+00
1.7878787879e+00 1.7878787879e+00 6.2594316968e+00
1.7878787879e+00 1.8484848485e+00 6.0811367529e+00
1.7878787879e+00 1.9090909091e+00 5.9134466238e+00
1.7878787879e+00 1.9696969697e+00 5.7552918589e+00
1.7878787879e+00 2.0303030303e+00 5.6057657174e+00
1.7878787879e+00 2.0909090909e+00 5.4640911242e+00
1.7878787879e+00 2.1515151515e+00 5.3295957784e+00
1.7878787879e+00 2.2121212121e+00 5.2016931045e+00
1.7878787879e+00 2.2727272727e+00 5.0798674631e+00
1.7878787879e+00 2.3333333333e+00 4.9636625180e+00
1.7878787879e+00 2.3939393939e+00 4.8526719760e+00
1.7878787879e+00 2.4545454545e+00 4.7465321340e+00
1.7878787879e+00 2.5151515152e+00 4.6449158197e+00
1.7878787879e+00 2.5757575758e+00 4.5475274185e+00
1.7878787879e+00 2.6363636364e+00 4.4540987568e+00
1.7878787879e+00 2.6969696970e+00 4.3643856658e+00
1.7878787879e+00 2.7575757576e+00 4.2781650920e+00
1.7878787879e+00 2.8181818182e+00 4.1952326505e+00
1.7878787879e+00 2.8787878788e+00 4.1154005391e+00
1.7878787879e+00 2.9393939394e+00 4.0384957488e+00
1.7878787879e+00 3.0000000000e+00 3.9643585214e+00

1.8484848485e+00 -3.0000000000e+00 3.9209719858e+00
1.8484848485e+00 -2.9393939394e+00 3.9926083501e+00
1.8484848485e+00 -2.8787878788e+00 4.0668160376e+00
1.8484848485e+00 -2.8181818182e+00 4.1437348435e+00
1.8484848485e+00 -2.7575757576e+00 4.2235152419e+00
1.8484848485e+00 -2.6969696970e+00 4.3063195157e+00
1.8484848485e+00 -2.6363636364e+00 4.3923230496e+00
1.8484848485e+00 -2.5757575758e+00 4.4817158187e+00
1.8484848485e+00 -2.5151515152e+00 4.5747041104e+00
1.8484848485e+00 -2.4545454545e+00 4.6715125285e+00
1.8484848485e+00 -2.3939393939e+00 4.7723863406e+00
1.8484848485e+00 -2.3333333333e+00 4.8775942447e+00
1.8484848485e+00 -2.2727272727e+00 4.9874316556e+00
1.8484848485e+00 -2.2121212121e+00 5.1022246352e+00
1.8484848485e+00 -2.1515151515e+00 5.2223346346e+00
1.8484848485e+00 -2.0909090909e+00 5.3481642644e+00
1.8484848485e+00 -2.0303030303e+00 5.4801643816e+00
1.8484848485e+00 -1.9696969697e+00 5.6188428839e+00
1.8484848485e+00 -1.9090909091e+00 5.7647757402e+00
1.8484848485e+00 -1.8484848485e+00 5.9186209917e+00
1.8484848485e+00 -1.7878787879e+00 6.0811367529e+00
1.8484848485e+00 -1.7272727273e+00 6.2532046854e+00
1.8484848485e+00 -1.6666666667e+00 6.4358610845e+00
1.8484848485e+00 -1.6060606061e+00 6.6303387690e+00
1.8484848485e+00 -1.5454545455e+00 6.8381246290e+00
1.8484848485e+00 -1.4848484848e+00 7.0610404389e+00
1.8484848485e+00 -1.4242424242e+00 7.3013592260e+00
1.8484848485e+00 -1.3636363636e+00 7.5619777834e+00
1.8484848485e+00 -1.3030303030e+00 7.8466813125e+00
1.8484848485e+00 -1.2424242424e+00 8.1605663274e+00
1.8484848485e+00 -1.1818181818e+00 8.5107509478e+00
1.8484848485e+00 -1.1212121212e+00 8.9076442922e+00
1.8484848485e+00 -1.0606060606e+00 9.3674036266e+00
1.8484848485e+00 -1.0000000000e+00 9.9172277687e+00
1.8484848485e+00 -9.3939393939e-01 1.0608635387e+01
1.8484848485e+00 -8.7878787879e-01 1.1559751646e+01
1.8484848485e+00 -8.1818181818e-01 1.3168038228e+01
1.8484848485e+00 -7.5757575758e-01 1.7435181034e+01
1.8484848485e+00 -6.9696969697e-01 1.3032235011e+01
1.8484848485e+00 -6.3636363636e-01 1.1856612203e+01
1.8484848485e+00 -5.7575757576e-01 1.1192561352e+01
1.8484848485e+00 -5.1515151515e-01 1.0747765695e+01
1.8484848485e+00 -4.5454545455e-01 1.0426505080e+01
1.8484848485e+00 -3.9393939394e-01 1.0185574704e+01
1.8484848485e+00 -3.3333333333e-01 1.0001966831e+01
1.8484848485e+00 -2.7272727273e-01 9.8621598834e+00
1.8484848485e+00 -2.1212121212e-01 9.7577222617e+00
1.8484848485e+00 -1.5151515152e-01 9.6832455789e+00
1.8484848485e+00 -9.0909090909e-02 9.6352838177e+00
1.8484848485e+00 -3.0303030303e-02 9.6117835923e+00
1.8484848485e+00 3.0303030303e-02 9.6117835923e+00
1.8484848485e+00 9.0909090909e-02 9.6352838177e+00
1.8484848485e+00 1.5151515152e-01 9.6832455789e+00
1.8484848485e+00 2.1212121212e-01 9.7577222617e+00
1.8484848485e+00 2.7272727273e-01 9.8621598834e+00
1.8484848485e+00 3.3333333333e-01 1.0001966831e+01
1.8484848485e+00 3.9393939394e-01 1.0185574704e+01
1.8484848485e+00 4.5454545455e-01 1.0426505080e+01
1.8484848485e+00 5.1515151515e-01 1.0747765695e+01
1.8484848485e+00 5.7575757576e-01 1.1192561352e+01
1.8484848485e+00 6.3636363636e-01 1.1856612203e+01
1.8484848485e+00 6.9696969697e-01 1.3032235011e+01
1.8484848485e+00 7.5757575758e-01 1.7435181034e+01
1.8484848485e+00 8.1818181818e-01 1.3168038228e+01
1.8484848485e+00 8.7878787879e-01 1.1559751646e+01
1.8484848485e+00 9.3939393939e-01 1.0608635387e+01
1.8484848485e+00 1.0000000000e+00 9.9172277687e+00
1.8484848485e+00 1.0606060606e+00 9.3674036266e+00
1.8484848485e+00 1.1212121212e+00 8.9076442922e+00
1.8484848485e+00 1.1818181818e+00 8.5107509478e+00
1.8484848485e+00 1.2424242424e+00 8.1605663274e+00
1.8484848485e+00 1.3030303030e+00 7.8466813125e+00
1.8484848485e+00 1.3636363636e+00 7.5619777834e+00
1.8484848485e+00 1.4242424242e+00 7.3013592260e+00
1.8484848485e+00 1.4848484848e+00 7.0610404389e+00
1.8484848485e+00 1.5454545455e+00 6.8381246290e+00
1.8484848485e+00 1.6060606061e+00 6.6303387690e+00
1.8484848485e+00 1.6666666667e+00 6.4358610845e+00
1.8484848485e+00 1.7272727273e+00 6.2532046854e+00
1.8484848485e+00 1.7878787879e+00 6.0811367529e+00
1.8484848485e+00 1.8484848485e+00 5.9186209917e+00
1.8484848485e+00 1.9090909091e+00 5.7647757402e+00
1.8484848485e+00 1.9696969697e+00 5.6188428839e+00
1.8484848485e+00 2.0303030303e+00 5.4801643816e+00
1.8484848485e+00 2.0909090909e+00 5.3481642644e+00
1.8484848485e+00 2.1515151515e+00 5.2223346346e+00
1.8484848485e+00 2.2121212121e+00 5.1022246352e+00
1.8484848485e+00 2.2727272727e+00 4.9874316556e+00
1.8484848485e+00 2.3333333333e+00 4.8775942447e+00
1.8484848485e+00 2.3939393939e+00 4.7723863406e+00
1.8484848485e+00 2.4545454545e+00 4.6715125285e+00
1.8484848485e+00 2.5151515152e+00 4.5747041104e+00
1.8484848485e+00 2.5757575758e+00 4.4817158187e+00
1.8484848485e+00 2.6363636364e+00 4.3923230496e+00
1.8484848485e+00 2.6969696970e+00 4.3063195157e+00
1.8484848485e+00 2.7575757576e+00 4.2235152419e+00
1.8484848485e+00 2.8181818182e+00 4.1437348435e+00
1.8484848485e+00 2.8787878788e+00 4.0668160376e+00
1.8484848485e+00 2.9393939394e+00 3.9926083501e+00
1.8484848485e+00 3.0000000000e+00 3.9209719858e+00

1.9090909091e+00 -3.0000000000e+00 3.8776293761e+00
1.9090909091e+00 -2.9393939394e+00 3.9468284026e+00
1.9090909091e+00 -2.8787878788e+00 4.0184138272e+00
1.9090909091e+00 -2.8181818182e+00 4.0925074433e+00
1.9090909091e+00 -2.7575757576e+00 4.1692395286e+00
1.9090909091e+00 -2.6969696970e+00 4.2487496445e+00
1.9090909091e+00 -2.6363636364e+00 4.3311875366e+00
1.9090909091e+00 -2.5757575758e+00 4.4167141574e+00
1.9090909091e+00 -2.5151515152e+00 4.5055028289e+00
1.9090909091e+00 -2.4545454545e+00 4.5977405748e+00
1.9090909091e+00 -2.3939393939e+00 4.6936296529e+00
1.9090909091e+00 -2.3333333333e+00 4.7933893291e+00
1.9090909091e+00 -2.2727272727e+00 4.8972579434e+00
1.9090909091e+00 -2.2121212121e+00 5.0054953314e+00
1.9090909091e+00 -2.1515151515e+00 5.1183856846e+00
1.9090909091e+00 -2.0909090909e+00 5.2362409505e+00
1.9090909091e+00 -2.0303030303e+00 5.3594049110e+00
1.9090909091e+00 -1.9696969697e+00 5.4882581126e+00
1.9090909091e+00 -1.9090909091e+00 5.6232238825e+00
1.9090909091e+00 -1.8484848485e+00 5.7647757402e+00
1.9090909091e+00 -1.7878787879e+00 5.9134466238e+00
1.9090909091e+00 -1.7272727273e+00 6.0698405028e+00
1.9090909091e+00 -1.6666666667e+00 6.2346471736e+00
1.9090909091e+00 -1.6060606061e+00 6.4086613568e+00
1.9090909091e+00 -1.5454545455e+00 6.5928077030e+00
1.9090909091e+00 -1.4848484848e+00 6.7881740571e+00
1.9090909091e+00 -1.4242424242e+00 6.9960564947e+00
1.9090909091e+00 -1.3636363636e+00 7.2180215132e+00
1.9090909091e+00 -1.3030303030e+00 7.4559938660e+00
1.9090909091e+00 -1.2424242424e+00 7.7123838592e+00
1.9090909091e+00 -1.1818181818e+00 7.9902774763e+00
1.9090909091e+00 -1.1212121212e+00 8.2937306146e+00
1.9090909091e+00 -1.0606060606e+00 8.6282443126e+00
1.9090909091e+00 -1.0000000000e+00 9.0015735361e+00
1.9090909091e+00 -9.3939393939e-01 9.4251971831e+00
1.9090909091e+00 -8.7878787879e-01 9.9172277687e+00
1.9090909091e+00 -8.1818181818e-01 1.0508876998e+01
1.9090909091e+00 -7.5757575758e-01 1.1261443837e+01
1.9090909091e+00 -6.9696969697e-01 1.2324878901e+01
1.9090909091e+00 -6.3636363636e-01 1.4293667161e+01
1.9090909091e+00 -5.7575757576e-01 1.5839998695e+01
1.9090909091e+00 -5.1515151515e-01 1.3185840787e+01
1.9090909091e+00 -4.5454545455e-01 1.2205668123e+01
1.9090909091e+00 -3.9393939394e-01 1.1631580832e+01
1.9090909091e+00 -3.3333333333e-01 1.1249293792e+01
1.9090909091e+00 -2.7272727273e-01 1.0981549376e+01
1.9090909091e+00 -2.1212121212e-01 1.0792204105e+01
1.9090909091e+00 -1.5151515152e-01 1.0661996816e+01
1.9090909091e+00 -9.0909090909e-02 1.0580071453e+01
1.9090909091e+00 -3.0303030303e-02 1.0540448146e+01
1.9090909091e+00 3.0303030303e-02 1.0540448146e+01
1.9090909091e+00 9.0909090909e-02 1.0580071453e+01
1.9090909091e+00 1.5151515152e-01 1.0661996816e+01
1.9090909091e+00 2.1212121212e-01 1.0792204105e+01
1.9090909091e+00 2.7272727273e-01 1.0981549376e+01
1.9090909091e+00 3.3333333333e-01 1.1249293792e+01
1.9090909091e+00 3.9393939394e-01 1.1631580832e+01
1.9090909091e+00 4.5454545455e-01 1.2205668123e+01
1.9090909091e+00 5.1515151515e-01 1.3185840787e+01
1.9090909091e+00 5.7575757576e-01 1.5839998695e+01
1.9090909091e+00 6.3636363636e-01 1.4293667161e+01
1.9090909091e+00 6.9696969697e-01 1.2324878901e+01
1.9090909091e+00 7.5757575758e-01 1.1261443837e+01
1.9090909091e+00 8.1818181818e-01 1.0508876998e+01
1.9090909091e+00 8.7878787879e-01 9.9172277687e+00
1.9090909091e+00 9.3939393939e-01 9.4251971831e+00
1.9090909091e+00 1.0000000000e+00 9.0015735361e+00
1.9090909091e+00 1.0606060606e+00 8.6282443126e+00
1.9090909091e+00 1.1212121212e+00 8.2937306146e+00
1.9090909091e+00 1.1818181818e+00 7.9902774763e+00
1.9090909091e+00 1.2424242424e+00 7.7123838592e+00
1.9090909091e+00 1.3030303030e+00 7.4559938660e+00
1.9090909091e+00 1.3636363636e+00 7.2180215132e+00
1.9090909091e+00 1.4242424242e+00 6.9960564947e+00
1.9090909091e+00 1.4848484848e+00 6.7881740571e+00
1.9090909091e+00 1.5454545455e+00 6.5928077030e+00
1.9090909091e+00 1.6060606061e+00 6.4086613568e+00
1.9090909091e+00 1.6666666667e+00 6.2346471736e+00
1.9090909091e+00 1.7272727273e+00 6.0698405028e+00
1.9090909091e+00 1.7878787879e+00 5.9134466238e+00
1.9090909091e+00 1.8484848485e+00 5.7647757402e+00
1.9090909091e+00 1.9090909091e+00 5.6232238825e+00
1.9090909091e+00 1.9696969697e+00 5.4882581126e+00
1.9090909091e+00 2.0303030303e+00 5.3594049110e+00
1.9090909091e+00 2.0909090909e+00 5.2362409505e+00
1.9090909091e+00 2.1515151515e+00 5.1183856846e+00
1.9090909091e+00 2.2121212121e+00 5.0054953314e+00
1.9090909091e+00 2.2727272727e+00 4.8972579434e+00
1.9090909091e+00 2.3333333333e+00 4.7933893291e+00
1.9090909091e+00 2.3939393939e+00 4.6936296529e+00
1.9090909091e+00 2.4545454545e+00 4.5977405748e+00
1.9090909091e+00 2.5151515152e+00 4.5055028289e+00
1.9090909091e+00 2.5757575758e+00 4.4167141574e+00
1.9090909091e+00 2.6363636364e+00 4.3311875366e+00
1.9090909091e+00 2.6969696970e+00 4.2487496445e+00
1.9090909091e+00 2.7575757576e+00 4.1692395286e+00
1.9090909091e+00 2.8181818182e+00 4.0925074433e+00
1.9090909091e+00 2.8787878788e+00 4.0184138272e+00
1.9090909091e+00 2.9393939394e+00 3.9468284026e+00
1.9090909091e+00 3.0000000000e+00 3.8776293761e+00

1.9696969697e+00 -3.0000000000e+00 3.8343883825e+00
1.9696969697e+00 -2.9393939394e+00 3.9012154809e+00
1.9696969697e+00 -2.8787878788e+00 3.9702550323e+00
1.9696969697e+00 -2.8181818182e+00 4.0416126426e+00
1.9696969697e+00 -2.7575757576e+00 4.1154005391e+00
1.9696969697e+00 -2.6969696970e+00 4.1917381067e+00
1.9696969697e+00 -2.6363636364e+00 4.2707524829e+00
1.9696969697e+00 -2.5757575758e+00 4.3525792187e+00
1.9696969697e+00 -2.5151515152e+00 4.4373630161e+00
1.9696969697e+00 -2.4545454545e+00 4.5252585548e+00
1.9696969697e+00 -2.3939393939e+00 4.6164314220e+00
1.9696969697e+00 -2.3333333333e+00 4.7110591642e+00
1.9696969697e+00 -2.2727272727e+00 4.8093324815e+00
1.9696969697e+00 -2.2121212121e+00 4.9114565923e+00
1.9696969697e+00 -2.1515151515e+00 5.0176528021e+00
1.9696969697e+00 -2.0909090909e+00 5.1281603153e+00
1.9696969697e+00 -2.0303030303e+00 5.2432383447e+00
1.9696969697e+00 -1.9696969697e+00 5.3631685818e+00
1.9696969697e+00 -1.9090909091e+00 5.4882581126e+00
1.9696969697e+00 -1.8484848485e+00 5.6188428839e+00
1.9696969697e+00 -1.7878787879e+00 5.7552918589e+00
1.9696969697e+00 -1.7272727273e+00 5.8980120398e+00
1.9696969697e+00 -1.6666666667e+00 6.0474545952e+00
1.9696969697e+00 -1.6060606061e+00 6.2041224038e+00
1.9696969697e+00 -1.5454545455e+00 6.3685794369e+00
1.9696969697e+00 -1.4848484848e+00 6.5414625533e+00
1.9696969697e+00 -1.4242424242e+00 6.7234964991e+00
1.9696969697e+00 -1.3636363636e+00 6.9155132210e+00
1.9696969697e+00 -1.3030303030e+00 7.1184770787e+00
1.9696969697e+00 -1.2424242424e+00 7.3335182550e+00
1.9696969697e+00 -1.1818181818e+00 7.5619777834e+00
1.9696969697e+00 -1.1212121212e+00 7.8054693962e+00
1.9696969697e+00 -1.0606060606e+00 8.0659663433e+00
1.9696969697e+00 -1.0000000000e+00 8.3459263570e+00
1.9696969697e+00 -9.3939393939e-01 8.6484768798e+00
1.9696969697e+00 -8.7878787879e-01 8.9776993345e+00
1.9696969697e+00 -8.1818181818e-01 9.3390840499e+00
1.9696969697e+00 -7.5757575758e-01 9.7402966329e+00
1.9696969697e+00 -6.9696969697e-01 1.0192554842e+01
1.9696969697e+00 -6.3636363636e-01 1.0713316864e+01
1.9696969697e+00 -5.7575757576e-01 1.1332152440e+01
1.9696969697e+00 -5.1515151515e-01 1.2105800067e+01
1.9696969697e+00 -4.5454545455e-01 1.3168023692e+01
1.9696969697e+00 -3.9393939394e-01 1.5013592666e+01
1.9696969697e+00 -3.3333333333e-01 1.7664691947e+01
1.9696969697e+00 -2.7272727273e-01 1.4508307875e+01
1.9696969697e+00 -2.1212121212e-01 1.3535430435e+01
1.9696969697e+00 -1.5151515152e-01 1.3032232996e+01
1.9696969697e+00 -9.0909090909e-02 1.2757543419e+01
1.9696969697e+00 -3.0303030303e-02 1.2633668665e+01
1.9696969697e+00 3.0303030303e-02 1.2633668665e+01
1.9696969697e+00 9.0909090909e-02 1.2757543419e+01
1.9696969697e+00 1.5151515152e-01 1.3032232996e+01
1.9696969697e+00 2.1212121212e-01 1.3535430435e+01
1.9696969697e+00 2.7272727273e-01 1.4508307875e+01
1.9696969697e+00 3.3333333333e-01 1.7664691947e+01
1.9696969697e+00 3.9393939394e-01 1.5013592666e+01
1.9696969697e+00 4.5454545455e-01 1.3168023692e+01
1.9696969697e+00 5.1515151515e-01 1.2105800067e+01
1.9696969697e+00 5.7575757576e-01 1.1332152440e+01
1.9696969697e+00 6.3636363636e-01 1.0713316864e+01
1.9696969697e+00 6.9696969697e-01 1.0192554842e+01
1.9696969697e+00 7.5757575758e-01 9.7402966329e+00
1.9696969697e+00 8.1818181818e-01 9.3390840499e+00
1.9696969697e+00 8.7878787879e-01 8.9776993345e+00
1.9696969697e+00 9.3939393939e-01 8.6484768798e+00
1.9696969697e+00 1.0000000000e+00 8.3459263570e+00
1.9696969697e+00 1.0606060606e+00 8.0659663433e+00
1.9696969697e+00 1.1212121212e+00 7.8054693962e+00
1.9696969697e+00 1.1818181818e+00 7.5619777834e+00
1.9696969697e+00 1.2424242424e+00 7.3335182550e+00
1.9696969697e+00 1.3030303030e+00 7.1184770787e+00
1.9696969697e+00 1.3636363636e+00 6.9155132210e+00
1.9696969697e+00 1.4242424242e+00 6.7234964991e+00
1.9696969697e+00 1.4848484848e+00 6.5414625533e+00
1.9696969697e+00 1.5454545455e+00 6.3685794369e+00
1.9696969697e+00 1.6060606061e+00 6.2041224038e+00
1.9696969697e+00 1.6666666667e+00 6.0474545952e+00
1.9696969697e+00 1.7272727273e+00 5.8980120398e+00
1.9696969697e+00 1.7878787879e+00 5.7552918589e+00
1.9696969697e+00 1.8484848485e+00 5.6188428839e+00
1.9696969697e+00 1.9090909091e+00 5.4882581126e+00
1.9696969697e+00 1.9696969697e+00 5.3631685818e+00
1.9696969697e+00 2.0303030303e+00 5.2432383447e+00
1.9696969697e+00 2.0909090909e+00 5.1281603153e+00
1.9696969697e+00 2.1515151515e+00 5.0176528021e+00
1.9696969697e+00 2.2121212121e+00 4.9114565923e+00
1.9696969697e+00 2.2727272727e+00 4.8093324815e+00
1.9696969697e+00 2.3333333333e+00 4.7110591642e+00
1.9696969697e+00 2.3939393939e+00 4.6164314220e+00
1.9696969697e+00 2.4545454545e+00 4.5252585548e+00
1.9696969697e+00 2.5151515152e+00 4.4373630161e+00
1.9696969697e+00 2.5757575758e+00 4.3525792187e+00
1.9696969697e+00 2.6363636364e+00 4.2707524829e+00
1.9696969697e+00 2.6969696970e+00 4.1917381067e+00
1.9696969697e+00 2.7575757576e+00 4.1154005391e+00
1.9696969697e+00 2.8181818182e+00 4.0416126426e+00
1.9696969697e+00 2.8787878788e+00 3.9702550323e+00
1.9696969697e+00 2.9393939394e+00 3.9012154809e+00
1.9696969697e+00 3.0000000000e+00 3.8343883825e+00

2.0303030303e+00 -3.0000000000e+00 3.7913019234e+00
2.0303030303e+00 -2.9393939394e+00 3.8558238528e+00
2.0303030303e+00 -2.8787878788e+00 3.9223948924e+00
2.0303030303e+00 -2.8181818182e+00 3.9911061316e+00
2.0303030303e+00 -2.7575757576e+00 4.0620537073e+00
2.0303030303e+00 -2.6969696970e+00 4.1353391351e+00
2.0303030303e+00 -2.6363636364e+00 4.2110696666e+00
2.0303030303e+00 -2.5757575758e+00 4.2893586747e+00
2.0303030303e+00 -2.5151515152e+00 4.3703260708e+00
2.0303030303e+00 -2.4545454545e+00 4.4540987568e+00
2.0303030303e+00 -2.3939393939e+00 4.5408111150e+00
2.0303030303e+00 -2.3333333333e+00 4.6306055419e+00
2.0303030303e+00 -2.2727272727e+00 4.7236330298e+00
2.0303030303e+00 -2.2121212121e+00 4.8200538024e+00
2.0303030303e+00 -2.1515151515e+00 4.9200380117e+00
2.0303030303e+00 -2.0909090909e+00 5.0237665039e+00
2.0303030303e+00 -2.0303030303e+00 5.1314316630e+00
2.0303030303e+00 -1.9696969697e+00 5.2432383447e+00
2.0303030303e+00 -1.9090909091e+00 5.3594049110e+00
2.0303030303e+00 -1.8484848485e+00 5.4801643816e+00
2.0303030303e+00 -1.7878787879e+00 5.6057657174e+00
2.0303030303e+00 -1.7272727273e+00 5.7364752560e+00
2.0303030303e+00 -1.6666666667e+00 5.8725783188e+00
2.0303030303e+00 -1.6060606061e+00 6.0143810132e+00
2.0303030303e+00 -1.5454545455e+00 6.1622122513e+00
2.0303030303e+00 -1.4848484848e+00 6.3164260088e+00
2.0303030303e+00 -1.4242424242e+00 6.4774038395e+00
2.0303030303e+00 -1.3636363636e+00 6.6455576533e+00
2.0303030303e+00 -1.3030303030e+00 6.8213327421e+00
2.0303030303e+00 -1.2424242424e+00 7.0052110054e+00
2.0303030303e+00 -1.1818181818e+00 7.1977142571e+00
2.0303030303e+00 -1.1212121212e+00 7.3994073932e+00
2.0303030303e+00 -1.0606060606e+00 7.6109010121e+00
2.0303030303e+00 -1.0000000000e+00 7.8328527816e+00
2.0303030303e+00 -9.3939393939e-01 8.0659663433e+00
2.0303030303e+00 -8.7878787879e-01 8.3109857179e+00
2.0303030303e+00 -8.1818181818e-01 8.5686818060e+00
2.0303030303e+00 -7.5757575758e-01 8.8398253059e+00
2.0303030303e+00 -6.9696969697e-01 9.1251366228e+00
2.0303030303e+00 -6.3636363636e-01 9.4251971831e+00
2.0303030303e+00 -5.7575757576e-01 9.7402966329e+00
2.0303030303e+00 -5.1515151515e-01 1.0070174909e+01
2.0303030303e+00 -4.5454545455e-01 1.0413595826e+01
2.0303030303e+00 -3.9393939394e-01 1.0767662009e+01
2.0303030303e+00 -3.3333333333e-01 1.1126765542e+01
2.0303030303e+00 -2.7272727273e-01 1.1481117156e+01
2.0303030303e+00 -2.1212121212e-01 1.1815035291e+01
2.0303030303e+00 -1.5151515152e-01 1.2105800061e+01
2.0303030303e+00 -9.0909090909e-02 1.2324878858e+01
2.0303030303e+00 -3.0303030303e-02 1.2443707316e+01
2.0303030303e+00 3.0303030303e-02 1.2443707316e+01
2.0303030303e+00 9.0909090909e-02 1.2324878858e+01
2.0303030303e+00 1.5151515152e-01 1.2105800061e+01
2.0303030303e+00 2.1212121212e-01 1.1815035291e+01
2.0303030303e+00 2.7272727273e-01 1.1481117156e+01
2.0303030303e+00 3.3333333333e-01 1.1126765542e+01
2.0303030303e+00 3.9393939394e-01 1.0767662009e+01
2.0303030303e+00 4.5454545455e-01 1.0413595826e+01
2.0303030303e+00 5.1515151515e-01 1.0070174909e+01
2.0303030303e+00 5.7575757576e-01 9.7402966329e+00
2.0303030303e+00 6.3636363636e-01 9.4251971831e+00
2.0303030303e+00 6.9696969697e-01 9.1251366228e+00
2.0303030303e+00 7.5757575758e-01 8.8398253059e+00
2.0303030303e+00 8.1818181818e-01 8.5686818060e+00
2.0303030303e+00 8.7878787879e-01 8.3109857179e+00
2.0303030303e+00 9.3939393939e-01 8.0659663433e+00
2.0303030303e+00 1.0000000000e+00 7.8328527816e+00
2.0303030303e+00 1.0606060606e+00 7.6109010121e+00
2.0303030303e+00 1.1212121212e+00 7.3994073932e+00
2.0303030303e+00 1.1818181818e+00 7.1977142571e+00
2.0303030303e+00 1.2424242424e+00 7.0052110054e+00
2.0303030303e+00 1.3030303030e+00 6.8213327421e+00
2.0303030303e+00 1.3636363636e+00 6.6455576533e+00
2.0303030303e+00 1.4242424242e+00 6.4774038395e+00
2.0303030303e+00 1.4848484848e+00 6.3164260088e+00
2.0303030303e+00 1.5454545455e+00 6.1622122513e+00
2.0303030303e+00 1.6060606061e+00 6.0143810132e+00
2.0303030303e+00 1.6666666667e+00 5.8725783188e+00
2.0303030303e+00 1.7272727273e+00 5.7364752560e+00
2.0303030303e+00 1.7878787879e+00 5.6057657174e+00
2.0303030303e+00 1.8484848485e+00 5.4801643816e+00
2.0303030303e+00 1.9090909091e+00 5.3594049110e+00
2.0303030303e+00 1.9696969697e+00 5.2432383447e+00
2.0303030303e+00 2.0303030303e+00 5.1314316630e+00
2.0303030303e+00 2.0909090909e+00 5.0237665039e+00
2.0303030303e+00 2.1515151515e+00 4.9200380117e+00
2.0303030303e+00 2.2121212121e+00 4.8200538024e+00
2.0303030303e+00 2.2727272727e+00 4.7236330298e+00
2.0303030303e+00 2.3333333333e+00 4.6306055419e+00
2.0303030303e+00 2.3939393939e+00 4.5408111150e+00
2.0303030303e+00 2.4545454545e+00 4.4540987568e+00
2.0303030303e+00 2.5151515152e+00 4.3703260708e+00
2.0303030303e+00 2.5757575758e+00 4.2893586747e+00
2.0303030303e+00 2.6363636364e+00 4.2110696666e+00
2.0303030303e+00 2.6969696970e+00 4.1353391351e+00
2.0303030303e+00 2.7575757576e+00 4.0620537073e+00
2.0303030303e+00 2.8181818182e+00 3.9911061316e+00
2.0303030303e+00 2.8787878788e+00 3.9223948924e+00
2.0303030303e+00 2.9393939394e+00 3.8558238528e+00
2.0303030303e+00 3.0000000000e+00 3.7913019234e+00

2.0909090909e+00 -3.0000000000e+00 3.7484183378e+00
2.0909090909e+00 -2.9393939394e+00 3.8107027283e+00
2.0909090909e+00 -2.8787878788e+00 3.8748830782e+00
2.0909090909e+00 -2.8181818182e+00 3.9410374927e+00
2.0909090909e+00 -2.7575757576e+00 4.0092478030e+00
2.0909090909e+00 -2.6969696970e+00 4.0795997383e+00
2.0909090909e+00 -2.6363636364e+00 4.1521831018e+00
2.0909090909e+00 -2.5757575758e+00 4.2270919491e+00
2.0909090909e+00 -2.5151515152e+00 4.3044247669e+00
2.0909090909e+00 -2.4545454545e+00 4.3842846523e+00
2.0909090909e+00 -2.3939393939e+00 4.4667794868e+00
2.0909090909e+00 -2.3333333333e+00 4.5520221064e+00
2.0909090909e+00 -2.2727272727e+00 4.6401304595e+00
2.0909090909e+00 -2.2121212121e+00 4.7312277510e+00
2.0909090909e+00 -2.1515151515e+00 4.8254425645e+00
2.0909090909e+00 -2.0909090909e+00 4.9229089554e+00
2.0909090909e+00 -2.0303030303e+00 5.0237665039e+00
2.0909090909e+00 -1.9696969697e+00 5.1281603153e+00
2.0909090909e+00 -1.9090909091e+00 5.2362409505e+00
2.0909090909e+00 -1.8484848485e+00 5.3481642644e+00
2.0909090909e+00 -1.7878787879e+00 5.4640911242e+00
2.0909090909e+00 -1.7272727273e+00 5.5841869709e+00
2.0909090909e+00 -1.6666666667e+00 5.7086211754e+00
2.0909090909e+00 -1.6060606061e+00 5.8375661259e+00
2.0909090909e+00 -1.5454545455e+00 5.9711959641e+00
2.0909090909e+00 -1.4848484848e+00 6.1096848608e+00
2.0909090909e+00 -1.4242424242e+00 6.2532046854e+00
2.0909090909e+00 -1.3636363636e+00 6.4019218770e+00
2.0909090909e+00 -1.3030303030e+00 6.5559932639e+00
2.0909090909e+00 -1.2424242424e+00 6.7155604908e+00
2.0909090909e+00 -1.1818181818e+00 6.8807426069e+00
2.0909090909e+00 -1.1212121212e+00 7.0516262209e+00
2.0909090909e+00 -1.0606060606e+00 7.2282524455e+00
2.0909090909e+00 -1.0000000000e+00 7.4105996153e+00
2.0909090909e+00 -9.3939393939e-01 7.5985604802e+00
2.0909090909e+00 -8.7878787879e-01 7.7919122439e+00
2.0909090909e+00 -8.1818181818e-01 7.9902774763e+00
2.0909090909e+00 -7.5757575758e-01 8.1930736587e+00
2.0909090909e+00 -6.9696969697e-01 8.3994490780e+00
2.0909090909e+00 -6.3636363636e-01 8.6082032823e+00
2.0909090909e+00 -5.7575757576e-01 8.8176918675e+00
2.0909090909e+00 -5.1515151515e-01 9.0257187695e+00
2.0909090909e+00 -4.5454545455e-01 9.2294255341e+00
2.0909090909e+00 -3.9393939394e-01 9.4251971831e+00
2.0909090909e+00 -3.3333333333e-01 9.6086182394e+00
2.0909090909e+00 -2.7272727273e-01 9.7745274361e+00
2.0909090909e+00 -2.1212121212e-01 9.9172277687e+00
2.0909090909e+00 -1.5151515152e-01 1.0030896319e+01
2.0909090909e+00 -9.0909090909e-02 1.0110191622e+01
2.0909090909e+00 -3.0303030303e-02 1.0150974893e+01
2.0909090909e+00 3.0303030303e-02 1.0150974893e+01
2.0909090909e+00 9.0909090909e-02 1.0110191622e+01
2.0909090909e+00 1.5151515152e-01 1.0030896319e+01
2.0909090909e+00 2.1212121212e-01 9.9172277687e+00
2.0909090909e+00 2.7272727273e-01 9.7745274361e+00
2.0909090909e+00 3.3333333333e-01 9.6086182394e+00
2.0909090909e+00 3.9393939394e-01 9.4251971831e+00
2.0909090909e+00 4.5454545455e-01 9.2294255341e+00
2.0909090909e+00 5.1515151515e-01 9.0257187695e+00
2.0909090909e+00 5.7575757576e-01 8.8176918675e+00
2.0909090909e+00 6.3636363636e-01 8.6082032823e+00
2.0909090909e+00 6.9696969697e-01 8.3994490780e+00
2.0909090909e+00 7.5757575758e-01 8.1930736587e+00
2.0909090909e+00 8.1818181818e-01 7.9902774763e+00
2.0909090909e+00 8.7878787879e-01 7.7919122439e+00
2.0909090909e+00 9.3939393939e-01 7.5985604802e+00
2.0909090909e+00 1.0000000000e+00 7.4105996153e+00
2.0909090909e+00 1.0606060606e+00 7.2282524455e+00
2.0909090909e+00 1.1212121212e+00 7.0516262209e+00
2.0909090909e+00 1.1818181818e+00 6.8807426069e+00
2.0909090909e+00 1.2424242424e+00 6.7155604908e+00
2.0909090909e+00 1.3030303030e+00 6.5559932639e+00
2.0909090909e+00 1.3636363636e+00 6.4019218770e+00
2.0909090909e+00 1.4242424242e+00 6.2532046854e+00
2.0909090909e+00 1.4848484848e+00 6.1096848608e+00
2.0909090909e+00 1.5454545455e+00 5.9711959641e+00
2.0909090909e+00 1.6060606061e+00 5.8375661259e+00
2.0909090909e+00 1.6666666667e+00 5.7086211754e+00
2.0909090909e+00 1.7272727273e+00 5.5841869709e+00
2.0909090909e+00 1.7878787879e+00 5.4640911242e+00
2.0909090909e+00 1.8484848485e+00 5.3481642644e+00
2.0909090909e+00 1.9090909091e+00 5.2362409505e+00
2.0909090909e+00 1.9696969697e+00 5.1281603153e+00
2.0909090909e+00 2.0303030303e+00 5.0237665039e+00
2.0909090909e+00 2.0909090909e+00 4.9229089554e+00
2.0909090909e+00 2.1515151515e+00 4.8254425645e+00
2.0909090909e+00 2.2121212121e+00 4.7312277510e+00
2.0909090909e+00 2.2727272727e+00 4.6401304595e+00
2.0909090909e+00 2.3333333333e+00 4.5520221064e+00
2.0909090909e+00 2.3939393939e+00 4.4667794868e+00
2.0909090909e+00 2.4545454545e+00 4.3842846523e+00
2.0909090909e+00 2.5151515152e+00 4.3044247669e+00
2.0909090909e+00 2.5757575758e+00 4.2270919491e+00
2.0909090909e+00 2.6363636364e+00 4.1521831018e+00
2.0909090909e+00 2.6969696970e+00 4.0795997383e+00
2.0909090909e+00 2.7575757576e+00 4.0092478030e+00
2.0909090909e+00 2.8181818182e+00 3.9410374927e+00
2.0909090909e+00 2.8787878788e+00 3.8748830782e+00
2.0909090909e+00 2.9393939394e+00 3.8107027283e+00
2.0909090909e+00 3.0000000000e+00 3.7484183378e+00

2.1515151515e+00 -3.0000000000e+00 3.7057815924e+00
2.1515151515e+00 -2.9393939394e+00 3.7658965192e+00
2.1515151515e+00 -2.8787878788e+00 3.8277640136e+00
2.1515151515e+00 -2.8181818182e+00 3.8914505968e+00
2.1515151515e+00 -2.7575757576e+00 3.9570254127e+00
2.1515151515e+00 -2.6969696970e+00 4.0245602793e+00
2.1515151515e+00 -2.6363636364e+00 4.0941297276e+00
2.1515151515e+00 -2.5757575758e+00 4.1658110273e+00
2.1515151515e+00 -2.5151515152e+00 4.2396841927e+00
2.1515151515e+00 -2.4545454545e+00 4.3158319657e+00
2.1515151515e+00 -2.3939393939e+00 4.3943397702e+00
2.1515151515e+00 -2.3333333333e+00 4.4752956308e+00
2.1515151515e+00 -2.2727272727e+00 4.5587900480e+00
2.1515151515e+00 -2.2121212121e+00 4.6449158197e+00
2.1515151515e+00 -2.1515151515e+00 4.7337677978e+00
2.1515151515e+00 -2.0909090909e+00 4.8254425645e+00
2.1515151515e+00 -2.0303030303e+00 4.9200380117e+00
2.1515151515e+00 -1.9696969697e+00 5.0176528021e+00
2.1515151515e+00 -1.9090909091e+00 5.1183856846e+00
2.1515151515e+00 -1.8484848485e+00 5.2223346346e+00
2.1515151515e+00 -1.7878787879e+00 5.3295957784e+00
2.1515151515e+00 -1.7272727273e+00 5.4402620543e+00
2.1515151515e+00 -1.6666666667e+00 5.5544215533e+00
2.1515151515e+00 -1.6060606061e+00 5.6721554657e+00
2.1515151515e+00 -1.5454545455e+00 5.7935355463e+00
2.1515151515e+00 -1.4848484848e+00 5.9186209917e+00
2.1515151515e+00 -1.4242424242e+00 6.0474545952e+00
2.1515151515e+00 -1.3636363636e+00 6.1800580219e+00
2.1515151515e+00 -1.3030303030e+00 6.3164260088e+00
2.1515151515e+00 -1.2424242424e+00 6.4565192608e+00
2.1515151515e+00 -1.1818181818e+00 6.6002557704e+00
2.1515151515e+00 -1.1212121212e+00 6.7475002516e+00
2.1515151515e+00 -1.0606060606e+00 6.8980513431e+00
2.1515151515e+00 -1.0000000000e+00 7.0516262209e+00
2.1515151515e+00 -9.3939393939e-01 7.2078422803e+00
2.1515151515e+00 -8.7878787879e-01 7.3661956300e+00
2.1515151515e+00 -8.1818181818e-01 7.5260363308e+00
2.1515151515e+00 -7.5757575758e-01 7.6865406648e+00
2.1515151515e+00 -6.9696969697e-01 7.8466813125e+00
2.1515151515e+00 -6.3636363636e-01 8.0051972311e+00
2.1515151515e+00 -5.7575757576e-01 8.1605663274e+00
2.1515151515e+00 -5.1515151515e-01 8.3109857179e+00
2.1515151515e+00 -4.5454545455e-01 8.4543663127e+00
2.1515151515e+00 -3.9393939394e-01 8.5883502578e+00
2.1515151515e+00 -3.3333333333e-01 8.7103606572e+00
2.1515151515e+00 -2.7272727273e-01 8.8176918675e+00
2.1515151515e+00 -2.1212121212e-01 8.9076442922e+00
2.1515151515e+00 -1.5151515152e-01 8.9776993345e+00
2.1515151515e+00 -9.0909090909e-02 9.0257187695e+00
2.1515151515e+00 -3.0303030303e-02 9.0501412003e+00
2.1515151515e+00 3.0303030303e-02 9.0501412003e+00
2.1515151515e+00 9.0909090909e-02 9.0257187695e+00
2.1515151515e+00 1.5151515152e-01 8.9776993345e+00
2.1515151515e+00 2.1212121212e-01 8.9076442922e+00
2.1515151515e+00 2.7272727273e-01 8.8176918675e+00
2.1515151515e+00 3.3333333333e-01 8.7103606572e+00
2.1515151515e+00 3.9393939394e-01 8.5883502578e+00
2.1515151515e+00 4.5454545455e-01 8.4543663127e+00
2.1515151515e+00 5.1515151515e-01 8.3109857179e+00
2.1515151515e+00 5.7575757576e-01 8.1605663274e+00
2.1515151515e+00 6.3636363636e-01 8.0051972311e+00
2.1515151515e+00 6.9696969697e-01 7.8466813125e+00
2.1515151515e+00 7.5757575758e-01 7.6865406648e+00
2.1515151515e+00 8.1818181818e-01 7.5260363308e+00
2.1515151515e+00 8.7878787879e-01 7.3661956300e+00
2.1515151515e+00 9.3939393939e-01 7.2078422803e+00
2.1515151515e+00 1.0000000000e+00 7.0516262209e+00
2.1515151515e+00 1.0606060606e+00 6.8980513431e+00
2.1515151515e+00 1.1212121212e+00 6.7475002516e+00
2.1515151515e+00 1.1818181818e+00 6.6002557704e+00
2.1515151515e+00 1.2424242424e+00 6.4565192608e+00
2.1515151515e+00 1.3030303030e+00 6.3164260088e+00
2.1515151515e+00 1.3636363636e+00 6.1800580219e+00
2.1515151515e+00 1.4242424242e+00 6.0474545952e+00
2.1515151515e+00 1.4848484848e+00 5.9186209917e+00
2.1515151515e+00 1.5454545455e+00 5.7935355463e+00
2.1515151515e+00 1.6060606061e+00 5.6721554657e+00
2.1515151515e+00 1.6666666667e+00 5.5544215533e+00
2.1515151515e+00 1.7272727273e+00 5.4402620543e+00
2.1515151515e+00 1.7878787879e+00 5.3295957784e+00
2.1515151515e+00 1.8484848485e+00 5.2223346346e+00
2.1515151515e+00 1.9090909091e+00 5.1183856846e+00
2.1515151515e+00 1.9696969697e+00 5.0176528021e+00
2.1515151515e+00 2.0303030303e+00 4.9200380117e+00
2.1515151515e+00 2.0909090909e+00 4.8254425645e+00
2.1515151515e+00 2.1515151515e+00 4.7337677978e+00
2.1515151515e+00 2.2121212121e+00 4.6449158197e+00
2.1515151515e+00 2.2727272727e+00 4.5587900480e+00
2.1515151515e+00 2.3333333333e+00 4.4752956308e+00
2.1515151515e+00 2.3939393939e+00 4.3943397702e+00
2.1515151515e+00 2.4545454545e+00 4.3158319657e+00
2.1515151515e+00 2.5151515152e+00 4.2396841927e+00
2.1515151515e+00 2.5757575758e+00 4.1658110273e+00
2.1515151515e+00 2.6363636364e+00 4.0941297276e+00
2.1515151515e+00 2.6969696970e+00 4.0245602793e+00
2.1515151515e+00 2.7575757576e+00 3.9570254127e+00
2.1515151515e+00 2.8181818182e+00 3.8914505968e+00
2.1515151515e+00 2.8787878788e+00 3.8277640136e+00
2.1515151515e+00 2.9393939394e+00 3.7658965192e+00
2.1515151515e+00 3.0000000000e+00 3.7057815924e+00

2.2121212121e+00 -3.0000000000e+00 3.6634314973e+00
2.2121212121e+00 -2.9393939394e+00 3.7214451057e+00
2.2121212121e+00 -2.8787878788e+00 3.7810772008e+00
2.2121212121e+00 -2.8181818182e+00 3.8423839953e+00
2.2121212121e+00 -2.7575757576e+00 3.9054234094e+00
2.2121212121e+00 -2.6969696970e+00 3.9702550323e+00
2.2121212121e+00 -2.6363636364e+00 4.0369400606e+00
2.2121212121e+00 -2.5757575758e+00 4.1055412135e+00
2.2121212121e+00 -2.5151515152e+00 4.1761226156e+00
2.2121212121e+00 -2.4545454545e+00 4.2487496445e+00
2.2121212121e+00 -2.3939393939e+00 4.3234887354e+00
2.2121212121e+00 -2.3333333333e+00 4.4004071341e+00
2.2121212121e+00 -2.2727272727e+00 4.4795725896e+00
2.2121212121e+00 -2.2121212121e+00 4.5610529743e+00
2.2121212121e+00 -2.1515151515e+00 4.6449158197e+00
2.2121212121e+00 -2.0909090909e+00 4.7312277510e+00
2.2121212121e+00 -2.0303030303e+00 4.8200538024e+00
2.2121212121e+00 -1.9696969697e+00 4.9114565923e+00
2.2121212121e+00 -1.9090909091e+00 5.0054953314e+00
2.2121212121e+00 -1.8484848485e+00 5.1022246352e+00
2.2121212121e+00 -1.7878787879e+00 5.2016931045e+00
2.2121212121e+00 -1.7272727273e+00 5.3039416333e+00
2.2121212121e+00 -1.6666666667e+00 5.4090013959e+00
2.2121212121e+00 -1.6060606061e+00 5.5168914560e+00
2.2121212121e+00 -1.5454545455e+00 5.6276159344e+00
2.2121212121e+00 -1.4848484848e+00 5.7411606609e+00
2.2121212121e+00 -1.4242424242e+00 5.8574892265e+00
2.2121212121e+00 -1.3636363636e+00 5.9765383434e+00
2.2121212121e+00 -1.3030303030e+00 6.0982124141e+00
2.2121212121e+00 -1.2424242424e+00 6.2223772055e+00
2.2121212121e+00 -1.1818181818e+00 6.3488525289e+00
2.2121212121e+00 -1.1212121212e+00 6.4774038395e+00
2.2121212121e+00 -1.0606060606e+00 6.6077327030e+00
2.2121212121e+00 -1.0000000000e+00 6.7394661317e+00
2.2121212121e+00 -9.3939393939e-01 6.8721448893e+00
2.2121212121e+00 -8.7878787879e-01 7.0052110054e+00
2.2121212121e+00 -8.1818181818e-01 7.1379949515e+00
2.2121212121e+00 -7.5757575758e-01 7.2697032166e+00
2.2121212121e+00 -6.9696969697e-01 7.3994073932e+00
2.2121212121e+00 -6.3636363636e-01 7.5260363308e+00
2.2121212121e+00 -5.7575757576e-01 7.6483734099e+00
2.2121212121e+00 -5.1515151515e-01 7.7650614382e+00
2.2121212121e+00 -4.5454545455e-01 7.8746179641e+00
2.2121212121e+00 -3.9393939394e-01 7.9754637306e+00
2.2121212121e+00 -3.3333333333e-01 8.0659663433e+00
2.2121212121e+00 -2.7272727273e-01 8.1444997996e+00
2.2121212121e+00 -2.1212121212e-01 8.2095182589e+00
2.2121212121e+00 -1.5151515152e-01 8.2596395165e+00
2.2121212121e+00 -9.0909090909e-02 8.2937306146e+00
2.2121212121e+00 -3.0303030303e-02 8.3109857179e+00
2.2121212121e+00 3.0303030303e-02 8.3109857179e+00
2.2121212121e+00 9.0909090909e-02 8.2937306146e+00
2.2121212121e+00 1.5151515152e-01 8.2596395165e+00
2.2121212121e+00 2.1212121212e-01 8.2095182589e+00
2.2121212121e+00 2.7272727273e-01 8.1444997996e+00
2.2121212121e+00 3.3333333333e-01 8.0659663433e+00
2.2121212121e+00 3.9393939394e-01 7.9754637306e+00
2.2121212121e+00 4.5454545455e-01 7.8746179641e+00
2.2121212121e+00 5.1515151515e-01 7.7650614382e+00
2.2121212121e+00 5.7575757576e-01 7.6483734099e+00
2.2121212121e+00 6.3636363636e-01 7.5260363308e+00
2.2121212121e+00 6.9696969697e-01 7.3994073932e+00
2.2121212121e+00 7.5757575758e-01 7.2697032166e+00
2.2121212121e+00 8.1818181818e-01 7.1379949515e+00
2.2121212121e+00 8.7878787879e-01 7.0052110054e+00
2.2121212121e+00 9.3939393939e-01 6.8721448893e+00
2.2121212121e+00 1.0000000000e+00 6.7394661317e+00
2.2121212121e+00 1.0606060606e+00 6.6077327030e+00
2.2121212121e+00 1.1212121212e+00 6.4774038395e+00
2.2121212121e+00 1.1818181818e+00 6.3488525289e+00
2.2121212121e+00 1.2424242424e+00 6.2223772055e+00
2.2121212121e+00 1.3030303030e+00 6.0982124141e+00
2.2121212121e+00 1.3636363636e+00 5.9765383434e+00
2.2121212121e+00 1.4242424242e+00 5.8574892265e+00
2.2121212121e+00 1.4848484848e+00 5.7411606609e+00
2.2121212121e+00 1.5454545455e+00 5.6276159344e+00
2.2121212121e+00 1.6060606061e+00 5.5168914560e+00
2.2121212121e+00 1.6666666667e+00 5.4090013959e+00
2.2121212121e+00 1.7272727273e+00 5.3039416333e+00
2.2121212121e+00 1.7878787879e+00 5.2016931045e+00
2.2121212121e+00 1.8484848485e+00 5.1022246352e+00
2.2121212121e+00 1.9090909091e+00 5.0054953314e+00
2.2121212121e+00 1.9696969697e+00 4.9114565923e+00
2.2121212121e+00 2.0303030303e+00 4.8200538024e+00
2.2121212121e+00 2.0909090909e+00 4.7312277510e+00
2.2121212121e+00 2.1515151515e+00 4.6449158197e+00
2.2121212121e+00 2.2121212121e+00 4.5610529743e+00
2.2121212121e+00 2.2727272727e+00 4.4795725896e+00
2.2121212121e+00 2.3333333333e+00 4.4004071341e+00
2.2121212121e+00 2.3939393939e+00 4.3234887354e+00
2.2121212121e+00 2.4545454545e+00 4.2487496445e+00
2.2121212121e+00 2.5151515152e+00 4.1761226156e+00
2.2121212121e+00 2.5757575758e+00 4.1055412135e+00
2.2121212121e+00 2.6363636364e+00 4.0369400606e+00
2.2121212121e+00 2.6969696970e+00 3.9702550323e+00
2.2121212121e+00 2.7575757576e+00 3.9054234094e+00
2.2121212121e+00 2.8181818182e+00 3.8423839953e+00
2.2121212121e+00 2.8787878788e+00 3.7810772008e+00
2.2121212121e+00 2.9393939394e+00 3.7214451057e+00
2.2121212121e+00 3.0000000000e+00 3.6634314973e+00

2.2727272727e+00 -3.0000000000e+00 3.6214039285e+00
2.2727272727e+00 -2.9393939394e+00 3.6773841050e+00
2.2727272727e+00 -2.8787878788e+00 3.7348575432e+00
2.2727272727e+00 -2.8181818182e+00 3.7938713046e+00
2.2727272727e+00 -2.7575757576e+00 3.8544734058e+00
2.2727272727e+00 -2.6969696970e+00 3.9167127128e+00
2.2727272727e+00 -2.6363636364e+00 3.9806388092e+00
2.2727272727e+00 -2.5757575758e+00 4.0463018323e+00
2.2727272727e+00 -2.5151515152e+00 4.1137522730e+00
2.2727272727e+00 -2.4545454545e+00 4.1830407331e+00
2.2727272727e+00 -2.3939393939e+00 4.2542176321e+00
2.2727272727e+00 -2.3333333333e+00 4.3273328574e+00
2.2727272727e+00 -2.2727272727e+00 4.4024353461e+00
2.2727272727e+00 -2.2121212121e+00 4.4795725896e+00
2.2727272727e+00 -2.1515151515e+00 4.5587900480e+00
2.2727272727e+00 -2.0909090909e+00 4.6401304595e+00
2.2727272727e+00 -2.0303030303e+00 4.7236330298e+00
2.2727272727e+00 -1.9696969697e+00 4.8093324815e+00
2.2727272727e+00 -1.9090909091e+00 4.8972579434e+00
2.2727272727e+00 -1.8484848485e+00 4.9874316556e+00
2.2727272727e+00 -1.7878787879e+00 5.0798674631e+00
2.2727272727e+00 -1.7272727273e+00 5.1745690671e+00
2.2727272727e+00 -1.6666666667e+00 5.2715280029e+00
2.2727272727e+00 -1.6060606061e+00 5.3707213053e+00
2.2727272727e+00 -1.5454545455e+00 5.4721088244e+00
2.2727272727e+00 -1.4848484848e+00 5.5756301507e+00
2.2727272727e+00 -1.4242424242e+00 5.6812011090e+00
2.2727272727e+00 -1.3636363636e+00 5.7887097831e+00
2.2727272727e+00 -1.3030303030e+00 5.8980120398e+00
2.2727272727e+00 -1.2424242424e+00 6.0089265320e+00
2.2727272727e+00 -1.1818181818e+00 6.1212291821e+00
2.2727272727e+00 -1.1212121212e+00 6.2346471736e+00
2.2727272727e+00 -1.0606060606e+00 6.3488525289e+00
2.2727272727e+00 -1.0000000000e+00 6.4634554076e+00
2.2727272727e+00 -9.3939393939e-01 6.5779973482e+00
2.2727272727e+00 -8.7878787879e-01 6.6919447834e+00
2.2727272727e+00 -8.1818181818e-01 6.8046832934e+00
2.2727272727e+00 -7.5757575758e-01 6.9155132210e+00
2.2727272727e+00 -6.9696969697e-01 7.0236474416e+00
2.2727272727e+00 -6.3636363636e-01 7.1282122495e+00
2.2727272727e+00 -5.7575757576e-01 7.2282524455e+00
2.2727272727e+00 -5.1515151515e-01 7.3227417559e+00
2.2727272727e+00 -4.5454545455e-01 7.4105996153e+00
2.2727272727e+00 -3.9393939394e-01 7.4907150419e+00
2.2727272727e+00 -3.3333333333e-01 7.5619777834e+00
2.2727272727e+00 -2.7272727273e-01 7.6233160984e+00
2.2727272727e+00 -2.1212121212e-01 7.6737395201e+00
2.2727272727e+00 -1.5151515152e-01 7.7123838592e+00
2.2727272727e+00 -9.0909090909e-02 7.7385547641e+00
2.2727272727e+00 -3.0303030303e-02 7.7517656146e+00
2.2727272727e+00 3.0303030303e-02 7.7517656146e+00
2.2727272727e+00 9.0909090909e-02 7.7385547641e+00
2.2727272727e+00 1.5151515152e-01 7.7123838592e+00
2.2727272727e+00 2.1212121212e-01 7.6737395201e+00
2.2727272727e+00 2.7272727273e-01 7.6233160984e+00
2.2727272727e+00 3.3333333333e-01 7.5619777834e+00
2.2727272727e+00 3.9393939394e-01 7.4907150419e+00
2.2727272727e+00 4.5454545455e-01 7.4105996153e+00
2.2727272727e+00 5.1515151515e-01 7.3227417559e+00
2.2727272727e+00 5.7575757576e-01 7.2282524455e+00
2.2727272727e+00 6.3636363636e-01 7.1282122495e+00
2.2727272727e+00 6.9696969697e-01 7.0236474416e+00
2.2727272727e+00 7.5757575758e-01 6.9155132210e+00
2.2727272727e+00 8.1818181818e-01 6.8046832934e+00
2.2727272727e+00 8.7878787879e-01 6.6919447834e+00
2.2727272727e+00 9.3939393939e-01 6.5779973482e+00
2.2727272727e+00 1.0000000000e+00 6.4634554076e+00
2.2727272727e+00 1.0606060606e+00 6.3488525289e+00
2.2727272727e+00 1.1212121212e+00 6.2346471736e+00
2.2727272727e+00 1.1818181818e+00 6.1212291821e+00
2.2727272727e+00 1.2424242424e+00 6.0089265320e+00
2.2727272727e+00 1.3030303030e+00 5.8980120398e+00
2.2727272727e+00 1.3636363636e+00 5.7887097831e+00
2.2727272727e+00 1.4242424242e+00 5.6812011090e+00
2.2727272727e+00 1.4848484848e+00 5.5756301507e+00
2.2727272727e+00 1.5454545455e+00 5.4721088244e+00
2.2727272727e+00 1.6060606061e+00 5.3707213053e+00
2.2727272727e+00 1.6666666667e+00 5.2715280029e+00
2.2727272727e+00 1.7272727273e+00 5.1745690671e+00
2.2727272727e+00 1.7878787879e+00 5.0798674631e+00
2.2727272727e+00 1.8484848485e+00 4.9874316556e+00
2.2727272727e+00 1.9090909091e+00 4.8972579434e+00
2.2727272727e+00 1.9696969697e+00 4.8093324815e+00
2.2727272727e+00 2.0303030303e+00 4.7236330298e+00
2.2727272727e+00 2.0909090909e+00 4.6401304595e+00
2.2727272727e+00 2.1515151515e+00 4.5587900480e+00
2.2727272727e+00 2.2121212121e+00 4.4795725896e+00
2.2727272727e+00 2.2727272727e+00 4.4024353461e+00
2.2727272727e+00 2.3333333333e+00 4.3273328574e+00
2.2727272727e+00 2.3939393939e+00 4.2542176321e+00
2.2727272727e+00 2.4545454545e+00 4.1830407331e+00
2.2727272727e+00 2.5151515152e+00 4.1137522730e+00
2.2727272727e+00 2.5757575758e+00 4.0463018323e+00
2.2727272727e+00 2.6363636364e+00 3.9806388092e+00
2.2727272727e+00 2.6969696970e+00 3.9167127128e+00
2.2727272727e+00 2.7575757576e+00 3.8544734058e+00
2.2727272727e+00 2.8181818182e+00 3.7938713046e+00
2.2727272727e+00 2.8787878788e+00 3.7348575432e+00
2.2727272727e+00 2.9393939394e+00 3.6773841050e+00
2.2727272727e+00 3.0000000000e+00 3.6214039285e+00

2.3333333333e+00 -3.0000000000e+00 3.5797310524e+00
2.3333333333e+00 -2.9393939394e+00 3.6337451396e+00
2.3333333333e+00 -2.8787878788e+00 3.6891356622e+00
2.3333333333e+00 -2.8181818182e+00 3.7459415789e+00
2.3333333333e+00 -2.7575757576e+00 3.8042021887e+00
2.3333333333e+00 -2.6969696970e+00 3.8639569796e+00
2.3333333333e+00 -2.6363636364e+00 3.9252454466e+00
2.3333333333e+00 -2.5757575758e+00 3.9881068765e+00
2.3333333333e+00 -2.5151515152e+00 4.0525800933e+00
2.3333333333e+00 -2.4545454545e+00 4.1187031592e+00
2.3333333333e+00 -2.3939393939e+00 4.1865130234e+00
2.3333333333e+00 -2.3333333333e+00 4.2560451132e+00
2.3333333333e+00 -2.2727272727e+00 4.3273328574e+00
2.3333333333e+00 -2.2121212121e+00 4.4004071341e+00
2.3333333333e+00 -2.1515151515e+00 4.4752956308e+00
2.3333333333e+00 -2.0909090909e+00 4.5520221064e+00
2.3333333333e+00 -2.0303030303e+00 4.6306055419e+00
2.3333333333e+00 -1.9696969697e+00 4.7110591642e+00
2.3333333333e+00 -1.9090909091e+00 4.7933893291e+00
2.3333333333e+00 -1.8484848485e+00 4.8775942447e+00
2.3333333333e+00 -1.7878787879e+00 4.9636625180e+00
2.3333333333e+00 -1.7272727273e+00 5.0515715046e+00
2.3333333333e+00 -1.6666666667e+00 5.1412854433e+00
2.3333333333e+00 -1.6060606061e+00 5.2327533535e+00
2.3333333333e+00 -1.5454545455e+00 5.3259066800e+00
2.3333333333e+00 -1.4848484848e+00 5.4206566677e+00
2.3333333333e+00 -1.4242424242e+00 5.5168914560e+00
2.3333333333e+00 -1.3636363636e+00 5.6144728895e+00
2.3333333333e+00 -1.3030303030e+00 5.7132330541e+00
2.3333333333e+00 -1.2424242424e+00 5.8129705605e+00
2.3333333333e+00 -1.1818181818e+00 5.9134466238e+00
2.3333333333e+00 -1.1212121212e+00 6.0143810132e+00
2.3333333333e+00 -1.0606060606e+00 6.1154479864e+00
2.3333333333e+00 -1.0000000000e+00 6.2162723704e+00
2.3333333333e+00 -9.3939393939e-01 6.3164260088e+00
2.3333333333e+00 -8.7878787879e-01 6.4154248598e+00
2.3333333333e+00 -8.1818181818e-01 6.5127271054e+00
2.3333333333e+00 -7.5757575758e-01 6.6077327030e+00
2.3333333333e+00 -6.9696969697e-01 6.6997848725e+00
2.3333333333e+00 -6.3636363636e-01 6.7881740571e+00
2.3333333333e+00 -5.7575757576e-01 6.8721448893e+00
2.3333333333e+00 -5.1515151515e-01 6.9509066353e+00
2.3333333333e+00 -4.5454545455e-01 7.0236474416e+00
2.3333333333e+00 -3.9393939394e-01 7.0895524653e+00
2.3333333333e+00 -3.3333333333e-01 7.1478256221e+00
2.3333333333e+00 -2.7272727273e-01 7.1977142571e+00
2.3333333333e+00 -2.1212121212e-01 7.2385355742e+00
2.3333333333e+00 -1.5151515152e-01 7.2697032166e+00
2.3333333333e+00 -9.0909090909e-02 7.2907520689e+00
2.3333333333e+00 -3.0303030303e-02 7.3013592260e+00
2.3333333333e+00 3.0303030303e-02 7.3013592260e+00
2.3333333333e+00 9.0909090909e-02 7.2907520689e+00
2.3333333333e+00 1.5151515152e-01 7.2697032166e+00
2.3333333333e+00 2.1212121212e-01 7.2385355742e+00
2.3333333333e+00 2.7272727273e-01 7.1977142571e+00
2.3333333333e+00 3.3333333333e-01 7.1478256221e+00
2.3333333333e+00 3.9393939394e-01 7.0895524653e+00
2.3333333333e+00 4.5454545455e-01 7.0236474416e+00
2.3333333333e+00 5.1515151515e-01 6.9509066353e+00
2.3333333333e+00 5.7575757576e-01 6.8721448893e+00
2.3333333333e+00 6.3636363636e-01 6.7881740571e+00
2.3333333333e+00 6.9696969697e-01 6.6997848725e+00
2.3333333333e+00 7.5757575758e-01 6.6077327030e+00
2.3333333333e+00 8.1818181818e-01 6.5127271054e+00
2.3333333333e+00 8.7878787879e-01 6.4154248598e+00
2.3333333333e+00 9.3939393939e-01 6.3164260088e+00
2.3333333333e+00 1.0000000000e+00 6.2162723704e+00
2.3333333333e+00 1.0606060606e+00 6.1154479864e+00
2.3333333333e+00 1.1212121212e+00 6.0143810132e+00
2.3333333333e+00 1.1818181818e+00 5.9134466238e+00
2.3333333333e+00 1.2424242424e+00 5.8129705605e+00
2.3333333333e+00 1.3030303030e+00 5.7132330541e+00
2.3333333333e+00 1.3636363636e+00 5.6144728895e+00
2.3333333333e+00 1.4242424242e+00 5.5168914560e+00
2.3333333333e+00 1.4848484848e+00 5.4206566677e+00
2.3333333333e+00 1.5454545455e+00 5.3259066800e+00
2.3333333333e+00 1.6060606061e+00 5.2327533535e+00
2.3333333333e+00 1.6666666667e+00 5.1412854433e+00
2.3333333333e+00 1.7272727273e+00 5.0515715046e+00
2.3333333333e+00 1.7878787879e+00 4.9636625180e+00
2.3333333333e+00 1.8484848485e+00 4.8775942447e+00
2.3333333333e+00 1.9090909091e+00 4.7933893291e+00
2.3333333333e+00 1.9696969697e+00 4.7110591642e+00
2.3333333333e+00 2.0303030303e+00 4.6306055419e+00
2.3333333333e+00 2.0909090909e+00 4.5520221064e+00
2.3333333333e+00 2.1515151515e+00 4.4752956308e+00
2.3333333333e+00 2.2121212121e+00 4.4004071341e+00
2.3333333333e+00 2.2727272727e+00 4.3273328574e+00
2.3333333333e+00 2.3333333333e+00 4.2560451132e+00
2.3333333333e+00 2.3939393939e+00 4.1865130234e+00
2.3333333333e+00 2.4545454545e+00 4.1187031592e+00
2.3333333333e+00 2.5151515152e+00 4.0525800933e+00
2.3333333333e+00 2.5757575758e+00 3.9881068765e+00
2.3333333333e+00 2.6363636364e+00 3.9252454466e+00
2.3333333333e+00 2.6969696970e+00 3.8639569796e+00
2.3333333333e+00 2.7575757576e+00 3.8042021887e+00
2.3333333333e+00 2.8181818182e+00 3.7459415789e+00
2.3333333333e+00 2.8787878788e+00 3.6891356622e+00
2.3333333333e+00 2.9393939394e+00 3.6337451396e+00
2.3333333333e+00 3.0000000000e+00 3.5797310524e+00

2.3939393939e+00 -3.0000000000e+00 3.5384415499e+00
2.3939393939e+00 -2.9393939394e+00 3.5905561013e+00
2.3939393939e+00 -2.8787878788e+00 3.6439382069e+00
2.3939393939e+00 -2.8181818182e+00 3.6986196688e+00
2.3939393939e+00 -2.7575757576e+00 3.7546321330e+00
2.3939393939e+00 -2.6969696970e+00 3.8120069067e+00
2.3939393939e+00 -2.6363636364e+00 3.8707747450e+00
2.3939393939e+00 -2.5757575758e+00 3.9309656031e+00
2.3939393939e+00 -2.5151515152e+00 3.9926083501e+00
2.3939393939e+00 -2.4545454545e+00 4.0557304380e+00
2.3939393939e+00 -2.3939393939e+00 4.1203575218e+00
2.3939393939e+00 -2.3333333333e+00 4.1865130234e+00
2.3939393939e+00 -2.2727272727e+00 4.2542176321e+00
2.3939393939e+00 -2.2121212121e+00 4.3234887354e+00
2.3939393939e+00 -2.1515151515e+00 4.3943397702e+00
2.3939393939e+00 -2.0909090909e+00 4.4667794868e+00
2.3939393939e+00 -2.0303030303e+00 4.5408111150e+00
2.3939393939e+00 -1.9696969697e+00 4.6164314220e+00
2.3939393939e+00 -1.9090909091e+00 4.6936296529e+00
2.3939393939e+00 -1.8484848485e+00 4.7723863406e+00
2.3939393939e+00 -1.7878787879e+00 4.8526719760e+00
2.3939393939e+00 -1.7272727273e+00 4.9344455278e+00
2.3939393939e+00 -1.6666666667e+00 5.0176528021e+00
2.3939393939e+00 -1.6060606061e+00 5.1022246352e+00
2.3939393939e+00 -1.5454545455e+00 5.1880749157e+00
2.3939393939e+00 -1.4848484848e+00 5.2750984361e+00
2.3939393939e+00 -1.4242424242e+00 5.3631685818e+00
2.3939393939e+00 -1.3636363636e+00 5.4521348720e+00
2.3939393939e+00 -1.3030303030e+00 5.5418203823e+00
2.3939393939e+00 -1.2424242424e+00 5.6320190893e+00
2.3939393939e+00 -1.1818181818e+00 5.7224932016e+00
2.3939393939e+00 -1.1212121212e+00 5.8129705605e+00
2.3939393939e+00 -1.0606060606e+00 5.9031422234e+00
2.3939393939e+00 -1.0000000000e+00 5.9926603762e+00
2.3939393939e+00 -9.3939393939e-01 6.0811367529e+00
2.3939393939e+00 -8.7878787879e-01 6.1681417784e+00
2.3939393939e+00 -8.1818181818e-01 6.2532046854e+00
2.3939393939e+00 -7.5757575758e-01 6.3358148818e+00
2.3939393939e+00 -6.9696969697e-01 6.4154248598e+00
2.3939393939e+00 -6.3636363636e-01 6.4914549300e+00
2.3939393939e+00 -5.7575757576e-01 6.5633000290e+00
2.3939393939e+00 -5.1515151515e-01 6.6303387690e+00
2.3939393939e+00 -4.5454545455e-01 6.6919447834e+00
2.3939393939e+00 -3.9393939394e-01 6.7475002516e+00
2.3939393939e+00 -3.3333333333e-01 6.7964112858e+00
2.3939393939e+00 -2.7272727273e-01 6.8381246290e+00
2.3939393939e+00 -2.1212121212e-01 6.8721448893e+00
2.3939393939e+00 -1.5151515152e-01 6.8980513431e+00
2.3939393939e+00 -9.0909090909e-02 6.9155132210e+00
2.3939393939e+00 -3.0303030303e-02 6.9243023800e+00
2.3939393939e+00 3.0303030303e-02 6.9243023800e+00
2.3939393939e+00 9.0909090909e-02 6.9155132210e+00
2.3939393939e+00 1.5151515152e-01 6.8980513431e+00
2.3939393939e+00 2.1212121212e-01 6.8721448893e+00
2.3939393939e+00 2.7272727273e-01 6.8381246290e+00
2.3939393939e+00 3.3333333333e-01 6.7964112858e+00
2.3939393939e+00 3.9393939394e-01 6.7475002516e+00
2.3939393939e+00 4.5454545455e-01 6.6919447834e+00
2.3939393939e+00 5.1515151515e-01 6.6303387690e+00
2.3939393939e+00 5.7575757576e-01 6.5633000290e+00
2.3939393939e+00 6.3636363636e-01 6.4914549300e+00
2.3939393939e+00 6.9696969697e-01 6.4154248598e+00
2.3939393939e+00 7.5757575758e-01 6.3358148818e+00
2.3939393939e+00 8.1818181818e-01 6.2532046854e+00
2.3939393939e+00 8.7878787879e-01 6.1681417784e+00
2.3939393939e+00 9.3939393939e-01 6.0811367529e+00
2.3939393939e+00 1.0000000000e+00 5.9926603762e+00
2.3939393939e+00 1.0606060606e+00 5.9031422234e+00
2.3939393939e+00 1.1212121212e+00 5.8129705605e+00
2.3939393939e+00 1.1818181818e+00 5.7224932016e+00
2.3939393939e+00 1.2424242424e+00 5.6320190893e+00
2.3939393939e+00 1.3030303030e+00 5.5418203823e+00
2.3939393939e+00 1.3636363636e+00 5.4521348720e+00
2.3939393939e+00 1.4242424242e+00 5.3631685818e+00
2.3939393939e+00 1.4848484848e+00 5.2750984361e+00
2.3939393939e+00 1.5454545455e+00 5.1880749157e+00
2.3939393939e+00 1.6060606061e+00 5.1022246352e+00
2.3939393939e+00 1.6666666667e+00 5.0176528021e+00
2.3939393939e+00 1.7272727273e+00 4.9344455278e+00
2.3939393939e+00 1.7878787879e+00 4.8526719760e+00
2.3939393939e+00 1.8484848485e+00 4.7723863406e+00
2.3939393939e+00 1.9090909091e+00 4.6936296529e+00
2.3939393939e+00 1.9696969697e+00 4.6164314220e+00
2.3939393939e+00 2.0303030303e+00 4.5408111150e+00
2.3939393939e+00 2.0909090909e+00 4.4667794868e+00
2.3939393939e+00 2.1515151515e+00 4.3943397702e+00
2.3939393939e+00 2.2121212121e+00 4.3234887354e+00
2.3939393939e+00 2.2727272727e+00 4.2542176321e+00
2.3939393939e+00 2.3333333333e+00 4.1865130234e+00
2.3939393939e+00 2.3939393939e+00 4.1203575218e+00
2.3939393939e+00 2.4545454545e+00 4.0557304380e+00
2.3939393939e+00 2.5151515152e+00 3.9926083501e+00
2.3939393939e+00 2.5757575758e+00 3.9309656031e+00
2.3939393939e+00 2.6363636364e+00 3.8707747450e+00
2.3939393939e+00 2.6969696970e+00 3.8120069067e+00
2.3939393939e+00 2.7575757576e+00 3.7546321330e+00
2.3939393939e+00 2.8181818182e+00 3.6986196688e+00
2.3939393939e+00 2.8787878788e+00 3.6439382069e+00
2.3939393939e+00 2.9393939394e+00 3.5905561013e+00
2.3939393939e+00 3.0000000000e+00 3.5384415499e+00

2.4545454545e+00 -3.0000000000e+00 3.4975608381e+00
2.4545454545e+00 -2.9393939394e+00 3.5478414095e+00
2.4545454545e+00 -2.8787878788e+00 3.5992881527e+00
2.4545454545e+00 -2.8181818182e+00 3.6519265652e+00
2.4545454545e+00 -2.7575757576e+00 3.7057815924e+00
2.4545454545e+00 -2.6969696970e+00 3.7608774253e+00
2.4545454545e+00 -2.6363636364e+00 3.8172372692e+00
2.4545454545e+00 -2.5757575758e+00 3.8748830782e+00
2.4545454545e+00 -2.5151515152e+00 3.9338352535e+00
2.4545454545e+00 -2.4545454545e+00 3.9941123004e+00
2.4545454545e+00 -2.3939393939e+00 4.0557304380e+00
2.4545454545e+00 -2.3333333333e+00 4.1187031592e+00
2.4545454545e+00 -2.2727272727e+00 4.1830407331e+00
2.4545454545e+00 -2.2121212121e+00 4.2487496445e+00
2.4545454545e+00 -2.1515151515e+00 4.3158319657e+00
2.4545454545e+00 -2.0909090909e+00 4.3842846523e+00
2.4545454545e+00 -2.0303030303e+00 4.4540987568e+00
2.4545454545e+00 -1.9696969697e+00 4.5252585548e+00
2.4545454545e+00 -1.9090909091e+00 4.5977405748e+00
2.4545454545e+00 -1.8484848485e+00 4.6715125285e+00
2.4545454545e+00 -1.7878787879e+00 4.7465321340e+00
2.4545454545e+00 -1.7272727273e+00 4.8227458298e+00
2.4545454545e+00 -1.6666666667e+00 4.9000873776e+00
2.4545454545e+00 -1.6060606061e+00 4.9784763542e+00
2.4545454545e+00 -1.5454545455e+00 5.0578165385e+00
2.4545454545e+00 -1.4848484848e+00 5.1379942035e+00
2.4545454545e+00 -1.4242424242e+00 5.2188763290e+00
2.4545454545e+00 -1.3636363636e+00 5.3003087605e+00
2.4545454545e+00 -1.3030303030e+00 5.3821143500e+00
2.4545454545e+00 -1.2424242424e+00 5.4640911242e+00
2.4545454545e+00 -1.1818181818e+00 5.5460105444e+00
2.4545454545e+00 -1.1212121212e+00 5.6276159344e+00
2.4545454545e+00 -1.0606060606e+00 5.7086211754e+00
2.4545454545e+00 -1.0000000000e+00 5.7887097831e+00
2.4545454545e+00 -9.3939393939e-01 5.8675345032e+00
2.4545454545e+00 -8.7878787879e-01 5.9447175788e+00
2.4545454545e+00 -8.1818181818e-01 6.0198518549e+00
2.4545454545e+00 -7.5757575758e-01 6.0925028917e+00
2.4545454545e+00 -6.9696969697e-01 6.1622122513e+00
2.4545454545e+00 -6.3636363636e-01 6.2285021000e+00
2.4545454545e+00 -5.7575757576e-01 6.2908812286e+00
2.4545454545e+00 -5.1515151515e-01 6.3488525289e+00
2.4545454545e+00 -4.5454545455e-01 6.4019218770e+00
2.4545454545e+00 -3.9393939394e-01 6.4496082687e+00
2.4545454545e+00 -3.3333333333e-01 6.4914549300e+00
2.4545454545e+00 -2.7272727273e-01 6.5270409992e+00
2.4545454545e+00 -2.1212121212e-01 6.5559932639e+00
2.4545454545e+00 -1.5151515152e-01 6.5779973482e+00
2.4545454545e+00 -9.0909090909e-02 6.5928077030e+00
2.4545454545e+00 -3.0303030303e-02 6.6002557704e+00
2.4545454545e+00 3.0303030303e-02 6.6002557704e+00
2.4545454545e+00 9.0909090909e-02 6.5928077030e+00
2.4545454545e+00 1.5151515152e-01 6.5779973482e+00
2.4545454545e+00 2.1212121212e-01 6.5559932639e+00
2.4545454545e+00 2.7272727273e-01 6.5270409992e+00
2.4545454545e+00 3.3333333333e-01 6.4914549300e+00
2.4545454545e+00 3.9393939394e-01 6.4496082687e+00
2.4545454545e+00 4.5454545455e-01 6.4019218770e+00
2.4545454545e+00 5.1515151515e-01 6.3488525289e+00
2.4545454545e+00 5.7575757576e-01 6.2908812286e+00
2.4545454545e+00 6.3636363636e-01 6.2285021000e+00
2.4545454545e+00 6.9696969697e-01 6.1622122513e+00
2.4545454545e+00 7.5757575758e-01 6.0925028917e+00
2.4545454545e+00 8.1818181818e-01 6.0198518549e+00
2.4545454545e+00 8.7878787879e-01 5.9447175788e+00
2.4545454545e+00 9.3939393939e-01 5.8675345032e+00
2.4545454545e+00 1.0000000000e+00 5.7887097831e+00
2.4545454545e+00 1.0606060606e+00 5.7086211754e+00
2.4545454545e+00 1.1212121212e+00 5.6276159344e+00
2.4545454545e+00 1.1818181818e+00 5.5460105444e+00
2.4545454545e+00 1.2424242424e+00 5.4640911242e+00
2.4545454545e+00 1.3030303030e+00 5.3821143500e+00
2.4545454545e+00 1.3636363636e+00 5.3003087605e+00
2.4545454545e+00 1.4242424242e+00 5.2188763290e+00
2.4545454545e+00 1.4848484848e+00 5.1379942035e+00
2.4545454545e+00 1.5454545455e+00 5.0578165385e+00
2.4545454545e+00 1.6060606061e+00 4.9784763542e+00
2.4545454545e+00 1.6666666667e+00 4.9000873776e+00
2.4545454545e+00 1.7272727273e+00 4.8227458298e+00
2.4545454545e+00 1.7878787879e+00 4.7465321340e+00
2.4545454545e+00 1.8484848485e+00 4.6715125285e+00
2.4545454545e+00 1.9090909091e+00 4.5977405748e+00
2.4545454545e+00 1.9696969697e+00 4.5252585548e+00
2.4545454545e+00 2.0303030303e+00 4.4540987568e+00
2.4545454545e+00 2.0909090909e+00 4.3842846523e+00
2.4545454545e+00 2.1515151515e+00 4.3158319657e+00
2.4545454545e+00 2.2121212121e+00 4.2487496445e+00
2.4545454545e+00 2.2727272727e+00 4.1830407331e+00
2.4545454545e+00 2.3333333333e+00 4.1187031592e+00
2.4545454545e+00 2.3939393939e+00 4.0557304380e+00
2.4545454545e+00 2.4545454545e+00 3.9941123004e+00
2.4545454545e+00 2.5151515152e+00 3.9338352535e+00
2.4545454545e+00 2.5757575758e+00 3.8748830782e+00
2.4545454545e+00 2.6363636364e+00 3.8172372692e+00
2.4545454545e+00 2.6969696970e+00 3.7608774253e+00
2.4545454545e+00 2.7575757576e+00 3.7057815924e+00
2.4545454545e+00 2.8181818182e+00 3.6519265652e+00
2.4545454545e+00 2.8787878788e+00 3.5992881527e+00
2.4545454545e+00 2.9393939394e+00 3.5478414095e+00
2.4545454545e+00 3.0000000000e+00 3.4975608381e+00

2.5151515152e+00 -3.0000000000e+00 3.4571112876e+00
2.5151515152e+00 -2.9393939394e+00 3.5056222619e+00
2.5151515152e+00 -2.8787878788e+00 3.5552050880e+00
2.5151515152e+00 -2.8181818182e+00 3.6058797248e+00
2.5151515152e+00 -2.7575757576e+00 3.6576652676e+00
2.5151515152e+00 -2.6969696970e+00 3.7105797355e+00
2.5151515152e+00 -2.6363636364e+00 3.7646398320e+00
2.5151515152e+00 -2.5757575758e+00 3.8198606736e+00
2.5151515152e+00 -2.5151515152e+00 3.8762554844e+00
2.5151515152e+00 -2.4545454545e+00 3.9338352535e+00
2.5151515152e+00 -2.3939393939e+00 3.9926083501e+00
2.5151515152e+00 -2.3333333333e+00 4.0525800933e+00
2.5151515152e+00 -2.2727272727e+00 4.1137522730e+00
2.5151515152e+00 -2.2121212121e+00 4.1761226156e+00
2.5151515152e+00 -2.1515151515e+00 4.2396841927e+00
2.5151515152e+00 -2.0909090909e+00 4.3044247669e+00
2.5151515152e+00 -2.0303030303e+00 4.3703260708e+00
2.5151515152e+00 -1.9696969697e+00 4.4373630161e+00
2.5151515152e+00 -1.9090909091e+00 4.5055028289e+00
2.5151515152e+00 -1.8484848485e+00 4.5747041104e+00
2.5151515152e+00 -1.7878787879e+00 4.6449158197e+00
2.5151515152e+00 -1.7272727273e+00 4.7160761823e+00
2.5151515152e+00 -1.6666666667e+00 4.7881115252e+00
2.5151515152e+00 -1.6060606061e+00 4.8609350465e+00
2.5151515152e+00 -1.5454545455e+00 4.9344455278e+00
2.5151515152e+00 -1.4848484848e+00 5.0085260059e+00
2.5151515152e+00 -1.4242424242e+00 5.0830424229e+00
2.5151515152e+00 -1.3636363636e+00 5.1578422835e+00
2.5151515152e+00 -1.3030303030e+00 5.2327533535e+00
2.5151515152e+00 -1.2424242424e+00 5.3075824459e+00
2.5151515152e+00 -1.1818181818e+00 5.3821143500e+00
2.5151515152e+00 -1.1212121212e+00 5.4561109679e+00
2.5151515152e+00 -1.0606060606e+00 5.5293107398e+00
2.5151515152e+00 -1.0000000000e+00 5.6014284428e+00
2.5151515152e+00 -9.3939393939e-01 5.6721554657e+00
2.5151515152e+00 -8.7878787879e-01 5.7411606609e+00
2.5151515152e+00 -8.1818181818e-01 5.8080918839e+00
2.5151515152e+00 -7.5757575758e-01 5.8725783188e+00
2.5151515152e+00 -6.9696969697e-01 5.9342336836e+00
2.5151515152e+00 -6.3636363636e-01 5.9926603762e+00
2.5151515152e+00 -5.7575757576e-01 6.0474545952e+00
2.5151515152e+00 -5.1515151515e-01 6.0982124141e+00
2.5151515152e+00 -4.5454545455e-01 6.1445367332e+00
2.5151515152e+00 -3.9393939394e-01 6.1860449610e+00
2.5151515152e+00 -3.3333333333e-01 6.2223772055e+00
2.5151515152e+00 -2.7272727273e-01 6.2532046854e+00
2.5151515152e+00 -2.1212121212e-01 6.2782380090e+00
2.5151515152e+00 -1.5151515152e-01 6.2972349319e+00
2.5151515152e+00 -9.0909090909e-02 6.3100071878e+00
2.5151515152e+00 -3.0303030303e-02 6.3164260088e+00
2.5151515152e+00 3.0303030303e-02 6.3164260088e+00
2.5151515152e+00 9.0909090909e-02 6.3100071878e+00
2.5151515152e+00 1.5151515152e-01 6.2972349319e+00
2.5151515152e+00 2.1212121212e-01 6.2782380090e+00
2.5151515152e+00 2.7272727273e-01 6.2532046854e+00
2.5151515152e+00 3.3333333333e-01 6.2223772055e+00
2.5151515152e+00 3.9393939394e-01 6.1860449610e+00
2.5151515152e+00 4.5454545455e-01 6.1445367332e+00
2.5151515152e+00 5.1515151515e-01 6.0982124141e+00
2.5151515152e+00 5.7575757576e-01 6.0474545952e+00
2.5151515152e+00 6.3636363636e-01 5.9926603762e+00
2.5151515152e+00 6.9696969697e-01 5.9342336836e+00
2.5151515152e+00 7.5757575758e-01 5.8725783188e+00
2.5151515152e+00 8.1818181818e-01 5.8080918839e+00
2.5151515152e+00 8.7878787879e-01 5.7411606609e+00
2.5151515152e+00 9.3939393939e-01 5.6721554657e+00
2.5151515152e+00 1.0000000000e+00 5.6014284428e+00
2.5151515152e+00 1.0606060606e+00 5.5293107398e+00
2.5151515152e+00 1.1212121212e+00 5.4561109679e+00
2.5151515152e+00 1.1818181818e+00 5.3821143500e+00
2.5151515152e+00 1.2424242424e+00 5.3075824459e+00
2.5151515152e+00 1.3030303030e+00 5.2327533535e+00
2.5151515152e+00 1.3636363636e+00 5.1578422835e+00
2.5151515152e+00 1.4242424242e+00 5.0830424229e+00
2.5151515152e+00 1.4848484848e+00 5.0085260059e+00
2.5151515152e+00 1.5454545455e+00 4.9344455278e+00
2.5151515152e+00 1.6060606061e+00 4.8609350465e+00
2.5151515152e+00 1.6666666667e+00 4.7881115252e+00
2.5151515152e+00 1.7272727273e+00 4.7160761823e+00
2.5151515152e+00 1.7878787879e+00 4.6449158197e+00
2.5151515152e+00 1.8484848485e+00 4.5747041104e+00
2.5151515152e+00 1.9090909091e+00 4.5055028289e+00
2.5151515152e+00 1.9696969697e+00 4.4373630161e+00
2.5151515152e+00 2.0303030303e+00 4.3703260708e+00
2.5151515152e+00 2.0909090909e+00 4.3044247669e+00
2.5151515152e+00 2.1515151515e+00 4.2396841927e+00
2.5151515152e+00 2.2121212121e+00 4.1761226156e+00
2.5151515152e+00 2.2727272727e+00 4.1137522730e+00
2.5151515152e+00 2.3333333333e+00 4.0525800933e+00
2.5151515152e+00 2.3939393939e+00 3.9926083501e+00
2.5151515152e+00 2.4545454545e+00 3.9338352535e+00
2.5151515152e+00 2.5151515152e+00 3.8762554844e+00
2.5151515152e+00 2.5757575758e+00 3.8198606736e+00
2.5151515152e+00 2.6363636364e+00 3.7646398320e+00
2.5151515152e+00 2.6969696970e+00 3.7105797355e+00
2.5151515152e+00 2.7575757576e+00 3.6576652676e+00
2.5151515152e+00 2.8181818182e+00 3.6058797248e+00
2.5151515152e+00 2.8787878788e+00 3.5552050880e+00
2.5151515152e+00 2.9393939394e+00 3.5056222619e+00
2.5151515152e+00 3.0000000000e+00 3.4571112876e+00

2.5757575758e+00 -3.0000000000e+00 3.4171124340e+00
2.5757575758e+00 -2.9393939394e+00 3.4639168755e+00
2.5757575758e+00 -2.8787878788e+00 3.5117054882e+00
2.5757575758e+00 -2.8181818182e+00 3.5604933792e+00
2.5757575758e+00 -2.7575757576e+00 3.6102945512e+00
2.5757575758e+00 -2.6969696970e+00 3.6611216878e+00
2.5757575758e+00 -2.6363636364e+00 3.7129859124e+00
2.5757575758e+00 -2.5757575758e+00 3.7658965192e+00
2.5757575758e+00 -2.5151515152e+00 3.8198606736e+00
2.5757575758e+00 -2.4545454545e+00 3.8748830782e+00
2.5757575758e+00 -2.3939393939e+00 3.9309656031e+00
2.5757575758e+00 -2.3333333333e+00 3.9881068765e+00
2.5757575758e+00 -2.2727272727e+00 4.0463018323e+00
2.5757575758e+00 -2.2121212121e+00 4.1055412135e+00
2.5757575758e+00 -2.1515151515e+00 4.1658110273e+00
2.5757575758e+00 -2.0909090909e+00 4.2270919491e+00
2.5757575758e+00 -2.0303030303e+00 4.2893586747e+00
2.5757575758e+00 -1.9696969697e+00 4.3525792187e+00
2.5757575758e+00 -1.9090909091e+00 4.4167141574e+00
2.5757575758e+00 -1.8484848485e+00 4.4817158187e+00
2.5757575758e+00 -1.7878787879e+00 4.5475274185e+00
2.5757575758e+00 -1.7272727273e+00 4.6140821500e+00
2.5757575758e+00 -1.6666666667e+00 4.6813022293e+00
2.5757575758e+00 -1.6060606061e+00 4.7490979087e+00
2.5757575758e+00 -1.5454545455e+00 4.8173664680e+00
2.5757575758e+00 -1.4848484848e+00 4.8859912012e+00
2.5757575758e+00 -1.4242424242e+00 4.9548404208e+00
2.5757575758e+00 -1.3636363636e+00 5.0237665039e+00
2.5757575758e+00 -1.3030303030e+00 5.0926050155e+00
2.5757575758e+00 -1.2424242424e+00 5.1611739476e+00
2.5757575758e+00 -1.1818181818e+00 5.2292731199e+00
2.5757575758e+00 -1.1212121212e+00 5.2966837971e+00
2.5757575758e+00 -1.0606060606e+00 5.3631685818e+00
2.5757575758e+00 -1.0000000000e+00 5.4284716493e+00
2.5757575758e+00 -9.3939393939e-01 5.4923193933e+00
2.5757575758e+00 -8.7878787879e-01 5.5544215533e+00
2.5757575758e+00 -8.1818181818e-01 5.6144728895e+00
2.5757575758e+00 -7.5757575758e-01 5.6721554657e+00
2.5757575758e+00 -6.9696969697e-01 5.7271415845e+00
2.5757575758e+00 -6.3636363636e-01 5.7790973992e+00
2.5757575758e+00 -5.7575757576e-01 5.8276871976e+00
2.5757575758e+00 -5.1515151515e-01 5.8725783188e+00
2.5757575758e+00 -4.5454545455e-01 5.9134466238e+00
2.5757575758e+00 -3.9393939394e-01 5.9499823928e+00
2.5757575758e+00 -3.3333333333e-01 5.9818964825e+00
2.5757575758e+00 -2.7272727273e-01 6.0089265320e+00
2.5757575758e+00 -2.1212121212e-01 6.0308429746e+00
2.5757575758e+00 -1.5151515152e-01 6.0474545952e+00
2.5757575758e+00 -9.0909090909e-02 6.0586133699e+00
2.5757575758e+00 -3.0303030303e-02 6.0642183444e+00
2.5757575758e+00 3.0303030303e-02 6.0642183444e+00
2.5757575758e+00 9.0909090909e-02 6.0586133699e+00
2.5757575758e+00 1.5151515152e-01 6.0474545952e+00
2.5757575758e+00 2.1212121212e-01 6.0308429746e+00
2.5757575758e+00 2.7272727273e-01 6.0089265320e+00
2.5757575758e+00 3.3333333333e-01 5.9818964825e+00
2.5757575758e+00 3.9393939394e-01 5.9499823928e+00
2.5757575758e+00 4.5454545455e-01 5.9134466238e+00
2.5757575758e+00 5.1515151515e-01 5.8725783188e+00
2.5757575758e+00 5.7575757576e-01 5.8276871976e+00
2.5757575758e+00 6.3636363636e-01 5.7790973992e+00
2.5757575758e+00 6.9696969697e-01 5.7271415845e+00
2.5757575758e+00 7.5757575758e-01 5.6721554657e+00
2.5757575758e+00 8.1818181818e-01 5.6144728895e+00
2.5757575758e+00 8.7878787879e-01 5.5544215533e+00
2.5757575758e+00 9.3939393939e-01 5.4923193933e+00
2.5757575758e+00 1.0000000000e+00 5.4284716493e+00
2.5757575758e+00 1.0606060606e+00 5.3631685818e+00
2.5757575758e+00 1.1212121212e+00 5.2966837971e+00
2.5757575758e+00 1.1818181818e+00 5.2292731199e+00
2.5757575758e+00 1.2424242424e+00 5.1611739476e+00
2.5757575758e+00 1.3030303030e+00 5.0926050155e+00
2.5757575758e+00 1.3636363636e+00 5.0237665039e+00
2.5757575758e+00 1.4242424242e+00 4.9548404208e+00
2.5757575758e+00 1.4848484848e+00 4.8859912012e+00
2.5757575758e+00 1.5454545455e+00 4.8173664680e+00
2.5757575758e+00 1.6060606061e+00 4.7490979087e+00
2.5757575758e+00 1.6666666667e+00 4.6813022293e+00
2.5757575758e+00 1.7272727273e+00 4.6140821500e+00
2.5757575758e+00 1.7878787879e+00 4.5475274185e+00
2.5757575758e+00 1.8484848485e+00 4.4817158187e+00
2.5757575758e+00 1.9090909091e+00 4.4167141574e+00
2.5757575758e+00 1.9696969697e+00 4.3525792187e+00
2.5757575758e+00 2.0303030303e+00 4.2893586747e+00
2.5757575758e+00 2.0909090909e+00 4.2270919491e+00
2.5757575758e+00 2.1515151515e+00 4.1658110273e+00
2.5757575758e+00 2.2121212121e+00 4.1055412135e+00
2.5757575758e+00 2.2727272727e+00 4.0463018323e+00
2.5757575758e+00 2.3333333333e+00 3.9881068765e+00
2.5757575758e+00 2.3939393939e+00 3.9309656031e+00
2.5757575758e+00 2.4545454545e+00 3.8748830782e+00
2.5757575758e+00 2.5151515152e+00 3.8198606736e+00
2.5757575758e+00 2.5757575758e+00 3.7658965192e+00
2.5757575758e+00 2.6363636364e+00 3.7129859124e+00
2.5757575758e+00 2.6969696970e+00 3.6611216878e+00
2.5757575758e+00 2.7575757576e+00 3.6102945512e+00
2.5757575758e+00 2.8181818182e+00 3.5604933792e+00
2.5757575758e+00 2.8787878788e+00 3.5117054882e+00
2.5757575758e+00 2.9393939394e+00 3.4639168755e+00
2.5757575758e+00 3.0000000000e+00 3.4171124340e+00

2.6363636364e+00 -3.0000000000e+00 3.3775811819e+00
2.6363636364e+00 -2.9393939394e+00 3.4227407179e+00
2.6363636364e+00 -2.8787878788e+00 3.4688029754e+00
2.6363636364e+00 -2.8181818182e+00 3.5157788244e+00
2.6363636364e+00 -2.7575757576e+00 3.5636778493e+00
2.6363636364e+00 -2.6969696970e+00 3.6125081365e+00
2.6363636364e+00 -2.6363636364e+00 3.6622760384e+00
2.6363636364e+00 -2.5757575758e+00 3.7129859124e+00
2.6363636364e+00 -2.5151515152e+00 3.7646398320e+00
2.6363636364e+00 -2.4545454545e+00 3.8172372692e+00
2.6363636364e+00 -2.3939393939e+00 3.8707747450e+00
2.6363636364e+00 -2.3333333333e+00 3.9252454466e+00
2.6363636364e+00 -2.2727272727e+00 3.9806388092e+00
2.6363636364e+00 -2.2121212121e+00 4.0369400606e+00
2.6363636364e+00 -2.1515151515e+00 4.0941297276e+00
2.6363636364e+00 -2.0909090909e+00 4.1521831018e+00
2.6363636364e+00 -2.0303030303e+00 4.2110696666e+00
2.6363636364e+00 -1.9696969697e+00 4.2707524829e+00
2.6363636364e+00 -1.9090909091e+00 4.3311875366e+00
2.6363636364e+00 -1.8484848485e+00 4.3923230496e+00
2.6363636364e+00 -1.7878787879e+00 4.4540987568e+00
2.6363636364e+00 -1.7272727273e+00 4.5164451572e+00
2.6363636364e+00 -1.6666666667e+00 4.5792827433e+00
2.6363636364e+00 -1.6060606061e+00 4.6425212224e+00
2.6363636364e+00 -1.5454545455e+00 4.7060587392e+00
2.6363636364e+00 -1.4848484848e+00 4.7697811199e+00
2.6363636364e+00 -1.4242424242e+00 4.8335611544e+00
2.6363636364e+00 -1.3636363636e+00 4.8972579434e+00
2.6363636364e+00 -1.3030303030e+00 4.9607163376e+00
2.6363636364e+00 -1.2424242424e+00 5.0237665039e+00
2.6363636364e+00 -1.1818181818e+00 5.0862236539e+00
2.6363636364e+00 -1.1212121212e+00 5.1478879796e+00
2.6363636364e+00 -1.0606060606e+00 5.2085448393e+00
2.6363636364e+00 -1.0000000000e+00 5.2679652423e+00
2.6363636364e+00 -9.3939393939e-01 5.3259066800e+00
2.6363636364e+00 -8.7878787879e-01 5.3821143500e+00
2.6363636364e+00 -8.1818181818e-01 5.4363228123e+00
2.6363636364e+00 -7.5757575758e-01 5.4882581126e+00
2.6363636364e+00 -6.9696969697e-01 5.5376403898e+00
2.6363636364e+00 -6.3636363636e-01 5.5841869709e+00
2.6363636364e+00 -5.7575757576e-01 5.6276159344e+00
2.6363636364e+00 -5.1515151515e-01 5.6676500969e+00
2.6363636364e+00 -4.5454545455e-01 5.7040213516e+00
2.6363636364e+00 -3.9393939394e-01 5.7364752560e+00
2.6363636364e+00 -3.3333333333e-01 5.7647757402e+00
2.6363636364e+00 -2.7272727273e-01 5.7887097831e+00
2.6363636364e+00 -2.1212121212e-01 5.8080918839e+00
2.6363636364e+00 -1.5151515152e-01 5.8227681513e+00
2.6363636364e+00 -9.0909090909e-02 5.8326198333e+00
2.6363636364e+00 -3.0303030303e-02 5.8375661259e+00
2.6363636364e+00 3.0303030303e-02 5.8375661259e+00
2.6363636364e+00 9.0909090909e-02 5.8326198333e+00
2.6363636364e+00 1.5151515152e-01 5.8227681513e+00
2.6363636364e+00 2.1212121212e-01 5.8080918839e+00
2.6363636364e+00 2.7272727273e-01 5.7887097831e+00
2.6363636364e+00 3.3333333333e-01 5.7647757402e+00
2.6363636364e+00 3.9393939394e-01 5.7364752560e+00
2.6363636364e+00 4.5454545455e-01 5.7040213516e+00
2.6363636364e+00 5.1515151515e-01 5.6676500969e+00
2.6363636364e+00 5.7575757576e-01 5.6276159344e+00
2.6363636364e+00 6.3636363636e-01 5.5841869709e+00
2.6363636364e+00 6.9696969697e-01 5.5376403898e+00
2.6363636364e+00 7.5757575758e-01 5.4882581126e+00
2.6363636364e+00 8.1818181818e-01 5.4363228123e+00
2.6363636364e+00 8.7878787879e-01 5.3821143500e+00
2.6363636364e+00 9.3939393939e-01 5.3259066800e+00
2.6363636364e+00 1.0000000000e+00 5.2679652423e+00
2.6363636364e+00 1.0606060606e+00 5.2085448393e+00
2.6363636364e+00 1.1212121212e+00 5.1478879796e+00
2.6363636364e+00 1.1818181818e+00 5.0862236539e+00
2.6363636364e+00 1.2424242424e+00 5.0237665039e+00
2.6363636364e+00 1.3030303030e+00 4.9607163376e+00
2.6363636364e+00 1.3636363636e+00 4.8972579434e+00
2.6363636364e+00 1.4242424242e+00 4.8335611544e+00
2.6363636364e+00 1.4848484848e+00 4.7697811199e+00
2.6363636364e+00 1.5454545455e+00 4.7060587392e+00
2.6363636364e+00 1.6060606061e+00 4.6425212224e+00
2.6363636364e+00 1.6666666667e+00 4.5792827433e+00
2.6363636364e+00 1.7272727273e+00 4.5164451572e+00
2.6363636364e+00 1.7878787879e+00 4.4540987568e+00
2.6363636364e+00 1.8484848485e+00 4.3923230496e+00
2.6363636364e+00 1.9090909091e+00 4.3311875366e+00
2.6363636364e+00 1.9696969697e+00 4.2707524829e+00
2.6363636364e+00 2.0303030303e+00 4.2110696666e+00
2.6363636364e+00 2.0909090909e+00 4.1521831018e+00
2.6363636364e+00 2.1515151515e+00 4.0941297276e+00
2.6363636364e+00 2.2121212121e+00 4.0369400606e+00
2.6363636364e+00 2.2727272727e+00 3.9806388092e+00
2.6363636364e+00 2.3333333333e+00 3.9252454466e+00
2.6363636364e+00 2.3939393939e+00 3.8707747450e+00
2.6363636364e+00 2.4545454545e+00 3.8172372692e+00
2.6363636364e+00 2.5151515152e+00 3.7646398320e+00
2.6363636364e+00 2.5757575758e+00 3.7129859124e+00
2.6363636364e+00 2.6363636364e+00 3.6622760384e+00
2.6363636364e+00 2.6969696970e+00 3.6125081365e+00
2.6363636364e+00 2.7575757576e+00 3.5636778493e+00
2.6363636364e+00 2.8181818182e+00 3.5157788244e+00
2.6363636364e+00 2.8787878788e+00 3.4688029754e+00
2.6363636364e+00 2.9393939394e+00 3.4227407179e+00
2.6363636364e+00 3.0000000000e+00 3.3775811819e+00

2.6969696970e+00 -3.0000000000e+00 3.3385320010e+00
2.6969696970e+00 -2.9393939394e+00 3.3821067272e+00
2.6969696970e+00 -2.8787878788e+00 3.4265085644e+00
2.6969696970e+00 -2.8181818182e+00 3.4717446938e+00
2.6969696970e+00 -2.7575757576e+00 3.5178208800e+00
2.6969696970e+00 -2.6969696970e+00 3.5647412641e+00
2.6969696970e+00 -2.6363636364e+00 3.6125081365e+00
2.6969696970e+00 -2.5757575758e+00 3.6611216878e+00
2.6969696970e+00 -2.5151515152e+00 3.7105797355e+00
2.6969696970e+00 -2.4545454545e+00 3.7608774253e+00
2.6969696970e+00 -2.3939393939e+00 3.8120069067e+00
2.6969696970e+00 -2.3333333333e+00 3.8639569796e+00
2.6969696970e+00 -2.2727272727e+00 3.9167127128e+00
2.6969696970e+00 -2.2121212121e+00 3.9702550323e+00
2.6969696970e+00 -2.1515151515e+00 4.0245602793e+00
2.6969696970e+00 -2.0909090909e+00 4.0795997383e+00
2.6969696970e+00 -2.0303030303e+00 4.1353391351e+00
2.6969696970e+00 -1.9696969697e+00 4.1917381067e+00
2.6969696970e+00 -1.9090909091e+00 4.2487496445e+00
2.6969696970e+00 -1.8484848485e+00 4.3063195157e+00
2.6969696970e+00 -1.7878787879e+00 4.3643856658e+00
2.6969696970e+00 -1.7272727273e+00 4.4228776096e+00
2.6969696970e+00 -1.6666666667e+00 4.4817158187e+00
2.6969696970e+00 -1.6060606061e+00 4.5408111150e+00
2.6969696970e+00 -1.5454545455e+00 4.6000640844e+00
2.6969696970e+00 -1.4848484848e+00 4.6593645241e+00
2.6969696970e+00 -1.4242424242e+00 4.7185909434e+00
2.6969696970e+00 -1.3636363636e+00 4.7776101377e+00
2.6969696970e+00 -1.3030303030e+00 4.8362768611e+00
2.6969696970e+00 -1.2424242424e+00 4.8944336246e+00
2.6969696970e+00 -1.1818181818e+00 4.9519106490e+00
2.6969696970e+00 -1.1212121212e+00 5.0085260059e+00
2.6969696970e+00 -1.0606060606e+00 5.0640859797e+00
2.6969696970e+00 -1.0000000000e+00 5.1183856846e+00
2.6969696970e+00 -9.3939393939e-01 5.1712099685e+00
2.6969696970e+00 -8.7878787879e-01 5.2223346346e+00
2.6969696970e+00 -8.1818181818e-01 5.2715280029e+00
2.6969696970e+00 -7.5757575758e-01 5.3185528285e+00
2.6969696970e+00 -6.9696969697e-01 5.3631685818e+00
2.6969696970e+00 -6.3636363636e-01 5.4051340809e+00
2.6969696970e+00 -5.7575757576e-01 5.4442104532e+00
2.6969696970e+00 -5.1515151515e-01 5.4801643816e+00
2.6969696970e+00 -4.5454545455e-01 5.5127715754e+00
2.6969696970e+00 -3.9393939394e-01 5.5418203823e+00
2.6969696970e+00 -3.3333333333e-01 5.5671154453e+00
2.6969696970e+00 -2.7272727273e-01 5.5884812897e+00
2.6969696970e+00 -2.1212121212e-01 5.6057657174e+00
2.6969696970e+00 -1.5151515152e-01 5.6188428839e+00
2.6969696970e+00 -9.0909090909e-02 5.6276159344e+00
2.6969696970e+00 -3.0303030303e-02 5.6320190893e+00
2.6969696970e+00 3.0303030303e-02 5.6320190893e+00
2.6969696970e+00 9.0909090909e-02 5.6276159344e+00
2.6969696970e+00 1.5151515152e-01 5.6188428839e+00
2.6969696970e+00 2.1212121212e-01 5.6057657174e+00
2.6969696970e+00 2.7272727273e-01 5.5884812897e+00
2.6969696970e+00 3.3333333333e-01 5.5671154453e+00
2.6969696970e+00 3.9393939394e-01 5.5418203823e+00
2.6969696970e+00 4.5454545455e-01 5.5127715754e+00
2.6969696970e+00 5.1515151515e-01 5.4801643816e+00
2.6969696970e+00 5.7575757576e-01 5.4442104532e+00
2.6969696970e+00 6.3636363636e-01 5.4051340809e+00
2.6969696970e+00 6.9696969697e-01 5.3631685818e+00
2.6969696970e+00 7.5757575758e-01 5.3185528285e+00
2.6969696970e+00 8.1818181818e-01 5.2715280029e+00
2.6969696970e+00 8.7878787879e-01 5.2223346346e+00
2.6969696970e+00 9.3939393939e-01 5.1712099685e+00
2.6969696970e+00 1.0000000000e+00 5.1183856846e+00
2.6969696970e+00 1.0606060606e+00 5.0640859797e+00
2.6969696970e+00 1.1212121212e+00 5.0085260059e+00
2.6969696970e+00 1.1818181818e+00 4.9519106490e+00
2.6969696970e+00 1.2424242424e+00 4.8944336246e+00
2.6969696970e+00 1.3030303030e+00 4.8362768611e+00
2.6969696970e+00 1.3636363636e+00 4.7776101377e+00
2.6969696970e+00 1.4242424242e+00 4.7185909434e+00
2.6969696970e+00 1.4848484848e+00 4.6593645241e+00
2.6969696970e+00 1.5454545455e+00 4.6000640844e+00
2.6969696970e+00 1.6060606061e+00 4.5408111150e+00
2.6969696970e+00 1.6666666667e+00 4.4817158187e+00
2.6969696970e+00 1.7272727273e+00 4.4228776096e+00
2.6969696970e+00 1.7878787879e+00 4.3643856658e+00
2.6969696970e+00 1.8484848485e+00 4.3063195157e+00
2.6969696970e+00 1.9090909091e+00 4.2487496445e+00
2.6969696970e+00 1.9696969697e+00 4.1917381067e+00
2.6969696970e+00 2.0303030303e+00 4.1353391351e+00
2.6969696970e+00 2.0909090909e+00 4.0795997383e+00
2.6969696970e+00 2.1515151515e+00 4.0245602793e+00
2.6969696970e+00 2.2121212121e+00 3.9702550323e+00
2.6969696970e+00 2.2727272727e+00 3.9167127128e+00
2.6969696970e+00 2.3333333333e+00 3.8639569796e+00
2.6969696970e+00 2.3939393939e+00 3.8120069067e+00
2.6969696970e+00 2.4545454545e+00 3.7608774253e+00
2.6969696970e+00 2.5151515152e+00 3.7105797355e+00
2.6969696970e+00 2.5757575758e+00 3.6611216878e+00
2.6969696970e+00 2.6363636364e+00 3.6125081365e+00
2.6969696970e+00 2.6969696970e+00 3.5647412641e+00
2.6969696970e+00 2.7575757576e+00 3.5178208800e+00
2.6969696970e+00 2.8181818182e+00 3.4717446938e+00
2.6969696970e+00 2.8787878788e+00 3.4265085644e+00
2.6969696970e+00 2.9393939394e+00 3.3821067272e+00
2.6969696970e+00 3.0000000000e+00 3.3385320010e+00

2.7575757576e+00 -3.0000000000e+00 3.2999771141e+00
2.7575757576e+00 -2.9393939394e+00 3.3420255215e+00
2.7575757576e+00 -2.8787878788e+00 3.3848308932e+00
2.7575757576e+00 -2.8181818182e+00 3.4283972113e+00
2.7575757576e+00 -2.7575757576e+00 3.4727269503e+00
2.7575757576e+00 -2.6969696970e+00 3.5178208800e+00
2.7575757576e+00 -2.6363636364e+00 3.5636778493e+00
2.7575757576e+00 -2.5757575758e+00 3.6102945512e+00
2.7575757576e+00 -2.5151515152e+00 3.6576652676e+00
2.7575757576e+00 -2.4545454545e+00 3.7057815924e+00
2.7575757576e+00 -2.3939393939e+00 3.7546321330e+00
2.7575757576e+00 -2.3333333333e+00 3.8042021887e+00
2.7575757576e+00 -2.2727272727e+00 3.8544734058e+00
2.7575757576e+00 -2.2121212121e+00 3.9054234094e+00
2.7575757576e+00 -2.1515151515e+00 3.9570254127e+00
2.7575757576e+00 -2.0909090909e+00 4.0092478030e+00
2.7575757576e+00 -2.0303030303e+00 4.0620537073e+00
2.7575757576e+00 -1.9696969697e+00 4.1154005391e+00
2.7575757576e+00 -1.9090909091e+00 4.1692395286e+00
2.7575757576e+00 -1.8484848485e+00 4.2235152419e+00
2.7575757576e+00 -1.7878787879e+00 4.2781650920e+00
2.7575757576e+00 -1.7272727273e+00 4.3331188507e+00
2.7575757576e+00 -1.6666666667e+00 4.3882981677e+00
2.7575757576e+00 -1.6060606061e+00 4.4436161072e+00
2.7575757576e+00 -1.5454545455e+00 4.4989767141e+00
2.7575757576e+00 -1.4848484848e+00 4.5542746232e+00
2.7575757576e+00 -1.4242424242e+00 4.6093947269e+00
2.7575757576e+00 -1.3636363636e+00 4.6642119204e+00
2.7575757576e+00 -1.3030303030e+00 4.7185909434e+00
2.7575757576e+00 -1.2424242424e+00 4.7723863406e+00
2.7575757576e+00 -1.1818181818e+00 4.8254425645e+00
2.7575757576e+00 -1.1212121212e+00 4.8775942447e+00
2.7575757576e+00 -1.0606060606e+00 4.9286666483e+00
2.7575757576e+00 -1.0000000000e+00 4.9784763542e+00
2.7575757576e+00 -9.3939393939e-01 5.0268321646e+00
2.7575757576e+00 -8.7878787879e-01 5.0735362705e+00
2.7575757576e+00 -8.1818181818e-01 5.1183856846e+00
2.7575757576e+00 -7.5757575758e-01 5.1611739476e+00
2.7575757576e+00 -6.9696969697e-01 5.2016931045e+00
2.7575757576e+00 -6.3636363636e-01 5.2397359384e+00
2.7575757576e+00 -5.7575757576e-01 5.2750984361e+00
2.7575757576e+00 -5.1515151515e-01 5.3075824459e+00
2.7575757576e+00 -4.5454545455e-01 5.3369984781e+00
2.7575757576e+00 -3.9393939394e-01 5.3631685818e+00
2.7575757576e+00 -3.3333333333e-01 5.3859292232e+00
2.7575757576e+00 -2.7272727273e-01 5.4051340809e+00
2.7575757576e+00 -2.1212121212e-01 5.4206566677e+00
2.7575757576e+00 -1.5151515152e-01 5.4323926896e+00
2.7575757576e+00 -9.0909090909e-02 5.4402620543e+00
2.7575757576e+00 -3.0303030303e-02 5.4442104532e+00
2.7575757576e+00 3.0303030303e-02 5.4442104532e+00
2.7575757576e+00 9.0909090909e-02 5.4402620543e+00
2.7575757576e+00 1.5151515152e-01 5.4323926896e+00
2.7575757576e+00 2.1212121212e-01 5.4206566677e+00
2.7575757576e+00 2.7272727273e-01 5.4051340809e+00
2.7575757576e+00 3.3333333333e-01 5.3859292232e+00
2.7575757576e+00 3.9393939394e-01 5.3631685818e+00
2.7575757576e+00 4.5454545455e-01 5.3369984781e+00
2.7575757576e+00 5.1515151515e-01 5.3075824459e+00
2.7575757576e+00 5.7575757576e-01 5.2750984361e+00
2.7575757576e+00 6.3636363636e-01 5.2397359384e+00
2.7575757576e+00 6.9696969697e-01 5.2016931045e+00
2.7575757576e+00 7.5757575758e-01 5.1611739476e+00
2.7575757576e+00 8.1818181818e-01 5.1183856846e+00
2.7575757576e+00 8.7878787879e-01 5.0735362705e+00
2.7575757576e+00 9.3939393939e-01 5.0268321646e+00
2.7575757576e+00 1.0000000000e+00 4.9784763542e+00
2.7575757576e+00 1.0606060606e+00 4.9286666483e+00
2.7575757576e+00 1.1212121212e+00 4.8775942447e+00
2.7575757576e+00 1.1818181818e+00 4.8254425645e+00
2.7575757576e+00 1.2424242424e+00 4.7723863406e+00
2.7575757576e+00 1.3030303030e+00 4.7185909434e+00
2.7575757576e+00 1.3636363636e+00 4.6642119204e+00
2.7575757576e+00 1.4242424242e+00 4.6093947269e+00
2.7575757576e+00 1.4848484848e+00 4.5542746232e+00
2.7575757576e+00 1.5454545455e+00 4.4989767141e+00
2.7575757576e+00 1.6060606061e+00 4.4436161072e+00
2.7575757576e+00 1.6666666667e+00 4.3882981677e+00
2.7575757576e+00 1.7272727273e+00 4.3331188507e+00
2.7575757576e+00 1.7878787879e+00 4.2781650920e+00
2.7575757576e+00 1.8484848485e+00 4.2235152419e+00
2.7575757576e+00 1.9090909091e+00 4.1692395286e+00
2.7575757576e+00 1.9696969697e+00 4.1154005391e+00
2.7575757576e+00 2.0303030303e+00 4.0620537073e+00
2.7575757576e+00 2.0909090909e+00 4.0092478030e+00
2.7575757576e+00 2.1515151515e+00 3.9570254127e+00
2.7575757576e+00 2.2121212121e+00 3.9054234094e+00
2.7575757576e+00 2.2727272727e+00 3.8544734058e+00
2.7575757576e+00 2.3333333333e+00 3.8042021887e+00
2.7575757576e+00 2.3939393939e+00 3.7546321330e+00
2.7575757576e+00 2.4545454545e+00 3.7057815924e+00
2.7575757576e+00 2.5151515152e+00 3.6576652676e+00
2.7575757576e+00 2.5757575758e+00 3.6102945512e+00
2.7575757576e+00 2.6363636364e+00 3.5636778493e+00
2.7575757576e+00 2.6969696970e+00 3.5178208800e+00
2.7575757576e+00 2.7575757576e+00 3.4727269503e+00
2.7575757576e+00 2.8181818182e+00 3.4283972113e+00
2.7575757576e+00 2.8787878788e+00 3.3848308932e+00
2.7575757576e+00 2.9393939394e+00 3.3420255215e+00
2.7575757576e+00 3.0000000000e+00 3.2999771141e+00

2.8181818182e+00 -3.0000000000e+00 3.2619266750e+00
2.8181818182e+00 -2.9393939394e+00 3.3025055957e+00
2.8181818182e+00 -2.8787878788e+00 3.3437764405e+00
2.8181818182e+00 -2.8181818182e+00 3.3857404278e+00
2.8181818182e+00 -2.7575757576e+00 3.4283972113e+00
2.8181818182e+00 -2.6969696970e+00 3.4717446938e+00
2.8181818182e+00 -2.6363636364e+00 3.5157788244e+00
2.8181818182e+00 -2.5757575758e+00 3.5604933792e+00
2.8181818182e+00 -2.5151515152e+00 3.6058797248e+00
2.8181818182e+00 -2.4545454545e+00 3.6519265652e+00
2.8181818182e+00 -2.3939393939e+00 3.6986196688e+00
2.8181818182e+00 -2.3333333333e+00 3.7459415789e+00
2.8181818182e+00 -2.2727272727e+00 3.7938713046e+00
2.8181818182e+00 -2.2121212121e+00 3.8423839953e+00
2.8181818182e+00 -2.1515151515e+00 3.8914505968e+00
2.8181818182e+00 -2.0909090909e+00 3.9410374927e+00
2.8181818182e+00 -2.0303030303e+00 3.9911061316e+00
2.8181818182e+00 -1.9696969697e+00 4.0416126426e+00
2.8181818182e+00 -1.9090909091e+00 4.0925074433e+00
2.8181818182e+00 -1.8484848485e+00 4.1437348435e+00
2.8181818182e+00 -1.7878787879e+00 4.1952326505e+00
2.8181818182e+00 -1.7272727273e+00 4.2469317823e+00
2.8181818182e+00 -1.6666666667e+00 4.2987558960e+00
2.8181818182e+00 -1.6060606061e+00 4.3506210408e+00
2.8181818182e+00 -1.5454545455e+00 4.4024353461e+00
2.8181818182e+00 -1.4848484848e+00 4.4540987568e+00
2.8181818182e+00 -1.4242424242e+00 4.5055028289e+00
2.8181818182e+00 -1.3636363636e+00 4.5565306007e+00
2.8181818182e+00 -1.3030303030e+00 4.6070565558e+00
2.8181818182e+00 -1.2424242424e+00 4.6569466958e+00
2.8181818182e+00 -1.1818181818e+00 4.7060587392e+00
2.8181818182e+00 -1.1212121212e+00 4.7542424662e+00
2.8181818182e+00 -1.0606060606e+00 4.8013402264e+00
2.8181818182e+00 -1.0000000000e+00 4.8471876254e+00
2.8181818182e+00 -9.3939393939e-01 4.8916144053e+00
2.8181818182e+00 -8.7878787879e-01 4.9344455278e+00
2.8181818182e+00 -8.1818181818e-01 4.9755024689e+00
2.8181818182e+00 -7.5757575758e-01 5.0146047219e+00
2.8181818182e+00 -6.9696969697e-01 5.0515715046e+00
2.8181818182e+00 -6.3636363636e-01 5.0862236539e+00
2.8181818182e+00 -5.7575757576e-01 5.1183856846e+00
2.8181818182e+00 -5.1515151515e-01 5.1478879796e+00
2.8181818182e+00 -4.5454545455e-01 5.1745690671e+00
2.8181818182e+00 -3.9393939394e-01 5.1982779360e+00
2.8181818182e+00 -3.3333333333e-01 5.2188763290e+00
2.8181818182e+00 -2.7272727273e-01 5.2362409505e+00
2.8181818182e+00 -2.1212121212e-01 5.2502655228e+00
2.8181818182e+00 -1.5151515152e-01 5.2608626234e+00
2.8181818182e+00 -9.0909090909e-02 5.2679652423e+00
2.8181818182e+00 -3.0303030303e-02 5.2715280029e+00
2.8181818182e+00 3.0303030303e-02 5.2715280029e+00
2.8181818182e+00 9.0909090909e-02 5.2679652423e+00
2.8181818182e+00 1.5151515152e-01 5.2608626234e+00
2.8181818182e+00 2.1212121212e-01 5.2502655228e+00
2.8181818182e+00 2.7272727273e-01 5.2362409505e+00
2.8181818182e+00 3.3333333333e-01 5.2188763290e+00
2.8181818182e+00 3.9393939394e-01 5.1982779360e+00
2.8181818182e+00 4.5454545455e-01 5.1745690671e+00
2.8181818182e+00 5.1515151515e-01 5.1478879796e+00
2.8181818182e+00 5.7575757576e-01 5.1183856846e+00
2.8181818182e+00 6.3636363636e-01 5.0862236539e+00
2.8181818182e+00 6.9696969697e-01 5.0515715046e+00
2.8181818182e+00 7.5757575758e-01 5.0146047219e+00
2.8181818182e+00 8.1818181818e-01 4.9755024689e+00
2.8181818182e+00 8.7878787879e-01 4.9344455278e+00
2.8181818182e+00 9.3939393939e-01 4.8916144053e+00
2.8181818182e+00 1.0000000000e+00 4.8471876254e+00
2.8181818182e+00 1.0606060606e+00 4.8013402264e+00
2.8181818182e+00 1.1212121212e+00 4.7542424662e+00
2.8181818182e+00 1.1818181818e+00 4.7060587392e+00
2.8181818182e+00 1.2424242424e+00 4.6569466958e+00
2.8181818182e+00 1.3030303030e+00 4.6070565558e+00
2.8181818182e+00 1.3636363636e+00 4.5565306007e+00
2.8181818182e+00 1.4242424242e+00 4.5055028289e+00
2.8181818182e+00 1.4848484848e+00 4.4540987568e+00
2.8181818182e+00 1.5454545455e+00 4.4024353461e+00
2.8181818182e+00 1.6060606061e+00 4.3506210408e+00
2.8181818182e+00 1.6666666667e+00 4.2987558960e+00
2.8181818182e+00 1.7272727273e+00 4.2469317823e+00
2.8181818182e+00 1.7878787879e+00 4.1952326505e+00
2.8181818182e+00 1.8484848485e+00 4.1437348435e+00
2.8181818182e+00 1.9090909091e+00 4.0925074433e+00
2.8181818182e+00 1.9696969697e+00 4.0416126426e+00
2.8181818182e+00 2.0303030303e+00 3.9911061316e+00
2.8181818182e+00 2.0909090909e+00 3.9410374927e+00
2.8181818182e+00 2.1515151515e+00 3.8914505968e+00
2.8181818182e+00 2.2121212121e+00 3.8423839953e+00
2.8181818182e+00 2.2727272727e+00 3.7938713046e+00
2.8181818182e+00 2.3333333333e+00 3.7459415789e+00
2.8181818182e+00 2.3939393939e+00 3.6986196688e+00
2.8181818182e+00 2.4545454545e+00 3.6519265652e+00
2.8181818182e+00 2.5151515152e+00 3.6058797248e+00
2.8181818182e+00 2.5757575758e+00 3.5604933792e+00
2.8181818182e+00 2.6363636364e+00 3.5157788244e+00
2.8181818182e+00 2.6969696970e+00 3.4717446938e+00
2.8181818182e+00 2.7575757576e+00 3.4283972113e+00
2.8181818182e+00 2.8181818182e+00 3.3857404278e+00
2.8181818182e+00 2.8787878788e+00 3.3437764405e+00
2.8181818182e+00 2.9393939394e+00 3.3025055957e+00
2.8181818182e+00 3.0000000000e+00 3.2619266750e+00

2.8787878788e+00 -3.0000000000e+00 3.2243889382e+00
2.8787878788e+00 -2.9393939394e+00 3.2635535071e+00
2.8787878788e+00 -2.8787878788e+00 3.3033497276e+00
2.8787878788e+00 -2.8181818182e+00 3.3437764405e+00
2.8787878788e+00 -2.7575757576e+00 3.3848308932e+00
2.8787878788e+00 -2.6969696970e+00 3.4265085644e+00
2.8787878788e+00 -2.6363636364e+00 3.4688029754e+00
2.8787878788e+00 -2.5757575758e+00 3.5117054882e+00
2.8787878788e+00 -2.5151515152e+00 3.5552050880e+00
2.8787878788e+00 -2.4545454545e+00 3.5992881527e+00
2.8787878788e+00 -2.3939393939e+00 3.6439382069e+00
2.8787878788e+00 -2.3333333333e+00 3.6891356622e+00
2.8787878788e+00 -2.2727272727e+00 3.7348575432e+00
2.8787878788e+00 -2.2121212121e+00 3.7810772008e+00
2.8787878788e+00 -2.1515151515e+00 3.8277640136e+00
2.8787878788e+00 -2.0909090909e+00 3.8748830782e+00
2.8787878788e+00 -2.0303030303e+00 3.9223948924e+00
2.8787878788e+00 -1.9696969697e+00 3.9702550323e+00
2.8787878788e+00 -1.9090909091e+00 4.0184138272e+00
2.8787878788e+00 -1.8484848485e+00 4.0668160376e+00
2.8787878788e+00 -1.7878787879e+00 4.1154005391e+00
2.8787878788e+00 -1.7272727273e+00 4.1641000208e+00
2.8787878788e+00 -1.6666666667e+00 4.2128407040e+00
2.8787878788e+00 -1.6060606061e+00 4.2615420882e+00
2.8787878788e+00 -1.5454545455e+00 4.3101167364e+00
2.8787878788e+00 -1.4848484848e+00 4.3584701075e+00
2.8787878788e+00 -1.4242424242e+00 4.4065004482e+00
2.8787878788e+00 -1.3636363636e+00 4.4540987568e+00
2.8787878788e+00 -1.3030303030e+00 4.5011488318e+00
2.8787878788e+00 -1.2424242424e+00 4.5475274185e+00
2.8787878788e+00 -1.1818181818e+00 4.5931044678e+00
2.8787878788e+00 -1.1212121212e+00 4.6377435205e+00
2.8787878788e+00 -1.0606060606e+00 4.6813022293e+00
2.8787878788e+00 -1.0000000000e+00 4.7236330298e+00
2.8787878788e+00 -9.3939393939e-01 4.7645839691e+00
2.8787878788e+00 -8.7878787879e-01 4.8039996977e+00
2.8787878788e+00 -8.1818181818e-01 4.8417226265e+00
2.8787878788e+00 -7.5757575758e-01 4.8775942447e+00
2.8787878788e+00 -6.9696969697e-01 4.9114565923e+00
2.8787878788e+00 -6.3636363636e-01 4.9431538690e+00
2.8787878788e+00 -5.7575757576e-01 4.9725341608e+00
2.8787878788e+00 -5.1515151515e-01 4.9994512541e+00
2.8787878788e+00 -4.5454545455e-01 5.0237665039e+00
2.8787878788e+00 -3.9393939394e-01 5.0453507130e+00
2.8787878788e+00 -3.3333333333e-01 5.0640859797e+00
2.8787878788e+00 -2.7272727273e-01 5.0798674631e+00
2.8787878788e+00 -2.1212121212e-01 5.0926050155e+00
2.8787878788e+00 -1.5151515152e-01 5.1022246352e+00
2.8787878788e+00 -9.0909090909e-02 5.1086696907e+00
2.8787878788e+00 -3.0303030303e-02 5.1119018781e+00
2.8787878788e+00 3.0303030303e-02 5.1119018781e+00
2.8787878788e+00 9.0909090909e-02 5.1086696907e+00
2.8787878788e+00 1.5151515152e-01 5.1022246352e+00
2.8787878788e+00 2.1212121212e-01 5.0926050155e+00
2.8787878788e+00 2.7272727273e-01 5.0798674631e+00
2.8787878788e+00 3.3333333333e-01 5.0640859797e+00
2.8787878788e+00 3.9393939394e-01 5.0453507130e+00
2.8787878788e+00 4.5454545455e-01 5.0237665039e+00
2.8787878788e+00 5.1515151515e-01 4.9994512541e+00
2.8787878788e+00 5.7575757576e-01 4.9725341608e+00
2.8787878788e+00 6.3636363636e-01 4.9431538690e+00
2.8787878788e+00 6.9696969697e-01 4.9114565923e+00
2.8787878788e+00 7.5757575758e-01 4.8775942447e+00
2.8787878788e+00 8.1818181818e-01 4.8417226265e+00
2.8787878788e+00 8.7878787879e-01 4.8039996977e+00
2.8787878788e+00 9.3939393939e-01 4.7645839691e+00
2.8787878788e+00 1.0000000000e+00 4.7236330298e+00
2.8787878788e+00 1.0606060606e+00 4.6813022293e+00
2.8787878788e+00 1.1212121212e+00 4.6377435205e+00
2.8787878788e+00 1.1818181818e+00 4.5931044678e+00
2.8787878788e+00 1.2424242424e+00 4.5475274185e+00
2.8787878788e+00 1.3030303030e+00 4.5011488318e+00
2.8787878788e+00 1.3636363636e+00 4.4540987568e+00
2.8787878788e+00 1.4242424242e+00 4.4065004482e+00
2.8787878788e+00 1.4848484848e+00 4.3584701075e+00
2.8787878788e+00 1.5454545455e+00 4.3101167364e+00
2.8787878788e+00 1.6060606061e+00 4.2615420882e+00
2.8787878788e+00 1.6666666667e+00 4.2128407040e+00
2.8787878788e+00 1.7272727273e+00 4.1641000208e+00
2.8787878788e+00 1.7878787879e+00 4.1154005391e+00
2.8787878788e+00 1.8484848485e+00 4.0668160376e+00
2.8787878788e+00 1.9090909091e+00 4.0184138272e+00
2.8787878788e+00 1.9696969697e+00 3.9702550323e+00
2.8787878788e+00 2.0303030303e+00 3.9223948924e+00
2.8787878788e+00 2.0909090909e+00 3.8748830782e+00
2.8787878788e+00 2.1515151515e+00 3.8277640136e+00
2.8787878788e+00 2.2121212121e+00 3.7810772008e+00
2.8787878788e+00 2.2727272727e+00 3.7348575432e+00
2.8787878788e+00 2.3333333333e+00 3.6891356622e+00
2.8787878788e+00 2.3939393939e+00 3.6439382069e+00
2.8787878788e+00 2.4545454545e+00 3.5992881527e+00
2.8787878788e+00 2.5151515152e+00 3.5552050880e+00
2.8787878788e+00 2.5757575758e+00 3.5117054882e+00
2.8787878788e+00 2.6363636364e+00 3.4688029754e+00
2.8787878788e+00 2.6969696970e+00 3.4265085644e+00
2.8787878788e+00 2.7575757576e+00 3.3848308932e+00
2.8787878788e+00 2.8181818182e+00 3.3437764405e+00
2.8787878788e+00 2.8787878788e+00 3.3033497276e+00
2.8787878788e+00 2.9393939394e+00 3.2635535071e+00
2.8787878788e+00 3.0000000000e+00 3.2243889382e+00

2.9393939394e+00 -3.0000000000e+00 3.1873704181e+00
2.9393939394e+00 -2.9393939394e+00 3.2251740500e+00
2.9393939394e+00 -2.8787878788e+00 3.2635535071e+00
2.9393939394e+00 -2.8181818182e+00 3.3025055957e+00
2.9393939394e+00 -2.7575757576e+00 3.3420255215e+00
2.9393939394e+00 -2.6969696970e+00 3.3821067272e+00
2.9393939394e+00 -2.6363636364e+00 3.4227407179e+00
2.9393939394e+00 -2.5757575758e+00 3.4639168755e+00
2.9393939394e+00 -2.5151515152e+00 3.5056222619e+00
2.9393939394e+00 -2.4545454545e+00 3.5478414095e+00
2.9393939394e+00 -2.3939393939e+00 3.5905561013e+00
2.9393939394e+00 -2.3333333333e+00 3.6337451396e+00
2.9393939394e+00 -2.2727272727e+00 3.6773841050e+00
2.9393939394e+00 -2.2121212121e+00 3.7214451057e+00
2.9393939394e+00 -2.1515151515e+00 3.7658965192e+00
2.9393939394e+00 -2.0909090909e+00 3.8107027283e+00
2.9393939394e+00 -2.0303030303e+00 3.8558238528e+00
2.9393939394e+00 -1.9696969697e+00 3.9012154809e+00
2.9393939394e+00 -1.9090909091e+00 3.9468284026e+00
2.9393939394e+00 -1.8484848485e+00 3.9926083501e+00
2.9393939394e+00 -1.7878787879e+00 4.0384957488e+00
2.9393939394e+00 -1.7272727273e+00 4.0844254863e+00
2.9393939394e+00 -1.6666666667e+00 4.1303267032e+00
2.9393939394e+00 -1.6060606061e+00 4.1761226156e+00
2.9393939394e+00 -1.5454545455e+00 4.2217303751e+00
2.9393939394e+00 -1.4848484848e+00 4.2670609763e+00
2.9393939394e+00 -1.4242424242e+00 4.3120192204e+00
2.9393939394e+00 -1.3636363636e+00 4.3565037455e+00
2.9393939394e+00 -1.3030303030e+00 4.4004071341e+00
2.9393939394e+00 -1.2424242424e+00 4.4436161072e+00
2.9393939394e+00 -1.1818181818e+00 4.4860118166e+00
2.9393939394e+00 -1.1212121212e+00 4.5274702446e+00
2.9393939394e+00 -1.0606060606e+00 4.5678627197e+00
2.9393939394e+00 -1.0000000000e+00 4.6070565558e+00
2.9393939394e+00 -9.3939393939e-01 4.6449158197e+00
2.9393939394e+00 -8.7878787879e-01 4.6813022293e+00
2.9393939394e+00 -8.1818181818e-01 4.7160761823e+00
2.9393939394e+00 -7.5757575758e-01 4.7490979087e+00
2.9393939394e+00 -6.9696969697e-01 4.7802287405e+00
2.9393939394e+00 -6.3636363636e-01 4.8093324815e+00
2.9393939394e+00 -5.7575757576e-01 4.8362768611e+00
2.9393939394e+00 -5.1515151515e-01 4.8609350465e+00
2.9393939394e+00 -4.5454545455e-01 4.8831871849e+00
2.9393939394e+00 -3.9393939394e-01 4.9029219434e+00
2.9393939394e+00 -3.3333333333e-01 4.9200380117e+00
2.9393939394e+00 -2.7272727273e-01 4.9344455278e+00
2.9393939394e+00 -2.1212121212e-01 4.9460673905e+00
2.9393939394e+00 -1.5151515152e-01 4.9548404208e+00
2.9393939394e+00 -9.0909090909e-02 4.9607163376e+00
2.9393939394e+00 -3.0303030303e-02 4.9636625180e+00
2.9393939394e+00 3.0303030303e-02 4.9636625180e+00
2.9393939394e+00 9.0909090909e-02 4.9607163376e+00
2.9393939394e+00 1.5151515152e-01 4.9548404208e+00
2.9393939394e+00 2.1212121212e-01 4.9460673905e+00
2.9393939394e+00 2.7272727273e-01 4.9344455278e+00
2.9393939394e+00 3.3333333333e-01 4.9200380117e+00
2.9393939394e+00 3.9393939394e-01 4.9029219434e+00
2.9393939394e+00 4.5454545455e-01 4.8831871849e+00
2.9393939394e+00 5.1515151515e-01 4.8609350465e+00
2.9393939394e+00 5.7575757576e-01 4.8362768611e+00
2.9393939394e+00 6.3636363636e-01 4.8093324815e+00
2.9393939394e+00 6.9696969697e-01 4.7802287405e+00
2.9393939394e+00 7.5757575758e-01 4.7490979087e+00
2.9393939394e+00 8.1818181818e-01 4.7160761823e+00
2.9393939394e+00 8.7878787879e-01 4.6813022293e+00
2.9393939394e+00 9.3939393939e-01 4.6449158197e+00
2.9393939394e+00 1.0000000000e+00 4.6070565558e+00
2.9393939394e+00 1.0606060606e+00 4.5678627197e+00
2.9393939394e+00 1.1212121212e+00 4.5274702446e+00
2.9393939394e+00 1.1818181818e+00 4.4860118166e+00
2.9393939394e+00 1.2424242424e+00 4.4436161072e+00
2.9393939394e+00 1.3030303030e+00 4.4004071341e+00
2.9393939394e+00 1.3636363636e+00 4.3565037455e+00
2.9393939394e+00 1.4242424242e+00 4.3120192204e+00
2.9393939394e+00 1.4848484848e+00 4.2670609763e+00
2.9393939394e+00 1.5454545455e+00 4.2217303751e+00
2.9393939394e+00 1.6060606061e+00 4.1761226156e+00
2.9393939394e+00 1.6666666667e+00 4.1303267032e+00
2.9393939394e+00 1.7272727273e+00 4.0844254863e+00
2.9393939394e+00 1.7878787879e+00 4.0384957488e+00
2.9393939394e+00 1.8484848485e+00 3.9926083501e+00
2.9393939394e+00 1.9090909091e+00 3.9468284026e+00
2.9393939394e+00 1.9696969697e+00 3.9012154809e+00
2.9393939394e+00 2.0303030303e+00 3.8558238528e+00
2.9393939394e+00 2.0909090909e+00 3.8107027283e+00
2.9393939394e+00 2.1515151515e+00 3.7658965192e+00
2.9393939394e+00 2.2121212121e+00 3.7214451057e+00
2.9393939394e+00 2.2727272727e+00 3.6773841050e+00
2.9393939394e+00 2.3333333333e+00 3.6337451396e+00
2.9393939394e+00 2.3939393939e+00 3.5905561013e+00
2.9393939394e+00 2.4545454545e+00 3.5478414095e+00
2.9393939394e+00 2.5151515152e+00 3.5056222619e+00
2.9393939394e+00 2.5757575758e+00 3.4639168755e+00
2.9393939394e+00 2.6363636364e+00 3.4227407179e+00
2.9393939394e+00 2.6969696970e+00 3.3821067272e+00
2.9393939394e+00 2.7575757576e+00 3.3420255215e+00
2.9393939394e+00 2.8181818182e+00 3.3025055957e+00
2.9393939394e+00 2.8787878788e+00 3.2635535071e+00
2.9393939394e+00 2.9393939394e+00 3.2251740500e+00
2.9393939394e+00 3.0000000000e+00 3.1873704181e+00

3.0000000000e+00 -3.0000000000e+00 3.1508760398e+00
3.0000000000e+00 -2.9393939394e+00 3.1873704181e+00
3.0000000000e+00 -2.8787878788e+00 3.2243889382e+00
3.0000000000e+00 -2.8181818182e+00 3.2619266750e+00
3.0000000000e+00 -2.7575757576e+00 3.2999771141e+00
3.0000000000e+00 -2.6969696970e+00 3.3385320010e+00
3.0000000000e+00 -2.6363636364e+00 3.3775811819e+00
3.0000000000e+00 -2.5757575758e+00 3.4171124340e+00
3.0000000000e+00 -2.5151515152e+00 3.4571112876e+00
3.0000000000e+00 -2.4545454545e+00 3.4975608381e+00
3.0000000000e+00 -2.3939393939e+00 3.5384415499e+00
3.0000000000e+00 -2.3333333333e+00 3.5797310524e+00
3.0000000000e+00 -2.2727272727e+00 3.6214039285e+00
3.0000000000e+00 -2.2121212121e+00 3.6634314973e+00
3.0000000000e+00 -2.1515151515e+00 3.7057815924e+00
3.0000000000e+00 -2.0909090909e+00 3.7484183378e+00
3.0000000000e+00 -2.0303030303e+00 3.7913019234e+00
3.0000000000e+00 -1.9696969697e+00 3.8343883825e+00
3.0000000000e+00 -1.9090909091e+00 3.8776293761e+00
3.0000000000e+00 -1.8484848485e+00 3.9209719858e+00
3.0000000000e+00 -1.7878787879e+00 3.9643585214e+00
3.0000000000e+00 -1.7272727273e+00 4.0077263466e+00
3.0000000000e+00 -1.6666666667e+00 4.0510077302e+00
3.0000000000e+00 -1.6060606061e+00 4.0941297276e+00
3.0000000000e+00 -1.5454545455e+00 4.1370140995e+00
3.0000000000e+00 -1.4848484848e+00 4.1795772765e+00
3.0000000000e+00 -1.4242424242e+00 4.2217303751e+00
3.0000000000e+00 -1.3636363636e+00 4.2633792754e+00
3.0000000000e+00 -1.3030303030e+00 4.3044247669e+00
3.0000000000e+00 -1.2424242424e+00 4.3447627718e+00
3.0000000000e+00 -1.1818181818e+00 4.3842846523e+00
3.0000000000e+00 -1.1212121212e+00 4.4228776096e+00
3.0000000000e+00 -1.0606060606e+00 4.4604251812e+00
3.0000000000e+00 -1.0000000000e+00 4.4968078392e+00
3.0000000000e+00 -9.3939393939e-01 4.5319036936e+00
3.0000000000e+00 -8.7878787879e-01 4.5655893009e+00
3.0000000000e+00 -8.1818181818e-01 4.5977405748e+00
3.0000000000e+00 -7.5757575758e-01 4.6282337937e+00
3.0000000000e+00 -6.9696969697e-01 4.6569466958e+00
3.0000000000e+00 -6.3636363636e-01 4.6837596499e+00
3.0000000000e+00 -5.7575757576e-01 4.7085568835e+00
3.0000000000e+00 -5.1515151515e-01 4.7312277510e+00
3.0000000000e+00 -4.5454545455e-01 4.7516680153e+00
3.0000000000e+00 -3.9393939394e-01 4.7697811199e+00
3.0000000000e+00 -3.3333333333e-01 4.7854794209e+00
3.0000000000e+00 -2.7272727273e-01 4.7986853503e+00
3.0000000000e+00 -2.1212121212e-01 4.8093324815e+00
3.0000000000e+00 -1.5151515152e-01 4.8173664680e+00
3.0000000000e+00 -9.0909090909e-02 4.8227458298e+00
3.0000000000e+00 -3.0303030303e-02 4.8254425645e+00
3.0000000000e+00 3.0303030303e-02 4.8254425645e+00
3.0000000000e+00 9.0909090909e-02 4.8227458298e+00
3.0000000000e+00 1.5151515152e-01 4.8173664680e+00
3.0000000000e+00 2.1212121212e-01 4.8093324815e+00
3.0000000000e+00 2.7272727273e-01 4.7986853503e+00
3.0000000000e+00 3.3333333333e-01 4.7854794209e+00
3.0000000000e+00 3.9393939394e-01 4.7697811199e+00
3.0000000000e+00 4.5454545455e-01 4.7516680153e+00
3.0000000000e+00 5.1515151515e-01 4.7312277510e+00
3.0000000000e+00 5.7575757576e-01 4.7085568835e+00
3.0000000000e+00 6.3636363636e-01 4.6837596499e+00
3.0000000000e+00 6.9696969697e-01 4.6569466958e+00
3.0000000000e+00 7.5757575758e-01 4.6282337937e+00
3.0000000000e+00 8.1818181818e-01 4.5977405748e+00
3.0000000000e+00 8.7878787879e-01 4.5655893009e+00
3.0000000000e+00 9.3939393939e-01 4.5319036936e+00
3.0000000000e+00 1.0000000000e+00 4.4968078392e+00
3.0000000000e+00 1.0606060606e+00 4.4604251812e+00
3.0000000000e+00 1.1212121212e+00 4.4228776096e+00
3.0000000000e+00 1.1818181818e+00 4.3842846523e+00
3.0000000000e+00 1.2424242424e+00 4.3447627718e+00
3.0000000000e+00 1.3030303030e+00 4.3044247669e+00
3.0000000000e+00 1.3636363636e+00 4.2633792754e+00
3.0000000000e+00 1.4242424242e+00 4.2217303751e+00
3.0000000000e+00 1.4848484848e+00 4.1795772765e+00
3.0000000000e+00 1.5454545455e+00 4.1370140995e+00
3.0000000000e+00 1.6060606061e+00 4.0941297276e+00
3.0000000000e+00 1.6666666667e+00 4.0510077302e+00
3.0000000000e+00 1.7272727273e+00 4.0077263466e+00
3.0000000000e+00 1.7878787879e+00 3.9643585214e+00
3.0000000000e+00 1.8484848485e+00 3.9209719858e+00
3.0000000000e+00 1.9090909091e+00 3.8776293761e+00
3.0000000000e+00 1.9696969697e+00 3.8343883825e+00
3.0000000000e+00 2.0303030303e+00 3.7913019234e+00
3.0000000000e+00 2.0909090909e+00 3.7484183378e+00
3.0000000000e+00 2.1515151515e+00 3.7057815924e+00
3.0000000000e+00 2.2121212121e+00 3.6634314973e+00
3.0000000000e+00 2.2727272727e+00 3.6214039285e+00
3.0000000000e+00 2.3333333333e+00 3.5797310524e+00
3.0000000000e+00 2.3939393939e+00 3.5384415499e+00
3.0000000000e+00 2.4545454545e+00 3.4975608381e+00
3.0000000000e+00 2.5151515152e+00 3.4571112876e+00
3.0000000000e+00 2.5757575758e+00 3.4171124340e+00
3.0000000000e+00 2.6363636364e+00 3.3775811819e+00
3.0000000000e+00 2.6969696970e+00 3.3385320010e+00
3.0000000000e+00 2.7575757576e+00 3.2999771141e+00
3.0000000000e+00 2.8181818182e+00 3.2619266750e+00
3.0000000000e+00 2.8787878788e+00 3.2243889382e+00
3.0000000000e+00 2.9393939394e+00 3.1873704181e+00
3.0000000000e+00 3.0000000000e+00 3.1508760398e+00

