-3.0000000000e+00 -3.0000000000e+00 1.5021985632e+00
-3.0000000000e+00 -2.9393939394e+00 1.5179005418e+00
-3.0000000000e+00 -2.8787878788e+00 1.5337697234e+00
-3.0000000000e+00 -2.8181818182e+00 1.5498009247e+00
-3.0000000000e+00 -2.7575757576e+00 1.5659882397e+00
-3.0000000000e+00 -2.6969696970e+00 1.5823249908e+00
-3.0000000000e+00 -2.6363636364e+00 1.5988036789e+00
-3.0000000000e+00 -2.5757575758e+00 1.6154159310e+00
-3.0000000000e+00 -2.5151515152e+00 1.6321524486e+00
-3.0000000000e+00 -2.4545454545e+00 1.6490029543e+00
-3.0000000000e+00 -2.3939393939e+00 1.6659561394e+00
-3.0000000000e+00 -2.3333333333e+00 1.6829996108e+00
-3.0000000000e+00 -2.2727272727e+00 1.7001198400e+00
-3.0000000000e+00 -2.2121212121e+00 1.7173021128e+00
-3.0000000000e+00 -2.1515151515e+00 1.7345304820e+00
-3.0000000000e+00 -2.0909090909e+00 1.7517877229e+00
-3.0000000000e+00 -2.0303030303e+00 1.7690552932e+00
-3.0000000000e+00 -1.9696969697e+00 1.7863132975e+00
-3.0000000000e+00 -1.9090909091e+00 1.8035404586e+00
-3.0000000000e+00 -1.8484848485e+00 1.8207140957e+00
-3.0000000000e+00 -1.7878787879e+00 1.8378101109e+00
-3.0000000000e+00 -1.7272727273e+00 1.8548029866e+00
-3.0000000000e+00 -1.6666666667e+00 1.8716657928e+00
-3.0000000000e+00 -1.6060606061e+00 1.8883702075e+00
-3.0000000000e+00 -1.5454545455e+00 1.9048865514e+00
-3.0000000000e+00 -1.4848484848e+00 1.9211838368e+00
-3.0000000000e+00 -1.4242424242e+00 1.9372298341e+00
-3.0000000000e+00 -1.3636363636e+00 1.9529911546e+00
-3.0000000000e+00 -1.3030303030e+00 1.9684333530e+00
-3.0000000000e+00 -1.2424242424e+00 1.9835210483e+00
-3.0000000000e+00 -1.1818181818e+00 1.9982180653e+00
-3.0000000000e+00 -1.1212121212e+00 2.0124875955e+00
-3.0000000000e+00 -1.0606060606e+00 2.0262923784e+00
-3.0000000000e+00 -1.0000000000e+00 2.0395949022e+00
-3.0000000000e+00 -9.3939393939e-01 2.0523576224e+00
-3.0000000000e+00 -8.7878787879e-01 2.0645431989e+00
-3.0000000000e+00 -8.1818181818e-01 2.0761147466e+00
-3.0000000000e+00 -7.5757575758e-01 2.0870360997e+00
-3.0000000000e+00 -6.9696969697e-01 2.0972720864e+00
-3.0000000000e+00 -6.3636363636e-01 2.1067888091e+00
-3.0000000000e+00 -5.7575757576e-01 2.1155539280e+00
-3.0000000000e+00 -5.1515151515e-01 2.1235369438e+00
-3.0000000000e+00 -4.5454545455e-01 2.1307094743e+00
-3.0000000000e+00 -3.9393939394e-01 2.1370455206e+00
-3.0000000000e+00 -3.3333333333e-01 2.1425217191e+00
-3.0000000000e+00 -2.7272727273e-01 2.1471175738e+00
-3.0000000000e+00 -2.1212121212e-01 2.1508156648e+00
-3.0000000000e+00 -1.5151515152e-01 2.1536018288e+00
-3.0000000000e+00 -9.0909090909e-02 2.1554653084e+00
-3.0000000000e+00 -3.0303030303e-02 2.1563988672e+00
-3.0000000000e+00 3.0303030303e-02 2.1563988672e+00
-3.0000000000e+00 9.0909090909e-02 2.1554653084e+00
-3.0000000000e+00 1.5151515152e-01 2.1536018288e+00
-3.0000000000e+00 2.1212121212e-01 2.1508156648e+00
-3.0000000000e+00 2.7272727273e-01 2.1471175738e+00
-3.0000000000e+00 3.3333333333e-01 2.1425217191e+00
-3.0000000000e+00 3.9393939394e-01 2.1370455206e+00
-3.0000000000e+00 4.5454545455e-01 2.1307094743e+00
-3.0000000000e+00 5.1515151515e-01 2.1235369438e+00
-3.0000000000e+00 5.7575757576e-01 2.1155539280e+00
-3.0000000000e+00 6.3636363636e-01 2.1067888091e+00
-3.0000000000e+00 6.9696969697e-01 2.0972720864e+00
-3.0000000000e+00 7.5757575758e-01 2.0870360997e+00
-3.0000000000e+00 8.1818181818e-01 2.0761147466e+00
-3.0000000000e+00 8.7878787879e-01 2.0645431989e+00
-3.0000000000e+00 9.3939393939e-01 2.0523576224e+00
-3.0000000000e+00 1.0000000000e+00 2.0395949022e+00
-3.0000000000e+00 1.0606060606e+00 2.0262923784e+00
-3.0000000000e+00 1.1212121212e+00 2.0124875955e+00
-3.0000000000e+00 1.1818181818e+00 1.9982180653e+00
-3.0000000000e+00 1.2424242424e+00 1.9835210483e+00
-3.0000000000e+00 1.3030303030e+00 1.9684333530e+00
-3.0000000000e+00 1.3636363636e+00 1.9529911546e+00
-3.0000000000e+00 1.4242424242e+00 1.9372298341e+00
-3.0000000000e+00 1.4848484848e+00 1.9211838368e+00
-3.0000000000e+00 1.5454545455e+00 1.9048865514e+00
-3.0000000000e+00 1.6060606061e+00 1.8883702075e+00
-3.0000000000e+00 1.6666666667e+00 1.8716657928e+00
-3.0000000000e+00 1.7272727273e+00 1.8548029866e+00
-3.0000000000e+00 1.7878787879e+00 1.8378101109e+00
-3.0000000000e+00 1.8484848485e+00 1.8207140957e+00
-3.0000000000e+00 1.9090909091e+00 1.8035404586e+00
-3.0000000000e+00 1.9696969697e+00 1.7863132975e+00
-3.0000000000e+00 2.0303030303e+00 1.7690552932e+00
-3.0000000000e+00 2.0909090909e+00 1.7517877229e+00
-3.0000000000e+00 2.1515151515e+00 1.7345304820e+00
-3.0000000000e+00 2.2121212121e+00 1.7173021128e+00
-3.0000000000e+00 2.2727272727e+00 1.7001198400e+00
-3.0000000000e+00 2.3333333333e+00 1.6829996108e+00
-3.0000000000e+00 2.3939393939e+00 1.6659561394e+00
-3.0000000000e+00 2.4545454545e+00 1.6490029543e+00
-3.0000000000e+00 2.5151515152e+00 1.6321524486e+00
-3.0000000000e+00 2.5757575758e+00 1.6154159310e+00
-3.0000000000e+00 2.6363636364e+00 1.5988036789e+00
-3.0000000000e+00 2.6969696970e+00 1.5823249908e+00
-3.0000000000e+00 2.7575757576e+00 1.5659882397e+00
-3.0000000000e+00 2.8181818182e+00 1.5498009247e+00
-3.0000000000e+00 2.8787878788e+00 1.5337697234e+00
-3.0000000000e+00 2.9393939394e+00 1.5179005418e+00
-3.0000000000e+00 3.0000000000e+00 1.5021985632e+00

-2.9393939394e+00 -3.0000000000e+00 1.5179005418e+00
-2.9393939394e+00 -2.9393939394e+00 1.5341056467e+00
-2.9393939394e+00 -2.8787878788e+00 1.5504943063e+00
-2.9393939394e+00 -2.8181818182e+00 1.5670616426e+00
-2.9393939394e+00 -2.7575757576e+00 1.5838020274e+00
-2.9393939394e+00 -2.6969696970e+00 1.6007090285e+00
-2.9393939394e+00 -2.6363636364e+00 1.6177753538e+00
-2.9393939394e+00 -2.5757575758e+00 1.6349927936e+00
-2.9393939394e+00 -2.5151515152e+00 1.6523521623e+00
-2.9393939394e+00 -2.4545454545e+00 1.6698432385e+00
-2.9393939394e+00 -2.3939393939e+00 1.6874547048e+00
-2.9393939394e+00 -2.3333333333e+00 1.7051740872e+00
-2.9393939394e+00 -2.2727272727e+00 1.7229876960e+00
-2.9393939394e+00 -2.2121212121e+00 1.7408805667e+00
-2.9393939394e+00 -2.1515151515e+00 1.7588364041e+00
-2.9393939394e+00 -2.0909090909e+00 1.7768375281e+00
-2.9393939394e+00 -2.0303030303e+00 1.7948648244e+00
-2.9393939394e+00 -1.9696969697e+00 1.8128977000e+00
-2.9393939394e+00 -1.9090909091e+00 1.8309140443e+00
-2.9393939394e+00 -1.8484848485e+00 1.8488901984e+00
-2.9393939394e+00 -1.7878787879e+00 1.8668009333e+00
-2.9393939394e+00 -1.7272727273e+00 1.8846194378e+00
-2.9393939394e+00 -1.6666666667e+00 1.9023173194e+00
-2.9393939394e+00 -1.6060606061e+00 1.9198646177e+00
-2.9393939394e+00 -1.5454545455e+00 1.9372298341e+00
-2.9393939394e+00 -1.4848484848e+00 1.9543799770e+00
-2.9393939394e+00 -1.4242424242e+00 1.9712806267e+00
-2.9393939394e+00 -1.3636363636e+00 1.9878960185e+00
-2.9393939394e+00 -1.3030303030e+00 2.0041891481e+00
-2.9393939394e+00 -1.2424242424e+00 2.0201218986e+00
-2.9393939394e+00 -1.1818181818e+00 2.0356551896e+00
-2.9393939394e+00 -1.1212121212e+00 2.0507491512e+00
-2.9393939394e+00 -1.0606060606e+00 2.0653633197e+00
-2.9393939394e+00 -1.0000000000e+00 2.0794568572e+00
-2.9393939394e+00 -9.3939393939e-01 2.0929887931e+00
-2.9393939394e+00 -8.7878787879e-01 2.1059182863e+00
-2.9393939394e+00 -8.1818181818e-01 2.1182049053e+00
-2.9393939394e+00 -7.5757575758e-01 2.1298089252e+00
-2.9393939394e+00 -6.9696969697e-01 2.1406916368e+00
-2.9393939394e+00 -6.3636363636e-01 2.1508156648e+00
-2.9393939394e+00 -5.7575757576e-01 2.1601452905e+00
-2.9393939394e+00 -5.1515151515e-01 2.1686467744e+00
-2.9393939394e+00 -4.5454545455e-01 2.1762886732e+00
-2.9393939394e+00 -3.9393939394e-01 2.1830421463e+00
-2.9393939394e+00 -3.3333333333e-01 2.1888812462e+00
-2.9393939394e+00 -2.7272727273e-01 2.1937831866e+00
-2.9393939394e+00 -2.1212121212e-01 2.1977285841e+00
-2.9393939394e+00 -1.5151515152e-01 2.2007016679e+00
-2.9393939394e+00 -9.0909090909e-02 2.2026904528e+00
-2.9393939394e+00 -3.0303030303e-02 2.2036868731e+00
-2.9393939394e+00 3.0303030303e-02 2.2036868731e+00
-2.9393939394e+00 9.0909090909e-02 2.2026904528e+00
-2.9393939394e+00 1.5151515152e-01 2.2007016679e+00
-2.9393939394e+00 2.1212121212e-01 2.1977285841e+00
-2.9393939394e+00 2.7272727273e-01 2.1937831866e+00
-2.9393939394e+00 3.3333333333e-01 2.1888812462e+00
-2.9393939394e+00 3.9393939394e-01 2.1830421463e+00
-2.9393939394e+00 4.5454545455e-01 2.1762886732e+00
-2.9393939394e+00 5.1515151515e-01 2.1686467744e+00
-2.9393939394e+00 5.7575757576e-01 2.1601452905e+00
-2.9393939394e+00 6.3636363636e-01 2.1508156648e+00
-2.9393939394e+00 6.9696969697e-01 2.1406916368e+00
-2.9393939394e+00 7.5757575758e-01 2.1298089252e+00
-2.9393939394e+00 8.1818181818e-01 2.1182049053e+00
-2.9393939394e+00 8.7878787879e-01 2.1059182863e+00
-2.9393939394e+00 9.3939393939e-01 2.0929887931e+00
-2.9393939394e+00 1.0000000000e+00 2.0794568572e+00
-2.9393939394e+00 1.0606060606e+00 2.0653633197e+00
-2.9393939394e+00 1.1212121212e+00 2.0507491512e+00
-2.9393939394e+00 1.1818181818e+00 2.0356551896e+00
-2.9393939394e+00 1.2424242424e+00 2.0201218986e+00
-2.9393939394e+00 1.3030303030e+00 2.0041891481e+00
-2.9393939394e+00 1.3636363636e+00 1.9878960185e+00
-2.9393939394e+00 1.4242424242e+00 1.9712806267e+00
-2.9393939394e+00 1.4848484848e+00 1.9543799770e+00
-2.9393939394e+00 1.5454545455e+00 1.9372298341e+00
-2.9393939394e+00 1.6060606061e+00 1.9198646177e+00
-2.9393939394e+00 1.6666666667e+00 1.9023173194e+00
-2.9393939394e+00 1.7272727273e+00 1.8846194378e+00
-2.9393939394e+00 1.7878787879e+00 1.8668009333e+00
-2.9393939394e+00 1.8484848485e+00 1.8488901984e+00
-2.9393939394e+00 1.9090909091e+00 1.8309140443e+00
-2.9393939394e+00 1.9696969697e+00 1.8128977000e+00
-2.9393939394e+00 2.0303030303e+00 1.7948648244e+00
-2.9393939394e+00 2.0909090909e+00 1.7768375281e+00
-2.9393939394e+00 2.1515151515e+00 1.7588364041e+00
-2.9393939394e+00 2.2121212121e+00 1.7408805667e+00
-2.9393939394e+00 2.2727272727e+00 1.7229876960e+00
-2.9393939394e+00 2.3333333333e+00 1.7051740872e+00
-2.9393939394e+00 2.3939393939e+00 1.6874547048e+00
-2.9393939394e+00 2.4545454545e+00 1.6698432385e+00
-2.9393939394e+00 2.5151515152e+00 1.6523521623e+00
-2.9393939394e+00 2.5757575758e+00 1.6349927936e+00
-2.9393939394e+00 2.6363636364e+00 1.6177753538e+00
-2.9393939394e+00 2.6969696970e+00 1.6007090285e+00
-2.9393939394e+00 2.7575757576e+00 1.5838020274e+00
-2.9393939394e+00 2.8181818182e+00 1.5670616426e+00
-2.9393939394e+00 2.8787878788e+00 1.5504943063e+00
-2.9393939394e+00 2.9393939394e+00 1.5341056467e+00
-2.9393939394e+00 3.0000000000e+00 1.5179005418e+00

-2.8787878788e+00 -3.0000000000e+00 1.5337697234e+00
-2.8787878788e+00 -2.9393939394e+00 1.5504943063e+00
-2.8787878788e+00 -2.8787878788e+00 1.5674199346e+00
-2.8787878788e+00 -2.8181818182e+00 1.5845420992e+00
-2.8787878788e+00 -2.7575757576e+00 1.6018555150e+00
-2.8787878788e+00 -2.6969696970e+00 1.6193540611e+00
-2.8787878788e+00 -2.6363636364e+00 1.6370307196e+00
-2.8787878788e+00 -2.5757575758e+00 1.6548775119e+00
-2.8787878788e+00 -2.5151515152e+00 1.6728854325e+00
-2.8787878788e+00 -2.4545454545e+00 1.6910443828e+00
-2.8787878788e+00 -2.3939393939e+00 1.7093431017e+00
-2.8787878788e+00 -2.3333333333e+00 1.7277690978e+00
-2.8787878788e+00 -2.2727272727e+00 1.7463085797e+00
-2.8787878788e+00 -2.2121212121e+00 1.7649463884e+00
-2.8787878788e+00 -2.1515151515e+00 1.7836659307e+00
-2.8787878788e+00 -2.0909090909e+00 1.8024491145e+00
-2.8787878788e+00 -2.0303030303e+00 1.8212762893e+00
-2.8787878788e+00 -1.9696969697e+00 1.8401261897e+00
-2.8787878788e+00 -1.9090909091e+00 1.8589758864e+00
-2.8787878788e+00 -1.8484848485e+00 1.8778007440e+00
-2.8787878788e+00 -1.7878787879e+00 1.8965743883e+00
-2.8787878788e+00 -1.7272727273e+00 1.9152686848e+00
-2.8787878788e+00 -1.6666666667e+00 1.9338537294e+00
-2.8787878788e+00 -1.6060606061e+00 1.9522978540e+00
-2.8787878788e+00 -1.5454545455e+00 1.9705676487e+00
-2.8787878788e+00 -1.4848484848e+00 1.9886280020e+00
-2.8787878788e+00 -1.4242424242e+00 2.0064421620e+00
-2.8787878788e+00 -1.3636363636e+00 2.0239718193e+00
-2.8787878788e+00 -1.3030303030e+00 2.0411772133e+00
-2.8787878788e+00 -1.2424242424e+00 2.0580172643e+00
-2.8787878788e+00 -1.1818181818e+00 2.0744497318e+00
-2.8787878788e+00 -1.1212121212e+00 2.0904313991e+00
-2.8787878788e+00 -1.0606060606e+00 2.1059182863e+00
-2.8787878788e+00 -1.0000000000e+00 2.1208658895e+00
-2.8787878788e+00 -9.3939393939e-01 2.1352294467e+00
-2.8787878788e+00 -8.7878787879e-01 2.1489642288e+00
-2.8787878788e+00 -8.1818181818e-01 2.1620258524e+00
-2.8787878788e+00 -7.5757575758e-01 2.1743706135e+00
-2.8787878788e+00 -6.9696969697e-01 2.1859558365e+00
-2.8787878788e+00 -6.3636363636e-01 2.1967402357e+00
-2.8787878788e+00 -5.7575757576e-01 2.2066842827e+00
-2.8787878788e+00 -5.1515151515e-01 2.2157505763e+00
-2.8787878788e+00 -4.5454545455e-01 2.2239042068e+00
-2.8787878788e+00 -3.9393939394e-01 2.2311131090e+00
-2.8787878788e+00 -3.3333333333e-01 2.2373483981e+00
-2.8787878788e+00 -2.7272727273e-01 2.2425846806e+00
-2.8787878788e+00 -2.1212121212e-01 2.2468003352e+00
-2.8787878788e+00 -1.5151515152e-01 2.2499777565e+00
-2.8787878788e+00 -9.0909090909e-02 2.2521035573e+00
-2.8787878788e+00 -3.0303030303e-02 2.2531687244e+00
-2.8787878788e+00 3.0303030303e-02 2.2531687244e+00
-2.8787878788e+00 9.0909090909e-02 2.2521035573e+00
-2.8787878788e+00 1.5151515152e-01 2.2499777565e+00
-2.8787878788e+00 2.1212121212e-01 2.2468003352e+00
-2.8787878788e+00 2.7272727273e-01 2.2425846806e+00
-2.8787878788e+00 3.3333333333e-01 2.2373483981e+00
-2.8787878788e+00 3.9393939394e-01 2.2311131090e+00
-2.8787878788e+00 4.5454545455e-01 2.2239042068e+00
-2.8787878788e+00 5.1515151515e-01 2.2157505763e+00
-2.8787878788e+00 5.7575757576e-01 2.2066842827e+00
-2.8787878788e+00 6.3636363636e-01 2.1967402357e+00
-2.8787878788e+00 6.9696969697e-01 2.1859558365e+00
-2.8787878788e+00 7.5757575758e-01 2.1743706135e+00
-2.8787878788e+00 8.1818181818e-01 2.1620258524e+00
-2.8787878788e+00 8.7878787879e-01 2.1489642288e+00
-2.8787878788e+00 9.3939393939e-01 2.1352294467e+00
-2.8787878788e+00 1.0000000000e+00 2.1208658895e+00
-2.8787878788e+00 1.0606060606e+00 2.1059182863e+00
-2.8787878788e+00 1.1212121212e+00 2.0904313991e+00
-2.8787878788e+00 1.1818181818e+00 2.0744497318e+00
-2.8787878788e+00 1.2424242424e+00 2.0580172643e+00
-2.8787878788e+00 1.3030303030e+00 2.0411772133e+00
-2.8787878788e+00 1.3636363636e+00 2.0239718193e+00
-2.8787878788e+00 1.4242424242e+00 2.0064421620e+00
-2.8787878788e+00 1.4848484848e+00 1.9886280020e+00
-2.8787878788e+00 1.5454545455e+00 1.9705676487e+00
-2.8787878788e+00 1.6060606061e+00 1.9522978540e+00
-2.8787878788e+00 1.6666666667e+00 1.9338537294e+00
-2.8787878788e+00 1.7272727273e+00 1.9152686848e+00
-2.8787878788e+00 1.7878787879e+00 1.8965743883e+00
-2.8787878788e+00 1.8484848485e+00 1.8778007440e+00
-2.8787878788e+00 1.9090909091e+00 1.8589758864e+00
-2.8787878788e+00 1.9696969697e+00 1.8401261897e+00
-2.8787878788e+00 2.0303030303e+00 1.8212762893e+00
-2.8787878788e+00 2.0909090909e+00 1.8024491145e+00
-2.8787878788e+00 2.1515151515e+00 1.7836659307e+00
-2.8787878788e+00 2.2121212121e+00 1.7649463884e+00
-2.8787878788e+00 2.2727272727e+00 1.7463085797e+00
-2.8787878788e+00 2.3333333333e+00 1.7277690978e+00
-2.8787878788e+00 2.3939393939e+00 1.7093431017e+00
-2.8787878788e+00 2.4545454545e+00 1.6910443828e+00
-2.8787878788e+00 2.5151515152e+00 1.6728854325e+00
-2.8787878788e+00 2.5757575758e+00 1.6548775119e+00
-2.8787878788e+00 2.6363636364e+00 1.6370307196e+00
-2.8787878788e+00 2.6969696970e+00 1.6193540611e+00
-2.8787878788e+00 2.7575757576e+00 1.6018555150e+00
-2.8787878788e+00 2.8181818182e+00 1.5845420992e+00
-2.8787878788e+00 2.8787878788e+00 1.5674199346e+00
-2.8787878788e+00 2.9393939394e+00 1.5504943063e+00
-2.8787878788e+00 3.0000000000e+00 1.5337697234e+00

-2.8181818182e+00 -3.0000000000e+00 1.5498009247e+00
-2.8181818182e+00 -2.9393939394e+00 1.5670616426e+00
-2.8181818182e+00 -2.8787878788e+00 1.5845420992e+00
-2.8181818182e+00 -2.8181818182e+00 1.6022382252e+00
-2.8181818182e+00 -2.7575757576e+00 1.6201451508e+00
-2.8181818182e+00 -2.6969696970e+00 1.6382571413e+00
-2.8181818182e+00 -2.6363636364e+00 1.6565675290e+00
-2.8181818182e+00 -2.5757575758e+00 1.6750686430e+00
-2.8181818182e+00 -2.5151515152e+00 1.6937517358e+00
-2.8181818182e+00 -2.4545454545e+00 1.7126069086e+00
-2.8181818182e+00 -2.3939393939e+00 1.7316230335e+00
-2.8181818182e+00 -2.3333333333e+00 1.7507876758e+00
-2.8181818182e+00 -2.2727272727e+00 1.7700870147e+00
-2.8181818182e+00 -2.2121212121e+00 1.7895057646e+00
-2.8181818182e+00 -2.1515151515e+00 1.8090270970e+00
-2.8181818182e+00 -2.0909090909e+00 1.8286325644e+00
-2.8181818182e+00 -2.0303030303e+00 1.8483020277e+00
-2.8181818182e+00 -1.9696969697e+00 1.8680135876e+00
-2.8181818182e+00 -1.9090909091e+00 1.8877435223e+00
-2.8181818182e+00 -1.8484848485e+00 1.9074662324e+00
-2.8181818182e+00 -1.7878787879e+00 1.9271541957e+00
-2.8181818182e+00 -1.7272727273e+00 1.9467779325e+00
-2.8181818182e+00 -1.6666666667e+00 1.9663059854e+00
-2.8181818182e+00 -1.6060606061e+00 1.9857049142e+00
-2.8181818182e+00 -1.5454545455e+00 2.0049393082e+00
-2.8181818182e+00 -1.4848484848e+00 2.0239718193e+00
-2.8181818182e+00 -1.4242424242e+00 2.0427632179e+00
-2.8181818182e+00 -1.3636363636e+00 2.0612724726e+00
-2.8181818182e+00 -1.3030303030e+00 2.0794568572e+00
-2.8181818182e+00 -1.2424242424e+00 2.0972720864e+00
-2.8181818182e+00 -1.1818181818e+00 2.1146724818e+00
-2.8181818182e+00 -1.1212121212e+00 2.1316111686e+00
-2.8181818182e+00 -1.0606060606e+00 2.1480403050e+00
-2.8181818182e+00 -1.0000000000e+00 2.1639113429e+00
-2.8181818182e+00 -9.3939393939e-01 2.1791753210e+00
-2.8181818182e+00 -8.7878787879e-01 2.1937831866e+00
-2.8181818182e+00 -8.1818181818e-01 2.2076861457e+00
-2.8181818182e+00 -7.5757575758e-01 2.2208360378e+00
-2.8181818182e+00 -6.9696969697e-01 2.2331857312e+00
-2.8181818182e+00 -6.3636363636e-01 2.2446895329e+00
-2.8181818182e+00 -5.7575757576e-01 2.2553036100e+00
-2.8181818182e+00 -5.1515151515e-01 2.2649864128e+00
-2.8181818182e+00 -4.5454545455e-01 2.2736990950e+00
-2.8181818182e+00 -3.9393939394e-01 2.2814059221e+00
-2.8181818182e+00 -3.3333333333e-01 2.2880746608e+00
-2.8181818182e+00 -2.7272727273e-01 2.2936769405e+00
-2.8181818182e+00 -2.1212121212e-01 2.2981885807e+00
-2.8181818182e+00 -1.5151515152e-01 2.3015898762e+00
-2.8181818182e+00 -9.0909090909e-02 2.3038658332e+00
-2.8181818182e+00 -3.0303030303e-02 2.3050063523e+00
-2.8181818182e+00 3.0303030303e-02 2.3050063523e+00
-2.8181818182e+00 9.0909090909e-02 2.3038658332e+00
-2.8181818182e+00 1.5151515152e-01 2.3015898762e+00
-2.8181818182e+00 2.1212121212e-01 2.2981885807e+00
-2.8181818182e+00 2.7272727273e-01 2.2936769405e+00
-2.8181818182e+00 3.3333333333e-01 2.2880746608e+00
-2.8181818182e+00 3.9393939394e-01 2.2814059221e+00
-2.8181818182e+00 4.5454545455e-01 2.2736990950e+00
-2.8181818182e+00 5.1515151515e-01 2.2649864128e+00
-2.8181818182e+00 5.7575757576e-01 2.2553036100e+00
-2.8181818182e+00 6.3636363636e-01 2.2446895329e+00
-2.8181818182e+00 6.9696969697e-01 2.2331857312e+00
-2.8181818182e+00 7.5757575758e-01 2.2208360378e+00
-2.8181818182e+00 8.1818181818e-01 2.2076861457e+00
-2.8181818182e+00 8.7878787879e-01 2.1937831866e+00
-2.8181818182e+00 9.3939393939e-01 2.1791753210e+00
-2.8181818182e+00 1.0000000000e+00 2.1639113429e+00
-2.8181818182e+00 1.0606060606e+00 2.1480403050e+00
-2.8181818182e+00 1.1212121212e+00 2.1316111686e+00
-2.8181818182e+00 1.1818181818e+00 2.1146724818e+00
-2.8181818182e+00 1.2424242424e+00 2.0972720864e+00
-2.8181818182e+00 1.3030303030e+00 2.0794568572e+00
-2.8181818182e+00 1.3636363636e+00 2.0612724726e+00
-2.8181818182e+00 1.4242424242e+00 2.0427632179e+00
-2.8181818182e+00 1.4848484848e+00 2.0239718193e+00
-2.8181818182e+00 1.5454545455e+00 2.0049393082e+00
-2.8181818182e+00 1.6060606061e+00 1.9857049142e+00
-2.8181818182e+00 1.6666666667e+00 1.9663059854e+00
-2.8181818182e+00 1.7272727273e+00 1.9467779325e+00
-2.8181818182e+00 1.7878787879e+00 1.9271541957e+00
-2.8181818182e+00 1.8484848485e+00 1.9074662324e+00
-2.8181818182e+00 1.9090909091e+00 1.8877435223e+00
-2.8181818182e+00 1.9696969697e+00 1.8680135876e+00
-2.8181818182e+00 2.0303030303e+00 1.8483020277e+00
-2.8181818182e+00 2.0909090909e+00 1.8286325644e+00
-2.8181818182e+00 2.1515151515e+00 1.8090270970e+00
-2.8181818182e+00 2.2121212121e+00 1.7895057646e+00
-2.8181818182e+00 2.2727272727e+00 1.7700870147e+00
-2.8181818182e+00 2.3333333333e+00 1.7507876758e+00
-2.8181818182e+00 2.3939393939e+00 1.7316230335e+00
-2.8181818182e+00 2.4545454545e+00 1.7126069086e+00
-2.8181818182e+00 2.5151515152e+00 1.6937517358e+00
-2.8181818182e+00 2.5757575758e+00 1.6750686430e+00
-2.8181818182e+00 2.6363636364e+00 1.6565675290e+00
-2.8181818182e+00 2.6969696970e+00 1.6382571413e+00
-2.8181818182e+00 2.7575757576e+00 1.6201451508e+00
-2.8181818182e+00 2.8181818182e+00 1.6022382252e+00
-2.8181818182e+00 2.8787878788e+00 1.5845420992e+00
-2.8181818182e+00 2.9393939394e+00 1.5670616426e+00
-2.8181818182e+00 3.0000000000e+00 1.5498009247e+00

-2.7575757576e+00 -3.0000000000e+00 1.5659882397e+00
-2.7575757576e+00 -2.9393939394e+00 1.5838020274e+00
-2.7575757576e+00 -2.8787878788e+00 1.6018555150e+00
-2.7575757576e+00 -2.8181818182e+00 1.6201451508e+00
-2.7575757576e+00 -2.7575757576e+00 1.6386665618e+00
-2.7575757576e+00 -2.6969696970e+00 1.6574144827e+00
-2.7575757576e+00 -2.6363636364e+00 1.6763826818e+00
-2.7575757576e+00 -2.5757575758e+00 1.6955638835e+00
-2.7575757576e+00 -2.5151515152e+00 1.7149496869e+00
-2.7575757576e+00 -2.4545454545e+00 1.7345304820e+00
-2.7575757576e+00 -2.3939393939e+00 1.7542953631e+00
-2.7575757576e+00 -2.3333333333e+00 1.7742320403e+00
-2.7575757576e+00 -2.2727272727e+00 1.7943267490e+00
-2.7575757576e+00 -2.2121212121e+00 1.8145641591e+00
-2.7575757576e+00 -2.1515151515e+00 1.8349272845e+00
-2.7575757576e+00 -2.0909090909e+00 1.8553973934e+00
-2.7575757576e+00 -2.0303030303e+00 1.8759539214e+00
-2.7575757576e+00 -1.9696969697e+00 1.8965743883e+00
-2.7575757576e+00 -1.9090909091e+00 1.9172343207e+00
-2.7575757576e+00 -1.8484848485e+00 1.9379071817e+00
-2.7575757576e+00 -1.7878787879e+00 1.9585643104e+00
-2.7575757576e+00 -1.7272727273e+00 1.9791748724e+00
-2.7575757576e+00 -1.6666666667e+00 1.9997058250e+00
-2.7575757576e+00 -1.6060606061e+00 2.0201218986e+00
-2.7575757576e+00 -1.5454545455e+00 2.0403855969e+00
-2.7575757576e+00 -1.4848484848e+00 2.0604572205e+00
-2.7575757576e+00 -1.4242424242e+00 2.0802949136e+00
-2.7575757576e+00 -1.3636363636e+00 2.0998547393e+00
-2.7575757576e+00 -1.3030303030e+00 2.1190907850e+00
-2.7575757576e+00 -1.2424242424e+00 2.1379552998e+00
-2.7575757576e+00 -1.1818181818e+00 2.1563988672e+00
-2.7575757576e+00 -1.1212121212e+00 2.1743706135e+00
-2.7575757576e+00 -1.0606060606e+00 2.1918184541e+00
-2.7575757576e+00 -1.0000000000e+00 2.2086893771e+00
-2.7575757576e+00 -9.3939393939e-01 2.2249297647e+00
-2.7575757576e+00 -8.7878787879e-01 2.2404857504e+00
-2.7575757576e+00 -8.1818181818e-01 2.2553036100e+00
-2.7575757576e+00 -7.5757575758e-01 2.2693301833e+00
-2.7575757576e+00 -6.9696969697e-01 2.2825133212e+00
-2.7575757576e+00 -6.3636363636e-01 2.2948023536e+00
-2.7575757576e+00 -5.7575757576e-01 2.3061485708e+00
-2.7575757576e+00 -5.1515151515e-01 2.3165057109e+00
-2.7575757576e+00 -4.5454545455e-01 2.3258304451e+00
-2.7575757576e+00 -3.9393939394e-01 2.3340828511e+00
-2.7575757576e+00 -3.3333333333e-01 2.3412268660e+00
-2.7575757576e+00 -2.7272727273e-01 2.3472307090e+00
-2.7575757576e+00 -2.1212121212e-01 2.3520672637e+00
-2.7575757576e+00 -1.5151515152e-01 2.3557144129e+00
-2.7575757576e+00 -9.0909090909e-02 2.3581553157e+00
-2.7575757576e+00 -3.0303030303e-02 2.3593786229e+00
-2.7575757576e+00 3.0303030303e-02 2.3593786229e+00
-2.7575757576e+00 9.0909090909e-02 2.3581553157e+00
-2.7575757576e+00 1.5151515152e-01 2.3557144129e+00
-2.7575757576e+00 2.1212121212e-01 2.3520672637e+00
-2.7575757576e+00 2.7272727273e-01 2.3472307090e+00
-2.7575757576e+00 3.3333333333e-01 2.3412268660e+00
-2.7575757576e+00 3.9393939394e-01 2.3340828511e+00
-2.7575757576e+00 4.5454545455e-01 2.3258304451e+00
-2.7575757576e+00 5.1515151515e-01 2.3165057109e+00
-2.7575757576e+00 5.7575757576e-01 2.3061485708e+00
-2.7575757576e+00 6.3636363636e-01 2.2948023536e+00
-2.7575757576e+00 6.9696969697e-01 2.2825133212e+00
-2.7575757576e+00 7.5757575758e-01 2.2693301833e+00
-2.7575757576e+00 8.1818181818e-01 2.2553036100e+00
-2.7575757576e+00 8.7878787879e-01 2.2404857504e+00
-2.7575757576e+00 9.3939393939e-01 2.2249297647e+00
-2.7575757576e+00 1.0000000000e+00 2.2086893771e+00
-2.7575757576e+00 1.0606060606e+00 2.1918184541e+00
-2.7575757576e+00 1.1212121212e+00 2.1743706135e+00
-2.7575757576e+00 1.1818181818e+00 2.1563988672e+00
-2.7575757576e+00 1.2424242424e+00 2.1379552998e+00
-2.7575757576e+00 1.3030303030e+00 2.1190907850e+00
-2.7575757576e+00 1.3636363636e+00 2.0998547393e+00
-2.7575757576e+00 1.4242424242e+00 2.0802949136e+00
-2.7575757576e+00 1.4848484848e+00 2.0604572205e+00
-2.7575757576e+00 1.5454545455e+00 2.0403855969e+00
-2.7575757576e+00 1.6060606061e+00 2.0201218986e+00
-2.7575757576e+00 1.6666666667e+00 1.9997058250e+00
-2.7575757576e+00 1.7272727273e+00 1.9791748724e+00
-2.7575757576e+00 1.7878787879e+00 1.9585643104e+00
-2.7575757576e+00 1.8484848485e+00 1.9379071817e+00
-2.7575757576e+00 1.9090909091e+00 1.9172343207e+00
-2.7575757576e+00 1.9696969697e+00 1.8965743883e+00
-2.7575757576e+00 2.0303030303e+00 1.8759539214e+00
-2.7575757576e+00 2.0909090909e+00 1.8553973934e+00
-2.7575757576e+00 2.1515151515e+00 1.8349272845e+00
-2.7575757576e+00 2.2121212121e+00 1.8145641591e+00
-2.7575757576e+00 2.2727272727e+00 1.7943267490e+00
-2.7575757576e+00 2.3333333333e+00 1.7742320403e+00
-2.7575757576e+00 2.3939393939e+00 1.7542953631e+00
-2.7575757576e+00 2.4545454545e+00 1.7345304820e+00
-2.7575757576e+00 2.5151515152e+00 1.7149496869e+00
-2.7575757576e+00 2.5757575758e+00 1.6955638835e+00
-2.7575757576e+00 2.6363636364e+00 1.6763826818e+00
-2.7575757576e+00 2.6969696970e+00 1.6574144827e+00
-2.7575757576e+00 2.7575757576e+00 1.6386665618e+00
-2.7575757576e+00 2.8181818182e+00 1.6201451508e+00
-2.7575757576e+00 2.8787878788e+00 1.6018555150e+00
-2.7575757576e+00 2.9393939394e+00 1.5838020274e+00
-2.7575757576e+00 3.0000000000e+00 1.5659882397e+00

-2.6969696970e+00 -3.0000000000e+00 1.5823249908e+00
-2.6969696970e+00 -2.9393939394e+00 1.6007090285e+00
-2.6969696970e+00 -2.8787878788e+00 1.6193540611e+00
-2.6969696970e+00 -2.8181818182e+00 1.6382571413e+00
-2.6969696970e+00 -2.7575757576e+00 1.6574144827e+00
-2.6969696970e+00 -2.6969696970e+00 1.6768213829e+00
-2.6969696970e+00 -2.6363636364e+00 1.6964721427e+00
-2.6969696970e+00 -2.5757575758e+00 1.7163599805e+00
-2.6969696970e+00 -2.5151515152e+00 1.7364769429e+00
-2.6969696970e+00 -2.4545454545e+00 1.7568138114e+00
-2.6969696970e+00 -2.3939393939e+00 1.7773600055e+00
-2.6969696970e+00 -2.3333333333e+00 1.7981034827e+00
-2.6969696970e+00 -2.2727272727e+00 1.8190306360e+00
-2.6969696970e+00 -2.2121212121e+00 1.8401261897e+00
-2.6969696970e+00 -2.1515151515e+00 1.8613730947e+00
-2.6969696970e+00 -2.0909090909e+00 1.8827524233e+00
-2.6969696970e+00 -2.0303030303e+00 1.9042432665e+00
-2.6969696970e+00 -1.9696969697e+00 1.9258226343e+00
-2.6969696970e+00 -1.9090909091e+00 1.9474653601e+00
-2.6969696970e+00 -1.8484848485e+00 1.9691440132e+00
-2.6969696970e+00 -1.7878787879e+00 1.9908288197e+00
-2.6969696970e+00 -1.7272727273e+00 2.0124875955e+00
-2.6969696970e+00 -1.6666666667e+00 2.0340856934e+00
-2.6969696970e+00 -1.6060606061e+00 2.0555859681e+00
-2.6969696970e+00 -1.5454545455e+00 2.0769487610e+00
-2.6969696970e+00 -1.4848484848e+00 2.0981319100e+00
-2.6969696970e+00 -1.4242424242e+00 2.1190907850e+00
-2.6969696970e+00 -1.3636363636e+00 2.1397783554e+00
-2.6969696970e+00 -1.3030303030e+00 2.1601452905e+00
-2.6969696970e+00 -1.2424242424e+00 2.1801400972e+00
-2.6969696970e+00 -1.1818181818e+00 2.1997092972e+00
-2.6969696970e+00 -1.1212121212e+00 2.2187976464e+00
-2.6969696970e+00 -1.0606060606e+00 2.2373483981e+00
-2.6969696970e+00 -1.0000000000e+00 2.2553036100e+00
-2.6969696970e+00 -9.3939393939e-01 2.2726044968e+00
-2.6969696970e+00 -8.7878787879e-01 2.2891918255e+00
-2.6969696970e+00 -8.1818181818e-01 2.3050063523e+00
-2.6969696970e+00 -7.5757575758e-01 2.3199892973e+00
-2.6969696970e+00 -6.9696969697e-01 2.3340828511e+00
-2.6969696970e+00 -6.3636363636e-01 2.3472307090e+00
-2.6969696970e+00 -5.7575757576e-01 2.3593786229e+00
-2.6969696970e+00 -5.1515151515e-01 2.3704749636e+00
-2.6969696970e+00 -4.5454545455e-01 2.3804712827e+00
-2.6969696970e+00 -3.9393939394e-01 2.3893228634e+00
-2.6969696970e+00 -3.3333333333e-01 2.3969892497e+00
-2.6969696970e+00 -2.7272727273e-01 2.4034347406e+00
-2.6969696970e+00 -2.1212121212e-01 2.4086288399e+00
-2.6969696970e+00 -1.5151515152e-01 2.4125466496e+00
-2.6969696970e+00 -9.0909090909e-02 2.4151691977e+00
-2.6969696970e+00 -3.0303030303e-02 2.4164836918e+00
-2.6969696970e+00 3.0303030303e-02 2.4164836918e+00
-2.6969696970e+00 9.0909090909e-02 2.4151691977e+00
-2.6969696970e+00 1.5151515152e-01 2.4125466496e+00
-2.6969696970e+00 2.1212121212e-01 2.4086288399e+00
-2.6969696970e+00 2.7272727273e-01 2.4034347406e+00
-2.6969696970e+00 3.3333333333e-01 2.3969892497e+00
-2.6969696970e+00 3.9393939394e-01 2.3893228634e+00
-2.6969696970e+00 4.5454545455e-01 2.3804712827e+00
-2.6969696970e+00 5.1515151515e-01 2.3704749636e+00
-2.6969696970e+00 5.7575757576e-01 2.3593786229e+00
-2.6969696970e+00 6.3636363636e-01 2.3472307090e+00
-2.6969696970e+00 6.9696969697e-01 2.3340828511e+00
-2.6969696970e+00 7.5757575758e-01 2.3199892973e+00
-2.6969696970e+00 8.1818181818e-01 2.3050063523e+00
-2.6969696970e+00 8.7878787879e-01 2.2891918255e+00
-2.6969696970e+00 9.3939393939e-01 2.2726044968e+00
-2.6969696970e+00 1.0000000000e+00 2.2553036100e+00
-2.6969696970e+00 1.0606060606e+00 2.2373483981e+00
-2.6969696970e+00 1.1212121212e+00 2.2187976464e+00
-2.6969696970e+00 1.1818181818e+00 2.1997092972e+00
-2.6969696970e+00 1.2424242424e+00 2.1801400972e+00
-2.6969696970e+00 1.3030303030e+00 2.1601452905e+00
-2.6969696970e+00 1.3636363636e+00 2.1397783554e+00
-2.6969696970e+00 1.4242424242e+00 2.1190907850e+00
-2.6969696970e+00 1.4848484848e+00 2.0981319100e+00
-2.6969696970e+00 1.5454545455e+00 2.0769487610e+00
-2.6969696970e+00 1.6060606061e+00 2.0555859681e+00
-2.6969696970e+00 1.6666666667e+00 2.0340856934e+00
-2.6969696970e+00 1.7272727273e+00 2.0124875955e+00
-2.6969696970e+00 1.7878787879e+00 1.9908288197e+00
-2.6969696970e+00 1.8484848485e+00 1.9691440132e+00
-2.6969696970e+00 1.9090909091e+00 1.9474653601e+00
-2.6969696970e+00 1.9696969697e+00 1.9258226343e+00
-2.6969696970e+00 2.0303030303e+00 1.9042432665e+00
-2.6969696970e+00 2.0909090909e+00 1.8827524233e+00
-2.6969696970e+00 2.1515151515e+00 1.8613730947e+00
-2.6969696970e+00 2.2121212121e+00 1.8401261897e+00
-2.6969696970e+00 2.2727272727e+00 1.8190306360e+00
-2.6969696970e+00 2.3333333333e+00 1.7981034827e+00
-2.6969696970e+00 2.3939393939e+00 1.7773600055e+00
-2.6969696970e+00 2.4545454545e+00 1.7568138114e+00
-2.6969696970e+00 2.5151515152e+00 1.7364769429e+00
-2.6969696970e+00 2.5757575758e+00 1.7163599805e+00
-2.6969696970e+00 2.6363636364e+00 1.6964721427e+00
-2.6969696970e+00 2.6969696970e+00 1.6768213829e+00
-2.6969696970e+00 2.7575757576e+00 1.6574144827e+00
-2.6969696970e+00 2.8181818182e+00 1.6382571413e+00
-2.6969696970e+00 2.8787878788e+00 1.6193540611e+00
-2.6969696970e+00 2.9393939394e+00 1.6007090285e+00
-2.6969696970e+00 3.0000000000e+00 1.5823249908e+00

-2.6363636364e+00 -3.0000000000e+00 1.5988036789e+00
-2.6363636364e+00 -2.9393939394e+00 1.6177753538e+00
-2.6363636364e+00 -2.8787878788e+00 1.6370307196e+00
-2.6363636364e+00 -2.8181818182e+00 1.6565675290e+00
-2.6363636364e+00 -2.7575757576e+00 1.6763826818e+00
-2.6363636364e+00 -2.6969696970e+00 1.6964721427e+00
-2.6363636364e+00 -2.6363636364e+00 1.7168308526e+00
-2.6363636364e+00 -2.5757575758e+00 1.7374526356e+00
-2.6363636364e+00 -2.5151515152e+00 1.7583301006e+00
-2.6363636364e+00 -2.4545454545e+00 1.7794545375e+00
-2.6363636364e+00 -2.3939393939e+00 1.8008158098e+00
-2.6363636364e+00 -2.3333333333e+00 1.8224022421e+00
-2.6363636364e+00 -2.2727272727e+00 1.8442005041e+00
-2.6363636364e+00 -2.2121212121e+00 1.8661954920e+00
-2.6363636364e+00 -2.1515151515e+00 1.8883702075e+00
-2.6363636364e+00 -2.0909090909e+00 1.9107056363e+00
-2.6363636364e+00 -2.0303030303e+00 1.9331806265e+00
-2.6363636364e+00 -1.9696969697e+00 1.9557717700e+00
-2.6363636364e+00 -1.9090909091e+00 1.9784532870e+00
-2.6363636364e+00 -1.8484848485e+00 2.0011969171e+00
-2.6363636364e+00 -1.7878787879e+00 2.0239718193e+00
-2.6363636364e+00 -1.7272727273e+00 2.0467444835e+00
-2.6363636364e+00 -1.6666666667e+00 2.0694786561e+00
-2.6363636364e+00 -1.6060606061e+00 2.0921352843e+00
-2.6363636364e+00 -1.5454545455e+00 2.1146724818e+00
-2.6363636364e+00 -1.4848484848e+00 2.1370455206e+00
-2.6363636364e+00 -1.4242424242e+00 2.1592068512e+00
-2.6363636364e+00 -1.3636363636e+00 2.1811061582e+00
-2.6363636364e+00 -1.3030303030e+00 2.2026904528e+00
-2.6363636364e+00 -1.2424242424e+00 2.2239042068e+00
-2.6363636364e+00 -1.1818181818e+00 2.2446895329e+00
-2.6363636364e+00 -1.1212121212e+00 2.2649864128e+00
-2.6363636364e+00 -1.0606060606e+00 2.2847329762e+00
-2.6363636364e+00 -1.0000000000e+00 2.3038658332e+00
-2.6363636364e+00 -9.3939393939e-01 2.3223204586e+00
-2.6363636364e+00 -8.7878787879e-01 2.3400316297e+00
-2.6363636364e+00 -8.1818181818e-01 2.3569339140e+00
-2.6363636364e+00 -7.5757575758e-01 2.3729622031e+00
-2.6363636364e+00 -6.9696969697e-01 2.3880522886e+00
-2.6363636364e+00 -6.3636363636e-01 2.4021414717e+00
-2.6363636364e+00 -5.7575757576e-01 2.4151691977e+00
-2.6363636364e+00 -5.1515151515e-01 2.4270777062e+00
-2.6363636364e+00 -4.5454545455e-01 2.4378126839e+00
-2.6363636364e+00 -3.9393939394e-01 2.4473239074e+00
-2.6363636364e+00 -3.3333333333e-01 2.4555658629e+00
-2.6363636364e+00 -2.7272727273e-01 2.4624983273e+00
-2.6363636364e+00 -2.1212121212e-01 2.4680868990e+00
-2.6363636364e+00 -1.5151515152e-01 2.4723034626e+00
-2.6363636364e+00 -9.0909090909e-02 2.4751265770e+00
-2.6363636364e+00 -3.0303030303e-02 2.4765417766e+00
-2.6363636364e+00 3.0303030303e-02 2.4765417766e+00
-2.6363636364e+00 9.0909090909e-02 2.4751265770e+00
-2.6363636364e+00 1.5151515152e-01 2.4723034626e+00
-2.6363636364e+00 2.1212121212e-01 2.4680868990e+00
-2.6363636364e+00 2.7272727273e-01 2.4624983273e+00
-2.6363636364e+00 3.3333333333e-01 2.4555658629e+00
-2.6363636364e+00 3.9393939394e-01 2.4473239074e+00
-2.6363636364e+00 4.5454545455e-01 2.4378126839e+00
-2.6363636364e+00 5.1515151515e-01 2.4270777062e+00
-2.6363636364e+00 5.7575757576e-01 2.4151691977e+00
-2.6363636364e+00 6.3636363636e-01 2.4021414717e+00
-2.6363636364e+00 6.9696969697e-01 2.3880522886e+00
-2.6363636364e+00 7.5757575758e-01 2.3729622031e+00
-2.6363636364e+00 8.1818181818e-01 2.3569339140e+00
-2.6363636364e+00 8.7878787879e-01 2.3400316297e+00
-2.6363636364e+00 9.3939393939e-01 2.3223204586e+00
-2.6363636364e+00 1.0000000000e+00 2.3038658332e+00
-2.6363636364e+00 1.0606060606e+00 2.2847329762e+00
-2.6363636364e+00 1.1212121212e+00 2.2649864128e+00
-2.6363636364e+00 1.1818181818e+00 2.2446895329e+00
-2.6363636364e+00 1.2424242424e+00 2.2239042068e+00
-2.6363636364e+00 1.3030303030e+00 2.2026904528e+00
-2.6363636364e+00 1.3636363636e+00 2.1811061582e+00
-2.6363636364e+00 1.4242424242e+00 2.1592068512e+00
-2.6363636364e+00 1.4848484848e+00 2.1370455206e+00
-2.6363636364e+00 1.5454545455e+00 2.1146724818e+00
-2.6363636364e+00 1.6060606061e+00 2.0921352843e+00
-2.6363636364e+00 1.6666666667e+00 2.0694786561e+00
-2.6363636364e+00 1.7272727273e+00 2.0467444835e+00
-2.6363636364e+00 1.7878787879e+00 2.0239718193e+00
-2.6363636364e+00 1.8484848485e+00 2.0011969171e+00
-2.6363636364e+00 1.9090909091e+00 1.9784532870e+00
-2.6363636364e+00 1.9696969697e+00 1.9557717700e+00
-2.6363636364e+00 2.0303030303e+00 1.9331806265e+00
-2.6363636364e+00 2.0909090909e+00 1.9107056363e+00
-2.6363636364e+00 2.1515151515e+00 1.8883702075e+00
-2.6363636364e+00 2.2121212121e+00 1.8661954920e+00
-2.6363636364e+00 2.2727272727e+00 1.8442005041e+00
-2.6363636364e+00 2.3333333333e+00 1.8224022421e+00
-2.6363636364e+00 2.3939393939e+00 1.8008158098e+00
-2.6363636364e+00 2.4545454545e+00 1.7794545375e+00
-2.6363636364e+00 2.5151515152e+00 1.7583301006e+00
-2.6363636364e+00 2.5757575758e+00 1.7374526356e+00
-2.6363636364e+00 2.6363636364e+00 1.7168308526e+00
-2.6363636364e+00 2.6969696970e+00 1.6964721427e+00
-2.6363636364e+00 2.7575757576e+00 1.6763826818e+00
-2.6363636364e+00 2.8181818182e+00 1.6565675290e+00
-2.6363636364e+00 2.8787878788e+00 1.6370307196e+00
-2.6363636364e+00 2.9393939394e+00 1.6177753538e+00
-2.6363636364e+00 3.0000000000e+00 1.5988036789e+00

-2.5757575758e+00 -3.0000000000e+00 1.6154159310e+00
-2.5757575758e+00 -2.9393939394e+00 1.6349927936e+00
-2.5757575758e+00 -2.8787878788e+00 1.6548775119e+00
-2.5757575758e+00 -2.8181818182e+00 1.6750686430e+00
-2.5757575758e+00 -2.7575757576e+00 1.6955638835e+00
-2.5757575758e+00 -2.6969696970e+00 1.7163599805e+00
-2.5757575758e+00 -2.6363636364e+00 1.7374526356e+00
-2.5757575758e+00 -2.5757575758e+00 1.7588364041e+00
-2.5757575758e+00 -2.5151515152e+00 1.7805045864e+00
-2.5757575758e+00 -2.4545454545e+00 1.8024491145e+00
-2.5757575758e+00 -2.3939393939e+00 1.8246604323e+00
-2.5757575758e+00 -2.3333333333e+00 1.8471273697e+00
-2.5757575758e+00 -2.2727272727e+00 1.8698370125e+00
-2.5757575758e+00 -2.2121212121e+00 1.8927745675e+00
-2.5757575758e+00 -2.1515151515e+00 1.9159232241e+00
-2.5757575758e+00 -2.0909090909e+00 1.9392640136e+00
-2.5757575758e+00 -2.0303030303e+00 1.9627756673e+00
-2.5757575758e+00 -1.9696969697e+00 1.9864344761e+00
-2.5757575758e+00 -1.9090909091e+00 2.0102141515e+00
-2.5757575758e+00 -1.8484848485e+00 2.0340856934e+00
-2.5757575758e+00 -1.7878787879e+00 2.0580172643e+00
-2.5757575758e+00 -1.7272727273e+00 2.0819740753e+00
-2.5757575758e+00 -1.6666666667e+00 2.1059182863e+00
-2.5757575758e+00 -1.6060606061e+00 2.1298089252e+00
-2.5757575758e+00 -1.5454545455e+00 2.1536018288e+00
-2.5757575758e+00 -1.4848484848e+00 2.1772496118e+00
-2.5757575758e+00 -1.4242424242e+00 2.2007016679e+00
-2.5757575758e+00 -1.3636363636e+00 2.2239042068e+00
-2.5757575758e+00 -1.3030303030e+00 2.2468003352e+00
-2.5757575758e+00 -1.2424242424e+00 2.2693301833e+00
-2.5757575758e+00 -1.1818181818e+00 2.2914310836e+00
-2.5757575758e+00 -1.1212121212e+00 2.3130378059e+00
-2.5757575758e+00 -1.0606060606e+00 2.3340828511e+00
-2.5757575758e+00 -1.0000000000e+00 2.3544968074e+00
-2.5757575758e+00 -9.3939393939e-01 2.3742087698e+00
-2.5757575758e+00 -8.7878787879e-01 2.3931468228e+00
-2.5757575758e+00 -8.1818181818e-01 2.4112385838e+00
-2.5757575758e+00 -7.5757575758e-01 2.4284118056e+00
-2.5757575758e+00 -6.9696969697e-01 2.4445950292e+00
-2.5757575758e+00 -6.3636363636e-01 2.4597182818e+00
-2.5757575758e+00 -5.7575757576e-01 2.4737138080e+00
-2.5757575758e+00 -5.1515151515e-01 2.4865168227e+00
-2.5757575758e+00 -4.5454545455e-01 2.4980662720e+00
-2.5757575758e+00 -3.9393939394e-01 2.5083055861e+00
-2.5757575758e+00 -3.3333333333e-01 2.5171834072e+00
-2.5757575758e+00 -2.7272727273e-01 2.5246542767e+00
-2.5757575758e+00 -2.1212121212e-01 2.5306792620e+00
-2.5757575758e+00 -1.5151515152e-01 2.5352265096e+00
-2.5757575758e+00 -9.0909090909e-02 2.5382717066e+00
-2.5757575758e+00 -3.0303030303e-02 2.5397984396e+00
-2.5757575758e+00 3.0303030303e-02 2.5397984396e+00
-2.5757575758e+00 9.0909090909e-02 2.5382717066e+00
-2.5757575758e+00 1.5151515152e-01 2.5352265096e+00
-2.5757575758e+00 2.1212121212e-01 2.5306792620e+00
-2.5757575758e+00 2.7272727273e-01 2.5246542767e+00
-2.5757575758e+00 3.3333333333e-01 2.5171834072e+00
-2.5757575758e+00 3.9393939394e-01 2.5083055861e+00
-2.5757575758e+00 4.5454545455e-01 2.4980662720e+00
-2.5757575758e+00 5.1515151515e-01 2.4865168227e+00
-2.5757575758e+00 5.7575757576e-01 2.4737138080e+00
-2.5757575758e+00 6.3636363636e-01 2.4597182818e+00
-2.5757575758e+00 6.9696969697e-01 2.4445950292e+00
-2.5757575758e+00 7.5757575758e-01 2.4284118056e+00
-2.5757575758e+00 8.1818181818e-01 2.4112385838e+00
-2.5757575758e+00 8.7878787879e-01 2.3931468228e+00
-2.5757575758e+00 9.3939393939e-01 2.3742087698e+00
-2.5757575758e+00 1.0000000000e+00 2.3544968074e+00
-2.5757575758e+00 1.0606060606e+00 2.3340828511e+00
-2.5757575758e+00 1.1212121212e+00 2.3130378059e+00
-2.5757575758e+00 1.1818181818e+00 2.2914310836e+00
-2.5757575758e+00 1.2424242424e+00 2.2693301833e+00
-2.5757575758e+00 1.3030303030e+00 2.2468003352e+00
-2.5757575758e+00 1.3636363636e+00 2.2239042068e+00
-2.5757575758e+00 1.4242424242e+00 2.2007016679e+00
-2.5757575758e+00 1.4848484848e+00 2.1772496118e+00
-2.5757575758e+00 1.5454545455e+00 2.1536018288e+00
-2.5757575758e+00 1.6060606061e+00 2.1298089252e+00
-2.5757575758e+00 1.6666666667e+00 2.1059182863e+00
-2.5757575758e+00 1.7272727273e+00 2.0819740753e+00
-2.5757575758e+00 1.7878787879e+00 2.0580172643e+00
-2.5757575758e+00 1.8484848485e+00 2.0340856934e+00
-2.5757575758e+00 1.9090909091e+00 2.0102141515e+00
-2.5757575758e+00 1.9696969697e+00 1.9864344761e+00
-2.5757575758e+00 2.0303030303e+00 1.9627756673e+00
-2.5757575758e+00 2.0909090909e+00 1.9392640136e+00
-2.5757575758e+00 2.1515151515e+00 1.9159232241e+00
-2.5757575758e+00 2.2121212121e+00 1.8927745675e+00
-2.5757575758e+00 2.2727272727e+00 1.8698370125e+00
-2.5757575758e+00 2.3333333333e+00 1.8471273697e+00
-2.5757575758e+00 2.3939393939e+00 1.8246604323e+00
-2.5757575758e+00 2.4545454545e+00 1.8024491145e+00
-2.5757575758e+00 2.5151515152e+00 1.7805045864e+00
-2.5757575758e+00 2.5757575758e+00 1.7588364041e+00
-2.5757575758e+00 2.6363636364e+00 1.7374526356e+00
-2.5757575758e+00 2.6969696970e+00 1.7163599805e+00
-2.5757575758e+00 2.7575757576e+00 1.6955638835e+00
-2.5757575758e+00 2.8181818182e+00 1.6750686430e+00
-2.5757575758e+00 2.8787878788e+00 1.6548775119e+00
-2.5757575758e+00 2.9393939394e+00 1.6349927936e+00
-2.5757575758e+00 3.0000000000e+00 1.6154159310e+00

-2.5151515152e+00 -3.0000000000e+00 1.6321524486e+00
-2.5151515152e+00 -2.9393939394e+00 1.6523521623e+00
-2.5151515152e+00 -2.8787878788e+00 1.6728854325e+00
-2.5151515152e+00 -2.8181818182e+00 1.6937517358e+00
-2.5151515152e+00 -2.7575757576e+00 1.7149496869e+00
-2.5151515152e+00 -2.6969696970e+00 1.7364769429e+00
-2.5151515152e+00 -2.6363636364e+00 1.7583301006e+00
-2.5151515152e+00 -2.5757575758e+00 1.7805045864e+00
-2.5151515152e+00 -2.5151515152e+00 1.8029945386e+00
-2.5151515152e+00 -2.4545454545e+00 1.8257926827e+00
-2.5151515152e+00 -2.3939393939e+00 1.8488901984e+00
-2.5151515152e+00 -2.3333333333e+00 1.8722765809e+00
-2.5151515152e+00 -2.2727272727e+00 1.8959394938e+00
-2.5151515152e+00 -2.2121212121e+00 1.9198646177e+00
-2.5151515152e+00 -2.1515151515e+00 1.9440354919e+00
-2.5151515152e+00 -2.0909090909e+00 1.9684333530e+00
-2.5151515152e+00 -2.0303030303e+00 1.9930369699e+00
-2.5151515152e+00 -1.9696969697e+00 2.0178224788e+00
-2.5151515152e+00 -1.9090909091e+00 2.0427632179e+00
-2.5151515152e+00 -1.8484848485e+00 2.0678295671e+00
-2.5151515152e+00 -1.7878787879e+00 2.0929887931e+00
-2.5151515152e+00 -1.7272727273e+00 2.1182049053e+00
-2.5151515152e+00 -1.6666666667e+00 2.1434385251e+00
-2.5151515152e+00 -1.6060606061e+00 2.1686467744e+00
-2.5151515152e+00 -1.5454545455e+00 2.1937831866e+00
-2.5151515152e+00 -1.4848484848e+00 2.2187976464e+00
-2.5151515152e+00 -1.4242424242e+00 2.2436363648e+00
-2.5151515152e+00 -1.3636363636e+00 2.2682418931e+00
-2.5151515152e+00 -1.3030303030e+00 2.2925531852e+00
-2.5151515152e+00 -1.2424242424e+00 2.3165057109e+00
-2.5151515152e+00 -1.1818181818e+00 2.3400316297e+00
-2.5151515152e+00 -1.1212121212e+00 2.3630600276e+00
-2.5151515152e+00 -1.0606060606e+00 2.3855172238e+00
-2.5151515152e+00 -1.0000000000e+00 2.4073271501e+00
-2.5151515152e+00 -9.3939393939e-01 2.4284118056e+00
-2.5151515152e+00 -8.7878787879e-01 2.4486917879e+00
-2.5151515152e+00 -8.1818181818e-01 2.4680868990e+00
-2.5151515152e+00 -7.5757575758e-01 2.4865168227e+00
-2.5151515152e+00 -6.9696969697e-01 2.5039018667e+00
-2.5151515152e+00 -6.3636363636e-01 2.5201637627e+00
-2.5151515152e+00 -5.7575757576e-01 2.5352265096e+00
-2.5151515152e+00 -5.1515151515e-01 2.5490172489e+00
-2.5151515152e+00 -4.5454545455e-01 2.5614671537e+00
-2.5151515152e+00 -3.9393939394e-01 2.5725123129e+00
-2.5151515152e+00 -3.3333333333e-01 2.5820945914e+00
-2.5151515152e+00 -2.7272727273e-01 2.5901624433e+00
-2.5151515152e+00 -2.1212121212e-01 2.5966716584e+00
-2.5151515152e+00 -1.5151515152e-01 2.6015860216e+00
-2.5151515152e+00 -9.0909090909e-02 2.6048778646e+00
-2.5151515152e+00 -3.0303030303e-02 2.6065284962e+00
-2.5151515152e+00 3.0303030303e-02 2.6065284962e+00
-2.5151515152e+00 9.0909090909e-02 2.6048778646e+00
-2.5151515152e+00 1.5151515152e-01 2.6015860216e+00
-2.5151515152e+00 2.1212121212e-01 2.5966716584e+00
-2.5151515152e+00 2.7272727273e-01 2.5901624433e+00
-2.5151515152e+00 3.3333333333e-01 2.5820945914e+00
-2.5151515152e+00 3.9393939394e-01 2.5725123129e+00
-2.5151515152e+00 4.5454545455e-01 2.5614671537e+00
-2.5151515152e+00 5.1515151515e-01 2.5490172489e+00
-2.5151515152e+00 5.7575757576e-01 2.5352265096e+00
-2.5151515152e+00 6.3636363636e-01 2.5201637627e+00
-2.5151515152e+00 6.9696969697e-01 2.5039018667e+00
-2.5151515152e+00 7.5757575758e-01 2.4865168227e+00
-2.5151515152e+00 8.1818181818e-01 2.4680868990e+00
-2.5151515152e+00 8.7878787879e-01 2.4486917879e+00
-2.5151515152e+00 9.3939393939e-01 2.4284118056e+00
-2.5151515152e+00 1.0000000000e+00 2.4073271501e+00
-2.5151515152e+00 1.0606060606e+00 2.3855172238e+00
-2.5151515152e+00 1.1212121212e+00 2.3630600276e+00
-2.5151515152e+00 1.1818181818e+00 2.3400316297e+00
-2.5151515152e+00 1.2424242424e+00 2.3165057109e+00
-2.5151515152e+00 1.3030303030e+00 2.2925531852e+00
-2.5151515152e+00 1.3636363636e+00 2.2682418931e+00
-2.5151515152e+00 1.4242424242e+00 2.2436363648e+00
-2.5151515152e+00 1.4848484848e+00 2.2187976464e+00
-2.5151515152e+00 1.5454545455e+00 2.1937831866e+00
-2.5151515152e+00 1.6060606061e+00 2.1686467744e+00
-2.5151515152e+00 1.6666666667e+00 2.1434385251e+00
-2.5151515152e+00 1.7272727273e+00 2.1182049053e+00
-2.5151515152e+00 1.7878787879e+00 2.0929887931e+00
-2.5151515152e+00 1.8484848485e+00 2.0678295671e+00
-2.5151515152e+00 1.9090909091e+00 2.0427632179e+00
-2.5151515152e+00 1.9696969697e+00 2.0178224788e+00
-2.5151515152e+00 2.0303030303e+00 1.9930369699e+00
-2.5151515152e+00 2.0909090909e+00 1.9684333530e+00
-2.5151515152e+00 2.1515151515e+00 1.9440354919e+00
-2.5151515152e+00 2.2121212121e+00 1.9198646177e+00
-2.5151515152e+00 2.2727272727e+00 1.8959394938e+00
-2.5151515152e+00 2.3333333333e+00 1.8722765809e+00
-2.5151515152e+00 2.3939393939e+00 1.8488901984e+00
-2.5151515152e+00 2.4545454545e+00 1.8257926827e+00
-2.5151515152e+00 2.5151515152e+00 1.8029945386e+00
-2.5151515152e+00 2.5757575758e+00 1.7805045864e+00
-2.5151515152e+00 2.6363636364e+00 1.7583301006e+00
-2.5151515152e+00 2.6969696970e+00 1.7364769429e+00
-2.5151515152e+00 2.7575757576e+00 1.7149496869e+00
-2.5151515152e+00 2.8181818182e+00 1.6937517358e+00
-2.5151515152e+00 2.8787878788e+00 1.6728854325e+00
-2.5151515152e+00 2.9393939394e+00 1.6523521623e+00
-2.5151515152e+00 3.0000000000e+00 1.6321524486e+00

-2.4545454545e+00 -3.0000000000e+00 1.6490029543e+00
-2.4545454545e+00 -2.9393939394e+00 1.6698432385e+00
-2.4545454545e+00 -2.8787878788e+00 1.6910443828e+00
-2.4545454545e+00 -2.8181818182e+00 1.7126069086e+00
-2.4545454545e+00 -2.7575757576e+00 1.7345304820e+00
-2.4545454545e+00 -2.6969696970e+00 1.7568138114e+00
-2.4545454545e+00 -2.6363636364e+00 1.7794545375e+00
-2.4545454545e+00 -2.5757575758e+00 1.8024491145e+00
-2.4545454545e+00 -2.5151515152e+00 1.8257926827e+00
-2.4545454545e+00 -2.4545454545e+00 1.8494789316e+00
-2.4545454545e+00 -2.3939393939e+00 1.8734999548e+00
-2.4545454545e+00 -2.3333333333e+00 1.8978460952e+00
-2.4545454545e+00 -2.2727272727e+00 1.9225057821e+00
-2.4545454545e+00 -2.2121212121e+00 1.9474653601e+00
-2.4545454545e+00 -2.1515151515e+00 1.9727089103e+00
-2.4545454545e+00 -2.0909090909e+00 1.9982180653e+00
-2.4545454545e+00 -2.0303030303e+00 2.0239718193e+00
-2.4545454545e+00 -1.9696969697e+00 2.0499463345e+00
-2.4545454545e+00 -1.9090909091e+00 2.0761147466e+00
-2.4545454545e+00 -1.8484848485e+00 2.1024469718e+00
-2.4545454545e+00 -1.7878787879e+00 2.1289095188e+00
-2.4545454545e+00 -1.7272727273e+00 2.1554653084e+00
-2.4545454545e+00 -1.6666666667e+00 2.1820735070e+00
-2.4545454545e+00 -1.6060606061e+00 2.2086893771e+00
-2.4545454545e+00 -1.5454545455e+00 2.2352641518e+00
-2.4545454545e+00 -1.4848484848e+00 2.2617449389e+00
-2.4545454545e+00 -1.4242424242e+00 2.2880746608e+00
-2.4545454545e+00 -1.3636363636e+00 2.3141920392e+00
-2.4545454545e+00 -1.3030303030e+00 2.3400316297e+00
-2.4545454545e+00 -1.2424242424e+00 2.3655239168e+00
-2.4545454545e+00 -1.1818181818e+00 2.3905954738e+00
-2.4545454545e+00 -1.1212121212e+00 2.4151691977e+00
-2.4545454545e+00 -1.0606060606e+00 2.4391646241e+00
-2.4545454545e+00 -1.0000000000e+00 2.4624983273e+00
-2.4545454545e+00 -9.3939393939e-01 2.4850844112e+00
-2.4545454545e+00 -8.7878787879e-01 2.5068350908e+00
-2.4545454545e+00 -8.1818181818e-01 2.5276613663e+00
-2.4545454545e+00 -7.5757575758e-01 2.5474737846e+00
-2.4545454545e+00 -6.9696969697e-01 2.5661832837e+00
-2.4545454545e+00 -6.3636363636e-01 2.5837021091e+00
-2.4545454545e+00 -5.7575757576e-01 2.5999447902e+00
-2.4545454545e+00 -5.1515151515e-01 2.6148291592e+00
-2.4545454545e+00 -4.5454545455e-01 2.6282773932e+00
-2.4545454545e+00 -3.9393939394e-01 2.6402170575e+00
-2.4545454545e+00 -3.3333333333e-01 2.6505821242e+00
-2.4545454545e+00 -2.7272727273e-01 2.6593139407e+00
-2.4545454545e+00 -2.1212121212e-01 2.6663621219e+00
-2.4545454545e+00 -1.5151515152e-01 2.6716853400e+00
-2.4545454545e+00 -9.0909090909e-02 2.6752519884e+00
-2.4545454545e+00 -3.0303030303e-02 2.6770406995e+00
-2.4545454545e+00 3.0303030303e-02 2.6770406995e+00
-2.4545454545e+00 9.0909090909e-02 2.6752519884e+00
-2.4545454545e+00 1.5151515152e-01 2.6716853400e+00
-2.4545454545e+00 2.1212121212e-01 2.6663621219e+00
-2.4545454545e+00 2.7272727273e-01 2.6593139407e+00
-2.4545454545e+00 3.3333333333e-01 2.6505821242e+00
-2.4545454545e+00 3.9393939394e-01 2.6402170575e+00
-2.4545454545e+00 4.5454545455e-01 2.6282773932e+00
-2.4545454545e+00 5.1515151515e-01 2.6148291592e+00
-2.4545454545e+00 5.7575757576e-01 2.5999447902e+00
-2.4545454545e+00 6.3636363636e-01 2.5837021091e+00
-2.4545454545e+00 6.9696969697e-01 2.5661832837e+00
-2.4545454545e+00 7.5757575758e-01 2.5474737846e+00
-2.4545454545e+00 8.1818181818e-01 2.5276613663e+00
-2.4545454545e+00 8.7878787879e-01 2.5068350908e+00
-2.4545454545e+00 9.3939393939e-01 2.4850844112e+00
-2.4545454545e+00 1.0000000000e+00 2.4624983273e+00
-2.4545454545e+00 1.0606060606e+00 2.4391646241e+00
-2.4545454545e+00 1.1212121212e+00 2.4151691977e+00
-2.4545454545e+00 1.1818181818e+00 2.3905954738e+00
-2.4545454545e+00 1.2424242424e+00 2.3655239168e+00
-2.4545454545e+00 1.3030303030e+00 2.3400316297e+00
-2.4545454545e+00 1.3636363636e+00 2.3141920392e+00
-2.4545454545e+00 1.4242424242e+00 2.2880746608e+00
-2.4545454545e+00 1.4848484848e+00 2.2617449389e+00
-2.4545454545e+00 1.5454545455e+00 2.2352641518e+00
-2.4545454545e+00 1.6060606061e+00 2.2086893771e+00
-2.4545454545e+00 1.6666666667e+00 2.1820735070e+00
-2.4545454545e+00 1.7272727273e+00 2.1554653084e+00
-2.4545454545e+00 1.7878787879e+00 2.1289095188e+00
-2.4545454545e+00 1.8484848485e+00 2.1024469718e+00
-2.4545454545e+00 1.9090909091e+00 2.0761147466e+00
-2.4545454545e+00 1.9696969697e+00 2.0499463345e+00
-2.4545454545e+00 2.0303030303e+00 2.0239718193e+00
-2.4545454545e+00 2.0909090909e+00 1.9982180653e+00
-2.4545454545e+00 2.1515151515e+00 1.9727089103e+00
-2.4545454545e+00 2.2121212121e+00 1.9474653601e+00
-2.4545454545e+00 2.2727272727e+00 1.9225057821e+00
-2.4545454545e+00 2.3333333333e+00 1.8978460952e+00
-2.4545454545e+00 2.3939393939e+00 1.8734999548e+00
-2.4545454545e+00 2.4545454545e+00 1.8494789316e+00
-2.4545454545e+00 2.5151515152e+00 1.8257926827e+00
-2.4545454545e+00 2.5757575758e+00 1.8024491145e+00
-2.4545454545e+00 2.6363636364e+00 1.7794545375e+00
-2.4545454545e+00 2.6969696970e+00 1.7568138114e+00
-2.4545454545e+00 2.7575757576e+00 1.7345304820e+00
-2.4545454545e+00 2.8181818182e+00 1.7126069086e+00
-2.4545454545e+00 2.8787878788e+00 1.6910443828e+00
-2.4545454545e+00 2.9393939394e+00 1.6698432385e+00
-2.4545454545e+00 3.0000000000e+00 1.6490029543e+00

-2.3939393939e+00 -3.0000000000e+00 1.6659561394e+00
-2.3939393939e+00 -2.9393939394e+00 1.6874547048e+00
-2.3939393939e+00 -2.8787878788e+00 1.7093431017e+00
-2.3939393939e+00 -2.8181818182e+00 1.7316230335e+00
-2.3939393939e+00 -2.7575757576e+00 1.7542953631e+00
-2.3939393939e+00 -2.6969696970e+00 1.7773600055e+00
-2.3939393939e+00 -2.6363636364e+00 1.8008158098e+00
-2.3939393939e+00 -2.5757575758e+00 1.8246604323e+00
-2.3939393939e+00 -2.5151515152e+00 1.8488901984e+00
-2.3939393939e+00 -2.4545454545e+00 1.8734999548e+00
-2.3939393939e+00 -2.3939393939e+00 1.8984829096e+00
-2.3939393939e+00 -2.3333333333e+00 1.9238304630e+00
-2.3939393939e+00 -2.2727272727e+00 1.9495320255e+00
-2.3939393939e+00 -2.2121212121e+00 1.9755748274e+00
-2.3939393939e+00 -2.1515151515e+00 2.0019437166e+00
-2.3939393939e+00 -2.0909090909e+00 2.0286209486e+00
-2.3939393939e+00 -2.0303030303e+00 2.0555859681e+00
-2.3939393939e+00 -1.9696969697e+00 2.0828151846e+00
-2.3939393939e+00 -1.9090909091e+00 2.1102817442e+00
-2.3939393939e+00 -1.8484848485e+00 2.1379552998e+00
-2.3939393939e+00 -1.7878787879e+00 2.1658017838e+00
-2.3939393939e+00 -1.7272727273e+00 2.1937831866e+00
-2.3939393939e+00 -1.6666666667e+00 2.2218573466e+00
-2.3939393939e+00 -1.6060606061e+00 2.2499777565e+00
-2.3939393939e+00 -1.5454545455e+00 2.2780933918e+00
-2.3939393939e+00 -1.4848484848e+00 2.3061485708e+00
-2.3939393939e+00 -1.4242424242e+00 2.3340828511e+00
-2.3939393939e+00 -1.3636363636e+00 2.3618309739e+00
-2.3939393939e+00 -1.3030303030e+00 2.3893228634e+00
-2.3939393939e+00 -1.2424242424e+00 2.4164836918e+00
-2.3939393939e+00 -1.1818181818e+00 2.4432340186e+00
-2.3939393939e+00 -1.1212121212e+00 2.4694900150e+00
-2.3939393939e+00 -1.0606060606e+00 2.4951637810e+00
-2.3939393939e+00 -1.0000000000e+00 2.5201637627e+00
-2.3939393939e+00 -9.3939393939e-01 2.5443952768e+00
-2.3939393939e+00 -8.7878787879e-01 2.5677611455e+00
-2.3939393939e+00 -8.1818181818e-01 2.5901624433e+00
-2.3939393939e+00 -7.5757575758e-01 2.6114993525e+00
-2.3939393939e+00 -6.9696969697e-01 2.6316721229e+00
-2.3939393939e+00 -6.3636363636e-01 2.6505821242e+00
-2.3939393939e+00 -5.7575757576e-01 2.6681329766e+00
-2.3939393939e+00 -5.1515151515e-01 2.6842317411e+00
-2.3939393939e+00 -4.5454545455e-01 2.6987901451e+00
-2.3939393939e+00 -3.9393939394e-01 2.7117258166e+00
-2.3939393939e+00 -3.3333333333e-01 2.7229634969e+00
-2.3939393939e+00 -2.7272727273e-01 2.7324361987e+00
-2.3939393939e+00 -2.1212121212e-01 2.7400862776e+00
-2.3939393939e+00 -1.5151515152e-01 2.7458663837e+00
-2.3939393939e+00 -9.0909090909e-02 2.7497402644e+00
-2.3939393939e+00 -3.0303030303e-02 2.7516833916e+00
-2.3939393939e+00 3.0303030303e-02 2.7516833916e+00
-2.3939393939e+00 9.0909090909e-02 2.7497402644e+00
-2.3939393939e+00 1.5151515152e-01 2.7458663837e+00
-2.3939393939e+00 2.1212121212e-01 2.7400862776e+00
-2.3939393939e+00 2.7272727273e-01 2.7324361987e+00
-2.3939393939e+00 3.3333333333e-01 2.7229634969e+00
-2.3939393939e+00 3.9393939394e-01 2.7117258166e+00
-2.3939393939e+00 4.5454545455e-01 2.6987901451e+00
-2.3939393939e+00 5.1515151515e-01 2.6842317411e+00
-2.3939393939e+00 5.7575757576e-01 2.6681329766e+00
-2.3939393939e+00 6.3636363636e-01 2.6505821242e+00
-2.3939393939e+00 6.9696969697e-01 2.6316721229e+00
-2.3939393939e+00 7.5757575758e-01 2.6114993525e+00
-2.3939393939e+00 8.1818181818e-01 2.5901624433e+00
-2.3939393939e+00 8.7878787879e-01 2.5677611455e+00
-2.3939393939e+00 9.3939393939e-01 2.5443952768e+00
-2.3939393939e+00 1.0000000000e+00 2.5201637627e+00
-2.3939393939e+00 1.0606060606e+00 2.4951637810e+00
-2.3939393939e+00 1.1212121212e+00 2.4694900150e+00
-2.3939393939e+00 1.1818181818e+00 2.4432340186e+00
-2.3939393939e+00 1.2424242424e+00 2.4164836918e+00
-2.3939393939e+00 1.3030303030e+00 2.3893228634e+00
-2.3939393939e+00 1.3636363636e+00 2.3618309739e+00
-2.3939393939e+00 1.4242424242e+00 2.3340828511e+00
-2.3939393939e+00 1.4848484848e+00 2.3061485708e+00
-2.3939393939e+00 1.5454545455e+00 2.2780933918e+00
-2.3939393939e+00 1.6060606061e+00 2.2499777565e+00
-2.3939393939e+00 1.6666666667e+00 2.2218573466e+00
-2.3939393939e+00 1.7272727273e+00 2.1937831866e+00
-2.3939393939e+00 1.7878787879e+00 2.1658017838e+00
-2.3939393939e+00 1.8484848485e+00 2.1379552998e+00
-2.3939393939e+00 1.9090909091e+00 2.1102817442e+00
-2.3939393939e+00 1.9696969697e+00 2.0828151846e+00
-2.3939393939e+00 2.0303030303e+00 2.0555859681e+00
-2.3939393939e+00 2.0909090909e+00 2.0286209486e+00
-2.3939393939e+00 2.1515151515e+00 2.0019437166e+00
-2.3939393939e+00 2.2121212121e+00 1.9755748274e+00
-2.3939393939e+00 2.2727272727e+00 1.9495320255e+00
-2.3939393939e+00 2.3333333333e+00 1.9238304630e+00
-2.3939393939e+00 2.3939393939e+00 1.8984829096e+00
-2.3939393939e+00 2.4545454545e+00 1.8734999548e+00
-2.3939393939e+00 2.5151515152e+00 1.8488901984e+00
-2.3939393939e+00 2.5757575758e+00 1.8246604323e+00
-2.3939393939e+00 2.6363636364e+00 1.8008158098e+00
-2.3939393939e+00 2.6969696970e+00 1.7773600055e+00
-2.3939393939e+00 2.7575757576e+00 1.7542953631e+00
-2.3939393939e+00 2.8181818182e+00 1.7316230335e+00
-2.3939393939e+00 2.8787878788e+00 1.7093431017e+00
-2.3939393939e+00 2.9393939394e+00 1.6874547048e+00
-2.3939393939e+00 3.0000000000e+00 1.6659561394e+00

-2.3333333333e+00 -3.0000000000e+00 1.6829996108e+00
-2.3333333333e+00 -2.9393939394e+00 1.7051740872e+00
-2.3333333333e+00 -2.8787878788e+00 1.7277690978e+00
-2.3333333333e+00 -2.8181818182e+00 1.7507876758e+00
-2.3333333333e+00 -2.7575757576e+00 1.7742320403e+00
-2.3333333333e+00 -2.6969696970e+00 1.7981034827e+00
-2.3333333333e+00 -2.6363636364e+00 1.8224022421e+00
-2.3333333333e+00 -2.5757575758e+00 1.8471273697e+00
-2.3333333333e+00 -2.5151515152e+00 1.8722765809e+00
-2.3333333333e+00 -2.4545454545e+00 1.8978460952e+00
-2.3333333333e+00 -2.3939393939e+00 1.9238304630e+00
-2.3333333333e+00 -2.3333333333e+00 1.9502223792e+00
-2.3333333333e+00 -2.2727272727e+00 1.9770124837e+00
-2.3333333333e+00 -2.2121212121e+00 2.0041891481e+00
-2.3333333333e+00 -2.1515151515e+00 2.0317382504e+00
-2.3333333333e+00 -2.0909090909e+00 2.0596429364e+00
-2.3333333333e+00 -2.0303030303e+00 2.0878833710e+00
-2.3333333333e+00 -1.9696969697e+00 2.1164364791e+00
-2.3333333333e+00 -1.9090909091e+00 2.1452756794e+00
-2.3333333333e+00 -1.8484848485e+00 2.1743706135e+00
-2.3333333333e+00 -1.7878787879e+00 2.2036868731e+00
-2.3333333333e+00 -1.7272727273e+00 2.2331857312e+00
-2.3333333333e+00 -1.6666666667e+00 2.2628238801e+00
-2.3333333333e+00 -1.6060606061e+00 2.2925531852e+00
-2.3333333333e+00 -1.5454545455e+00 2.3223204586e+00
-2.3333333333e+00 -1.4848484848e+00 2.3520672637e+00
-2.3333333333e+00 -1.4242424242e+00 2.3817297578e+00
-2.3333333333e+00 -1.3636363636e+00 2.4112385838e+00
-2.3333333333e+00 -1.3030303030e+00 2.4405188223e+00
-2.3333333333e+00 -1.2424242424e+00 2.4694900150e+00
-2.3333333333e+00 -1.1818181818e+00 2.4980662720e+00
-2.3333333333e+00 -1.1212121212e+00 2.5261564748e+00
-2.3333333333e+00 -1.0606060606e+00 2.5536645867e+00
-2.3333333333e+00 -1.0000000000e+00 2.5804900811e+00
-2.3333333333e+00 -9.3939393939e-01 2.6065284962e+00
-2.3333333333e+00 -8.7878787879e-01 2.6316721229e+00
-2.3333333333e+00 -8.1818181818e-01 2.6558108288e+00
-2.3333333333e+00 -7.5757575758e-01 2.6788330182e+00
-2.3333333333e+00 -6.9696969697e-01 2.7006267212e+00
-2.3333333333e+00 -6.3636363636e-01 2.7210808033e+00
-2.3333333333e+00 -5.7575757576e-01 2.7400862776e+00
-2.3333333333e+00 -5.1515151515e-01 2.7575376975e+00
-2.3333333333e+00 -4.5454545455e-01 2.7733346035e+00
-2.3333333333e+00 -3.9393939394e-01 2.7873829889e+00
-2.3333333333e+00 -3.3333333333e-01 2.7995967498e+00
-2.3333333333e+00 -2.7272727273e-01 2.8098990765e+00
-2.3333333333e+00 -2.1212121212e-01 2.8182237474e+00
-2.3333333333e+00 -1.5151515152e-01 2.8245162822e+00
-2.3333333333e+00 -9.0909090909e-02 2.8287349178e+00
-2.3333333333e+00 -3.0303030303e-02 2.8308513729e+00
-2.3333333333e+00 3.0303030303e-02 2.8308513729e+00
-2.3333333333e+00 9.0909090909e-02 2.8287349178e+00
-2.3333333333e+00 1.5151515152e-01 2.8245162822e+00
-2.3333333333e+00 2.1212121212e-01 2.8182237474e+00
-2.3333333333e+00 2.7272727273e-01 2.8098990765e+00
-2.3333333333e+00 3.3333333333e-01 2.7995967498e+00
-2.3333333333e+00 3.9393939394e-01 2.7873829889e+00
-2.3333333333e+00 4.5454545455e-01 2.7733346035e+00
-2.3333333333e+00 5.1515151515e-01 2.7575376975e+00
-2.3333333333e+00 5.7575757576e-01 2.7400862776e+00
-2.3333333333e+00 6.3636363636e-01 2.7210808033e+00
-2.3333333333e+00 6.9696969697e-01 2.7006267212e+00
-2.3333333333e+00 7.5757575758e-01 2.6788330182e+00
-2.3333333333e+00 8.1818181818e-01 2.6558108288e+00
-2.3333333333e+00 8.7878787879e-01 2.6316721229e+00
-2.3333333333e+00 9.3939393939e-01 2.6065284962e+00
-2.3333333333e+00 1.0000000000e+00 2.5804900811e+00
-2.3333333333e+00 1.0606060606e+00 2.5536645867e+00
-2.3333333333e+00 1.1212121212e+00 2.5261564748e+00
-2.3333333333e+00 1.1818181818e+00 2.4980662720e+00
-2.3333333333e+00 1.2424242424e+00 2.4694900150e+00
-2.3333333333e+00 1.3030303030e+00 2.4405188223e+00
-2.3333333333e+00 1.3636363636e+00 2.4112385838e+00
-2.3333333333e+00 1.4242424242e+00 2.3817297578e+00
-2.3333333333e+00 1.4848484848e+00 2.3520672637e+00
-2.3333333333e+00 1.5454545455e+00 2.3223204586e+00
-2.3333333333e+00 1.6060606061e+00 2.2925531852e+00
-2.3333333333e+00 1.6666666667e+00 2.2628238801e+00
-2.3333333333e+00 1.7272727273e+00 2.2331857312e+00
-2.3333333333e+00 1.7878787879e+00 2.2036868731e+00
-2.3333333333e+00 1.8484848485e+00 2.1743706135e+00
-2.3333333333e+00 1.9090909091e+00 2.1452756794e+00
-2.3333333333e+00 1.9696969697e+00 2.1164364791e+00
-2.3333333333e+00 2.0303030303e+00 2.0878833710e+00
-2.3333333333e+00 2.0909090909e+00 2.0596429364e+00
-2.3333333333e+00 2.1515151515e+00 2.0317382504e+00
-2.3333333333e+00 2.2121212121e+00 2.0041891481e+00
-2.3333333333e+00 2.2727272727e+00 1.9770124837e+00
-2.3333333333e+00 2.3333333333e+00 1.9502223792e+00
-2.3333333333e+00 2.3939393939e+00 1.9238304630e+00
-2.3333333333e+00 2.4545454545e+00 1.8978460952e+00
-2.3333333333e+00 2.5151515152e+00 1.8722765809e+00
-2.3333333333e+00 2.5757575758e+00 1.8471273697e+00
-2.3333333333e+00 2.6363636364e+00 1.8224022421e+00
-2.3333333333e+00 2.6969696970e+00 1.7981034827e+00
-2.3333333333e+00 2.7575757576e+00 1.7742320403e+00
-2.3333333333e+00 2.8181818182e+00 1.7507876758e+00
-2.3333333333e+00 2.8787878788e+00 1.7277690978e+00
-2.3333333333e+00 2.9393939394e+00 1.7051740872e+00
-2.3333333333e+00 3.0000000000e+00 1.6829996108e+00

-2.2727272727e+00 -3.0000000000e+00 1.7001198400e+00
-2.2727272727e+00 -2.9393939394e+00 1.7229876960e+00
-2.2727272727e+00 -2.8787878788e+00 1.7463085797e+00
-2.2727272727e+00 -2.8181818182e+00 1.7700870147e+00
-2.2727272727e+00 -2.7575757576e+00 1.7943267490e+00
-2.2727272727e+00 -2.6969696970e+00 1.8190306360e+00
-2.2727272727e+00 -2.6363636364e+00 1.8442005041e+00
-2.2727272727e+00 -2.5757575758e+00 1.8698370125e+00
-2.2727272727e+00 -2.5151515152e+00 1.8959394938e+00
-2.2727272727e+00 -2.4545454545e+00 1.9225057821e+00
-2.2727272727e+00 -2.3939393939e+00 1.9495320255e+00
-2.2727272727e+00 -2.3333333333e+00 1.9770124837e+00
-2.2727272727e+00 -2.2727272727e+00 2.0049393082e+00
-2.2727272727e+00 -2.2121212121e+00 2.0333023074e+00
-2.2727272727e+00 -2.1515151515e+00 2.0620886945e+00
-2.2727272727e+00 -2.0909090909e+00 2.0912828203e+00
-2.2727272727e+00 -2.0303030303e+00 2.1208658895e+00
-2.2727272727e+00 -1.9696969697e+00 2.1508156648e+00
-2.2727272727e+00 -1.9090909091e+00 2.1811061582e+00
-2.2727272727e+00 -1.8484848485e+00 2.2117073131e+00
-2.2727272727e+00 -1.7878787879e+00 2.2425846806e+00
-2.2727272727e+00 -1.7272727273e+00 2.2736990950e+00
-2.2727272727e+00 -1.6666666667e+00 2.3050063523e+00
-2.2727272727e+00 -1.6060606061e+00 2.3364569007e+00
-2.2727272727e+00 -1.5454545455e+00 2.3679955485e+00
-2.2727272727e+00 -1.4848484848e+00 2.3995612012e+00
-2.2727272727e+00 -1.4242424242e+00 2.4310866360e+00
-2.2727272727e+00 -1.3636363636e+00 2.4624983273e+00
-2.2727272727e+00 -1.3030303030e+00 2.4937163361e+00
-2.2727272727e+00 -1.2424242424e+00 2.5246542767e+00
-2.2727272727e+00 -1.1818181818e+00 2.5552193764e+00
-2.2727272727e+00 -1.1212121212e+00 2.5853126437e+00
-2.2727272727e+00 -1.0606060606e+00 2.6148291592e+00
-2.2727272727e+00 -1.0000000000e+00 2.6436585043e+00
-2.2727272727e+00 -9.3939393939e-01 2.6716853400e+00
-2.2727272727e+00 -8.7878787879e-01 2.6987901451e+00
-2.2727272727e+00 -8.1818181818e-01 2.7248501210e+00
-2.2727272727e+00 -7.5757575758e-01 2.7497402644e+00
-2.2727272727e+00 -6.9696969697e-01 2.7733346035e+00
-2.2727272727e+00 -6.3636363636e-01 2.7955075871e+00
-2.2727272727e+00 -5.7575757576e-01 2.8161356101e+00
-2.2727272727e+00 -5.1515151515e-01 2.8350986479e+00
-2.2727272727e+00 -4.5454545455e-01 2.8522819682e+00
-2.2727272727e+00 -3.9393939394e-01 2.8675778805e+00
-2.2727272727e+00 -3.3333333333e-01 2.8808874763e+00
-2.2727272727e+00 -2.7272727273e-01 2.8921223106e+00
-2.2727272727e+00 -2.1212121212e-01 2.9012059719e+00
-2.2727272727e+00 -1.5151515152e-01 2.9080754896e+00
-2.2727272727e+00 -9.0909090909e-02 2.9126825268e+00
-2.2727272727e+00 -3.0303030303e-02 2.9149943190e+00
-2.2727272727e+00 3.0303030303e-02 2.9149943190e+00
-2.2727272727e+00 9.0909090909e-02 2.9126825268e+00
-2.2727272727e+00 1.5151515152e-01 2.9080754896e+00
-2.2727272727e+00 2.1212121212e-01 2.9012059719e+00
-2.2727272727e+00 2.7272727273e-01 2.8921223106e+00
-2.2727272727e+00 3.3333333333e-01 2.8808874763e+00
-2.2727272727e+00 3.9393939394e-01 2.8675778805e+00
-2.2727272727e+00 4.5454545455e-01 2.8522819682e+00
-2.2727272727e+00 5.1515151515e-01 2.8350986479e+00
-2.2727272727e+00 5.7575757576e-01 2.8161356101e+00
-2.2727272727e+00 6.3636363636e-01 2.7955075871e+00
-2.2727272727e+00 6.9696969697e-01 2.7733346035e+00
-2.2727272727e+00 7.5757575758e-01 2.7497402644e+00
-2.2727272727e+00 8.1818181818e-01 2.7248501210e+00
-2.2727272727e+00 8.7878787879e-01 2.6987901451e+00
-2.2727272727e+00 9.3939393939e-01 2.6716853400e+00
-2.2727272727e+00 1.0000000000e+00 2.6436585043e+00
-2.2727272727e+00 1.0606060606e+00 2.6148291592e+00
-2.2727272727e+00 1.1212121212e+00 2.5853126437e+00
-2.2727272727e+00 1.1818181818e+00 2.5552193764e+00
-2.2727272727e+00 1.2424242424e+00 2.5246542767e+00
-2.2727272727e+00 1.3030303030e+00 2.4937163361e+00
-2.2727272727e+00 1.3636363636e+00 2.4624983273e+00
-2.2727272727e+00 1.4242424242e+00 2.4310866360e+00
-2.2727272727e+00 1.4848484848e+00 2.3995612012e+00
-2.2727272727e+00 1.5454545455e+00 2.3679955485e+00
-2.2727272727e+00 1.6060606061e+00 2.3364569007e+00
-2.2727272727e+00 1.6666666667e+00 2.3050063523e+00
-2.2727272727e+00 1.7272727273e+00 2.2736990950e+00
-2.2727272727e+00 1.7878787879e+00 2.2425846806e+00
-2.2727272727e+00 1.8484848485e+00 2.2117073131e+00
-2.2727272727e+00 1.9090909091e+00 2.1811061582e+00
-2.2727272727e+00 1.9696969697e+00 2.1508156648e+00
-2.2727272727e+00 2.0303030303e+00 2.1208658895e+00
-2.2727272727e+00 2.0909090909e+00 2.0912828203e+00
-2.2727272727e+00 2.1515151515e+00 2.0620886945e+00
-2.2727272727e+00 2.2121212121e+00 2.0333023074e+00
-2.2727272727e+00 2.2727272727e+00 2.0049393082e+00
-2.2727272727e+00 2.3333333333e+00 1.9770124837e+00
-2.2727272727e+00 2.3939393939e+00 1.9495320255e+00
-2.2727272727e+00 2.4545454545e+00 1.9225057821e+00
-2.2727272727e+00 2.5151515152e+00 1.8959394938e+00
-2.2727272727e+00 2.5757575758e+00 1.8698370125e+00
-2.2727272727e+00 2.6363636364e+00 1.8442005041e+00
-2.2727272727e+00 2.6969696970e+00 1.8190306360e+00
-2.2727272727e+00 2.7575757576e+00 1.7943267490e+00
-2.2727272727e+00 2.8181818182e+00 1.7700870147e+00
-2.2727272727e+00 2.8787878788e+00 1.7463085797e+00
-2.2727272727e+00 2.9393939394e+00 1.7229876960e+00
-2.2727272727e+00 3.0000000000e+00 1.7001198400e+00

-2.2121212121e+00 -3.0000000000e+00 1.7173021128e+00
-2.2121212121e+00 -2.9393939394e+00 1.7408805667e+00
-2.2121212121e+00 -2.8787878788e+00 1.7649463884e+00
-2.2121212121e+00 -2.8181818182e+00 1.7895057646e+00
-2.2121212121e+00 -2.7575757576e+00 1.8145641591e+00
-2.2121212121e+00 -2.6969696970e+00 1.8401261897e+00
-2.2121212121e+00 -2.6363636364e+00 1.8661954920e+00
-2.2121212121e+00 -2.5757575758e+00 1.8927745675e+00
-2.2121212121e+00 -2.5151515152e+00 1.9198646177e+00
-2.2121212121e+00 -2.4545454545e+00 1.9474653601e+00
-2.2121212121e+00 -2.3939393939e+00 1.9755748274e+00
-2.2121212121e+00 -2.3333333333e+00 2.0041891481e+00
-2.2121212121e+00 -2.2727272727e+00 2.0333023074e+00
-2.2121212121e+00 -2.2121212121e+00 2.0629058883e+00
-2.2121212121e+00 -2.1515151515e+00 2.0929887931e+00
-2.2121212121e+00 -2.0909090909e+00 2.1235369438e+00
-2.2121212121e+00 -2.0303030303e+00 2.1545329631e+00
-2.2121212121e+00 -1.9696969697e+00 2.1859558365e+00
-2.2121212121e+00 -1.9090909091e+00 2.2177805573e+00
-2.2121212121e+00 -1.8484848485e+00 2.2499777565e+00
-2.2121212121e+00 -1.7878787879e+00 2.2825133212e+00
-2.2121212121e+00 -1.7272727273e+00 2.3153480060e+00
-2.2121212121e+00 -1.6666666667e+00 2.3484370432e+00
-2.2121212121e+00 -1.6060606061e+00 2.3817297578e+00
-2.2121212121e+00 -1.5454545455e+00 2.4151691977e+00
-2.2121212121e+00 -1.4848484848e+00 2.4486917879e+00
-2.2121212121e+00 -1.4242424242e+00 2.4822270217e+00
-2.2121212121e+00 -1.3636363636e+00 2.5156972019e+00
-2.2121212121e+00 -1.3030303030e+00 2.5490172489e+00
-2.2121212121e+00 -1.2424242424e+00 2.5820945914e+00
-2.2121212121e+00 -1.1818181818e+00 2.6148291592e+00
-2.2121212121e+00 -1.1212121212e+00 2.6471134967e+00
-2.2121212121e+00 -1.0606060606e+00 2.6788330182e+00
-2.2121212121e+00 -1.0000000000e+00 2.7098664210e+00
-2.2121212121e+00 -9.3939393939e-01 2.7400862776e+00
-2.2121212121e+00 -8.7878787879e-01 2.7693598181e+00
-2.2121212121e+00 -8.1818181818e-01 2.7975499160e+00
-2.2121212121e+00 -7.5757575758e-01 2.8245162822e+00
-2.2121212121e+00 -6.9696969697e-01 2.8501168636e+00
-2.2121212121e+00 -6.3636363636e-01 2.8742094403e+00
-2.2121212121e+00 -5.7575757576e-01 2.8966533991e+00
-2.2121212121e+00 -5.1515151515e-01 2.9173116564e+00
-2.2121212121e+00 -4.5454545455e-01 2.9360526914e+00
-2.2121212121e+00 -3.9393939394e-01 2.9527526409e+00
-2.2121212121e+00 -3.3333333333e-01 2.9672973995e+00
-2.2121212121e+00 -2.7272727273e-01 2.9795846620e+00
-2.2121212121e+00 -2.1212121212e-01 2.9895258412e+00
-2.2121212121e+00 -1.5151515152e-01 2.9970477941e+00
-2.2121212121e+00 -9.0909090909e-02 3.0020942930e+00
-2.2121212121e+00 -3.0303030303e-02 3.0046271831e+00
-2.2121212121e+00 3.0303030303e-02 3.0046271831e+00
-2.2121212121e+00 9.0909090909e-02 3.0020942930e+00
-2.2121212121e+00 1.5151515152e-01 2.9970477941e+00
-2.2121212121e+00 2.1212121212e-01 2.9895258412e+00
-2.2121212121e+00 2.7272727273e-01 2.9795846620e+00
-2.2121212121e+00 3.3333333333e-01 2.9672973995e+00
-2.2121212121e+00 3.9393939394e-01 2.9527526409e+00
-2.2121212121e+00 4.5454545455e-01 2.9360526914e+00
-2.2121212121e+00 5.1515151515e-01 2.9173116564e+00
-2.2121212121e+00 5.7575757576e-01 2.8966533991e+00
-2.2121212121e+00 6.3636363636e-01 2.8742094403e+00
-2.2121212121e+00 6.9696969697e-01 2.8501168636e+00
-2.2121212121e+00 7.5757575758e-01 2.8245162822e+00
-2.2121212121e+00 8.1818181818e-01 2.7975499160e+00
-2.2121212121e+00 8.7878787879e-01 2.7693598181e+00
-2.2121212121e+00 9.3939393939e-01 2.7400862776e+00
-2.2121212121e+00 1.0000000000e+00 2.7098664210e+00
-2.2121212121e+00 1.0606060606e+00 2.6788330182e+00
-2.2121212121e+00 1.1212121212e+00 2.6471134967e+00
-2.2121212121e+00 1.1818181818e+00 2.6148291592e+00
-2.2121212121e+00 1.2424242424e+00 2.5820945914e+00
-2.2121212121e+00 1.3030303030e+00 2.5490172489e+00
-2.2121212121e+00 1.3636363636e+00 2.5156972019e+00
-2.2121212121e+00 1.4242424242e+00 2.4822270217e+00
-2.2121212121e+00 1.4848484848e+00 2.4486917879e+00
-2.2121212121e+00 1.5454545455e+00 2.4151691977e+00
-2.2121212121e+00 1.6060606061e+00 2.3817297578e+00
-2.2121212121e+00 1.6666666667e+00 2.3484370432e+00
-2.2121212121e+00 1.7272727273e+00 2.3153480060e+00
-2.2121212121e+00 1.7878787879e+00 2.2825133212e+00
-2.2121212121e+00 1.8484848485e+00 2.2499777565e+00
-2.2121212121e+00 1.9090909091e+00 2.2177805573e+00
-2.2121212121e+00 1.9696969697e+00 2.1859558365e+00
-2.2121212121e+00 2.0303030303e+00 2.1545329631e+00
-2.2121212121e+00 2.0909090909e+00 2.1235369438e+00
-2.2121212121e+00 2.1515151515e+00 2.0929887931e+00
-2.2121212121e+00 2.2121212121e+00 2.0629058883e+00
-2.2121212121e+00 2.2727272727e+00 2.0333023074e+00
-2.2121212121e+00 2.3333333333e+00 2.0041891481e+00
-2.2121212121e+00 2.3939393939e+00 1.9755748274e+00
-2.2121212121e+00 2.4545454545e+00 1.9474653601e+00
-2.2121212121e+00 2.5151515152e+00 1.9198646177e+00
-2.2121212121e+00 2.5757575758e+00 1.8927745675e+00
-2.2121212121e+00 2.6363636364e+00 1.8661954920e+00
-2.2121212121e+00 2.6969696970e+00 1.8401261897e+00
-2.2121212121e+00 2.7575757576e+00 1.8145641591e+00
-2.2121212121e+00 2.8181818182e+00 1.7895057646e+00
-2.2121212121e+00 2.8787878788e+00 1.7649463884e+00
-2.2121212121e+00 2.9393939394e+00 1.7408805667e+00
-2.2121212121e+00 3.0000000000e+00 1.7173021128e+00

-2.1515151515e+00 -3.0000000000e+00 1.7345304820e+00
-2.1515151515e+00 -2.9393939394e+00 1.7588364041e+00
-2.1515151515e+00 -2.8787878788e+00 1.7836659307e+00
-2.1515151515e+00 -2.8181818182e+00 1.8090270970e+00
-2.1515151515e+00 -2.7575757576e+00 1.8349272845e+00
-2.1515151515e+00 -2.6969696970e+00 1.8613730947e+00
-2.1515151515e+00 -2.6363636364e+00 1.8883702075e+00
-2.1515151515e+00 -2.5757575758e+00 1.9159232241e+00
-2.1515151515e+00 -2.5151515152e+00 1.9440354919e+00
-2.1515151515e+00 -2.4545454545e+00 1.9727089103e+00
-2.1515151515e+00 -2.3939393939e+00 2.0019437166e+00
-2.1515151515e+00 -2.3333333333e+00 2.0317382504e+00
-2.1515151515e+00 -2.2727272727e+00 2.0620886945e+00
-2.1515151515e+00 -2.2121212121e+00 2.0929887931e+00
-2.1515151515e+00 -2.1515151515e+00 2.1244295441e+00
-2.1515151515e+00 -2.0909090909e+00 2.1563988672e+00
-2.1515151515e+00 -2.0303030303e+00 2.1888812462e+00
-2.1515151515e+00 -1.9696969697e+00 2.2218573466e+00
-2.1515151515e+00 -1.9090909091e+00 2.2553036100e+00
-2.1515151515e+00 -1.8484848485e+00 2.2891918255e+00
-2.1515151515e+00 -1.7878787879e+00 2.3234886837e+00
-2.1515151515e+00 -1.7272727273e+00 2.3581553157e+00
-2.1515151515e+00 -1.6666666667e+00 2.3931468228e+00
-2.1515151515e+00 -1.6060606061e+00 2.4284118056e+00
-2.1515151515e+00 -1.5454545455e+00 2.4638919000e+00
-2.1515151515e+00 -1.4848484848e+00 2.4995213329e+00
-2.1515151515e+00 -1.4242424242e+00 2.5352265096e+00
-2.1515151515e+00 -1.3636363636e+00 2.5709256511e+00
-2.1515151515e+00 -1.3030303030e+00 2.6065284962e+00
-2.1515151515e+00 -1.2424242424e+00 2.6419360933e+00
-2.1515151515e+00 -1.1818181818e+00 2.6770406995e+00
-2.1515151515e+00 -1.1212121212e+00 2.7117258166e+00
-2.1515151515e+00 -1.0606060606e+00 2.7458663837e+00
-2.1515151515e+00 -1.0000000000e+00 2.7793291562e+00
-2.1515151515e+00 -9.3939393939e-01 2.8119732920e+00
-2.1515151515e+00 -8.7878787879e-01 2.8436511676e+00
-2.1515151515e+00 -8.1818181818e-01 2.8742094403e+00
-2.1515151515e+00 -7.5757575758e-01 2.9034903684e+00
-2.1515151515e+00 -6.9696969697e-01 2.9313333907e+00
-2.1515151515e+00 -6.3636363636e-01 2.9575769577e+00
-2.1515151515e+00 -5.7575757576e-01 2.9820605979e+00
-2.1515151515e+00 -5.1515151515e-01 3.0046271831e+00
-2.1515151515e+00 -4.5454545455e-01 3.0251253513e+00
-2.1515151515e+00 -3.9393939394e-01 3.0434120266e+00
-2.1515151515e+00 -3.3333333333e-01 3.0593549660e+00
-2.1515151515e+00 -2.7272727273e-01 3.0728352549e+00
-2.1515151515e+00 -2.1212121212e-01 3.0837496642e+00
-2.1515151515e+00 -1.5151515152e-01 3.0920127841e+00
-2.1515151515e+00 -9.0909090909e-02 3.0975588486e+00
-2.1515151515e+00 -3.0303030303e-02 3.1003431783e+00
-2.1515151515e+00 3.0303030303e-02 3.1003431783e+00
-2.1515151515e+00 9.0909090909e-02 3.0975588486e+00
-2.1515151515e+00 1.5151515152e-01 3.0920127841e+00
-2.1515151515e+00 2.1212121212e-01 3.0837496642e+00
-2.1515151515e+00 2.7272727273e-01 3.0728352549e+00
-2.1515151515e+00 3.3333333333e-01 3.0593549660e+00
-2.1515151515e+00 3.9393939394e-01 3.0434120266e+00
-2.1515151515e+00 4.5454545455e-01 3.0251253513e+00
-2.1515151515e+00 5.1515151515e-01 3.0046271831e+00
-2.1515151515e+00 5.7575757576e-01 2.9820605979e+00
-2.1515151515e+00 6.3636363636e-01 2.9575769577e+00
-2.1515151515e+00 6.9696969697e-01 2.9313333907e+00
-2.1515151515e+00 7.5757575758e-01 2.9034903684e+00
-2.1515151515e+00 8.1818181818e-01 2.8742094403e+00
-2.1515151515e+00 8.7878787879e-01 2.8436511676e+00
-2.1515151515e+00 9.3939393939e-01 2.8119732920e+00
-2.1515151515e+00 1.0000000000e+00 2.7793291562e+00
-2.1515151515e+00 1.0606060606e+00 2.7458663837e+00
-2.1515151515e+00 1.1212121212e+00 2.7117258166e+00
-2.1515151515e+00 1.1818181818e+00 2.6770406995e+00
-2.1515151515e+00 1.2424242424e+00 2.6419360933e+00
-2.1515151515e+00 1.3030303030e+00 2.6065284962e+00
-2.1515151515e+00 1.3636363636e+00 2.5709256511e+00
-2.1515151515e+00 1.4242424242e+00 2.5352265096e+00
-2.1515151515e+00 1.4848484848e+00 2.4995213329e+00
-2.1515151515e+00 1.5454545455e+00 2.4638919000e+00
-2.1515151515e+00 1.6060606061e+00 2.4284118056e+00
-2.1515151515e+00 1.6666666667e+00 2.3931468228e+00
-2.1515151515e+00 1.7272727273e+00 2.3581553157e+00
-2.1515151515e+00 1.7878787879e+00 2.3234886837e+00
-2.1515151515e+00 1.8484848485e+00 2.2891918255e+00
-2.1515151515e+00 1.9090909091e+00 2.2553036100e+00
-2.1515151515e+00 1.9696969697e+00 2.2218573466e+00
-2.1515151515e+00 2.0303030303e+00 2.1888812462e+00
-2.1515151515e+00 2.0909090909e+00 2.1563988672e+00
-2.1515151515e+00 2.1515151515e+00 2.1244295441e+00
-2.1515151515e+00 2.2121212121e+00 2.0929887931e+00
-2.1515151515e+00 2.2727272727e+00 2.0620886945e+00
-2.1515151515e+00 2.3333333333e+00 2.0317382504e+00
-2.1515151515e+00 2.3939393939e+00 2.0019437166e+00
-2.1515151515e+00 2.4545454545e+00 1.9727089103e+00
-2.1515151515e+00 2.5151515152e+00 1.9440354919e+00
-2.1515151515e+00 2.5757575758e+00 1.9159232241e+00
-2.1515151515e+00 2.6363636364e+00 1.8883702075e+00
-2.1515151515e+00 2.6969696970e+00 1.8613730947e+00
-2.1515151515e+00 2.7575757576e+00 1.8349272845e+00
-2.1515151515e+00 2.8181818182e+00 1.8090270970e+00
-2.1515151515e+00 2.8787878788e+00 1.7836659307e+00
-2.1515151515e+00 2.9393939394e+00 1.7588364041e+00
-2.1515151515e+00 3.0000000000e+00 1.7345304820e+00

-2.0909090909e+00 -3.0000000000e+00 1.7517877229e+00
-2.0909090909e+00 -2.9393939394e+00 1.7768375281e+00
-2.0909090909e+00 -2.8787878788e+00 1.8024491145e+00
-2.0909090909e+00 -2.8181818182e+00 1.8286325644e+00
-2.0909090909e+00 -2.7575757576e+00 1.8553973934e+00
-2.0909090909e+00 -2.6969696970e+00 1.8827524233e+00
-2.0909090909e+00 -2.6363636364e+00 1.9107056363e+00
-2.0909090909e+00 -2.5757575758e+00 1.9392640136e+00
-2.0909090909e+00 -2.5151515152e+00 1.9684333530e+00
-2.0909090909e+00 -2.4545454545e+00 1.9982180653e+00
-2.0909090909e+00 -2.3939393939e+00 2.0286209486e+00
-2.0909090909e+00 -2.3333333333e+00 2.0596429364e+00
-2.0909090909e+00 -2.2727272727e+00 2.0912828203e+00
-2.0909090909e+00 -2.2121212121e+00 2.1235369438e+00
-2.0909090909e+00 -2.1515151515e+00 2.1563988672e+00
-2.0909090909e+00 -2.0909090909e+00 2.1898590006e+00
-2.0909090909e+00 -2.0303030303e+00 2.2239042068e+00
-2.0909090909e+00 -1.9696969697e+00 2.2585173711e+00
-2.0909090909e+00 -1.9090909091e+00 2.2936769405e+00
-2.0909090909e+00 -1.8484848485e+00 2.3293564326e+00
-2.0909090909e+00 -1.7878787879e+00 2.3655239168e+00
-2.0909090909e+00 -1.7272727273e+00 2.4021414717e+00
-2.0909090909e+00 -1.6666666667e+00 2.4391646241e+00
-2.0909090909e+00 -1.6060606061e+00 2.4765417766e+00
-2.0909090909e+00 -1.5454545455e+00 2.5142136343e+00
-2.0909090909e+00 -1.4848484848e+00 2.5521126413e+00
-2.0909090909e+00 -1.4242424242e+00 2.5901624433e+00
-2.0909090909e+00 -1.3636363636e+00 2.6282773932e+00
-2.0909090909e+00 -1.3030303030e+00 2.6663621219e+00
-2.0909090909e+00 -1.2424242424e+00 2.7043111981e+00
-2.0909090909e+00 -1.1818181818e+00 2.7420089036e+00
-2.0909090909e+00 -1.1212121212e+00 2.7793291562e+00
-2.0909090909e+00 -1.0606060606e+00 2.8161356101e+00
-2.0909090909e+00 -1.0000000000e+00 2.8522819682e+00
-2.0909090909e+00 -9.3939393939e-01 2.8876125370e+00
-2.0909090909e+00 -8.7878787879e-01 2.9219630564e+00
-2.0909090909e+00 -8.1818181818e-01 2.9551618279e+00
-2.0909090909e+00 -7.5757575758e-01 2.9870311612e+00
-2.0909090909e+00 -6.9696969697e-01 3.0173891480e+00
-2.0909090909e+00 -6.3636363636e-01 3.0460517604e+00
-2.0909090909e+00 -5.7575757576e-01 3.0728352549e+00
-2.0909090909e+00 -5.1515151515e-01 3.0975588486e+00
-2.0909090909e+00 -4.5454545455e-01 3.1200476144e+00
-2.0909090909e+00 -3.9393939394e-01 3.1401355252e+00
-2.0909090909e+00 -3.3333333333e-01 3.1576685597e+00
-2.0909090909e+00 -2.7272727273e-01 3.1725077696e+00
-2.0909090909e+00 -2.1212121212e-01 3.1845321976e+00
-2.0909090909e+00 -1.5151515152e-01 3.1936415334e+00
-2.0909090909e+00 -9.0909090909e-02 3.1997583970e+00
-2.0909090909e+00 -3.0303030303e-02 3.2028301493e+00
-2.0909090909e+00 3.0303030303e-02 3.2028301493e+00
-2.0909090909e+00 9.0909090909e-02 3.1997583970e+00
-2.0909090909e+00 1.5151515152e-01 3.1936415334e+00
-2.0909090909e+00 2.1212121212e-01 3.1845321976e+00
-2.0909090909e+00 2.7272727273e-01 3.1725077696e+00
-2.0909090909e+00 3.3333333333e-01 3.1576685597e+00
-2.0909090909e+00 3.9393939394e-01 3.1401355252e+00
-2.0909090909e+00 4.5454545455e-01 3.1200476144e+00
-2.0909090909e+00 5.1515151515e-01 3.0975588486e+00
-2.0909090909e+00 5.7575757576e-01 3.0728352549e+00
-2.0909090909e+00 6.3636363636e-01 3.0460517604e+00
-2.0909090909e+00 6.9696969697e-01 3.0173891480e+00
-2.0909090909e+00 7.5757575758e-01 2.9870311612e+00
-2.0909090909e+00 8.1818181818e-01 2.9551618279e+00
-2.0909090909e+00 8.7878787879e-01 2.9219630564e+00
-2.0909090909e+00 9.3939393939e-01 2.8876125370e+00
-2.0909090909e+00 1.0000000000e+00 2.8522819682e+00
-2.0909090909e+00 1.0606060606e+00 2.8161356101e+00
-2.0909090909e+00 1.1212121212e+00 2.7793291562e+00
-2.0909090909e+00 1.1818181818e+00 2.7420089036e+00
-2.0909090909e+00 1.2424242424e+00 2.7043111981e+00
-2.0909090909e+00 1.3030303030e+00 2.6663621219e+00
-2.0909090909e+00 1.3636363636e+00 2.6282773932e+00
-2.0909090909e+00 1.4242424242e+00 2.5901624433e+00
-2.0909090909e+00 1.4848484848e+00 2.5521126413e+00
-2.0909090909e+00 1.5454545455e+00 2.5142136343e+00
-2.0909090909e+00 1.6060606061e+00 2.4765417766e+00
-2.0909090909e+00 1.6666666667e+00 2.4391646241e+00
-2.0909090909e+00 1.7272727273e+00 2.4021414717e+00
-2.0909090909e+00 1.7878787879e+00 2.3655239168e+00
-2.0909090909e+00 1.8484848485e+00 2.3293564326e+00
-2.0909090909e+00 1.9090909091e+00 2.2936769405e+00
-2.0909090909e+00 1.9696969697e+00 2.2585173711e+00
-2.0909090909e+00 2.0303030303e+00 2.2239042068e+00
-2.0909090909e+00 2.0909090909e+00 2.1898590006e+00
-2.0909090909e+00 2.1515151515e+00 2.1563988672e+00
-2.0909090909e+00 2.2121212121e+00 2.1235369438e+00
-2.0909090909e+00 2.2727272727e+00 2.0912828203e+00
-2.0909090909e+00 2.3333333333e+00 2.0596429364e+00
-2.0909090909e+00 2.3939393939e+00 2.0286209486e+00
-2.0909090909e+00 2.4545454545e+00 1.9982180653e+00
-2.0909090909e+00 2.5151515152e+00 1.9684333530e+00
-2.0909090909e+00 2.5757575758e+00 1.9392640136e+00
-2.0909090909e+00 2.6363636364e+00 1.9107056363e+00
-2.0909090909e+00 2.6969696970e+00 1.8827524233e+00
-2.0909090909e+00 2.7575757576e+00 1.8553973934e+00
-2.0909090909e+00 2.8181818182e+00 1.8286325644e+00
-2.0909090909e+00 2.8787878788e+00 1.8024491145e+00
-2.0909090909e+00 2.9393939394e+00 1.7768375281e+00
-2.0909090909e+00 3.0000000000e+00 1.7517877229e+00

-2.0303030303e+00 -3.0000000000e+00 1.7690552932e+00
-2.0303030303e+00 -2.9393939394e+00 1.7948648244e+00
-2.0303030303e+00 -2.8787878788e+00 1.8212762893e+00
-2.0303030303e+00 -2.8181818182e+00 1.8483020277e+00
-2.0303030303e+00 -2.7575757576e+00 1.8759539214e+00
-2.0303030303e+00 -2.6969696970e+00 1.9042432665e+00
-2.0303030303e+00 -2.6363636364e+00 1.9331806265e+00
-2.0303030303e+00 -2.5757575758e+00 1.9627756673e+00
-2.0303030303e+00 -2.5151515152e+00 1.9930369699e+00
-2.0303030303e+00 -2.4545454545e+00 2.0239718193e+00
-2.0303030303e+00 -2.3939393939e+00 2.0555859681e+00
-2.0303030303e+00 -2.3333333333e+00 2.0878833710e+00
-2.0303030303e+00 -2.2727272727e+00 2.1208658895e+00
-2.0303030303e+00 -2.2121212121e+00 2.1545329631e+00
-2.0303030303e+00 -2.1515151515e+00 2.1888812462e+00
-2.0303030303e+00 -2.0909090909e+00 2.2239042068e+00
-2.0303030303e+00 -2.0303030303e+00 2.2595916880e+00
-2.0303030303e+00 -1.9696969697e+00 2.2959294286e+00
-2.0303030303e+00 -1.9090909091e+00 2.3328985433e+00
-2.0303030303e+00 -1.8484848485e+00 2.3704749636e+00
-2.0303030303e+00 -1.7878787879e+00 2.4086288399e+00
-2.0303030303e+00 -1.7272727273e+00 2.4473239074e+00
-2.0303030303e+00 -1.6666666667e+00 2.4865168227e+00
-2.0303030303e+00 -1.6060606061e+00 2.5261564748e+00
-2.0303030303e+00 -1.5454545455e+00 2.5661832837e+00
-2.0303030303e+00 -1.4848484848e+00 2.6065284962e+00
-2.0303030303e+00 -1.4242424242e+00 2.6471134967e+00
-2.0303030303e+00 -1.3636363636e+00 2.6878491522e+00
-2.0303030303e+00 -1.3030303030e+00 2.7286352158e+00
-2.0303030303e+00 -1.2424242424e+00 2.7693598181e+00
-2.0303030303e+00 -1.1818181818e+00 2.8098990765e+00
-2.0303030303e+00 -1.1212121212e+00 2.8501168636e+00
-2.0303030303e+00 -1.0606060606e+00 2.8898647699e+00
-2.0303030303e+00 -1.0000000000e+00 2.9289823083e+00
-2.0303030303e+00 -9.3939393939e-01 2.9672973995e+00
-2.0303030303e+00 -8.7878787879e-01 3.0046271831e+00
-2.0303030303e+00 -8.1818181818e-01 3.0407791907e+00
-2.0303030303e+00 -7.5757575758e-01 3.0755529117e+00
-2.0303030303e+00 -6.9696969697e-01 3.1087417714e+00
-2.0303030303e+00 -6.3636363636e-01 3.1401355252e+00
-2.0303030303e+00 -5.7575757576e-01 3.1695230564e+00
-2.0303030303e+00 -5.1515151515e-01 3.1966955394e+00
-2.0303030303e+00 -4.5454545455e-01 3.2214499111e+00
-2.0303030303e+00 -3.9393939394e-01 3.2435925646e+00
-2.0303030303e+00 -3.3333333333e-01 3.2629431573e+00
-2.0303030303e+00 -2.7272727273e-01 3.2793384061e+00
-2.0303030303e+00 -2.1212121212e-01 3.2926357269e+00
-2.0303030303e+00 -1.5151515152e-01 3.3027165674e+00
-2.0303030303e+00 -9.0909090909e-02 3.3094892893e+00
-2.0303030303e+00 -3.0303030303e-02 3.3128914626e+00
-2.0303030303e+00 3.0303030303e-02 3.3128914626e+00
-2.0303030303e+00 9.0909090909e-02 3.3094892893e+00
-2.0303030303e+00 1.5151515152e-01 3.3027165674e+00
-2.0303030303e+00 2.1212121212e-01 3.2926357269e+00
-2.0303030303e+00 2.7272727273e-01 3.2793384061e+00
-2.0303030303e+00 3.3333333333e-01 3.2629431573e+00
-2.0303030303e+00 3.9393939394e-01 3.2435925646e+00
-2.0303030303e+00 4.5454545455e-01 3.2214499111e+00
-2.0303030303e+00 5.1515151515e-01 3.1966955394e+00
-2.0303030303e+00 5.7575757576e-01 3.1695230564e+00
-2.0303030303e+00 6.3636363636e-01 3.1401355252e+00
-2.0303030303e+00 6.9696969697e-01 3.1087417714e+00
-2.0303030303e+00 7.5757575758e-01 3.0755529117e+00
-2.0303030303e+00 8.1818181818e-01 3.0407791907e+00
-2.0303030303e+00 8.7878787879e-01 3.0046271831e+00
-2.0303030303e+00 9.3939393939e-01 2.9672973995e+00
-2.0303030303e+00 1.0000000000e+00 2.9289823083e+00
-2.0303030303e+00 1.0606060606e+00 2.8898647699e+00
-2.0303030303e+00 1.1212121212e+00 2.8501168636e+00
-2.0303030303e+00 1.1818181818e+00 2.8098990765e+00
-2.0303030303e+00 1.2424242424e+00 2.7693598181e+00
-2.0303030303e+00 1.3030303030e+00 2.7286352158e+00
-2.0303030303e+00 1.3636363636e+00 2.6878491522e+00
-2.0303030303e+00 1.4242424242e+00 2.6471134967e+00
-2.0303030303e+00 1.4848484848e+00 2.6065284962e+00
-2.0303030303e+00 1.5454545455e+00 2.5661832837e+00
-2.0303030303e+00 1.6060606061e+00 2.5261564748e+00
-2.0303030303e+00 1.6666666667e+00 2.4865168227e+00
-2.0303030303e+00 1.7272727273e+00 2.4473239074e+00
-2.0303030303e+00 1.7878787879e+00 2.4086288399e+00
-2.0303030303e+00 1.8484848485e+00 2.3704749636e+00
-2.0303030303e+00 1.9090909091e+00 2.3328985433e+00
-2.0303030303e+00 1.9696969697e+00 2.2959294286e+00
-2.0303030303e+00 2.0303030303e+00 2.2595916880e+00
-2.0303030303e+00 2.0909090909e+00 2.2239042068e+00
-2.0303030303e+00 2.1515151515e+00 2.1888812462e+00
-2.0303030303e+00 2.2121212121e+00 2.1545329631e+00
-2.0303030303e+00 2.2727272727e+00 2.1208658895e+00
-2.0303030303e+00 2.3333333333e+00 2.0878833710e+00
-2.0303030303e+00 2.3939393939e+00 2.0555859681e+00
-2.0303030303e+00 2.4545454545e+00 2.0239718193e+00
-2.0303030303e+00 2.5151515152e+00 1.9930369699e+00
-2.0303030303e+00 2.5757575758e+00 1.9627756673e+00
-2.0303030303e+00 2.6363636364e+00 1.9331806265e+00
-2.0303030303e+00 2.6969696970e+00 1.9042432665e+00
-2.0303030303e+00 2.7575757576e+00 1.8759539214e+00
-2.0303030303e+00 2.8181818182e+00 1.8483020277e+00
-2.0303030303e+00 2.8787878788e+00 1.8212762893e+00
-2.0303030303e+00 2.9393939394e+00 1.7948648244e+00
-2.0303030303e+00 3.0000000000e+00 1.7690552932e+00

-1.9696969697e+00 -3.0000000000e+00 1.7863132975e+00
-1.9696969697e+00 -2.9393939394e+00 1.8128977000e+00
-1.9696969697e+00 -2.8787878788e+00 1.8401261897e+00
-1.9696969697e+00 -2.8181818182e+00 1.8680135876e+00
-1.9696969697e+00 -2.7575757576e+00 1.8965743883e+00
-1.9696969697e+00 -2.6969696970e+00 1.9258226343e+00
-1.9696969697e+00 -2.6363636364e+00 1.9557717700e+00
-1.9696969697e+00 -2.5757575758e+00 1.9864344761e+00
-1.9696969697e+00 -2.5151515152e+00 2.0178224788e+00
-1.9696969697e+00 -2.4545454545e+00 2.0499463345e+00
-1.9696969697e+00 -2.3939393939e+00 2.0828151846e+00
-1.9696969697e+00 -2.3333333333e+00 2.1164364791e+00
-1.9696969697e+00 -2.2727272727e+00 2.1508156648e+00
-1.9696969697e+00 -2.2121212121e+00 2.1859558365e+00
-1.9696969697e+00 -2.1515151515e+00 2.2218573466e+00
-1.9696969697e+00 -2.0909090909e+00 2.2585173711e+00
-1.9696969697e+00 -2.0303030303e+00 2.2959294286e+00
-1.9696969697e+00 -1.9696969697e+00 2.3340828511e+00
-1.9696969697e+00 -1.9090909091e+00 2.3729622031e+00
-1.9696969697e+00 -1.8484848485e+00 2.4125466496e+00
-1.9696969697e+00 -1.7878787879e+00 2.4528092723e+00
-1.9696969697e+00 -1.7272727273e+00 2.4937163361e+00
-1.9696969697e+00 -1.6666666667e+00 2.5352265096e+00
-1.9696969697e+00 -1.6060606061e+00 2.5772900451e+00
-1.9696969697e+00 -1.5454545455e+00 2.6198479280e+00
-1.9696969697e+00 -1.4848484848e+00 2.6628310074e+00
-1.9696969697e+00 -1.4242424242e+00 2.7061591250e+00
-1.9696969697e+00 -1.3636363636e+00 2.7497402644e+00
-1.9696969697e+00 -1.3030303030e+00 2.7934697464e+00
-1.9696969697e+00 -1.2424242424e+00 2.8372295040e+00
-1.9696969697e+00 -1.1818181818e+00 2.8808874763e+00
-1.9696969697e+00 -1.1212121212e+00 2.9242971641e+00
-1.9696969697e+00 -1.0606060606e+00 2.9672973995e+00
-1.9696969697e+00 -1.0000000000e+00 3.0097123825e+00
-1.9696969697e+00 -9.3939393939e-01 3.0513520430e+00
-1.9696969697e+00 -8.7878787879e-01 3.0920127841e+00
-1.9696969697e+00 -8.1818181818e-01 3.1314786633e+00
-1.9696969697e+00 -7.5757575758e-01 3.1695230564e+00
-1.9696969697e+00 -6.9696969697e-01 3.2059108400e+00
-1.9696969697e+00 -6.3636363636e-01 3.2404011098e+00
-1.9696969697e+00 -5.7575757576e-01 3.2727504282e+00
-1.9696969697e+00 -5.1515151515e-01 3.3027165674e+00
-1.9696969697e+00 -4.5454545455e-01 3.3300626819e+00
-1.9696969697e+00 -3.9393939394e-01 3.3545618103e+00
-1.9696969697e+00 -3.3333333333e-01 3.3760015720e+00
-1.9696969697e+00 -2.7272727273e-01 3.3941888969e+00
-1.9696969697e+00 -2.1212121212e-01 3.4089545993e+00
-1.9696969697e+00 -1.5151515152e-01 3.4201576004e+00
-1.9696969697e+00 -9.0909090909e-02 3.4276885987e+00
-1.9696969697e+00 -3.0303030303e-02 3.4314730081e+00
-1.9696969697e+00 3.0303030303e-02 3.4314730081e+00
-1.9696969697e+00 9.0909090909e-02 3.4276885987e+00
-1.9696969697e+00 1.5151515152e-01 3.4201576004e+00
-1.9696969697e+00 2.1212121212e-01 3.4089545993e+00
-1.9696969697e+00 2.7272727273e-01 3.3941888969e+00
-1.9696969697e+00 3.3333333333e-01 3.3760015720e+00
-1.9696969697e+00 3.9393939394e-01 3.3545618103e+00
-1.9696969697e+00 4.5454545455e-01 3.3300626819e+00
-1.9696969697e+00 5.1515151515e-01 3.3027165674e+00
-1.9696969697e+00 5.7575757576e-01 3.2727504282e+00
-1.9696969697e+00 6.3636363636e-01 3.2404011098e+00
-1.9696969697e+00 6.9696969697e-01 3.2059108400e+00
-1.9696969697e+00 7.5757575758e-01 3.1695230564e+00
-1.9696969697e+00 8.1818181818e-01 3.1314786633e+00
-1.9696969697e+00 8.7878787879e-01 3.0920127841e+00
-1.9696969697e+00 9.3939393939e-01 3.0513520430e+00
-1.9696969697e+00 1.0000000000e+00 3.0097123825e+00
-1.9696969697e+00 1.0606060606e+00 2.9672973995e+00
-1.9696969697e+00 1.1212121212e+00 2.9242971641e+00
-1.9696969697e+00 1.1818181818e+00 2.8808874763e+00
-1.9696969697e+00 1.2424242424e+00 2.8372295040e+00
-1.9696969697e+00 1.3030303030e+00 2.7934697464e+00
-1.9696969697e+00 1.3636363636e+00 2.7497402644e+00
-1.9696969697e+00 1.4242424242e+00 2.7061591250e+00
-1.9696969697e+00 1.4848484848e+00 2.6628310074e+00
-1.9696969697e+00 1.5454545455e+00 2.6198479280e+00
-1.9696969697e+00 1.6060606061e+00 2.5772900451e+00
-1.9696969697e+00 1.6666666667e+00 2.5352265096e+00
-1.9696969697e+00 1.7272727273e+00 2.4937163361e+00
-1.9696969697e+00 1.7878787879e+00 2.4528092723e+00
-1.9696969697e+00 1.8484848485e+00 2.4125466496e+00
-1.9696969697e+00 1.9090909091e+00 2.3729622031e+00
-1.9696969697e+00 1.9696969697e+00 2.3340828511e+00
-1.9696969697e+00 2.0303030303e+00 2.2959294286e+00
-1.9696969697e+00 2.0909090909e+00 2.2585173711e+00
-1.9696969697e+00 2.1515151515e+00 2.2218573466e+00
-1.9696969697e+00 2.2121212121e+00 2.1859558365e+00
-1.9696969697e+00 2.2727272727e+00 2.1508156648e+00
-1.9696969697e+00 2.3333333333e+00 2.1164364791e+00
-1.9696969697e+00 2.3939393939e+00 2.0828151846e+00
-1.9696969697e+00 2.4545454545e+00 2.0499463345e+00
-1.9696969697e+00 2.5151515152e+00 2.0178224788e+00
-1.9696969697e+00 2.5757575758e+00 1.9864344761e+00
-1.9696969697e+00 2.6363636364e+00 1.9557717700e+00
-1.9696969697e+00 2.6969696970e+00 1.9258226343e+00
-1.9696969697e+00 2.7575757576e+00 1.8965743883e+00
-1.9696969697e+00 2.8181818182e+00 1.8680135876e+00
-1.9696969697e+00 2.8787878788e+00 1.8401261897e+00
-1.9696969697e+00 2.9393939394e+00 1.8128977000e+00
-1.9696969697e+00 3.0000000000e+00 1.7863132975e+00

-1.9090909091e+00 -3.0000000000e+00 1.8035404586e+00
-1.9090909091e+00 -2.9393939394e+00 1.8309140443e+00
-1.9090909091e+00 -2.8787878788e+00 1.8589758864e+00
-1.9090909091e+00 -2.8181818182e+00 1.8877435223e+00
-1.9090909091e+00 -2.7575757576e+00 1.9172343207e+00
-1.9090909091e+00 -2.6969696970e+00 1.9474653601e+00
-1.9090909091e+00 -2.6363636364e+00 1.9784532870e+00
-1.9090909091e+00 -2.5757575758e+00 2.0102141515e+00
-1.9090909091e+00 -2.5151515152e+00 2.0427632179e+00
-1.9090909091e+00 -2.4545454545e+00 2.0761147466e+00
-1.9090909091e+00 -2.3939393939e+00 2.1102817442e+00
-1.9090909091e+00 -2.3333333333e+00 2.1452756794e+00
-1.9090909091e+00 -2.2727272727e+00 2.1811061582e+00
-1.9090909091e+00 -2.2121212121e+00 2.2177805573e+00
-1.9090909091e+00 -2.1515151515e+00 2.2553036100e+00
-1.9090909091e+00 -2.0909090909e+00 2.2936769405e+00
-1.9090909091e+00 -2.0303030303e+00 2.3328985433e+00
-1.9090909091e+00 -1.9696969697e+00 2.3729622031e+00
-1.9090909091e+00 -1.9090909091e+00 2.4138568522e+00
-1.9090909091e+00 -1.8484848485e+00 2.4555658629e+00
-1.9090909091e+00 -1.7878787879e+00 2.4980662720e+00
-1.9090909091e+00 -1.7272727273e+00 2.5413279400e+00
-1.9090909091e+00 -1.6666666667e+00 2.5853126437e+00
-1.9090909091e+00 -1.6060606061e+00 2.6299731085e+00
-1.9090909091e+00 -1.5454545455e+00 2.6752519884e+00
-1.9090909091e+00 -1.4848484848e+00 2.7210808033e+00
-1.9090909091e+00 -1.4242424242e+00 2.7673788535e+00
-1.9090909091e+00 -1.3636363636e+00 2.8140521308e+00
-1.9090909091e+00 -1.3030303030e+00 2.8609922575e+00
-1.9090909091e+00 -1.2424242424e+00 2.9080754896e+00
-1.9090909091e+00 -1.1818181818e+00 2.9551618279e+00
-1.9090909091e+00 -1.1212121212e+00 3.0020942930e+00
-1.9090909091e+00 -1.0606060606e+00 3.0486984223e+00
-1.9090909091e+00 -1.0000000000e+00 3.0947820619e+00
-1.9090909091e+00 -9.3939393939e-01 3.1401355252e+00
-1.9090909091e+00 -8.7878787879e-01 3.1845321976e+00
-1.9090909091e+00 -8.1818181818e-01 3.2277296640e+00
-1.9090909091e+00 -7.5757575758e-01 3.2694714292e+00
-1.9090909091e+00 -6.9696969697e-01 3.3094892893e+00
-1.9090909091e+00 -6.3636363636e-01 3.3475063910e+00
-1.9090909091e+00 -5.7575757576e-01 3.3832409885e+00
-1.9090909091e+00 -5.1515151515e-01 3.4164108702e+00
-1.9090909091e+00 -4.5454545455e-01 3.4467383862e+00
-1.9090909091e+00 -3.9393939394e-01 3.4739559577e+00
-1.9090909091e+00 -3.3333333333e-01 3.4978119063e+00
-1.9090909091e+00 -2.7272727273e-01 3.5180763903e+00
-1.9090909091e+00 -2.1212121212e-01 3.5345472066e+00
-1.9090909091e+00 -1.5151515152e-01 3.5470551891e+00
-1.9090909091e+00 -9.0909090909e-02 3.5554689360e+00
-1.9090909091e+00 -3.0303030303e-02 3.5596986117e+00
-1.9090909091e+00 3.0303030303e-02 3.5596986117e+00
-1.9090909091e+00 9.0909090909e-02 3.5554689360e+00
-1.9090909091e+00 1.5151515152e-01 3.5470551891e+00
-1.9090909091e+00 2.1212121212e-01 3.5345472066e+00
-1.9090909091e+00 2.7272727273e-01 3.5180763903e+00
-1.9090909091e+00 3.3333333333e-01 3.4978119063e+00
-1.9090909091e+00 3.9393939394e-01 3.4739559577e+00
-1.9090909091e+00 4.5454545455e-01 3.4467383862e+00
-1.9090909091e+00 5.1515151515e-01 3.4164108702e+00
-1.9090909091e+00 5.7575757576e-01 3.3832409885e+00
-1.9090909091e+00 6.3636363636e-01 3.3475063910e+00
-1.9090909091e+00 6.9696969697e-01 3.3094892893e+00
-1.9090909091e+00 7.5757575758e-01 3.2694714292e+00
-1.9090909091e+00 8.1818181818e-01 3.2277296640e+00
-1.9090909091e+00 8.7878787879e-01 3.1845321976e+00
-1.9090909091e+00 9.3939393939e-01 3.1401355252e+00
-1.9090909091e+00 1.0000000000e+00 3.0947820619e+00
-1.9090909091e+00 1.0606060606e+00 3.0486984223e+00
-1.9090909091e+00 1.1212121212e+00 3.0020942930e+00
-1.9090909091e+00 1.1818181818e+00 2.9551618279e+00
-1.9090909091e+00 1.2424242424e+00 2.9080754896e+00
-1.9090909091e+00 1.3030303030e+00 2.8609922575e+00
-1.9090909091e+00 1.3636363636e+00 2.8140521308e+00
-1.9090909091e+00 1.4242424242e+00 2.7673788535e+00
-1.9090909091e+00 1.4848484848e+00 2.7210808033e+00
-1.9090909091e+00 1.5454545455e+00 2.6752519884e+00
-1.9090909091e+00 1.6060606061e+00 2.6299731085e+00
-1.9090909091e+00 1.6666666667e+00 2.5853126437e+00
-1.9090909091e+00 1.7272727273e+00 2.5413279400e+00
-1.9090909091e+00 1.7878787879e+00 2.4980662720e+00
-1.9090909091e+00 1.8484848485e+00 2.4555658629e+00
-1.9090909091e+00 1.9090909091e+00 2.4138568522e+00
-1.9090909091e+00 1.9696969697e+00 2.3729622031e+00
-1.9090909091e+00 2.0303030303e+00 2.3328985433e+00
-1.9090909091e+00 2.0909090909e+00 2.2936769405e+00
-1.9090909091e+00 2.1515151515e+00 2.2553036100e+00
-1.9090909091e+00 2.2121212121e+00 2.2177805573e+00
-1.9090909091e+00 2.2727272727e+00 2.1811061582e+00
-1.9090909091e+00 2.3333333333e+00 2.1452756794e+00
-1.9090909091e+00 2.3939393939e+00 2.1102817442e+00
-1.9090909091e+00 2.4545454545e+00 2.0761147466e+00
-1.9090909091e+00 2.5151515152e+00 2.0427632179e+00
-1.9090909091e+00 2.5757575758e+00 2.0102141515e+00
-1.9090909091e+00 2.6363636364e+00 1.9784532870e+00
-1.9090909091e+00 2.6969696970e+00 1.9474653601e+00
-1.9090909091e+00 2.7575757576e+00 1.9172343207e+00
-1.9090909091e+00 2.8181818182e+00 1.8877435223e+00
-1.9090909091e+00 2.8787878788e+00 1.8589758864e+00
-1.9090909091e+00 2.9393939394e+00 1.8309140443e+00
-1.9090909091e+00 3.0000000000e+00 1.8035404586e+00

-1.8484848485e+00 -3.0000000000e+00 1.8207140957e+00
-1.8484848485e+00 -2.9393939394e+00 1.8488901984e+00
-1.8484848485e+00 -2.8787878788e+00 1.8778007440e+00
-1.8484848485e+00 -2.8181818182e+00 1.9074662324e+00
-1.8484848485e+00 -2.7575757576e+00 1.9379071817e+00
-1.8484848485e+00 -2.6969696970e+00 1.9691440132e+00
-1.8484848485e+00 -2.6363636364e+00 2.0011969171e+00
-1.8484848485e+00 -2.5757575758e+00 2.0340856934e+00
-1.8484848485e+00 -2.5151515152e+00 2.0678295671e+00
-1.8484848485e+00 -2.4545454545e+00 2.1024469718e+00
-1.8484848485e+00 -2.3939393939e+00 2.1379552998e+00
-1.8484848485e+00 -2.3333333333e+00 2.1743706135e+00
-1.8484848485e+00 -2.2727272727e+00 2.2117073131e+00
-1.8484848485e+00 -2.2121212121e+00 2.2499777565e+00
-1.8484848485e+00 -2.1515151515e+00 2.2891918255e+00
-1.8484848485e+00 -2.0909090909e+00 2.3293564326e+00
-1.8484848485e+00 -2.0303030303e+00 2.3704749636e+00
-1.8484848485e+00 -1.9696969697e+00 2.4125466496e+00
-1.8484848485e+00 -1.9090909091e+00 2.4555658629e+00
-1.8484848485e+00 -1.8484848485e+00 2.4995213329e+00
-1.8484848485e+00 -1.7878787879e+00 2.5443952768e+00
-1.8484848485e+00 -1.7272727273e+00 2.5901624433e+00
-1.8484848485e+00 -1.6666666667e+00 2.6367890677e+00
-1.8484848485e+00 -1.6060606061e+00 2.6842317411e+00
-1.8484848485e+00 -1.5454545455e+00 2.7324361987e+00
-1.8484848485e+00 -1.4848484848e+00 2.7813360366e+00
-1.8484848485e+00 -1.4242424242e+00 2.8308513729e+00
-1.8484848485e+00 -1.3636363636e+00 2.8808874763e+00
-1.8484848485e+00 -1.3030303030e+00 2.9313333907e+00
-1.8484848485e+00 -1.2424242424e+00 2.9820605979e+00
-1.8484848485e+00 -1.1818181818e+00 3.0329217688e+00
-1.8484848485e+00 -1.1212121212e+00 3.0837496642e+00
-1.8484848485e+00 -1.0606060606e+00 3.1343562625e+00
-1.8484848485e+00 -1.0000000000e+00 3.1845321976e+00
-1.8484848485e+00 -9.3939393939e-01 3.2340466063e+00
-1.8484848485e+00 -8.7878787879e-01 3.2826474877e+00
-1.8484848485e+00 -8.1818181818e-01 3.3300626819e+00
-1.8484848485e+00 -7.5757575758e-01 3.3760015720e+00
-1.8484848485e+00 -6.9696969697e-01 3.4201576004e+00
-1.8484848485e+00 -6.3636363636e-01 3.4622116681e+00
-1.8484848485e+00 -5.7575757576e-01 3.5018364531e+00
-1.8484848485e+00 -5.1515151515e-01 3.5387016364e+00
-1.8484848485e+00 -4.5454545455e-01 3.5724799672e+00
-1.8484848485e+00 -3.9393939394e-01 3.6028540355e+00
-1.8484848485e+00 -3.3333333333e-01 3.6295235497e+00
-1.8484848485e+00 -2.7272727273e-01 3.6522128500e+00
-1.8484848485e+00 -2.1212121212e-01 3.6706783360e+00
-1.8484848485e+00 -1.5151515152e-01 3.6847154448e+00
-1.8484848485e+00 -9.0909090909e-02 3.6941648091e+00
-1.8484848485e+00 -3.0303030303e-02 3.6989172414e+00
-1.8484848485e+00 3.0303030303e-02 3.6989172414e+00
-1.8484848485e+00 9.0909090909e-02 3.6941648091e+00
-1.8484848485e+00 1.5151515152e-01 3.6847154448e+00
-1.8484848485e+00 2.1212121212e-01 3.6706783360e+00
-1.8484848485e+00 2.7272727273e-01 3.6522128500e+00
-1.8484848485e+00 3.3333333333e-01 3.6295235497e+00
-1.8484848485e+00 3.9393939394e-01 3.6028540355e+00
-1.8484848485e+00 4.5454545455e-01 3.5724799672e+00
-1.8484848485e+00 5.1515151515e-01 3.5387016364e+00
-1.8484848485e+00 5.7575757576e-01 3.5018364531e+00
-1.8484848485e+00 6.3636363636e-01 3.4622116681e+00
-1.8484848485e+00 6.9696969697e-01 3.4201576004e+00
-1.8484848485e+00 7.5757575758e-01 3.3760015720e+00
-1.8484848485e+00 8.1818181818e-01 3.3300626819e+00
-1.8484848485e+00 8.7878787879e-01 3.2826474877e+00
-1.8484848485e+00 9.3939393939e-01 3.2340466063e+00
-1.8484848485e+00 1.0000000000e+00 3.1845321976e+00
-1.8484848485e+00 1.0606060606e+00 3.1343562625e+00
-1.8484848485e+00 1.1212121212e+00 3.0837496642e+00
-1.8484848485e+00 1.1818181818e+00 3.0329217688e+00
-1.8484848485e+00 1.2424242424e+00 2.9820605979e+00
-1.8484848485e+00 1.3030303030e+00 2.9313333907e+00
-1.8484848485e+00 1.3636363636e+00 2.8808874763e+00
-1.8484848485e+00 1.4242424242e+00 2.8308513729e+00
-1.8484848485e+00 1.4848484848e+00 2.7813360366e+00
-1.8484848485e+00 1.5454545455e+00 2.7324361987e+00
-1.8484848485e+00 1.6060606061e+00 2.6842317411e+00
-1.8484848485e+00 1.6666666667e+00 2.6367890677e+00
-1.8484848485e+00 1.7272727273e+00 2.5901624433e+00
-1.8484848485e+00 1.7878787879e+00 2.5443952768e+00
-1.8484848485e+00 1.8484848485e+00 2.4995213329e+00
-1.8484848485e+00 1.9090909091e+00 2.4555658629e+00
-1.8484848485e+00 1.9696969697e+00 2.4125466496e+00
-1.8484848485e+00 2.0303030303e+00 2.3704749636e+00
-1.8484848485e+00 2.0909090909e+00 2.3293564326e+00
-1.8484848485e+00 2.1515151515e+00 2.2891918255e+00
-1.8484848485e+00 2.2121212121e+00 2.2499777565e+00
-1.8484848485e+00 2.2727272727e+00 2.2117073131e+00
-1.8484848485e+00 2.3333333333e+00 2.1743706135e+00
-1.8484848485e+00 2.3939393939e+00 2.1379552998e+00
-1.8484848485e+00 2.4545454545e+00 2.1024469718e+00
-1.8484848485e+00 2.5151515152e+00 2.0678295671e+00
-1.8484848485e+00 2.5757575758e+00 2.0340856934e+00
-1.8484848485e+00 2.6363636364e+00 2.0011969171e+00
-1.8484848485e+00 2.6969696970e+00 1.9691440132e+00
-1.8484848485e+00 2.7575757576e+00 1.9379071817e+00
-1.8484848485e+00 2.8181818182e+00 1.9074662324e+00
-1.8484848485e+00 2.8787878788e+00 1.8778007440e+00
-1.8484848485e+00 2.9393939394e+00 1.8488901984e+00
-1.8484848485e+00 3.0000000000e+00 1.8207140957e+00

-1.7878787879e+00 -3.0000000000e+00 1.8378101109e+00
-1.7878787879e+00 -2.9393939394e+00 1.8668009333e+00
-1.7878787879e+00 -2.8787878788e+00 1.8965743883e+00
-1.7878787879e+00 -2.8181818182e+00 1.9271541957e+00
-1.7878787879e+00 -2.7575757576e+00 1.9585643104e+00
-1.7878787879e+00 -2.6969696970e+00 1.9908288197e+00
-1.7878787879e+00 -2.6363636364e+00 2.0239718193e+00
-1.7878787879e+00 -2.5757575758e+00 2.0580172643e+00
-1.7878787879e+00 -2.5151515152e+00 2.0929887931e+00
-1.7878787879e+00 -2.4545454545e+00 2.1289095188e+00
-1.7878787879e+00 -2.3939393939e+00 2.1658017838e+00
-1.7878787879e+00 -2.3333333333e+00 2.2036868731e+00
-1.7878787879e+00 -2.2727272727e+00 2.2425846806e+00
-1.7878787879e+00 -2.2121212121e+00 2.2825133212e+00
-1.7878787879e+00 -2.1515151515e+00 2.3234886837e+00
-1.7878787879e+00 -2.0909090909e+00 2.3655239168e+00
-1.7878787879e+00 -2.0303030303e+00 2.4086288399e+00
-1.7878787879e+00 -1.9696969697e+00 2.4528092723e+00
-1.7878787879e+00 -1.9090909091e+00 2.4980662720e+00
-1.7878787879e+00 -1.8484848485e+00 2.5443952768e+00
-1.7878787879e+00 -1.7878787879e+00 2.5917851404e+00
-1.7878787879e+00 -1.7272727273e+00 2.6402170575e+00
-1.7878787879e+00 -1.6666666667e+00 2.6896633737e+00
-1.7878787879e+00 -1.6060606061e+00 2.7400862776e+00
-1.7878787879e+00 -1.5454545455e+00 2.7914363773e+00
-1.7878787879e+00 -1.4848484848e+00 2.8436511676e+00
-1.7878787879e+00 -1.4242424242e+00 2.8966533991e+00
-1.7878787879e+00 -1.3636363636e+00 2.9503493722e+00
-1.7878787879e+00 -1.3030303030e+00 3.0046271831e+00
-1.7878787879e+00 -1.2424242424e+00 3.0593549660e+00
-1.7878787879e+00 -1.1818181818e+00 3.1143791864e+00
-1.7878787879e+00 -1.1212121212e+00 3.1695230564e+00
-1.7878787879e+00 -1.0606060606e+00 3.2245851619e+00
-1.7878787879e+00 -1.0000000000e+00 3.2793384061e+00
-1.7878787879e+00 -9.3939393939e-01 3.3335293931e+00
-1.7878787879e+00 -8.7878787879e-01 3.3868783885e+00
-1.7878787879e+00 -8.1818181818e-01 3.4390800041e+00
-1.7878787879e+00 -7.5757575758e-01 3.4898047562e+00
-1.7878787879e+00 -6.9696969697e-01 3.5387016364e+00
-1.7878787879e+00 -6.3636363636e-01 3.5854018143e+00
-1.7878787879e+00 -5.7575757576e-01 3.6295235497e+00
-1.7878787879e+00 -5.1515151515e-01 3.6706783360e+00
-1.7878787879e+00 -4.5454545455e-01 3.7084782213e+00
-1.7878787879e+00 -3.9393939394e-01 3.7425441626e+00
-1.7878787879e+00 -3.3333333333e-01 3.7725151701e+00
-1.7878787879e+00 -2.7272727273e-01 3.7980578980e+00
-1.7878787879e+00 -2.1212121212e-01 3.8188762525e+00
-1.7878787879e+00 -1.5151515152e-01 3.8347205199e+00
-1.7878787879e+00 -9.0909090909e-02 3.8453954954e+00
-1.7878787879e+00 -3.0303030303e-02 3.8507671080e+00
-1.7878787879e+00 3.0303030303e-02 3.8507671080e+00
-1.7878787879e+00 9.0909090909e-02 3.8453954954e+00
-1.7878787879e+00 1.5151515152e-01 3.8347205199e+00
-1.7878787879e+00 2.1212121212e-01 3.8188762525e+00
-1.7878787879e+00 2.7272727273e-01 3.7980578980e+00
-1.7878787879e+00 3.3333333333e-01 3.7725151701e+00
-1.7878787879e+00 3.9393939394e-01 3.7425441626e+00
-1.7878787879e+00 4.5454545455e-01 3.7084782213e+00
-1.7878787879e+00 5.1515151515e-01 3.6706783360e+00
-1.7878787879e+00 5.7575757576e-01 3.6295235497e+00
-1.7878787879e+00 6.3636363636e-01 3.5854018143e+00
-1.7878787879e+00 6.9696969697e-01 3.5387016364e+00
-1.7878787879e+00 7.5757575758e-01 3.4898047562e+00
-1.7878787879e+00 8.1818181818e-01 3.4390800041e+00
-1.7878787879e+00 8.7878787879e-01 3.3868783885e+00
-1.7878787879e+00 9.3939393939e-01 3.3335293931e+00
-1.7878787879e+00 1.0000000000e+00 3.2793384061e+00
-1.7878787879e+00 1.0606060606e+00 3.2245851619e+00
-1.7878787879e+00 1.1212121212e+00 3.1695230564e+00
-1.7878787879e+00 1.1818181818e+00 3.1143791864e+00
-1.7878787879e+00 1.2424242424e+00 3.0593549660e+00
-1.7878787879e+00 1.3030303030e+00 3.0046271831e+00
-1.7878787879e+00 1.3636363636e+00 2.9503493722e+00
-1.7878787879e+00 1.4242424242e+00 2.8966533991e+00
-1.7878787879e+00 1.4848484848e+00 2.8436511676e+00
-1.7878787879e+00 1.5454545455e+00 2.7914363773e+00
-1.7878787879e+00 1.6060606061e+00 2.7400862776e+00
-1.7878787879e+00 1.6666666667e+00 2.6896633737e+00
-1.7878787879e+00 1.7272727273e+00 2.6402170575e+00
-1.7878787879e+00 1.7878787879e+00 2.5917851404e+00
-1.7878787879e+00 1.8484848485e+00 2.5443952768e+00
-1.7878787879e+00 1.9090909091e+00 2.4980662720e+00
-1.7878787879e+00 1.9696969697e+00 2.4528092723e+00
-1.7878787879e+00 2.0303030303e+00 2.4086288399e+00
-1.7878787879e+00 2.0909090909e+00 2.3655239168e+00
-1.7878787879e+00 2.1515151515e+00 2.3234886837e+00
-1.7878787879e+00 2.2121212121e+00 2.2825133212e+00
-1.7878787879e+00 2.2727272727e+00 2.2425846806e+00
-1.7878787879e+00 2.3333333333e+00 2.2036868731e+00
-1.7878787879e+00 2.3939393939e+00 2.1658017838e+00
-1.7878787879e+00 2.4545454545e+00 2.1289095188e+00
-1.7878787879e+00 2.5151515152e+00 2.0929887931e+00
-1.7878787879e+00 2.5757575758e+00 2.0580172643e+00
-1.7878787879e+00 2.6363636364e+00 2.0239718193e+00
-1.7878787879e+00 2.6969696970e+00 1.9908288197e+00
-1.7878787879e+00 2.7575757576e+00 1.9585643104e+00
-1.7878787879e+00 2.8181818182e+00 1.9271541957e+00
-1.7878787879e+00 2.8787878788e+00 1.8965743883e+00
-1.7878787879e+00 2.9393939394e+00 1.8668009333e+00
-1.7878787879e+00 3.0000000000e+00 1.8378101109e+00

-1.7272727273e+00 -3.0000000000e+00 1.8548029866e+00
-1.7272727273e+00 -2.9393939394e+00 1.8846194378e+00
-1.7272727273e+00 -2.8787878788e+00 1.9152686848e+00
-1.7272727273e+00 -2.8181818182e+00 1.9467779325e+00
-1.7272727273e+00 -2.7575757576e+00 1.9791748724e+00
-1.7272727273e+00 -2.6969696970e+00 2.0124875955e+00
-1.7272727273e+00 -2.6363636364e+00 2.0467444835e+00
-1.7272727273e+00 -2.5757575758e+00 2.0819740753e+00
-1.7272727273e+00 -2.5151515152e+00 2.1182049053e+00
-1.7272727273e+00 -2.4545454545e+00 2.1554653084e+00
-1.7272727273e+00 -2.3939393939e+00 2.1937831866e+00
-1.7272727273e+00 -2.3333333333e+00 2.2331857312e+00
-1.7272727273e+00 -2.2727272727e+00 2.2736990950e+00
-1.7272727273e+00 -2.2121212121e+00 2.3153480060e+00
-1.7272727273e+00 -2.1515151515e+00 2.3581553157e+00
-1.7272727273e+00 -2.0909090909e+00 2.4021414717e+00
-1.7272727273e+00 -2.0303030303e+00 2.4473239074e+00
-1.7272727273e+00 -1.9696969697e+00 2.4937163361e+00
-1.7272727273e+00 -1.9090909091e+00 2.5413279400e+00
-1.7272727273e+00 -1.8484848485e+00 2.5901624433e+00
-1.7272727273e+00 -1.7878787879e+00 2.6402170575e+00
-1.7272727273e+00 -1.7272727273e+00 2.6914812893e+00
-1.7272727273e+00 -1.6666666667e+00 2.7439356008e+00
-1.7272727273e+00 -1.6060606061e+00 2.7975499160e+00
-1.7272727273e+00 -1.5454545455e+00 2.8522819682e+00
-1.7272727273e+00 -1.4848484848e+00 2.9080754896e+00
-1.7272727273e+00 -1.4242424242e+00 2.9648582509e+00
-1.7272727273e+00 -1.3636363636e+00 3.0225399651e+00
-1.7272727273e+00 -1.3030303030e+00 3.0810100835e+00
-1.7272727273e+00 -1.2424242424e+00 3.1401355252e+00
-1.7272727273e+00 -1.1818181818e+00 3.1997583970e+00
-1.7272727273e+00 -1.1212121212e+00 3.2596937838e+00
-1.7272727273e+00 -1.0606060606e+00 3.3197277110e+00
-1.7272727273e+00 -1.0000000000e+00 3.3796154045e+00
-1.7272727273e+00 -9.3939393939e-01 3.4390800041e+00
-1.7272727273e+00 -8.7878787879e-01 3.4978119063e+00
-1.7272727273e+00 -8.1818181818e-01 3.5554689360e+00
-1.7272727273e+00 -7.5757575758e-01 3.6116775585e+00
-1.7272727273e+00 -6.9696969697e-01 3.6660353410e+00
-1.7272727273e+00 -6.3636363636e-01 3.7181148563e+00
-1.7272727273e+00 -5.7575757576e-01 3.7674691778e+00
-1.7272727273e+00 -5.1515151515e-01 3.8136390460e+00
-1.7272727273e+00 -4.5454545455e-01 3.8561616902e+00
-1.7272727273e+00 -3.9393939394e-01 3.8945811627e+00
-1.7272727273e+00 -3.3333333333e-01 3.9284599012e+00
-1.7272727273e+00 -2.7272727273e-01 3.9573910833e+00
-1.7272727273e+00 -2.1212121212e-01 3.9810111968e+00
-1.7272727273e+00 -1.5151515152e-01 3.9990121400e+00
-1.7272727273e+00 -9.0909090909e-02 4.0111521125e+00
-1.7272727273e+00 -3.0303030303e-02 4.0172645642e+00
-1.7272727273e+00 3.0303030303e-02 4.0172645642e+00
-1.7272727273e+00 9.0909090909e-02 4.0111521125e+00
-1.7272727273e+00 1.5151515152e-01 3.9990121400e+00
-1.7272727273e+00 2.1212121212e-01 3.9810111968e+00
-1.7272727273e+00 2.7272727273e-01 3.9573910833e+00
-1.7272727273e+00 3.3333333333e-01 3.9284599012e+00
-1.7272727273e+00 3.9393939394e-01 3.8945811627e+00
-1.7272727273e+00 4.5454545455e-01 3.8561616902e+00
-1.7272727273e+00 5.1515151515e-01 3.8136390460e+00
-1.7272727273e+00 5.7575757576e-01 3.7674691778e+00
-1.7272727273e+00 6.3636363636e-01 3.7181148563e+00
-1.7272727273e+00 6.9696969697e-01 3.6660353410e+00
-1.7272727273e+00 7.5757575758e-01 3.6116775585e+00
-1.7272727273e+00 8.1818181818e-01 3.5554689360e+00
-1.7272727273e+00 8.7878787879e-01 3.4978119063e+00
-1.7272727273e+00 9.3939393939e-01 3.4390800041e+00
-1.7272727273e+00 1.0000000000e+00 3.3796154045e+00
-1.7272727273e+00 1.0606060606e+00 3.3197277110e+00
-1.7272727273e+00 1.1212121212e+00 3.2596937838e+00
-1.7272727273e+00 1.1818181818e+00 3.1997583970e+00
-1.7272727273e+00 1.2424242424e+00 3.1401355252e+00
-1.7272727273e+00 1.3030303030e+00 3.0810100835e+00
-1.7272727273e+00 1.3636363636e+00 3.0225399651e+00
-1.7272727273e+00 1.4242424242e+00 2.9648582509e+00
-1.7272727273e+00 1.4848484848e+00 2.9080754896e+00
-1.7272727273e+00 1.5454545455e+00 2.8522819682e+00
-1.7272727273e+00 1.6060606061e+00 2.7975499160e+00
-1.7272727273e+00 1.6666666667e+00 2.7439356008e+00
-1.7272727273e+00 1.7272727273e+00 2.6914812893e+00
-1.7272727273e+00 1.7878787879e+00 2.6402170575e+00
-1.7272727273e+00 1.8484848485e+00 2.5901624433e+00
-1.7272727273e+00 1.9090909091e+00 2.5413279400e+00
-1.7272727273e+00 1.9696969697e+00 2.4937163361e+00
-1.7272727273e+00 2.0303030303e+00 2.4473239074e+00
-1.7272727273e+00 2.0909090909e+00 2.4021414717e+00
-1.7272727273e+00 2.1515151515e+00 2.3581553157e+00
-1.7272727273e+00 2.2121212121e+00 2.3153480060e+00
-1.7272727273e+00 2.2727272727e+00 2.2736990950e+00
-1.7272727273e+00 2.3333333333e+00 2.2331857312e+00
-1.7272727273e+00 2.3939393939e+00 2.1937831866e+00
-1.7272727273e+00 2.4545454545e+00 2.1554653084e+00
-1.7272727273e+00 2.5151515152e+00 2.1182049053e+00
-1.7272727273e+00 2.5757575758e+00 2.0819740753e+00
-1.7272727273e+00 2.6363636364e+00 2.0467444835e+00
-1.7272727273e+00 2.6969696970e+00 2.0124875955e+00
-1.7272727273e+00 2.7575757576e+00 1.9791748724e+00
-1.7272727273e+00 2.8181818182e+00 1.9467779325e+00
-1.7272727273e+00 2.8787878788e+00 1.9152686848e+00
-1.7272727273e+00 2.9393939394e+00 1.8846194378e+00
-1.7272727273e+00 3.0000000000e+00 1.8548029866e+00

-1.6666666667e+00 -3.0000000000e+00 1.8716657928e+00
-1.6666666667e+00 -2.9393939394e+00 1.9023173194e+00
-1.6666666667e+00 -2.8787878788e+00 1.9338537294e+00
-1.6666666667e+00 -2.8181818182e+00 1.9663059854e+00
-1.6666666667e+00 -2.7575757576e+00 1.9997058250e+00
-1.6666666667e+00 -2.6969696970e+00 2.0340856934e+00
-1.6666666667e+00 -2.6363636364e+00 2.0694786561e+00
-1.6666666667e+00 -2.5757575758e+00 2.1059182863e+00
-1.6666666667e+00 -2.5151515152e+00 2.1434385251e+00
-1.6666666667e+00 -2.4545454545e+00 2.1820735070e+00
-1.6666666667e+00 -2.3939393939e+00 2.2218573466e+00
-1.6666666667e+00 -2.3333333333e+00 2.2628238801e+00
-1.6666666667e+00 -2.2727272727e+00 2.3050063523e+00
-1.6666666667e+00 -2.2121212121e+00 2.3484370432e+00
-1.6666666667e+00 -2.1515151515e+00 2.3931468228e+00
-1.6666666667e+00 -2.0909090909e+00 2.4391646241e+00
-1.6666666667e+00 -2.0303030303e+00 2.4865168227e+00
-1.6666666667e+00 -1.9696969697e+00 2.5352265096e+00
-1.6666666667e+00 -1.9090909091e+00 2.5853126437e+00
-1.6666666667e+00 -1.8484848485e+00 2.6367890677e+00
-1.6666666667e+00 -1.7878787879e+00 2.6896633737e+00
-1.6666666667e+00 -1.7272727273e+00 2.7439356008e+00
-1.6666666667e+00 -1.6666666667e+00 2.7995967498e+00
-1.6666666667e+00 -1.6060606061e+00 2.8566271002e+00
-1.6666666667e+00 -1.5454545455e+00 2.9149943190e+00
-1.6666666667e+00 -1.4848484848e+00 2.9746513510e+00
-1.6666666667e+00 -1.4242424242e+00 3.0355340917e+00
-1.6666666667e+00 -1.3636363636e+00 3.0975588486e+00
-1.6666666667e+00 -1.3030303030e+00 3.1606196106e+00
-1.6666666667e+00 -1.2424242424e+00 3.2245851619e+00
-1.6666666667e+00 -1.1818181818e+00 3.2892960956e+00
-1.6666666667e+00 -1.1212121212e+00 3.3545618103e+00
-1.6666666667e+00 -1.0606060606e+00 3.4201576004e+00
-1.6666666667e+00 -1.0000000000e+00 3.4858219897e+00
-1.6666666667e+00 -9.3939393939e-01 3.5512544926e+00
-1.6666666667e+00 -8.7878787879e-01 3.6161140312e+00
-1.6666666667e+00 -8.1818181818e-01 3.6800182698e+00
-1.6666666667e+00 -7.5757575758e-01 3.7425441626e+00
-1.6666666667e+00 -6.9696969697e-01 3.8032300219e+00
-1.6666666667e+00 -6.3636363636e-01 3.8615794092e+00
-1.6666666667e+00 -5.7575757576e-01 3.9170671123e+00
-1.6666666667e+00 -5.1515151515e-01 3.9691473928e+00
-1.6666666667e+00 -4.5454545455e-01 4.0172645642e+00
-1.6666666667e+00 -3.9393939394e-01 4.0608657929e+00
-1.6666666667e+00 -3.3333333333e-01 4.0994158042e+00
-1.6666666667e+00 -2.7272727273e-01 4.1324129493e+00
-1.6666666667e+00 -2.1212121212e-01 4.1594058590e+00
-1.6666666667e+00 -1.5151515152e-01 4.1800097268e+00
-1.6666666667e+00 -9.0909090909e-02 4.1939211476e+00
-1.6666666667e+00 -3.0303030303e-02 4.2009304322e+00
-1.6666666667e+00 3.0303030303e-02 4.2009304322e+00
-1.6666666667e+00 9.0909090909e-02 4.1939211476e+00
-1.6666666667e+00 1.5151515152e-01 4.1800097268e+00
-1.6666666667e+00 2.1212121212e-01 4.1594058590e+00
-1.6666666667e+00 2.7272727273e-01 4.1324129493e+00
-1.6666666667e+00 3.3333333333e-01 4.0994158042e+00
-1.6666666667e+00 3.9393939394e-01 4.0608657929e+00
-1.6666666667e+00 4.5454545455e-01 4.0172645642e+00
-1.6666666667e+00 5.1515151515e-01 3.9691473928e+00
-1.6666666667e+00 5.7575757576e-01 3.9170671123e+00
-1.6666666667e+00 6.3636363636e-01 3.8615794092e+00
-1.6666666667e+00 6.9696969697e-01 3.8032300219e+00
-1.6666666667e+00 7.5757575758e-01 3.7425441626e+00
-1.6666666667e+00 8.1818181818e-01 3.6800182698e+00
-1.6666666667e+00 8.7878787879e-01 3.6161140312e+00
-1.6666666667e+00 9.3939393939e-01 3.5512544926e+00
-1.6666666667e+00 1.0000000000e+00 3.4858219897e+00
-1.6666666667e+00 1.0606060606e+00 3.4201576004e+00
-1.6666666667e+00 1.1212121212e+00 3.3545618103e+00
-1.6666666667e+00 1.1818181818e+00 3.2892960956e+00
-1.6666666667e+00 1.2424242424e+00 3.2245851619e+00
-1.6666666667e+00 1.3030303030e+00 3.1606196106e+00
-1.6666666667e+00 1.3636363636e+00 3.0975588486e+00
-1.6666666667e+00 1.4242424242e+00 3.0355340917e+00
-1.6666666667e+00 1.4848484848e+00 2.9746513510e+00
-1.6666666667e+00 1.5454545455e+00 2.9149943190e+00
-1.6666666667e+00 1.6060606061e+00 2.8566271002e+00
-1.6666666667e+00 1.6666666667e+00 2.7995967498e+00
-1.6666666667e+00 1.7272727273e+00 2.7439356008e+00
-1.6666666667e+00 1.7878787879e+00 2.6896633737e+00
-1.6666666667e+00 1.8484848485e+00 2.6367890677e+00
-1.6666666667e+00 1.9090909091e+00 2.5853126437e+00
-1.6666666667e+00 1.9696969697e+00 2.5352265096e+00
-1.6666666667e+00 2.0303030303e+00 2.4865168227e+00
-1.6666666667e+00 2.0909090909e+00 2.4391646241e+00
-1.6666666667e+00 2.1515151515e+00 2.3931468228e+00
-1.6666666667e+00 2.2121212121e+00 2.3484370432e+00
-1.6666666667e+00 2.2727272727e+00 2.3050063523e+00
-1.6666666667e+00 2.3333333333e+00 2.2628238801e+00
-1.6666666667e+00 2.3939393939e+00 2.2218573466e+00
-1.6666666667e+00 2.4545454545e+00 2.1820735070e+00
-1.6666666667e+00 2.5151515152e+00 2.1434385251e+00
-1.6666666667e+00 2.5757575758e+00 2.1059182863e+00
-1.6666666667e+00 2.6363636364e+00 2.0694786561e+00
-1.6666666667e+00 2.6969696970e+00 2.0340856934e+00
-1.6666666667e+00 2.7575757576e+00 1.9997058250e+00
-1.6666666667e+00 2.8181818182e+00 1.9663059854e+00
-1.6666666667e+00 2.8787878788e+00 1.9338537294e+00
-1.6666666667e+00 2.9393939394e+00 1.9023173194e+00
-1.6666666667e+00 3.0000000000e+00 1.8716657928e+00

-1.6060606061e+00 -3.0000000000e+00 1.8883702075e+00
-1.6060606061e+00 -2.9393939394e+00 1.9198646177e+00
-1.6060606061e+00 -2.8787878788e+00 1.9522978540e+00
-1.6060606061e+00 -2.8181818182e+00 1.9857049142e+00
-1.6060606061e+00 -2.7575757576e+00 2.0201218986e+00
-1.6060606061e+00 -2.6969696970e+00 2.0555859681e+00
-1.6060606061e+00 -2.6363636364e+00 2.0921352843e+00
-1.6060606061e+00 -2.5757575758e+00 2.1298089252e+00
-1.6060606061e+00 -2.5151515152e+00 2.1686467744e+00
-1.6060606061e+00 -2.4545454545e+00 2.2086893771e+00
-1.6060606061e+00 -2.3939393939e+00 2.2499777565e+00
-1.6060606061e+00 -2.3333333333e+00 2.2925531852e+00
-1.6060606061e+00 -2.2727272727e+00 2.3364569007e+00
-1.6060606061e+00 -2.2121212121e+00 2.3817297578e+00
-1.6060606061e+00 -2.1515151515e+00 2.4284118056e+00
-1.6060606061e+00 -2.0909090909e+00 2.4765417766e+00
-1.6060606061e+00 -2.0303030303e+00 2.5261564748e+00
-1.6060606061e+00 -1.9696969697e+00 2.5772900451e+00
-1.6060606061e+00 -1.9090909091e+00 2.6299731085e+00
-1.6060606061e+00 -1.8484848485e+00 2.6842317411e+00
-1.6060606061e+00 -1.7878787879e+00 2.7400862776e+00
-1.6060606061e+00 -1.7272727273e+00 2.7975499160e+00
-1.6060606061e+00 -1.6666666667e+00 2.8566271002e+00
-1.6060606061e+00 -1.6060606061e+00 2.9173116564e+00
-1.6060606061e+00 -1.5454545455e+00 2.9795846620e+00
-1.6060606061e+00 -1.4848484848e+00 3.0434120266e+00
-1.6060606061e+00 -1.4242424242e+00 3.1087417714e+00
-1.6060606061e+00 -1.3636363636e+00 3.1755009993e+00
-1.6060606061e+00 -1.3030303030e+00 3.2435925646e+00
-1.6060606061e+00 -1.2424242424e+00 3.3128914626e+00
-1.6060606061e+00 -1.1818181818e+00 3.3832409885e+00
-1.6060606061e+00 -1.1212121212e+00 3.4544487418e+00
-1.6060606061e+00 -1.0606060606e+00 3.5262825936e+00
-1.6060606061e+00 -1.0000000000e+00 3.5984667793e+00
-1.6060606061e+00 -9.3939393939e-01 3.6706783360e+00
-1.6060606061e+00 -8.7878787879e-01 3.7425441626e+00
-1.6060606061e+00 -8.1818181818e-01 3.8136390460e+00
-1.6060606061e+00 -7.5757575758e-01 3.8834850514e+00
-1.6060606061e+00 -6.9696969697e-01 3.9515527241e+00
-1.6060606061e+00 -6.3636363636e-01 4.0172645642e+00
-1.6060606061e+00 -5.7575757576e-01 4.0800012165e+00
-1.6060606061e+00 -5.1515151515e-01 4.1391107365e+00
-1.6060606061e+00 -4.5454545455e-01 4.1939211476e+00
-1.6060606061e+00 -3.9393939394e-01 4.2437562743e+00
-1.6060606061e+00 -3.3333333333e-01 4.2879545420e+00
-1.6060606061e+00 -2.7272727273e-01 4.3258900771e+00
-1.6060606061e+00 -2.1212121212e-01 4.3569950794e+00
-1.6060606061e+00 -1.5151515152e-01 4.3807821072e+00
-1.6060606061e+00 -9.0909090909e-02 4.3968646970e+00
-1.6060606061e+00 -3.0303030303e-02 4.4049746764e+00
-1.6060606061e+00 3.0303030303e-02 4.4049746764e+00
-1.6060606061e+00 9.0909090909e-02 4.3968646970e+00
-1.6060606061e+00 1.5151515152e-01 4.3807821072e+00
-1.6060606061e+00 2.1212121212e-01 4.3569950794e+00
-1.6060606061e+00 2.7272727273e-01 4.3258900771e+00
-1.6060606061e+00 3.3333333333e-01 4.2879545420e+00
-1.6060606061e+00 3.9393939394e-01 4.2437562743e+00
-1.6060606061e+00 4.5454545455e-01 4.1939211476e+00
-1.6060606061e+00 5.1515151515e-01 4.1391107365e+00
-1.6060606061e+00 5.7575757576e-01 4.0800012165e+00
-1.6060606061e+00 6.3636363636e-01 4.0172645642e+00
-1.6060606061e+00 6.9696969697e-01 3.9515527241e+00
-1.6060606061e+00 7.5757575758e-01 3.8834850514e+00
-1.6060606061e+00 8.1818181818e-01 3.8136390460e+00
-1.6060606061e+00 8.7878787879e-01 3.7425441626e+00
-1.6060606061e+00 9.3939393939e-01 3.6706783360e+00
-1.6060606061e+00 1.0000000000e+00 3.5984667793e+00
-1.6060606061e+00 1.0606060606e+00 3.5262825936e+00
-1.6060606061e+00 1.1212121212e+00 3.4544487418e+00
-1.6060606061e+00 1.1818181818e+00 3.3832409885e+00
-1.6060606061e+00 1.2424242424e+00 3.3128914626e+00
-1.6060606061e+00 1.3030303030e+00 3.2435925646e+00
-1.6060606061e+00 1.3636363636e+00 3.1755009993e+00
-1.6060606061e+00 1.4242424242e+00 3.1087417714e+00
-1.6060606061e+00 1.4848484848e+00 3.0434120266e+00
-1.6060606061e+00 1.5454545455e+00 2.9795846620e+00
-1.6060606061e+00 1.6060606061e+00 2.9173116564e+00
-1.6060606061e+00 1.6666666667e+00 2.8566271002e+00
-1.6060606061e+00 1.7272727273e+00 2.7975499160e+00
-1.6060606061e+00 1.7878787879e+00 2.7400862776e+00
-1.6060606061e+00 1.8484848485e+00 2.6842317411e+00
-1.6060606061e+00 1.9090909091e+00 2.6299731085e+00
-1.6060606061e+00 1.9696969697e+00 2.5772900451e+00
-1.6060606061e+00 2.0303030303e+00 2.5261564748e+00
-1.6060606061e+00 2.0909090909e+00 2.4765417766e+00
-1.6060606061e+00 2.1515151515e+00 2.4284118056e+00
-1.6060606061e+00 2.2121212121e+00 2.3817297578e+00
-1.6060606061e+00 2.2727272727e+00 2.3364569007e+00
-1.6060606061e+00 2.3333333333e+00 2.2925531852e+00
-1.6060606061e+00 2.3939393939e+00 2.2499777565e+00
-1.6060606061e+00 2.4545454545e+00 2.2086893771e+00
-1.6060606061e+00 2.5151515152e+00 2.1686467744e+00
-1.6060606061e+00 2.5757575758e+00 2.1298089252e+00
-1.6060606061e+00 2.6363636364e+00 2.0921352843e+00
-1.6060606061e+00 2.6969696970e+00 2.0555859681e+00
-1.6060606061e+00 2.7575757576e+00 2.0201218986e+00
-1.6060606061e+00 2.8181818182e+00 1.9857049142e+00
-1.6060606061e+00 2.8787878788e+00 1.9522978540e+00
-1.6060606061e+00 2.9393939394e+00 1.9198646177e+00
-1.6060606061e+00 3.0000000000e+00 1.8883702075e+00

-1.5454545455e+00 -3.0000000000e+00 1.9048865514e+00
-1.5454545455e+00 -2.9393939394e+00 1.9372298341e+00
-1.5454545455e+00 -2.8787878788e+00 1.9705676487e+00
-1.5454545455e+00 -2.8181818182e+00 2.0049393082e+00
-1.5454545455e+00 -2.7575757576e+00 2.0403855969e+00
-1.5454545455e+00 -2.6969696970e+00 2.0769487610e+00
-1.5454545455e+00 -2.6363636364e+00 2.1146724818e+00
-1.5454545455e+00 -2.5757575758e+00 2.1536018288e+00
-1.5454545455e+00 -2.5151515152e+00 2.1937831866e+00
-1.5454545455e+00 -2.4545454545e+00 2.2352641518e+00
-1.5454545455e+00 -2.3939393939e+00 2.2780933918e+00
-1.5454545455e+00 -2.3333333333e+00 2.3223204586e+00
-1.5454545455e+00 -2.2727272727e+00 2.3679955485e+00
-1.5454545455e+00 -2.2121212121e+00 2.4151691977e+00
-1.5454545455e+00 -2.1515151515e+00 2.4638919000e+00
-1.5454545455e+00 -2.0909090909e+00 2.5142136343e+00
-1.5454545455e+00 -2.0303030303e+00 2.5661832837e+00
-1.5454545455e+00 -1.9696969697e+00 2.6198479280e+00
-1.5454545455e+00 -1.9090909091e+00 2.6752519884e+00
-1.5454545455e+00 -1.8484848485e+00 2.7324361987e+00
-1.5454545455e+00 -1.7878787879e+00 2.7914363773e+00
-1.5454545455e+00 -1.7272727273e+00 2.8522819682e+00
-1.5454545455e+00 -1.6666666667e+00 2.9149943190e+00
-1.5454545455e+00 -1.6060606061e+00 2.9795846620e+00
-1.5454545455e+00 -1.5454545455e+00 3.0460517604e+00
-1.5454545455e+00 -1.4848484848e+00 3.1143791864e+00
-1.5454545455e+00 -1.4242424242e+00 3.1845321976e+00
-1.5454545455e+00 -1.3636363636e+00 3.2564541857e+00
-1.5454545455e+00 -1.3030303030e+00 3.3300626819e+00
-1.5454545455e+00 -1.2424242424e+00 3.4052449208e+00
-1.5454545455e+00 -1.1818181818e+00 3.4818529876e+00
-1.5454545455e+00 -1.1212121212e+00 3.5596986117e+00
-1.5454545455e+00 -1.0606060606e+00 3.6385477108e+00
-1.5454545455e+00 -1.0000000000e+00 3.7181148563e+00
-1.5454545455e+00 -9.3939393939e-01 3.7980578980e+00
-1.5454545455e+00 -8.7878787879e-01 3.8779730814e+00
-1.5454545455e+00 -8.1818181818e-01 3.9573910833e+00
-1.5454545455e+00 -7.5757575758e-01 4.0357744984e+00
-1.5454545455e+00 -6.9696969697e-01 4.1125174017e+00
-1.5454545455e+00 -6.3636363636e-01 4.1869476828e+00
-1.5454545455e+00 -5.7575757576e-01 4.2583328659e+00
-1.5454545455e+00 -5.1515151515e-01 4.3258900771e+00
-1.5454545455e+00 -4.5454545455e-01 4.3888006552e+00
-1.5454545455e+00 -3.9393939394e-01 4.4462296157e+00
-1.5454545455e+00 -3.3333333333e-01 4.4973497544e+00
-1.5454545455e+00 -2.7272727273e-01 4.5413696326e+00
-1.5454545455e+00 -2.1212121212e-01 4.5775640898e+00
-1.5454545455e+00 -1.5151515152e-01 4.6053053432e+00
-1.5454545455e+00 -9.0909090909e-02 4.6240923037e+00
-1.5454545455e+00 -3.0303030303e-02 4.6335755469e+00
-1.5454545455e+00 3.0303030303e-02 4.6335755469e+00
-1.5454545455e+00 9.0909090909e-02 4.6240923037e+00
-1.5454545455e+00 1.5151515152e-01 4.6053053432e+00
-1.5454545455e+00 2.1212121212e-01 4.5775640898e+00
-1.5454545455e+00 2.7272727273e-01 4.5413696326e+00
-1.5454545455e+00 3.3333333333e-01 4.4973497544e+00
-1.5454545455e+00 3.9393939394e-01 4.4462296157e+00
-1.5454545455e+00 4.5454545455e-01 4.3888006552e+00
-1.5454545455e+00 5.1515151515e-01 4.3258900771e+00
-1.5454545455e+00 5.7575757576e-01 4.2583328659e+00
-1.5454545455e+00 6.3636363636e-01 4.1869476828e+00
-1.5454545455e+00 6.9696969697e-01 4.1125174017e+00
-1.5454545455e+00 7.5757575758e-01 4.0357744984e+00
-1.5454545455e+00 8.1818181818e-01 3.9573910833e+00
-1.5454545455e+00 8.7878787879e-01 3.8779730814e+00
-1.5454545455e+00 9.3939393939e-01 3.7980578980e+00
-1.5454545455e+00 1.0000000000e+00 3.7181148563e+00
-1.5454545455e+00 1.0606060606e+00 3.6385477108e+00
-1.5454545455e+00 1.1212121212e+00 3.5596986117e+00
-1.5454545455e+00 1.1818181818e+00 3.4818529876e+00
-1.5454545455e+00 1.2424242424e+00 3.4052449208e+00
-1.5454545455e+00 1.3030303030e+00 3.3300626819e+00
-1.5454545455e+00 1.3636363636e+00 3.2564541857e+00
-1.5454545455e+00 1.4242424242e+00 3.1845321976e+00
-1.5454545455e+00 1.4848484848e+00 3.1143791864e+00
-1.5454545455e+00 1.5454545455e+00 3.0460517604e+00
-1.5454545455e+00 1.6060606061e+00 2.9795846620e+00
-1.5454545455e+00 1.6666666667e+00 2.9149943190e+00
-1.5454545455e+00 1.7272727273e+00 2.8522819682e+00
-1.5454545455e+00 1.7878787879e+00 2.7914363773e+00
-1.5454545455e+00 1.8484848485e+00 2.7324361987e+00
-1.5454545455e+00 1.9090909091e+00 2.6752519884e+00
-1.5454545455e+00 1.9696969697e+00 2.6198479280e+00
-1.5454545455e+00 2.0303030303e+00 2.5661832837e+00
-1.5454545455e+00 2.0909090909e+00 2.5142136343e+00
-1.5454545455e+00 2.1515151515e+00 2.4638919000e+00
-1.5454545455e+00 2.2121212121e+00 2.4151691977e+00
-1.5454545455e+00 2.2727272727e+00 2.3679955485e+00
-1.5454545455e+00 2.3333333333e+00 2.3223204586e+00
-1.5454545455e+00 2.3939393939e+00 2.2780933918e+00
-1.5454545455e+00 2.4545454545e+00 2.2352641518e+00
-1.5454545455e+00 2.5151515152e+00 2.1937831866e+00
-1.5454545455e+00 2.5757575758e+00 2.1536018288e+00
-1.5454545455e+00 2.6363636364e+00 2.1146724818e+00
-1.5454545455e+00 2.6969696970e+00 2.0769487610e+00
-1.5454545455e+00 2.7575757576e+00 2.0403855969e+00
-1.5454545455e+00 2.8181818182e+00 2.0049393082e+00
-1.5454545455e+00 2.8787878788e+00 1.9705676487e+00
-1.5454545455e+00 2.9393939394e+00 1.9372298341e+00
-1.5454545455e+00 3.0000000000e+00 1.9048865514e+00

-1.4848484848e+00 -3.0000000000e+00 1.9211838368e+00
-1.4848484848e+00 -2.9393939394e+00 1.9543799770e+00
-1.4848484848e+00 -2.8787878788e+00 1.9886280020e+00
-1.4848484848e+00 -2.8181818182e+00 2.0239718193e+00
-1.4848484848e+00 -2.7575757576e+00 2.0604572205e+00
-1.4848484848e+00 -2.6969696970e+00 2.0981319100e+00
-1.4848484848e+00 -2.6363636364e+00 2.1370455206e+00
-1.4848484848e+00 -2.5757575758e+00 2.1772496118e+00
-1.4848484848e+00 -2.5151515152e+00 2.2187976464e+00
-1.4848484848e+00 -2.4545454545e+00 2.2617449389e+00
-1.4848484848e+00 -2.3939393939e+00 2.3061485708e+00
-1.4848484848e+00 -2.3333333333e+00 2.3520672637e+00
-1.4848484848e+00 -2.2727272727e+00 2.3995612012e+00
-1.4848484848e+00 -2.2121212121e+00 2.4486917879e+00
-1.4848484848e+00 -2.1515151515e+00 2.4995213329e+00
-1.4848484848e+00 -2.0909090909e+00 2.5521126413e+00
-1.4848484848e+00 -2.0303030303e+00 2.6065284962e+00
-1.4848484848e+00 -1.9696969697e+00 2.6628310074e+00
-1.4848484848e+00 -1.9090909091e+00 2.7210808033e+00
-1.4848484848e+00 -1.8484848485e+00 2.7813360366e+00
-1.4848484848e+00 -1.7878787879e+00 2.8436511676e+00
-1.4848484848e+00 -1.7272727273e+00 2.9080754896e+00
-1.4848484848e+00 -1.6666666667e+00 2.9746513510e+00
-1.4848484848e+00 -1.6060606061e+00 3.0434120266e+00
-1.4848484848e+00 -1.5454545455e+00 3.1143791864e+00
-1.4848484848e+00 -1.4848484848e+00 3.1875599050e+00
-1.4848484848e+00 -1.4242424242e+00 3.2629431573e+00
-1.4848484848e+00 -1.3636363636e+00 3.3404957440e+00
-1.4848484848e+00 -1.3030303030e+00 3.4201576004e+00
-1.4848484848e+00 -1.2424242424e+00 3.5018364531e+00
-1.4848484848e+00 -1.1818181818e+00 3.5854018143e+00
-1.4848484848e+00 -1.1212121212e+00 3.6706783360e+00
-1.4848484848e+00 -1.0606060606e+00 3.7574386007e+00
-1.4848484848e+00 -1.0000000000e+00 3.8453954954e+00
-1.4848484848e+00 -9.3939393939e-01 3.9341944103e+00
-1.4848484848e+00 -8.7878787879e-01 4.0234056265e+00
-1.4848484848e+00 -8.1818181818e-01 4.1125174017e+00
-1.4848484848e+00 -7.5757575758e-01 4.2009304322e+00
-1.4848484848e+00 -6.9696969697e-01 4.2879545420e+00
-1.4848484848e+00 -6.3636363636e-01 4.3728086154e+00
-1.4848484848e+00 -5.7575757576e-01 4.4546248991e+00
-1.4848484848e+00 -5.1515151515e-01 4.5324588214e+00
-1.4848484848e+00 -4.5454545455e-01 4.6053053432e+00
-1.4848484848e+00 -3.9393939394e-01 4.6721225190e+00
-1.4848484848e+00 -3.3333333333e-01 4.7318623642e+00
-1.4848484848e+00 -2.7272727273e-01 4.7835083056e+00
-1.4848484848e+00 -2.1212121212e-01 4.8261174853e+00
-1.4848484848e+00 -1.5151515152e-01 4.8588651497e+00
-1.4848484848e+00 -9.0909090909e-02 4.8810874784e+00
-1.4848484848e+00 -3.0303030303e-02 4.8923187329e+00
-1.4848484848e+00 3.0303030303e-02 4.8923187329e+00
-1.4848484848e+00 9.0909090909e-02 4.8810874784e+00
-1.4848484848e+00 1.5151515152e-01 4.8588651497e+00
-1.4848484848e+00 2.1212121212e-01 4.8261174853e+00
-1.4848484848e+00 2.7272727273e-01 4.7835083056e+00
-1.4848484848e+00 3.3333333333e-01 4.7318623642e+00
-1.4848484848e+00 3.9393939394e-01 4.6721225190e+00
-1.4848484848e+00 4.5454545455e-01 4.6053053432e+00
-1.4848484848e+00 5.1515151515e-01 4.5324588214e+00
-1.4848484848e+00 5.7575757576e-01 4.4546248991e+00
-1.4848484848e+00 6.3636363636e-01 4.3728086154e+00
-1.4848484848e+00 6.9696969697e-01 4.2879545420e+00
-1.4848484848e+00 7.5757575758e-01 4.2009304322e+00
-1.4848484848e+00 8.1818181818e-01 4.1125174017e+00
-1.4848484848e+00 8.7878787879e-01 4.0234056265e+00
-1.4848484848e+00 9.3939393939e-01 3.9341944103e+00
-1.4848484848e+00 1.0000000000e+00 3.8453954954e+00
-1.4848484848e+00 1.0606060606e+00 3.7574386007e+00
-1.4848484848e+00 1.1212121212e+00 3.6706783360e+00
-1.4848484848e+00 1.1818181818e+00 3.5854018143e+00
-1.4848484848e+00 1.2424242424e+00 3.5018364531e+00
-1.4848484848e+00 1.3030303030e+00 3.4201576004e+00
-1.4848484848e+00 1.3636363636e+00 3.3404957440e+00
-1.4848484848e+00 1.4242424242e+00 3.2629431573e+00
-1.4848484848e+00 1.4848484848e+00 3.1875599050e+00
-1.4848484848e+00 1.5454545455e+00 3.1143791864e+00
-1.4848484848e+00 1.6060606061e+00 3.0434120266e+00
-1.4848484848e+00 1.6666666667e+00 2.9746513510e+00
-1.4848484848e+00 1.7272727273e+00 2.9080754896e+00
-1.4848484848e+00 1.7878787879e+00 2.8436511676e+00
-1.4848484848e+00 1.8484848485e+00 2.7813360366e+00
-1.4848484848e+00 1.9090909091e+00 2.7210808033e+00
-1.4848484848e+00 1.9696969697e+00 2.6628310074e+00
-1.4848484848e+00 2.0303030303e+00 2.6065284962e+00
-1.4848484848e+00 2.0909090909e+00 2.5521126413e+00
-1.4848484848e+00 2.1515151515e+00 2.4995213329e+00
-1.4848484848e+00 2.2121212121e+00 2.4486917879e+00
-1.4848484848e+00 2.2727272727e+00 2.3995612012e+00
-1.4848484848e+00 2.3333333333e+00 2.3520672637e+00
-1.4848484848e+00 2.3939393939e+00 2.3061485708e+00
-1.4848484848e+00 2.4545454545e+00 2.2617449389e+00
-1.4848484848e+00 2.5151515152e+00 2.2187976464e+00
-1.4848484848e+00 2.5757575758e+00 2.1772496118e+00
-1.4848484848e+00 2.6363636364e+00 2.1370455206e+00
-1.4848484848e+00 2.6969696970e+00 2.0981319100e+00
-1.4848484848e+00 2.7575757576e+00 2.0604572205e+00
-1.4848484848e+00 2.8181818182e+00 2.0239718193e+00
-1.4848484848e+00 2.8787878788e+00 1.9886280020e+00
-1.4848484848e+00 2.9393939394e+00 1.9543799770e+00
-1.4848484848e+00 3.0000000000e+00 1.9211838368e+00

-1.4242424242e+00 -3.0000000000e+00 1.9372298341e+00
-1.4242424242e+00 -2.9393939394e+00 1.9712806267e+00
-1.4242424242e+00 -2.8787878788e+00 2.0064421620e+00
-1.4242424242e+00 -2.8181818182e+00 2.0427632179e+00
-1.4242424242e+00 -2.7575757576e+00 2.0802949136e+00
-1.4242424242e+00 -2.6969696970e+00 2.1190907850e+00
-1.4242424242e+00 -2.6363636364e+00 2.1592068512e+00
-1.4242424242e+00 -2.5757575758e+00 2.2007016679e+00
-1.4242424242e+00 -2.5151515152e+00 2.2436363648e+00
-1.4242424242e+00 -2.4545454545e+00 2.2880746608e+00
-1.4242424242e+00 -2.3939393939e+00 2.3340828511e+00
-1.4242424242e+00 -2.3333333333e+00 2.3817297578e+00
-1.4242424242e+00 -2.2727272727e+00 2.4310866360e+00
-1.4242424242e+00 -2.2121212121e+00 2.4822270217e+00
-1.4242424242e+00 -2.1515151515e+00 2.5352265096e+00
-1.4242424242e+00 -2.0909090909e+00 2.5901624433e+00
-1.4242424242e+00 -2.0303030303e+00 2.6471134967e+00
-1.4242424242e+00 -1.9696969697e+00 2.7061591250e+00
-1.4242424242e+00 -1.9090909091e+00 2.7673788535e+00
-1.4242424242e+00 -1.8484848485e+00 2.8308513729e+00
-1.4242424242e+00 -1.7878787879e+00 2.8966533991e+00
-1.4242424242e+00 -1.7272727273e+00 2.9648582509e+00
-1.4242424242e+00 -1.6666666667e+00 3.0355340917e+00
-1.4242424242e+00 -1.6060606061e+00 3.1087417714e+00
-1.4242424242e+00 -1.5454545455e+00 3.1845321976e+00
-1.4242424242e+00 -1.4848484848e+00 3.2629431573e+00
-1.4242424242e+00 -1.4242424242e+00 3.3439955009e+00
-1.4242424242e+00 -1.3636363636e+00 3.4276885987e+00
-1.4242424242e+00 -1.3030303030e+00 3.5139949754e+00
-1.4242424242e+00 -1.2424242424e+00 3.6028540355e+00
-1.4242424242e+00 -1.1818181818e+00 3.6941648091e+00
-1.4242424242e+00 -1.1212121212e+00 3.7877776722e+00
-1.4242424242e+00 -1.0606060606e+00 3.8834850514e+00
-1.4242424242e+00 -1.0000000000e+00 3.9810111968e+00
-1.4242424242e+00 -9.3939393939e-01 4.0800012165e+00
-1.4242424242e+00 -8.7878787879e-01 4.1800097268e+00
-1.4242424242e+00 -8.1818181818e-01 4.2804896697e+00
-1.4242424242e+00 -7.5757575758e-01 4.3807821072e+00
-1.4242424242e+00 -6.9696969697e-01 4.4801080994e+00
-1.4242424242e+00 -6.3636363636e-01 4.5775640898e+00
-1.4242424242e+00 -5.7575757576e-01 4.6721225190e+00
-1.4242424242e+00 -5.1515151515e-01 4.7626395893e+00
-1.4242424242e+00 -4.5454545455e-01 4.8478721085e+00
-1.4242424242e+00 -3.9393939394e-01 4.9265050379e+00
-1.4242424242e+00 -3.3333333333e-01 4.9971906377e+00
-1.4242424242e+00 -2.7272727273e-01 5.0585988805e+00
-1.4242424242e+00 -2.1212121212e-01 5.1094771323e+00
-1.4242424242e+00 -1.5151515152e-01 5.1487151842e+00
-1.4242424242e+00 -9.0909090909e-02 5.1754099221e+00
-1.4242424242e+00 -3.0303030303e-02 5.1889227444e+00
-1.4242424242e+00 3.0303030303e-02 5.1889227444e+00
-1.4242424242e+00 9.0909090909e-02 5.1754099221e+00
-1.4242424242e+00 1.5151515152e-01 5.1487151842e+00
-1.4242424242e+00 2.1212121212e-01 5.1094771323e+00
-1.4242424242e+00 2.7272727273e-01 5.0585988805e+00
-1.4242424242e+00 3.3333333333e-01 4.9971906377e+00
-1.4242424242e+00 3.9393939394e-01 4.9265050379e+00
-1.4242424242e+00 4.5454545455e-01 4.8478721085e+00
-1.4242424242e+00 5.1515151515e-01 4.7626395893e+00
-1.4242424242e+00 5.7575757576e-01 4.6721225190e+00
-1.4242424242e+00 6.3636363636e-01 4.5775640898e+00
-1.4242424242e+00 6.9696969697e-01 4.4801080994e+00
-1.4242424242e+00 7.5757575758e-01 4.3807821072e+00
-1.4242424242e+00 8.1818181818e-01 4.2804896697e+00
-1.4242424242e+00 8.7878787879e-01 4.1800097268e+00
-1.4242424242e+00 9.3939393939e-01 4.0800012165e+00
-1.4242424242e+00 1.0000000000e+00 3.9810111968e+00
-1.4242424242e+00 1.0606060606e+00 3.8834850514e+00
-1.4242424242e+00 1.1212121212e+00 3.7877776722e+00
-1.4242424242e+00 1.1818181818e+00 3.6941648091e+00
-1.4242424242e+00 1.2424242424e+00 3.6028540355e+00
-1.4242424242e+00 1.3030303030e+00 3.5139949754e+00
-1.4242424242e+00 1.3636363636e+00 3.4276885987e+00
-1.4242424242e+00 1.4242424242e+00 3.3439955009e+00
-1.4242424242e+00 1.4848484848e+00 3.2629431573e+00
-1.4242424242e+00 1.5454545455e+00 3.1845321976e+00
-1.4242424242e+00 1.6060606061e+00 3.1087417714e+00
-1.4242424242e+00 1.6666666667e+00 3.0355340917e+00
-1.4242424242e+00 1.7272727273e+00 2.9648582509e+00
-1.4242424242e+00 1.7878787879e+00 2.8966533991e+00
-1.4242424242e+00 1.8484848485e+00 2.8308513729e+00
-1.4242424242e+00 1.9090909091e+00 2.7673788535e+00
-1.4242424242e+00 1.9696969697e+00 2.7061591250e+00
-1.4242424242e+00 2.0303030303e+00 2.6471134967e+00
-1.4242424242e+00 2.0909090909e+00 2.5901624433e+00
-1.4242424242e+00 2.1515151515e+00 2.5352265096e+00
-1.4242424242e+00 2.2121212121e+00 2.4822270217e+00
-1.4242424242e+00 2.2727272727e+00 2.4310866360e+00
-1.4242424242e+00 2.3333333333e+00 2.3817297578e+00
-1.4242424242e+00 2.3939393939e+00 2.3340828511e+00
-1.4242424242e+00 2.4545454545e+00 2.2880746608e+00
-1.4242424242e+00 2.5151515152e+00 2.2436363648e+00
-1.4242424242e+00 2.5757575758e+00 2.2007016679e+00
-1.4242424242e+00 2.6363636364e+00 2.1592068512e+00
-1.4242424242e+00 2.6969696970e+00 2.1190907850e+00
-1.4242424242e+00 2.7575757576e+00 2.0802949136e+00
-1.4242424242e+00 2.8181818182e+00 2.0427632179e+00
-1.4242424242e+00 2.8787878788e+00 2.0064421620e+00
-1.4242424242e+00 2.9393939394e+00 1.9712806267e+00
-1.4242424242e+00 3.0000000000e+00 1.9372298341e+00

-1.3636363636e+00 -3.0000000000e+00 1.9529911546e+00
-1.3636363636e+00 -2.9393939394e+00 1.9878960185e+00
-1.3636363636e+00 -2.8787878788e+00 2.0239718193e+00
-1.3636363636e+00 -2.8181818182e+00 2.0612724726e+00
-1.3636363636e+00 -2.7575757576e+00 2.0998547393e+00
-1.3636363636e+00 -2.6969696970e+00 2.1397783554e+00
-1.3636363636e+00 -2.6363636364e+00 2.1811061582e+00
-1.3636363636e+00 -2.5757575758e+00 2.2239042068e+00
-1.3636363636e+00 -2.5151515152e+00 2.2682418931e+00
-1.3636363636e+00 -2.4545454545e+00 2.3141920392e+00
-1.3636363636e+00 -2.3939393939e+00 2.3618309739e+00
-1.3636363636e+00 -2.3333333333e+00 2.4112385838e+00
-1.3636363636e+00 -2.2727272727e+00 2.4624983273e+00
-1.3636363636e+00 -2.2121212121e+00 2.5156972019e+00
-1.3636363636e+00 -2.1515151515e+00 2.5709256511e+00
-1.3636363636e+00 -2.0909090909e+00 2.6282773932e+00
-1.3636363636e+00 -2.0303030303e+00 2.6878491522e+00
-1.3636363636e+00 -1.9696969697e+00 2.7497402644e+00
-1.3636363636e+00 -1.9090909091e+00 2.8140521308e+00
-1.3636363636e+00 -1.8484848485e+00 2.8808874763e+00
-1.3636363636e+00 -1.7878787879e+00 2.9503493722e+00
-1.3636363636e+00 -1.7272727273e+00 3.0225399651e+00
-1.3636363636e+00 -1.6666666667e+00 3.0975588486e+00
-1.3636363636e+00 -1.6060606061e+00 3.1755009993e+00
-1.3636363636e+00 -1.5454545455e+00 3.2564541857e+00
-1.3636363636e+00 -1.4848484848e+00 3.3404957440e+00
-1.3636363636e+00 -1.4242424242e+00 3.4276885987e+00
-1.3636363636e+00 -1.3636363636e+00 3.5180763903e+00
-1.3636363636e+00 -1.3030303030e+00 3.6116775585e+00
-1.3636363636e+00 -1.2424242424e+00 3.7084782213e+00
-1.3636363636e+00 -1.1818181818e+00 3.8084236871e+00
-1.3636363636e+00 -1.1212121212e+00 3.9114084517e+00
-1.3636363636e+00 -1.0606060606e+00 4.0172645642e+00
-1.3636363636e+00 -1.0000000000e+00 4.1257483163e+00
-1.3636363636e+00 -9.3939393939e-01 4.2365253158e+00
-1.3636363636e+00 -8.7878787879e-01 4.3491541895e+00
-1.3636363636e+00 -8.1818181818e-01 4.4630694082e+00
-1.3636363636e+00 -7.5757575758e-01 4.5775640898e+00
-1.3636363636e+00 -6.9696969697e-01 4.6917740936e+00
-1.3636363636e+00 -6.3636363636e-01 4.8046652852e+00
-1.3636363636e+00 -5.7575757576e-01 4.9150264743e+00
-1.3636363636e+00 -5.1515151515e-01 5.0214711180e+00
-1.3636363636e+00 -4.5454545455e-01 5.1224512860e+00
-1.3636363636e+00 -3.9393939394e-01 5.2162873627e+00
-1.3636363636e+00 -3.3333333333e-01 5.3012162360e+00
-1.3636363636e+00 -2.7272727273e-01 5.3754590397e+00
-1.3636363636e+00 -2.1212121212e-01 5.4373067664e+00
-1.3636363636e+00 -1.5151515152e-01 5.4852184697e+00
-1.3636363636e+00 -9.0909090909e-02 5.5179229732e+00
-1.3636363636e+00 -3.0303030303e-02 5.5345120431e+00
-1.3636363636e+00 3.0303030303e-02 5.5345120431e+00
-1.3636363636e+00 9.0909090909e-02 5.5179229732e+00
-1.3636363636e+00 1.5151515152e-01 5.4852184697e+00
-1.3636363636e+00 2.1212121212e-01 5.4373067664e+00
-1.3636363636e+00 2.7272727273e-01 5.3754590397e+00
-1.3636363636e+00 3.3333333333e-01 5.3012162360e+00
-1.3636363636e+00 3.9393939394e-01 5.2162873627e+00
-1.3636363636e+00 4.5454545455e-01 5.1224512860e+00
-1.3636363636e+00 5.1515151515e-01 5.0214711180e+00
-1.3636363636e+00 5.7575757576e-01 4.9150264743e+00
-1.3636363636e+00 6.3636363636e-01 4.8046652852e+00
-1.3636363636e+00 6.9696969697e-01 4.6917740936e+00
-1.3636363636e+00 7.5757575758e-01 4.5775640898e+00
-1.3636363636e+00 8.1818181818e-01 4.4630694082e+00
-1.3636363636e+00 8.7878787879e-01 4.3491541895e+00
-1.3636363636e+00 9.3939393939e-01 4.2365253158e+00
-1.3636363636e+00 1.0000000000e+00 4.1257483163e+00
-1.3636363636e+00 1.0606060606e+00 4.0172645642e+00
-1.3636363636e+00 1.1212121212e+00 3.9114084517e+00
-1.3636363636e+00 1.1818181818e+00 3.8084236871e+00
-1.3636363636e+00 1.2424242424e+00 3.7084782213e+00
-1.3636363636e+00 1.3030303030e+00 3.6116775585e+00
-1.3636363636e+00 1.3636363636e+00 3.5180763903e+00
-1.3636363636e+00 1.4242424242e+00 3.4276885987e+00
-1.3636363636e+00 1.4848484848e+00 3.3404957440e+00
-1.3636363636e+00 1.5454545455e+00 3.2564541857e+00
-1.3636363636e+00 1.6060606061e+00 3.1755009993e+00
-1.3636363636e+00 1.6666666667e+00 3.0975588486e+00
-1.3636363636e+00 1.7272727273e+00 3.0225399651e+00
-1.3636363636e+00 1.7878787879e+00 2.9503493722e+00
-1.3636363636e+00 1.8484848485e+00 2.8808874763e+00
-1.3636363636e+00 1.9090909091e+00 2.8140521308e+00
-1.3636363636e+00 1.9696969697e+00 2.7497402644e+00
-1.3636363636e+00 2.0303030303e+00 2.6878491522e+00
-1.3636363636e+00 2.0909090909e+00 2.6282773932e+00
-1.3636363636e+00 2.1515151515e+00 2.5709256511e+00
-1.3636363636e+00 2.2121212121e+00 2.5156972019e+00
-1.3636363636e+00 2.2727272727e+00 2.4624983273e+00
-1.3636363636e+00 2.3333333333e+00 2.4112385838e+00
-1.3636363636e+00 2.3939393939e+00 2.3618309739e+00
-1.3636363636e+00 2.4545454545e+00 2.3141920392e+00
-1.3636363636e+00 2.5151515152e+00 2.2682418931e+00
-1.3636363636e+00 2.5757575758e+00 2.2239042068e+00
-1.3636363636e+00 2.6363636364e+00 2.1811061582e+00
-1.3636363636e+00 2.6969696970e+00 2.1397783554e+00
-1.3636363636e+00 2.7575757576e+00 2.0998547393e+00
-1.3636363636e+00 2.8181818182e+00 2.0612724726e+00
-1.3636363636e+00 2.8787878788e+00 2.0239718193e+00
-1.3636363636e+00 2.9393939394e+00 1.9878960185e+00
-1.3636363636e+00 3.0000000000e+00 1.9529911546e+00

-1.3030303030e+00 -3.0000000000e+00 1.9684333530e+00
-1.3030303030e+00 -2.9393939394e+00 2.0041891481e+00
-1.3030303030e+00 -2.8787878788e+00 2.0411772133e+00
-1.3030303030e+00 -2.8181818182e+00 2.0794568572e+00
-1.3030303030e+00 -2.7575757576e+00 2.1190907850e+00
-1.3030303030e+00 -2.6969696970e+00 2.1601452905e+00
-1.3030303030e+00 -2.6363636364e+00 2.2026904528e+00
-1.3030303030e+00 -2.5757575758e+00 2.2468003352e+00
-1.3030303030e+00 -2.5151515152e+00 2.2925531852e+00
-1.3030303030e+00 -2.4545454545e+00 2.3400316297e+00
-1.3030303030e+00 -2.3939393939e+00 2.3893228634e+00
-1.3030303030e+00 -2.3333333333e+00 2.4405188223e+00
-1.3030303030e+00 -2.2727272727e+00 2.4937163361e+00
-1.3030303030e+00 -2.2121212121e+00 2.5490172489e+00
-1.3030303030e+00 -2.1515151515e+00 2.6065284962e+00
-1.3030303030e+00 -2.0909090909e+00 2.6663621219e+00
-1.3030303030e+00 -2.0303030303e+00 2.7286352158e+00
-1.3030303030e+00 -1.9696969697e+00 2.7934697464e+00
-1.3030303030e+00 -1.9090909091e+00 2.8609922575e+00
-1.3030303030e+00 -1.8484848485e+00 2.9313333907e+00
-1.3030303030e+00 -1.7878787879e+00 3.0046271831e+00
-1.3030303030e+00 -1.7272727273e+00 3.0810100835e+00
-1.3030303030e+00 -1.6666666667e+00 3.1606196106e+00
-1.3030303030e+00 -1.6060606061e+00 3.2435925646e+00
-1.3030303030e+00 -1.5454545455e+00 3.3300626819e+00
-1.3030303030e+00 -1.4848484848e+00 3.4201576004e+00
-1.3030303030e+00 -1.4242424242e+00 3.5139949754e+00
-1.3030303030e+00 -1.3636363636e+00 3.6116775585e+00
-1.3030303030e+00 -1.3030303030e+00 3.7132870187e+00
-1.3030303030e+00 -1.2424242424e+00 3.8188762525e+00
-1.3030303030e+00 -1.1818181818e+00 3.9284599012e+00
-1.3030303030e+00 -1.1212121212e+00 4.0420027727e+00
-1.3030303030e+00 -1.0606060606e+00 4.1594058590e+00
-1.3030303030e+00 -1.0000000000e+00 4.2804896697e+00
-1.3030303030e+00 -9.3939393939e-01 4.4049746764e+00
-1.3030303030e+00 -8.7878787879e-01 4.5324588214e+00
-1.3030303030e+00 -8.1818181818e-01 4.6623923087e+00
-1.3030303030e+00 -7.5757575758e-01 4.7940503333e+00
-1.3030303030e+00 -6.9696969697e-01 4.9265050379e+00
-1.3030303030e+00 -6.3636363636e-01 5.0585988805e+00
-1.3030303030e+00 -5.7575757576e-01 5.1889227444e+00
-1.3030303030e+00 -5.1515151515e-01 5.3158034625e+00
-1.3030303030e+00 -4.5454545455e-01 5.4373067664e+00
-1.3030303030e+00 -3.9393939394e-01 5.5512626149e+00
-1.3030303030e+00 -3.3333333333e-01 5.6553198041e+00
-1.3030303030e+00 -2.7272727273e-01 5.7470349426e+00
-1.3030303030e+00 -2.1212121212e-01 5.8239966425e+00
-1.3030303030e+00 -1.5151515152e-01 5.8839789803e+00
-1.3030303030e+00 -9.0909090909e-02 5.9251098855e+00
-1.3030303030e+00 -3.0303030303e-02 5.9460323476e+00
-1.3030303030e+00 3.0303030303e-02 5.9460323476e+00
-1.3030303030e+00 9.0909090909e-02 5.9251098855e+00
-1.3030303030e+00 1.5151515152e-01 5.8839789803e+00
-1.3030303030e+00 2.1212121212e-01 5.8239966425e+00
-1.3030303030e+00 2.7272727273e-01 5.7470349426e+00
-1.3030303030e+00 3.3333333333e-01 5.6553198041e+00
-1.3030303030e+00 3.9393939394e-01 5.5512626149e+00
-1.3030303030e+00 4.5454545455e-01 5.4373067664e+00
-1.3030303030e+00 5.1515151515e-01 5.3158034625e+00
-1.3030303030e+00 5.7575757576e-01 5.1889227444e+00
-1.3030303030e+00 6.3636363636e-01 5.0585988805e+00
-1.3030303030e+00 6.9696969697e-01 4.9265050379e+00
-1.3030303030e+00 7.5757575758e-01 4.7940503333e+00
-1.3030303030e+00 8.1818181818e-01 4.6623923087e+00
-1.3030303030e+00 8.7878787879e-01 4.5324588214e+00
-1.3030303030e+00 9.3939393939e-01 4.4049746764e+00
-1.3030303030e+00 1.0000000000e+00 4.2804896697e+00
-1.3030303030e+00 1.0606060606e+00 4.1594058590e+00
-1.3030303030e+00 1.1212121212e+00 4.0420027727e+00
-1.3030303030e+00 1.1818181818e+00 3.9284599012e+00
-1.3030303030e+00 1.2424242424e+00 3.8188762525e+00
-1.3030303030e+00 1.3030303030e+00 3.7132870187e+00
-1.3030303030e+00 1.3636363636e+00 3.6116775585e+00
-1.3030303030e+00 1.4242424242e+00 3.5139949754e+00
-1.3030303030e+00 1.4848484848e+00 3.4201576004e+00
-1.3030303030e+00 1.5454545455e+00 3.3300626819e+00
-1.3030303030e+00 1.6060606061e+00 3.2435925646e+00
-1.3030303030e+00 1.6666666667e+00 3.1606196106e+00
-1.3030303030e+00 1.7272727273e+00 3.0810100835e+00
-1.3030303030e+00 1.7878787879e+00 3.0046271831e+00
-1.3030303030e+00 1.8484848485e+00 2.9313333907e+00
-1.3030303030e+00 1.9090909091e+00 2.8609922575e+00
-1.3030303030e+00 1.9696969697e+00 2.7934697464e+00
-1.3030303030e+00 2.0303030303e+00 2.7286352158e+00
-1.3030303030e+00 2.0909090909e+00 2.6663621219e+00
-1.3030303030e+00 2.1515151515e+00 2.6065284962e+00
-1.3030303030e+00 2.2121212121e+00 2.5490172489e+00
-1.3030303030e+00 2.2727272727e+00 2.4937163361e+00
-1.3030303030e+00 2.3333333333e+00 2.4405188223e+00
-1.3030303030e+00 2.3939393939e+00 2.3893228634e+00
-1.3030303030e+00 2.4545454545e+00 2.3400316297e+00
-1.3030303030e+00 2.5151515152e+00 2.2925531852e+00
-1.3030303030e+00 2.5757575758e+00 2.2468003352e+00
-1.3030303030e+00 2.6363636364e+00 2.2026904528e+00
-1.3030303030e+00 2.6969696970e+00 2.1601452905e+00
-1.3030303030e+00 2.7575757576e+00 2.1190907850e+00
-1.3030303030e+00 2.8181818182e+00 2.0794568572e+00
-1.3030303030e+00 2.8787878788e+00 2.0411772133e+00
-1.3030303030e+00 2.9393939394e+00 2.0041891481e+00
-1.3030303030e+00 3.0000000000e+00 1.9684333530e+00

-1.2424242424e+00 -3.0000000000e+00 1.9835210483e+00
-1.2424242424e+00 -2.9393939394e+00 2.0201218986e+00
-1.2424242424e+00 -2.8787878788e+00 2.0580172643e+00
-1.2424242424e+00 -2.8181818182e+00 2.0972720864e+00
-1.2424242424e+00 -2.7575757576e+00 2.1379552998e+00
-1.2424242424e+00 -2.6969696970e+00 2.1801400972e+00
-1.2424242424e+00 -2.6363636364e+00 2.2239042068e+00
-1.2424242424e+00 -2.5757575758e+00 2.2693301833e+00
-1.2424242424e+00 -2.5151515152e+00 2.3165057109e+00
-1.2424242424e+00 -2.4545454545e+00 2.3655239168e+00
-1.2424242424e+00 -2.3939393939e+00 2.4164836918e+00
-1.2424242424e+00 -2.3333333333e+00 2.4694900150e+00
-1.2424242424e+00 -2.2727272727e+00 2.5246542767e+00
-1.2424242424e+00 -2.2121212121e+00 2.5820945914e+00
-1.2424242424e+00 -2.1515151515e+00 2.6419360933e+00
-1.2424242424e+00 -2.0909090909e+00 2.7043111981e+00
-1.2424242424e+00 -2.0303030303e+00 2.7693598181e+00
-1.2424242424e+00 -1.9696969697e+00 2.8372295040e+00
-1.2424242424e+00 -1.9090909091e+00 2.9080754896e+00
-1.2424242424e+00 -1.8484848485e+00 2.9820605979e+00
-1.2424242424e+00 -1.7878787879e+00 3.0593549660e+00
-1.2424242424e+00 -1.7272727273e+00 3.1401355252e+00
-1.2424242424e+00 -1.6666666667e+00 3.2245851619e+00
-1.2424242424e+00 -1.6060606061e+00 3.3128914626e+00
-1.2424242424e+00 -1.5454545455e+00 3.4052449208e+00
-1.2424242424e+00 -1.4848484848e+00 3.5018364531e+00
-1.2424242424e+00 -1.4242424242e+00 3.6028540355e+00
-1.2424242424e+00 -1.3636363636e+00 3.7084782213e+00
-1.2424242424e+00 -1.3030303030e+00 3.8188762525e+00
-1.2424242424e+00 -1.2424242424e+00 3.9341944103e+00
-1.2424242424e+00 -1.1818181818e+00 4.0545481795e+00
-1.2424242424e+00 -1.1212121212e+00 4.1800097268e+00
-1.2424242424e+00 -1.0606060606e+00 4.3105921149e+00
-1.2424242424e+00 -1.0000000000e+00 4.4462296157e+00
-1.2424242424e+00 -9.3939393939e-01 4.5867534552e+00
-1.2424242424e+00 -8.7878787879e-01 4.7318623642e+00
-1.2424242424e+00 -8.1818181818e-01 4.8810874784e+00
-1.2424242424e+00 -7.5757575758e-01 5.0337515011e+00
-1.2424242424e+00 -6.9696969697e-01 5.1889227444e+00
-1.2424242424e+00 -6.3636363636e-01 5.3453658340e+00
-1.2424242424e+00 -5.7575757576e-01 5.5014926711e+00
-1.2424242424e+00 -5.1515151515e-01 5.6553198041e+00
-1.2424242424e+00 -4.5454545455e-01 5.8044416246e+00
-1.2424242424e+00 -3.9393939394e-01 5.9460323476e+00
-1.2424242424e+00 -3.3333333333e-01 6.0768925108e+00
-1.2424242424e+00 -2.7272727273e-01 6.1935558754e+00
-1.2424242424e+00 -2.1212121212e-01 6.2924676393e+00
-1.2424242424e+00 -1.5151515152e-01 6.3702326808e+00
-1.2424242424e+00 -9.0909090909e-02 6.4239132602e+00
-1.2424242424e+00 -3.0303030303e-02 6.4513336676e+00
-1.2424242424e+00 3.0303030303e-02 6.4513336676e+00
-1.2424242424e+00 9.0909090909e-02 6.4239132602e+00
-1.2424242424e+00 1.5151515152e-01 6.3702326808e+00
-1.2424242424e+00 2.1212121212e-01 6.2924676393e+00
-1.2424242424e+00 2.7272727273e-01 6.1935558754e+00
-1.2424242424e+00 3.3333333333e-01 6.0768925108e+00
-1.2424242424e+00 3.9393939394e-01 5.9460323476e+00
-1.2424242424e+00 4.5454545455e-01 5.8044416246e+00
-1.2424242424e+00 5.1515151515e-01 5.6553198041e+00
-1.2424242424e+00 5.7575757576e-01 5.5014926711e+00
-1.2424242424e+00 6.3636363636e-01 5.3453658340e+00
-1.2424242424e+00 6.9696969697e-01 5.1889227444e+00
-1.2424242424e+00 7.5757575758e-01 5.0337515011e+00
-1.2424242424e+00 8.1818181818e-01 4.8810874784e+00
-1.2424242424e+00 8.7878787879e-01 4.7318623642e+00
-1.2424242424e+00 9.3939393939e-01 4.5867534552e+00
-1.2424242424e+00 1.0000000000e+00 4.4462296157e+00
-1.2424242424e+00 1.0606060606e+00 4.3105921149e+00
-1.2424242424e+00 1.1212121212e+00 4.1800097268e+00
-1.2424242424e+00 1.1818181818e+00 4.0545481795e+00
-1.2424242424e+00 1.2424242424e+00 3.9341944103e+00
-1.2424242424e+00 1.3030303030e+00 3.8188762525e+00
-1.2424242424e+00 1.3636363636e+00 3.7084782213e+00
-1.2424242424e+00 1.4242424242e+00 3.6028540355e+00
-1.2424242424e+00 1.4848484848e+00 3.5018364531e+00
-1.2424242424e+00 1.5454545455e+00 3.4052449208e+00
-1.2424242424e+00 1.6060606061e+00 3.3128914626e+00
-1.2424242424e+00 1.6666666667e+00 3.2245851619e+00
-1.2424242424e+00 1.7272727273e+00 3.1401355252e+00
-1.2424242424e+00 1.7878787879e+00 3.0593549660e+00
-1.2424242424e+00 1.8484848485e+00 2.9820605979e+00
-1.2424242424e+00 1.9090909091e+00 2.9080754896e+00
-1.2424242424e+00 1.9696969697e+00 2.8372295040e+00
-1.2424242424e+00 2.0303030303e+00 2.7693598181e+00
-1.2424242424e+00 2.0909090909e+00 2.7043111981e+00
-1.2424242424e+00 2.1515151515e+00 2.6419360933e+00
-1.2424242424e+00 2.2121212121e+00 2.5820945914e+00
-1.2424242424e+00 2.2727272727e+00 2.5246542767e+00
-1.2424242424e+00 2.3333333333e+00 2.4694900150e+00
-1.2424242424e+00 2.3939393939e+00 2.4164836918e+00
-1.2424242424e+00 2.4545454545e+00 2.3655239168e+00
-1.2424242424e+00 2.5151515152e+00 2.3165057109e+00
-1.2424242424e+00 2.5757575758e+00 2.2693301833e+00
-1.2424242424e+00 2.6363636364e+00 2.2239042068e+00
-1.2424242424e+00 2.6969696970e+00 2.1801400972e+00
-1.2424242424e+00 2.7575757576e+00 2.1379552998e+00
-1.2424242424e+00 2.8181818182e+00 2.0972720864e+00
-1.2424242424e+00 2.8787878788e+00 2.0580172643e+00
-1.2424242424e+00 2.9393939394e+00 2.0201218986e+00
-1.2424242424e+00 3.0000000000e+00 1.9835210483e+00

-1.1818181818e+00 -3.0000000000e+00 1.9982180653e+00
-1.1818181818e+00 -2.9393939394e+00 2.0356551896e+00
-1.1818181818e+00 -2.8787878788e+00 2.0744497318e+00
-1.1818181818e+00 -2.8181818182e+00 2.1146724818e+00
-1.1818181818e+00 -2.7575757576e+00 2.1563988672e+00
-1.1818181818e+00 -2.6969696970e+00 2.1997092972e+00
-1.1818181818e+00 -2.6363636364e+00 2.2446895329e+00
-1.1818181818e+00 -2.5757575758e+00 2.2914310836e+00
-1.1818181818e+00 -2.5151515152e+00 2.3400316297e+00
-1.1818181818e+00 -2.4545454545e+00 2.3905954738e+00
-1.1818181818e+00 -2.3939393939e+00 2.4432340186e+00
-1.1818181818e+00 -2.3333333333e+00 2.4980662720e+00
-1.1818181818e+00 -2.2727272727e+00 2.5552193764e+00
-1.1818181818e+00 -2.2121212121e+00 2.6148291592e+00
-1.1818181818e+00 -2.1515151515e+00 2.6770406995e+00
-1.1818181818e+00 -2.0909090909e+00 2.7420089036e+00
-1.1818181818e+00 -2.0303030303e+00 2.8098990765e+00
-1.1818181818e+00 -1.9696969697e+00 2.8808874763e+00
-1.1818181818e+00 -1.9090909091e+00 2.9551618279e+00
-1.1818181818e+00 -1.8484848485e+00 3.0329217688e+00
-1.1818181818e+00 -1.7878787879e+00 3.1143791864e+00
-1.1818181818e+00 -1.7272727273e+00 3.1997583970e+00
-1.1818181818e+00 -1.6666666667e+00 3.2892960956e+00
-1.1818181818e+00 -1.6060606061e+00 3.3832409885e+00
-1.1818181818e+00 -1.5454545455e+00 3.4818529876e+00
-1.1818181818e+00 -1.4848484848e+00 3.5854018143e+00
-1.1818181818e+00 -1.4242424242e+00 3.6941648091e+00
-1.1818181818e+00 -1.3636363636e+00 3.8084236871e+00
-1.1818181818e+00 -1.3030303030e+00 3.9284599012e+00
-1.1818181818e+00 -1.2424242424e+00 4.0545481795e+00
-1.1818181818e+00 -1.1818181818e+00 4.1869476828e+00
-1.1818181818e+00 -1.1212121212e+00 4.3258900771e+00
-1.1818181818e+00 -1.0606060606e+00 4.4715636402e+00
-1.1818181818e+00 -1.0000000000e+00 4.6240923037e+00
-1.1818181818e+00 -9.3939393939e-01 4.7835083056e+00
-1.1818181818e+00 -8.7878787879e-01 4.9497168872e+00
-1.1818181818e+00 -8.1818181818e-01 5.1224512860e+00
-1.1818181818e+00 -7.5757575758e-01 5.3012162360e+00
-1.1818181818e+00 -6.9696969697e-01 5.4852184697e+00
-1.1818181818e+00 -6.3636363636e-01 5.6732836210e+00
-1.1818181818e+00 -5.7575757576e-01 5.8637609259e+00
-1.1818181818e+00 -5.1515151515e-01 6.0544208590e+00
-1.1818181818e+00 -4.5454545455e-01 6.2423570772e+00
-1.1818181818e+00 -3.9393939394e-01 6.4239132602e+00
-1.1818181818e+00 -3.3333333333e-01 6.5946670249e+00
-1.1818181818e+00 -2.7272727273e-01 6.7495139598e+00
-1.1818181818e+00 -2.1212121212e-01 6.8828979093e+00
-1.1818181818e+00 -1.5151515152e-01 6.9892181848e+00
-1.1818181818e+00 -9.0909090909e-02 7.0634009512e+00
-1.1818181818e+00 -3.0303030303e-02 7.1015536063e+00
-1.1818181818e+00 3.0303030303e-02 7.1015536063e+00
-1.1818181818e+00 9.0909090909e-02 7.0634009512e+00
-1.1818181818e+00 1.5151515152e-01 6.9892181848e+00
-1.1818181818e+00 2.1212121212e-01 6.8828979093e+00
-1.1818181818e+00 2.7272727273e-01 6.7495139598e+00
-1.1818181818e+00 3.3333333333e-01 6.5946670249e+00
-1.1818181818e+00 3.9393939394e-01 6.4239132602e+00
-1.1818181818e+00 4.5454545455e-01 6.2423570772e+00
-1.1818181818e+00 5.1515151515e-01 6.0544208590e+00
-1.1818181818e+00 5.7575757576e-01 5.8637609259e+00
-1.1818181818e+00 6.3636363636e-01 5.6732836210e+00
-1.1818181818e+00 6.9696969697e-01 5.4852184697e+00
-1.1818181818e+00 7.5757575758e-01 5.3012162360e+00
-1.1818181818e+00 8.1818181818e-01 5.1224512860e+00
-1.1818181818e+00 8.7878787879e-01 4.9497168872e+00
-1.1818181818e+00 9.3939393939e-01 4.7835083056e+00
-1.1818181818e+00 1.0000000000e+00 4.6240923037e+00
-1.1818181818e+00 1.0606060606e+00 4.4715636402e+00
-1.1818181818e+00 1.1212121212e+00 4.3258900771e+00
-1.1818181818e+00 1.1818181818e+00 4.1869476828e+00
-1.1818181818e+00 1.2424242424e+00 4.0545481795e+00
-1.1818181818e+00 1.3030303030e+00 3.9284599012e+00
-1.1818181818e+00 1.3636363636e+00 3.8084236871e+00
-1.1818181818e+00 1.4242424242e+00 3.6941648091e+00
-1.1818181818e+00 1.4848484848e+00 3.5854018143e+00
-1.1818181818e+00 1.5454545455e+00 3.4818529876e+00
-1.1818181818e+00 1.6060606061e+00 3.3832409885e+00
-1.1818181818e+00 1.6666666667e+00 3.2892960956e+00
-1.1818181818e+00 1.7272727273e+00 3.1997583970e+00
-1.1818181818e+00 1.7878787879e+00 3.1143791864e+00
-1.1818181818e+00 1.8484848485e+00 3.0329217688e+00
-1.1818181818e+00 1.9090909091e+00 2.9551618279e+00
-1.1818181818e+00 1.9696969697e+00 2.8808874763e+00
-1.1818181818e+00 2.0303030303e+00 2.8098990765e+00
-1.1818181818e+00 2.0909090909e+00 2.7420089036e+00
-1.1818181818e+00 2.1515151515e+00 2.6770406995e+00
-1.1818181818e+00 2.2121212121e+00 2.6148291592e+00
-1.1818181818e+00 2.2727272727e+00 2.5552193764e+00
-1.1818181818e+00 2.3333333333e+00 2.4980662720e+00
-1.1818181818e+00 2.3939393939e+00 2.4432340186e+00
-1.1818181818e+00 2.4545454545e+00 2.3905954738e+00
-1.1818181818e+00 2.5151515152e+00 2.3400316297e+00
-1.1818181818e+00 2.5757575758e+00 2.2914310836e+00
-1.1818181818e+00 2.6363636364e+00 2.2446895329e+00
-1.1818181818e+00 2.6969696970e+00 2.1997092972e+00
-1.1818181818e+00 2.7575757576e+00 2.1563988672e+00
-1.1818181818e+00 2.8181818182e+00 2.1146724818e+00
-1.1818181818e+00 2.8787878788e+00 2.0744497318e+00
-1.1818181818e+00 2.9393939394e+00 2.0356551896e+00
-1.1818181818e+00 3.0000000000e+00 1.9982180653e+00

-1.1212121212e+00 -3.0000000000e+00 2.0124875955e+00
-1.1212121212e+00 -2.9393939394e+00 2.0507491512e+00
-1.1212121212e+00 -2.8787878788e+00 2.0904313991e+00
-1.1212121212e+00 -2.8181818182e+00 2.1316111686e+00
-1.1212121212e+00 -2.7575757576e+00 2.1743706135e+00
-1.1212121212e+00 -2.6969696970e+00 2.2187976464e+00
-1.1212121212e+00 -2.6363636364e+00 2.2649864128e+00
-1.1212121212e+00 -2.5757575758e+00 2.3130378059e+00
-1.1212121212e+00 -2.5151515152e+00 2.3630600276e+00
-1.1212121212e+00 -2.4545454545e+00 2.4151691977e+00
-1.1212121212e+00 -2.3939393939e+00 2.4694900150e+00
-1.1212121212e+00 -2.3333333333e+00 2.5261564748e+00
-1.1212121212e+00 -2.2727272727e+00 2.5853126437e+00
-1.1212121212e+00 -2.2121212121e+00 2.6471134967e+00
-1.1212121212e+00 -2.1515151515e+00 2.7117258166e+00
-1.1212121212e+00 -2.0909090909e+00 2.7793291562e+00
-1.1212121212e+00 -2.0303030303e+00 2.8501168636e+00
-1.1212121212e+00 -1.9696969697e+00 2.9242971641e+00
-1.1212121212e+00 -1.9090909091e+00 3.0020942930e+00
-1.1212121212e+00 -1.8484848485e+00 3.0837496642e+00
-1.1212121212e+00 -1.7878787879e+00 3.1695230564e+00
-1.1212121212e+00 -1.7272727273e+00 3.2596937838e+00
-1.1212121212e+00 -1.6666666667e+00 3.3545618103e+00
-1.1212121212e+00 -1.6060606061e+00 3.4544487418e+00
-1.1212121212e+00 -1.5454545455e+00 3.5596986117e+00
-1.1212121212e+00 -1.4848484848e+00 3.6706783360e+00
-1.1212121212e+00 -1.4242424242e+00 3.7877776722e+00
-1.1212121212e+00 -1.3636363636e+00 3.9114084517e+00
-1.1212121212e+00 -1.3030303030e+00 4.0420027727e+00
-1.1212121212e+00 -1.2424242424e+00 4.1800097268e+00
-1.1212121212e+00 -1.1818181818e+00 4.3258900771e+00
-1.1212121212e+00 -1.1212121212e+00 4.4801080994e+00
-1.1212121212e+00 -1.0606060606e+00 4.6431195118e+00
-1.1212121212e+00 -1.0000000000e+00 4.8153540384e+00
-1.1212121212e+00 -9.3939393939e-01 4.9971906377e+00
-1.1212121212e+00 -8.7878787879e-01 5.1889227444e+00
-1.1212121212e+00 -8.1818181818e-01 5.3907099872e+00
-1.1212121212e+00 -7.5757575758e-01 5.6025117461e+00
-1.1212121212e+00 -6.9696969697e-01 5.8239966425e+00
-1.1212121212e+00 -6.3636363636e-01 6.0544208590e+00
-1.1212121212e+00 -5.7575757576e-01 6.2924676393e+00
-1.1212121212e+00 -5.1515151515e-01 6.5360417598e+00
-1.1212121212e+00 -4.5454545455e-01 6.7820187966e+00
-1.1212121212e+00 -3.9393939394e-01 7.0259640537e+00
-1.1212121212e+00 -3.3333333333e-01 7.2618660797e+00
-1.1212121212e+00 -2.7272727273e-01 7.4819792489e+00
-1.1212121212e+00 -2.1212121212e-01 7.6769323600e+00
-1.1212121212e+00 -1.5151515152e-01 7.8363012799e+00
-1.1212121212e+00 -9.0909090909e-02 7.9497904286e+00
-1.1212121212e+00 -3.0303030303e-02 8.0089439061e+00
-1.1212121212e+00 3.0303030303e-02 8.0089439061e+00
-1.1212121212e+00 9.0909090909e-02 7.9497904286e+00
-1.1212121212e+00 1.5151515152e-01 7.8363012799e+00
-1.1212121212e+00 2.1212121212e-01 7.6769323600e+00
-1.1212121212e+00 2.7272727273e-01 7.4819792489e+00
-1.1212121212e+00 3.3333333333e-01 7.2618660797e+00
-1.1212121212e+00 3.9393939394e-01 7.0259640537e+00
-1.1212121212e+00 4.5454545455e-01 6.7820187966e+00
-1.1212121212e+00 5.1515151515e-01 6.5360417598e+00
-1.1212121212e+00 5.7575757576e-01 6.2924676393e+00
-1.1212121212e+00 6.3636363636e-01 6.0544208590e+00
-1.1212121212e+00 6.9696969697e-01 5.8239966425e+00
-1.1212121212e+00 7.5757575758e-01 5.6025117461e+00
-1.1212121212e+00 8.1818181818e-01 5.3907099872e+00
-1.1212121212e+00 8.7878787879e-01 5.1889227444e+00
-1.1212121212e+00 9.3939393939e-01 4.9971906377e+00
-1.1212121212e+00 1.0000000000e+00 4.8153540384e+00
-1.1212121212e+00 1.0606060606e+00 4.6431195118e+00
-1.1212121212e+00 1.1212121212e+00 4.4801080994e+00
-1.1212121212e+00 1.1818181818e+00 4.3258900771e+00
-1.1212121212e+00 1.2424242424e+00 4.1800097268e+00
-1.1212121212e+00 1.3030303030e+00 4.0420027727e+00
-1.1212121212e+00 1.3636363636e+00 3.9114084517e+00
-1.1212121212e+00 1.4242424242e+00 3.7877776722e+00
-1.1212121212e+00 1.4848484848e+00 3.6706783360e+00
-1.1212121212e+00 1.5454545455e+00 3.5596986117e+00
-1.1212121212e+00 1.6060606061e+00 3.4544487418e+00
-1.1212121212e+00 1.6666666667e+00 3.3545618103e+00
-1.1212121212e+00 1.7272727273e+00 3.2596937838e+00
-1.1212121212e+00 1.7878787879e+00 3.1695230564e+00
-1.1212121212e+00 1.8484848485e+00 3.0837496642e+00
-1.1212121212e+00 1.9090909091e+00 3.0020942930e+00
-1.1212121212e+00 1.9696969697e+00 2.9242971641e+00
-1.1212121212e+00 2.0303030303e+00 2.8501168636e+00
-1.1212121212e+00 2.0909090909e+00 2.7793291562e+00
-1.1212121212e+00 2.1515151515e+00 2.7117258166e+00
-1.1212121212e+00 2.2121212121e+00 2.6471134967e+00
-1.1212121212e+00 2.2727272727e+00 2.5853126437e+00
-1.1212121212e+00 2.3333333333e+00 2.5261564748e+00
-1.1212121212e+00 2.3939393939e+00 2.4694900150e+00
-1.1212121212e+00 2.4545454545e+00 2.4151691977e+00
-1.1212121212e+00 2.5151515152e+00 2.3630600276e+00
-1.1212121212e+00 2.5757575758e+00 2.3130378059e+00
-1.1212121212e+00 2.6363636364e+00 2.2649864128e+00
-1.1212121212e+00 2.6969696970e+00 2.2187976464e+00
-1.1212121212e+00 2.7575757576e+00 2.1743706135e+00
-1.1212121212e+00 2.8181818182e+00 2.1316111686e+00
-1.1212121212e+00 2.8787878788e+00 2.0904313991e+00
-1.1212121212e+00 2.9393939394e+00 2.0507491512e+00
-1.1212121212e+00 3.0000000000e+00 2.0124875955e+00

-1.0606060606e+00 -3.0000000000e+00 2.0262923784e+00
-1.0606060606e+00 -2.9393939394e+00 2.0653633197e+00
-1.0606060606e+00 -2.8787878788e+00 2.1059182863e+00
-1.0606060606e+00 -2.8181818182e+00 2.1480403050e+00
-1.0606060606e+00 -2.7575757576e+00 2.1918184541e+00
-1.0606060606e+00 -2.6969696970e+00 2.2373483981e+00
-1.0606060606e+00 -2.6363636364e+00 2.2847329762e+00
-1.0606060606e+00 -2.5757575758e+00 2.3340828511e+00
-1.0606060606e+00 -2.5151515152e+00 2.3855172238e+00
-1.0606060606e+00 -2.4545454545e+00 2.4391646241e+00
-1.0606060606e+00 -2.3939393939e+00 2.4951637810e+00
-1.0606060606e+00 -2.3333333333e+00 2.5536645867e+00
-1.0606060606e+00 -2.2727272727e+00 2.6148291592e+00
-1.0606060606e+00 -2.2121212121e+00 2.6788330182e+00
-1.0606060606e+00 -2.1515151515e+00 2.7458663837e+00
-1.0606060606e+00 -2.0909090909e+00 2.8161356101e+00
-1.0606060606e+00 -2.0303030303e+00 2.8898647699e+00
-1.0606060606e+00 -1.9696969697e+00 2.9672973995e+00
-1.0606060606e+00 -1.9090909091e+00 3.0486984223e+00
-1.0606060606e+00 -1.8484848485e+00 3.1343562625e+00
-1.0606060606e+00 -1.7878787879e+00 3.2245851619e+00
-1.0606060606e+00 -1.7272727273e+00 3.3197277110e+00
-1.0606060606e+00 -1.6666666667e+00 3.4201576004e+00
-1.0606060606e+00 -1.6060606061e+00 3.5262825936e+00
-1.0606060606e+00 -1.5454545455e+00 3.6385477108e+00
-1.0606060606e+00 -1.4848484848e+00 3.7574386007e+00
-1.0606060606e+00 -1.4242424242e+00 3.8834850514e+00
-1.0606060606e+00 -1.3636363636e+00 4.0172645642e+00
-1.0606060606e+00 -1.3030303030e+00 4.1594058590e+00
-1.0606060606e+00 -1.2424242424e+00 4.3105921149e+00
-1.0606060606e+00 -1.1818181818e+00 4.4715636402e+00
-1.0606060606e+00 -1.1212121212e+00 4.6431195118e+00
-1.0606060606e+00 -1.0606060606e+00 4.8261174853e+00
-1.0606060606e+00 -1.0000000000e+00 5.0214711180e+00
-1.0606060606e+00 -9.3939393939e-01 5.2301424895e+00
-1.0606060606e+00 -8.7878787879e-01 5.4531280254e+00
-1.0606060606e+00 -8.1818181818e-01 5.6914335382e+00
-1.0606060606e+00 -7.5757575758e-01 5.9460323476e+00
-1.0606060606e+00 -6.9696969697e-01 6.2177967052e+00
-1.0606060606e+00 -6.3636363636e-01 6.5073868514e+00
-1.0606060606e+00 -5.7575757576e-01 6.8150726276e+00
-1.0606060606e+00 -5.1515151515e-01 7.1404481048e+00
-1.0606060606e+00 -4.5454545455e-01 7.4819792489e+00
-1.0606060606e+00 -3.9393939394e-01 7.8363012799e+00
-1.0606060606e+00 -3.3333333333e-01 8.1971727394e+00
-1.0606060606e+00 -2.7272727273e-01 8.5540495810e+00
-1.0606060606e+00 -2.1212121212e-01 8.8904854836e+00
-1.0606060606e+00 -1.5151515152e-01 9.1831695145e+00
-1.0606060606e+00 -9.0909090909e-02 9.4033405660e+00
-1.0606060606e+00 -3.0303030303e-02 9.5225874095e+00
-1.0606060606e+00 3.0303030303e-02 9.5225874095e+00
-1.0606060606e+00 9.0909090909e-02 9.4033405660e+00
-1.0606060606e+00 1.5151515152e-01 9.1831695145e+00
-1.0606060606e+00 2.1212121212e-01 8.8904854836e+00
-1.0606060606e+00 2.7272727273e-01 8.5540495810e+00
-1.0606060606e+00 3.3333333333e-01 8.1971727394e+00
-1.0606060606e+00 3.9393939394e-01 7.8363012799e+00
-1.0606060606e+00 4.5454545455e-01 7.4819792489e+00
-1.0606060606e+00 5.1515151515e-01 7.1404481048e+00
-1.0606060606e+00 5.7575757576e-01 6.8150726276e+00
-1.0606060606e+00 6.3636363636e-01 6.5073868514e+00
-1.0606060606e+00 6.9696969697e-01 6.2177967052e+00
-1.0606060606e+00 7.5757575758e-01 5.9460323476e+00
-1.0606060606e+00 8.1818181818e-01 5.6914335382e+00
-1.0606060606e+00 8.7878787879e-01 5.4531280254e+00
-1.0606060606e+00 9.3939393939e-01 5.2301424895e+00
-1.0606060606e+00 1.0000000000e+00 5.0214711180e+00
-1.0606060606e+00 1.0606060606e+00 4.8261174853e+00
-1.0606060606e+00 1.1212121212e+00 4.6431195118e+00
-1.0606060606e+00 1.1818181818e+00 4.4715636402e+00
-1.0606060606e+00 1.2424242424e+00 4.3105921149e+00
-1.0606060606e+00 1.3030303030e+00 4.1594058590e+00
-1.0606060606e+00 1.3636363636e+00 4.0172645642e+00
-1.0606060606e+00 1.4242424242e+00 3.8834850514e+00
-1.0606060606e+00 1.4848484848e+00 3.7574386007e+00
-1.0606060606e+00 1.5454545455e+00 3.6385477108e+00
-1.0606060606e+00 1.6060606061e+00 3.5262825936e+00
-1.0606060606e+00 1.6666666667e+00 3.4201576004e+00
-1.0606060606e+00 1.7272727273e+00 3.3197277110e+00
-1.0606060606e+00 1.7878787879e+00 3.2245851619e+00
-1.0606060606e+00 1.8484848485e+00 3.1343562625e+00
-1.0606060606e+00 1.9090909091e+00 3.0486984223e+00
-1.0606060606e+00 1.9696969697e+00 2.9672973995e+00
-1.0606060606e+00 2.0303030303e+00 2.8898647699e+00
-1.0606060606e+00 2.0909090909e+00 2.8161356101e+00
-1.0606060606e+00 2.1515151515e+00 2.7458663837e+00
-1.0606060606e+00 2.2121212121e+00 2.6788330182e+00
-1.0606060606e+00 2.2727272727e+00 2.6148291592e+00
-1.0606060606e+00 2.3333333333e+00 2.5536645867e+00
-1.0606060606e+00 2.3939393939e+00 2.4951637810e+00
-1.0606060606e+00 2.4545454545e+00 2.4391646241e+00
-1.0606060606e+00 2.5151515152e+00 2.3855172238e+00
-1.0606060606e+00 2.5757575758e+00 2.3340828511e+00
-1.0606060606e+00 2.6363636364e+00 2.2847329762e+00
-1.0606060606e+00 2.6969696970e+00 2.2373483981e+00
-1.0606060606e+00 2.7575757576e+00 2.1918184541e+00
-1.0606060606e+00 2.8181818182e+00 2.1480403050e+00
-1.0606060606e+00 2.8787878788e+00 2.1059182863e+00
-1.0606060606e+00 2.9393939394e+00 2.0653633197e+00
-1.0606060606e+00 3.0000000000e+00 2.0262923784e+00

-1.0000000000e+00 -3.0000000000e+00 2.0395949022e+00
-1.0000000000e+00 -2.9393939394e+00 2.0794568572e+00
-1.0000000000e+00 -2.8787878788e+00 2.1208658895e+00
-1.0000000000e+00 -2.8181818182e+00 2.1639113429e+00
-1.0000000000e+00 -2.7575757576e+00 2.2086893771e+00
-1.0000000000e+00 -2.6969696970e+00 2.2553036100e+00
-1.0000000000e+00 -2.6363636364e+00 2.3038658332e+00
-1.0000000000e+00 -2.5757575758e+00 2.3544968074e+00
-1.0000000000e+00 -2.5151515152e+00 2.4073271501e+00
-1.0000000000e+00 -2.4545454545e+00 2.4624983273e+00
-1.0000000000e+00 -2.3939393939e+00 2.5201637627e+00
-1.0000000000e+00 -2.3333333333e+00 2.5804900811e+00
-1.0000000000e+00 -2.2727272727e+00 2.6436585043e+00
-1.0000000000e+00 -2.2121212121e+00 2.7098664210e+00
-1.0000000000e+00 -2.1515151515e+00 2.7793291562e+00
-1.0000000000e+00 -2.0909090909e+00 2.8522819682e+00
-1.0000000000e+00 -2.0303030303e+00 2.9289823083e+00
-1.0000000000e+00 -1.9696969697e+00 3.0097123825e+00
-1.0000000000e+00 -1.9090909091e+00 3.0947820619e+00
-1.0000000000e+00 -1.8484848485e+00 3.1845321976e+00
-1.0000000000e+00 -1.7878787879e+00 3.2793384061e+00
-1.0000000000e+00 -1.7272727273e+00 3.3796154045e+00
-1.0000000000e+00 -1.6666666667e+00 3.4858219897e+00
-1.0000000000e+00 -1.6060606061e+00 3.5984667793e+00
-1.0000000000e+00 -1.5454545455e+00 3.7181148563e+00
-1.0000000000e+00 -1.4848484848e+00 3.8453954954e+00
-1.0000000000e+00 -1.4242424242e+00 3.9810111968e+00
-1.0000000000e+00 -1.3636363636e+00 4.1257483163e+00
-1.0000000000e+00 -1.3030303030e+00 4.2804896697e+00
-1.0000000000e+00 -1.2424242424e+00 4.4462296157e+00
-1.0000000000e+00 -1.1818181818e+00 4.6240923037e+00
-1.0000000000e+00 -1.1212121212e+00 4.8153540384e+00
-1.0000000000e+00 -1.0606060606e+00 5.0214711180e+00
-1.0000000000e+00 -1.0000000000e+00 5.2441151086e+00
-1.0000000000e+00 -9.3939393939e-01 5.4852184697e+00
-1.0000000000e+00 -8.7878787879e-01 5.7470349426e+00
-1.0000000000e+00 -8.1818181818e-01 6.0322215265e+00
-1.0000000000e+00 -7.5757575758e-01 6.3439528430e+00
-1.0000000000e+00 -6.9696969697e-01 6.6860854002e+00
-1.0000000000e+00 -6.3636363636e-01 7.0634009512e+00
-1.0000000000e+00 -5.7575757576e-01 7.4819792489e+00
-1.0000000000e+00 -5.1515151515e-01 7.9497904286e+00
-1.0000000000e+00 -4.5454545455e-01 8.4776771990e+00
-1.0000000000e+00 -3.9393939394e-01 9.0810687898e+00
-1.0000000000e+00 -3.3333333333e-01 9.7831717151e+00
-1.0000000000e+00 -2.7272727273e-01 1.0621441484e+01
-1.0000000000e+00 -2.1212121212e-01 1.1662373196e+01
-1.0000000000e+00 -1.5151515152e-01 1.3041876590e+01
-1.0000000000e+00 -9.0909090909e-02 1.5125913000e+01
-1.0000000000e+00 -3.0303030303e-02 1.8011351788e+01
-1.0000000000e+00 3.0303030303e-02 1.8011351788e+01
-1.0000000000e+00 9.0909090909e-02 1.5125913000e+01
-1.0000000000e+00 1.5151515152e-01 1.3041876590e+01
-1.0000000000e+00 2.1212121212e-01 1.1662373196e+01
-1.0000000000e+00 2.7272727273e-01 1.0621441484e+01
-1.0000000000e+00 3.3333333333e-01 9.7831717151e+00
-1.0000000000e+00 3.9393939394e-01 9.0810687898e+00
-1.0000000000e+00 4.5454545455e-01 8.4776771990e+00
-1.0000000000e+00 5.1515151515e-01 7.9497904286e+00
-1.0000000000e+00 5.7575757576e-01 7.4819792489e+00
-1.0000000000e+00 6.3636363636e-01 7.0634009512e+00
-1.0000000000e+00 6.9696969697e-01 6.6860854002e+00
-1.0000000000e+00 7.5757575758e-01 6.3439528430e+00
-1.0000000000e+00 8.1818181818e-01 6.0322215265e+00
-1.0000000000e+00 8.7878787879e-01 5.7470349426e+00
-1.0000000000e+00 9.3939393939e-01 5.4852184697e+00
-1.0000000000e+00 1.0000000000e+00 5.2441151086e+00
-1.0000000000e+00 1.0606060606e+00 5.0214711180e+00
-1.0000000000e+00 1.1212121212e+00 4.8153540384e+00
-1.0000000000e+00 1.1818181818e+00 4.6240923037e+00
-1.0000000000e+00 1.2424242424e+00 4.4462296157e+00
-1.0000000000e+00 1.3030303030e+00 4.2804896697e+00
-1.0000000000e+00 1.3636363636e+00 4.1257483163e+00
-1.0000000000e+00 1.4242424242e+00 3.9810111968e+00
-1.0000000000e+00 1.4848484848e+00 3.8453954954e+00
-1.0000000000e+00 1.5454545455e+00 3.7181148563e+00
-1.0000000000e+00 1.6060606061e+00 3.5984667793e+00
-1.0000000000e+00 1.6666666667e+00 3.4858219897e+00
-1.0000000000e+00 1.7272727273e+00 3.3796154045e+00
-1.0000000000e+00 1.7878787879e+00 3.2793384061e+00
-1.0000000000e+00 1.8484848485e+00 3.1845321976e+00
-1.0000000000e+00 1.9090909091e+00 3.0947820619e+00
-1.0000000000e+00 1.9696969697e+00 3.0097123825e+00
-1.0000000000e+00 2.0303030303e+00 2.9289823083e+00
-1.0000000000e+00 2.0909090909e+00 2.8522819682e+00
-1.0000000000e+00 2.1515151515e+00 2.7793291562e+00
-1.0000000000e+00 2.2121212121e+00 2.7098664210e+00
-1.0000000000e+00 2.2727272727e+00 2.6436585043e+00
-1.0000000000e+00 2.3333333333e+00 2.5804900811e+00
-1.0000000000e+00 2.3939393939e+00 2.5201637627e+00
-1.0000000000e+00 2.4545454545e+00 2.4624983273e+00
-1.0000000000e+00 2.5151515152e+00 2.4073271501e+00
-1.0000000000e+00 2.5757575758e+00 2.3544968074e+00
-1.0000000000e+00 2.6363636364e+00 2.3038658332e+00
-1.0000000000e+00 2.6969696970e+00 2.2553036100e+00
-1.0000000000e+00 2.7575757576e+00 2.2086893771e+00
-1.0000000000e+00 2.8181818182e+00 2.1639113429e+00
-1.0000000000e+00 2.8787878788e+00 2.1208658895e+00
-1.0000000000e+00 2.9393939394e+00 2.0794568572e+00
-1.0000000000e+00 3.0000000000e+00 2.0395949022e+00

-9.3939393939e-01 -3.0000000000e+00 2.0523576224e+00
-9.3939393939e-01 -2.9393939394e+00 2.0929887931e+00
-9.3939393939e-01 -2.8787878788e+00 2.1352294467e+00
-9.3939393939e-01 -2.8181818182e+00 2.1791753210e+00
-9.3939393939e-01 -2.7575757576e+00 2.2249297647e+00
-9.3939393939e-01 -2.6969696970e+00 2.2726044968e+00
-9.3939393939e-01 -2.6363636364e+00 2.3223204586e+00
-9.3939393939e-01 -2.5757575758e+00 2.3742087698e+00
-9.3939393939e-01 -2.5151515152e+00 2.4284118056e+00
-9.3939393939e-01 -2.4545454545e+00 2.4850844112e+00
-9.3939393939e-01 -2.3939393939e+00 2.5443952768e+00
-9.3939393939e-01 -2.3333333333e+00 2.6065284962e+00
-9.3939393939e-01 -2.2727272727e+00 2.6716853400e+00
-9.3939393939e-01 -2.2121212121e+00 2.7400862776e+00
-9.3939393939e-01 -2.1515151515e+00 2.8119732920e+00
-9.3939393939e-01 -2.0909090909e+00 2.8876125370e+00
-9.3939393939e-01 -2.0303030303e+00 2.9672973995e+00
-9.3939393939e-01 -1.9696969697e+00 3.0513520430e+00
-9.3939393939e-01 -1.9090909091e+00 3.1401355252e+00
-9.3939393939e-01 -1.8484848485e+00 3.2340466063e+00
-9.3939393939e-01 -1.7878787879e+00 3.3335293931e+00
-9.3939393939e-01 -1.7272727273e+00 3.4390800041e+00
-9.3939393939e-01 -1.6666666667e+00 3.5512544926e+00
-9.3939393939e-01 -1.6060606061e+00 3.6706783360e+00
-9.3939393939e-01 -1.5454545455e+00 3.7980578980e+00
-9.3939393939e-01 -1.4848484848e+00 3.9341944103e+00
-9.3939393939e-01 -1.4242424242e+00 4.0800012165e+00
-9.3939393939e-01 -1.3636363636e+00 4.2365253158e+00
-9.3939393939e-01 -1.3030303030e+00 4.4049746764e+00
-9.3939393939e-01 -1.2424242424e+00 4.5867534552e+00
-9.3939393939e-01 -1.1818181818e+00 4.7835083056e+00
-9.3939393939e-01 -1.1212121212e+00 4.9971906377e+00
-9.3939393939e-01 -1.0606060606e+00 5.2301424895e+00
-9.3939393939e-01 -1.0000000000e+00 5.4852184697e+00
-9.3939393939e-01 -9.3939393939e-01 5.7659648035e+00
-9.3939393939e-01 -8.7878787879e-01 6.0768925108e+00
-9.3939393939e-01 -8.1818181818e-01 6.4239132602e+00
-9.3939393939e-01 -7.5757575758e-01 6.8150726276e+00
-9.3939393939e-01 -6.9696969697e-01 7.2618660797e+00
-9.3939393939e-01 -6.3636363636e-01 7.7818023199e+00
-9.3939393939e-01 -5.7575757576e-01 8.4039712831e+00
-9.3939393939e-01 -5.1515151515e-01 9.1831695145e+00
-9.3939393939e-01 -4.5454545455e-01 1.0245698967e+01
-9.3939393939e-01 -3.9393939394e-01 1.2029231796e+01
-9.3939393939e-01 -3.3333333333e-01 1.5659309935e+01
-9.3939393939e-01 -2.7272727273e-01 1.1917338375e+01
-9.3939393939e-01 -2.1212121212e-01 1.0920260988e+01
-9.3939393939e-01 -1.5151515152e-01 1.0417324672e+01
-9.3939393939e-01 -9.0909090909e-02 1.0145743539e+01
-9.3939393939e-01 -3.0303030303e-02 1.0023915269e+01
-9.3939393939e-01 3.0303030303e-02 1.0023915269e+01
-9.3939393939e-01 9.0909090909e-02 1.0145743539e+01
-9.3939393939e-01 1.5151515152e-01 1.0417324672e+01
-9.3939393939e-01 2.1212121212e-01 1.0920260988e+01
-9.3939393939e-01 2.7272727273e-01 1.1917338375e+01
-9.3939393939e-01 3.3333333333e-01 1.5659309935e+01
-9.3939393939e-01 3.9393939394e-01 1.2029231796e+01
-9.3939393939e-01 4.5454545455e-01 1.0245698967e+01
-9.3939393939e-01 5.1515151515e-01 9.1831695145e+00
-9.3939393939e-01 5.7575757576e-01 8.4039712831e+00
-9.3939393939e-01 6.3636363636e-01 7.7818023199e+00
-9.3939393939e-01 6.9696969697e-01 7.2618660797e+00
-9.3939393939e-01 7.5757575758e-01 6.8150726276e+00
-9.3939393939e-01 8.1818181818e-01 6.4239132602e+00
-9.3939393939e-01 8.7878787879e-01 6.0768925108e+00
-9.3939393939e-01 9.3939393939e-01 5.7659648035e+00
-9.3939393939e-01 1.0000000000e+00 5.4852184697e+00
-9.3939393939e-01 1.0606060606e+00 5.2301424895e+00
-9.3939393939e-01 1.1212121212e+00 4.9971906377e+00
-9.3939393939e-01 1.1818181818e+00 4.7835083056e+00
-9.3939393939e-01 1.2424242424e+00 4.5867534552e+00
-9.3939393939e-01 1.3030303030e+00 4.4049746764e+00
-9.3939393939e-01 1.3636363636e+00 4.2365253158e+00
-9.3939393939e-01 1.4242424242e+00 4.0800012165e+00
-9.3939393939e-01 1.4848484848e+00 3.9341944103e+00
-9.3939393939e-01 1.5454545455e+00 3.7980578980e+00
-9.3939393939e-01 1.6060606061e+00 3.6706783360e+00
-9.3939393939e-01 1.6666666667e+00 3.5512544926e+00
-9.3939393939e-01 1.7272727273e+00 3.4390800041e+00
-9.3939393939e-01 1.7878787879e+00 3.3335293931e+00
-9.3939393939e-01 1.8484848485e+00 3.2340466063e+00
-9.3939393939e-01 1.9090909091e+00 3.1401355252e+00
-9.3939393939e-01 1.9696969697e+00 3.0513520430e+00
-9.3939393939e-01 2.0303030303e+00 2.9672973995e+00
-9.3939393939e-01 2.0909090909e+00 2.8876125370e+00
-9.3939393939e-01 2.1515151515e+00 2.8119732920e+00
-9.3939393939e-01 2.2121212121e+00 2.7400862776e+00
-9.3939393939e-01 2.2727272727e+00 2.6716853400e+00
-9.3939393939e-01 2.3333333333e+00 2.6065284962e+00
-9.3939393939e-01 2.3939393939e+00 2.5443952768e+00
-9.3939393939e-01 2.4545454545e+00 2.4850844112e+00
-9.3939393939e-01 2.5151515152e+00 2.4284118056e+00
-9.3939393939e-01 2.5757575758e+00 2.3742087698e+00
-9.3939393939e-01 2.6363636364e+00 2.3223204586e+00
-9.3939393939e-01 2.6969696970e+00 2.2726044968e+00
-9.3939393939e-01 2.7575757576e+00 2.2249297647e+00
-9.3939393939e-01 2.8181818182e+00 2.1791753210e+00
-9.3939393939e-01 2.8787878788e+00 2.1352294467e+00
-9.3939393939e-01 2.9393939394e+00 2.0929887931e+00
-9.3939393939e-01 3.0000000000e+00 2.0523576224e+00

-8.7878787879e-01 -3.0000000000e+00 2.0645431989e+00
-8.7878787879e-01 -2.9393939394e+00 2.1059182863e+00
-8.7878787879e-01 -2.8787878788e+00 2.1489642288e+00
-8.7878787879e-01 -2.8181818182e+00 2.1937831866e+00
-8.7878787879e-01 -2.7575757576e+00 2.2404857504e+00
-8.7878787879e-01 -2.6969696970e+00 2.2891918255e+00
-8.7878787879e-01 -2.6363636364e+00 2.3400316297e+00
-8.7878787879e-01 -2.5757575758e+00 2.3931468228e+00
-8.7878787879e-01 -2.5151515152e+00 2.4486917879e+00
-8.7878787879e-01 -2.4545454545e+00 2.5068350908e+00
-8.7878787879e-01 -2.3939393939e+00 2.5677611455e+00
-8.7878787879e-01 -2.3333333333e+00 2.6316721229e+00
-8.7878787879e-01 -2.2727272727e+00 2.6987901451e+00
-8.7878787879e-01 -2.2121212121e+00 2.7693598181e+00
-8.7878787879e-01 -2.1515151515e+00 2.8436511676e+00
-8.7878787879e-01 -2.0909090909e+00 2.9219630564e+00
-8.7878787879e-01 -2.0303030303e+00 3.0046271831e+00
-8.7878787879e-01 -1.9696969697e+00 3.0920127841e+00
-8.7878787879e-01 -1.9090909091e+00 3.1845321976e+00
-8.7878787879e-01 -1.8484848485e+00 3.2826474877e+00
-8.7878787879e-01 -1.7878787879e+00 3.3868783885e+00
-8.7878787879e-01 -1.7272727273e+00 3.4978119063e+00
-8.7878787879e-01 -1.6666666667e+00 3.6161140312e+00
-8.7878787879e-01 -1.6060606061e+00 3.7425441626e+00
-8.7878787879e-01 -1.5454545455e+00 3.8779730814e+00
-8.7878787879e-01 -1.4848484848e+00 4.0234056265e+00
-8.7878787879e-01 -1.4242424242e+00 4.1800097268e+00
-8.7878787879e-01 -1.3636363636e+00 4.3491541895e+00
-8.7878787879e-01 -1.3030303030e+00 4.5324588214e+00
-8.7878787879e-01 -1.2424242424e+00 4.7318623642e+00
-8.7878787879e-01 -1.1818181818e+00 4.9497168872e+00
-8.7878787879e-01 -1.1212121212e+00 5.1889227444e+00
-8.7878787879e-01 -1.0606060606e+00 5.4531280254e+00
-8.7878787879e-01 -1.0000000000e+00 5.7470349426e+00
-8.7878787879e-01 -9.3939393939e-01 6.0768925108e+00
-8.7878787879e-01 -8.7878787879e-01 6.4513336676e+00
-8.7878787879e-01 -8.1818181818e-01 6.8828979093e+00
-8.7878787879e-01 -7.5757575758e-01 7.3910534480e+00
-8.7878787879e-01 -6.9696969697e-01 8.0089439061e+00
-8.7878787879e-01 -6.3636363636e-01 8.8012419314e+00
-8.7878787879e-01 -5.7575757576e-01 9.9264719260e+00
-8.7878787879e-01 -5.1515151515e-01 1.2029231800e+01
-8.7878787879e-01 -4.5454545455e-01 1.3309649148e+01
-8.7878787879e-01 -3.9393939394e-01 1.0920260988e+01
-8.7878787879e-01 -3.3333333333e-01 1.0023915269e+01
-8.7878787879e-01 -2.7272727273e-01 9.5152695761e+00
-8.7878787879e-01 -2.1212121212e-01 9.1933439177e+00
-8.7878787879e-01 -1.5151515152e-01 8.9859660127e+00
-8.7878787879e-01 -9.0909090909e-02 8.8604699954e+00
-8.7878787879e-01 -3.0303030303e-02 8.8010310708e+00
-8.7878787879e-01 3.0303030303e-02 8.8010310708e+00
-8.7878787879e-01 9.0909090909e-02 8.8604699954e+00
-8.7878787879e-01 1.5151515152e-01 8.9859660127e+00
-8.7878787879e-01 2.1212121212e-01 9.1933439177e+00
-8.7878787879e-01 2.7272727273e-01 9.5152695761e+00
-8.7878787879e-01 3.3333333333e-01 1.0023915269e+01
-8.7878787879e-01 3.9393939394e-01 1.0920260988e+01
-8.7878787879e-01 4.5454545455e-01 1.3309649148e+01
-8.7878787879e-01 5.1515151515e-01 1.2029231800e+01
-8.7878787879e-01 5.7575757576e-01 9.9264719260e+00
-8.7878787879e-01 6.3636363636e-01 8.8012419314e+00
-8.7878787879e-01 6.9696969697e-01 8.0089439061e+00
-8.7878787879e-01 7.5757575758e-01 7.3910534480e+00
-8.7878787879e-01 8.1818181818e-01 6.8828979093e+00
-8.7878787879e-01 8.7878787879e-01 6.4513336676e+00
-8.7878787879e-01 9.3939393939e-01 6.0768925108e+00
-8.7878787879e-01 1.0000000000e+00 5.7470349426e+00
-8.7878787879e-01 1.0606060606e+00 5.4531280254e+00
-8.7878787879e-01 1.1212121212e+00 5.1889227444e+00
-8.7878787879e-01 1.1818181818e+00 4.9497168872e+00
-8.7878787879e-01 1.2424242424e+00 4.7318623642e+00
-8.7878787879e-01 1.3030303030e+00 4.5324588214e+00
-8.7878787879e-01 1.3636363636e+00 4.3491541895e+00
-8.7878787879e-01 1.4242424242e+00 4.1800097268e+00
-8.7878787879e-01 1.4848484848e+00 4.0234056265e+00
-8.7878787879e-01 1.5454545455e+00 3.8779730814e+00
-8.7878787879e-01 1.6060606061e+00 3.7425441626e+00
-8.7878787879e-01 1.6666666667e+00 3.6161140312e+00
-8.7878787879e-01 1.7272727273e+00 3.4978119063e+00
-8.7878787879e-01 1.7878787879e+00 3.3868783885e+00
-8.7878787879e-01 1.8484848485e+00 3.2826474877e+00
-8.7878787879e-01 1.9090909091e+00 3.1845321976e+00
-8.7878787879e-01 1.9696969697e+00 3.0920127841e+00
-8.7878787879e-01 2.0303030303e+00 3.0046271831e+00
-8.7878787879e-01 2.0909090909e+00 2.9219630564e+00
-8.7878787879e-01 2.1515151515e+00 2.8436511676e+00
-8.7878787879e-01 2.2121212121e+00 2.7693598181e+00
-8.7878787879e-01 2.2727272727e+00 2.6987901451e+00
-8.7878787879e-01 2.3333333333e+00 2.6316721229e+00
-8.7878787879e-01 2.3939393939e+00 2.5677611455e+00
-8.7878787879e-01 2.4545454545e+00 2.5068350908e+00
-8.7878787879e-01 2.5151515152e+00 2.4486917879e+00
-8.7878787879e-01 2.5757575758e+00 2.3931468228e+00
-8.7878787879e-01 2.6363636364e+00 2.3400316297e+00
-8.7878787879e-01 2.6969696970e+00 2.2891918255e+00
-8.7878787879e-01 2.7575757576e+00 2.2404857504e+00
-8.7878787879e-01 2.8181818182e+00 2.1937831866e+00
-8.7878787879e-01 2.8787878788e+00 2.1489642288e+00
-8.7878787879e-01 2.9393939394e+00 2.1059182863e+00
-8.7878787879e-01 3.0000000000e+00 2.0645431989e+00

-8.1818181818e-01 -3.0000000000e+00 2.0761147466e+00
-8.1818181818e-01 -2.9393939394e+00 2.1182049053e+00
-8.1818181818e-01 -2.8787878788e+00 2.1620258524e+00
-8.1818181818e-01 -2.8181818182e+00 2.2076861457e+00
-8.1818181818e-01 -2.7575757576e+00 2.2553036100e+00
-8.1818181818e-01 -2.6969696970e+00 2.3050063523e+00
-8.1818181818e-01 -2.6363636364e+00 2.3569339140e+00
-8.1818181818e-01 -2.5757575758e+00 2.4112385838e+00
-8.1818181818e-01 -2.5151515152e+00 2.4680868990e+00
-8.1818181818e-01 -2.4545454545e+00 2.5276613663e+00
-8.1818181818e-01 -2.3939393939e+00 2.5901624433e+00
-8.1818181818e-01 -2.3333333333e+00 2.6558108288e+00
-8.1818181818e-01 -2.2727272727e+00 2.7248501210e+00
-8.1818181818e-01 -2.2121212121e+00 2.7975499160e+00
-8.1818181818e-01 -2.1515151515e+00 2.8742094403e+00
-8.1818181818e-01 -2.0909090909e+00 2.9551618279e+00
-8.1818181818e-01 -2.0303030303e+00 3.0407791907e+00
-8.1818181818e-01 -1.9696969697e+00 3.1314786633e+00
-8.1818181818e-01 -1.9090909091e+00 3.2277296640e+00
-8.1818181818e-01 -1.8484848485e+00 3.3300626819e+00
-8.1818181818e-01 -1.7878787879e+00 3.4390800041e+00
-8.1818181818e-01 -1.7272727273e+00 3.5554689360e+00
-8.1818181818e-01 -1.6666666667e+00 3.6800182698e+00
-8.1818181818e-01 -1.6060606061e+00 3.8136390460e+00
-8.1818181818e-01 -1.5454545455e+00 3.9573910833e+00
-8.1818181818e-01 -1.4848484848e+00 4.1125174017e+00
-8.1818181818e-01 -1.4242424242e+00 4.2804896697e+00
-8.1818181818e-01 -1.3636363636e+00 4.4630694082e+00
-8.1818181818e-01 -1.3030303030e+00 4.6623923087e+00
-8.1818181818e-01 -1.2424242424e+00 4.8810874784e+00
-8.1818181818e-01 -1.1818181818e+00 5.1224512860e+00
-8.1818181818e-01 -1.1212121212e+00 5.3907099872e+00
-8.1818181818e-01 -1.0606060606e+00 5.6914335382e+00
-8.1818181818e-01 -1.0000000000e+00 6.0322215265e+00
-8.1818181818e-01 -9.3939393939e-01 6.4239132602e+00
-8.1818181818e-01 -8.7878787879e-01 6.8828979093e+00
-8.1818181818e-01 -8.1818181818e-01 7.4360093539e+00
-8.1818181818e-01 -7.5757575758e-01 8.1325302607e+00
-8.1818181818e-01 -6.9696969697e-01 9.0810687898e+00
-8.1818181818e-01 -6.3636363636e-01 1.0621441484e+01
-8.1818181818e-01 -5.7575757576e-01 2.0594799786e+01
-8.1818181818e-01 -5.1515151515e-01 1.1124000831e+01
-8.1818181818e-01 -4.5454545455e-01 9.9098550997e+00
-8.1818181818e-01 -3.9393939394e-01 9.2684101083e+00
-8.1818181818e-01 -3.3333333333e-01 8.8604699954e+00
-8.1818181818e-01 -2.7272727273e-01 8.5822160322e+00
-8.1818181818e-01 -2.1212121212e-01 8.3887205854e+00
-8.1818181818e-01 -1.5151515152e-01 8.2571193251e+00
-8.1818181818e-01 -9.0909090909e-02 8.1748972380e+00
-8.1818181818e-01 -3.0303030303e-02 8.1352865560e+00
-8.1818181818e-01 3.0303030303e-02 8.1352865560e+00
-8.1818181818e-01 9.0909090909e-02 8.1748972380e+00
-8.1818181818e-01 1.5151515152e-01 8.2571193251e+00
-8.1818181818e-01 2.1212121212e-01 8.3887205854e+00
-8.1818181818e-01 2.7272727273e-01 8.5822160322e+00
-8.1818181818e-01 3.3333333333e-01 8.8604699954e+00
-8.1818181818e-01 3.9393939394e-01 9.2684101083e+00
-8.1818181818e-01 4.5454545455e-01 9.9098550997e+00
-8.1818181818e-01 5.1515151515e-01 1.1124000831e+01
-8.1818181818e-01 5.7575757576e-01 2.0594799786e+01
-8.1818181818e-01 6.3636363636e-01 1.0621441484e+01
-8.1818181818e-01 6.9696969697e-01 9.0810687898e+00
-8.1818181818e-01 7.5757575758e-01 8.1325302607e+00
-8.1818181818e-01 8.1818181818e-01 7.4360093539e+00
-8.1818181818e-01 8.7878787879e-01 6.8828979093e+00
-8.1818181818e-01 9.3939393939e-01 6.4239132602e+00
-8.1818181818e-01 1.0000000000e+00 6.0322215265e+00
-8.1818181818e-01 1.0606060606e+00 5.6914335382e+00
-8.1818181818e-01 1.1212121212e+00 5.3907099872e+00
-8.1818181818e-01 1.1818181818e+00 5.1224512860e+00
-8.1818181818e-01 1.2424242424e+00 4.8810874784e+00
-8.1818181818e-01 1.3030303030e+00 4.6623923087e+00
-8.1818181818e-01 1.3636363636e+00 4.4630694082e+00
-8.1818181818e-01 1.4242424242e+00 4.2804896697e+00
-8.1818181818e-01 1.4848484848e+00 4.1125174017e+00
-8.1818181818e-01 1.5454545455e+00 3.9573910833e+00
-8.1818181818e-01 1.6060606061e+00 3.8136390460e+00
-8.1818181818e-01 1.6666666667e+00 3.6800182698e+00
-8.1818181818e-01 1.7272727273e+00 3.5554689360e+00
-8.1818181818e-01 1.7878787879e+00 3.4390800041e+00
-8.1818181818e-01 1.8484848485e+00 3.3300626819e+00
-8.1818181818e-01 1.9090909091e+00 3.2277296640e+00
-8.1818181818e-01 1.9696969697e+00 3.1314786633e+00
-8.1818181818e-01 2.0303030303e+00 3.0407791907e+00
-8.1818181818e-01 2.0909090909e+00 2.9551618279e+00
-8.1818181818e-01 2.1515151515e+00 2.8742094403e+00
-8.1818181818e-01 2.2121212121e+00 2.7975499160e+00
-8.1818181818e-01 2.2727272727e+00 2.7248501210e+00
-8.1818181818e-01 2.3333333333e+00 2.6558108288e+00
-8.1818181818e-01 2.3939393939e+00 2.5901624433e+00
-8.1818181818e-01 2.4545454545e+00 2.5276613663e+00
-8.1818181818e-01 2.5151515152e+00 2.4680868990e+00
-8.1818181818e-01 2.5757575758e+00 2.4112385838e+00
-8.1818181818e-01 2.6363636364e+00 2.3569339140e+00
-8.1818181818e-01 2.6969696970e+00 2.3050063523e+00
-8.1818181818e-01 2.7575757576e+00 2.2553036100e+00
-8.1818181818e-01 2.8181818182e+00 2.2076861457e+00
-8.1818181818e-01 2.8787878788e+00 2.1620258524e+00
-8.1818181818e-01 2.9393939394e+00 2.1182049053e+00
-8.1818181818e-01 3.0000000000e+00 2.0761147466e+00

-7.5757575758e-01 -3.0000000000e+00 2.0870360997e+00
-7.5757575758e-01 -2.9393939394e+00 2.1298089252e+00
-7.5757575758e-01 -2.8787878788e+00 2.1743706135e+00
-7.5757575758e-01 -2.8181818182e+00 2.2208360378e+00
-7.5757575758e-01 -2.7575757576e+00 2.2693301833e+00
-7.5757575758e-01 -2.6969696970e+00 2.3199892973e+00
-7.5757575758e-01 -2.6363636364e+00 2.3729622031e+00
-7.5757575758e-01 -2.5757575758e+00 2.4284118056e+00
-7.5757575758e-01 -2.5151515152e+00 2.4865168227e+00
-7.5757575758e-01 -2.4545454545e+00 2.5474737846e+00
-7.5757575758e-01 -2.3939393939e+00 2.6114993525e+00
-7.5757575758e-01 -2.3333333333e+00 2.6788330182e+00
-7.5757575758e-01 -2.2727272727e+00 2.7497402644e+00
-7.5757575758e-01 -2.2121212121e+00 2.8245162822e+00
-7.5757575758e-01 -2.1515151515e+00 2.9034903684e+00
-7.5757575758e-01 -2.0909090909e+00 2.9870311612e+00
-7.5757575758e-01 -2.0303030303e+00 3.0755529117e+00
-7.5757575758e-01 -1.9696969697e+00 3.1695230564e+00
-7.5757575758e-01 -1.9090909091e+00 3.2694714292e+00
-7.5757575758e-01 -1.8484848485e+00 3.3760015720e+00
-7.5757575758e-01 -1.7878787879e+00 3.4898047562e+00
-7.5757575758e-01 -1.7272727273e+00 3.6116775585e+00
-7.5757575758e-01 -1.6666666667e+00 3.7425441626e+00
-7.5757575758e-01 -1.6060606061e+00 3.8834850514e+00
-7.5757575758e-01 -1.5454545455e+00 4.0357744984e+00
-7.5757575758e-01 -1.4848484848e+00 4.2009304322e+00
-7.5757575758e-01 -1.4242424242e+00 4.3807821072e+00
-7.5757575758e-01 -1.3636363636e+00 4.5775640898e+00
-7.5757575758e-01 -1.3030303030e+00 4.7940503333e+00
-7.5757575758e-01 -1.2424242424e+00 5.0337515011e+00
-7.5757575758e-01 -1.1818181818e+00 5.3012162360e+00
-7.5757575758e-01 -1.1212121212e+00 5.6025117461e+00
-7.5757575758e-01 -1.0606060606e+00 5.9460323476e+00
-7.5757575758e-01 -1.0000000000e+00 6.3439528430e+00
-7.5757575758e-01 -9.3939393939e-01 6.8150726276e+00
-7.5757575758e-01 -8.7878787879e-01 7.3910534480e+00
-7.5757575758e-01 -8.1818181818e-01 8.1325302607e+00
-7.5757575758e-01 -7.5757575758e-01 9.1831695145e+00
-7.5757575758e-01 -6.9696969697e-01 1.1078397395e+01
-7.5757575758e-01 -6.3636363636e-01 1.3309656761e+01
-7.5757575758e-01 -5.7575757576e-01 1.0417324672e+01
-7.5757575758e-01 -5.1515151515e-01 9.4290430257e+00
-7.5757575758e-01 -4.5454545455e-01 8.8604699954e+00
-7.5757575758e-01 -3.9393939394e-01 8.4826580639e+00
-7.5757575758e-01 -3.3333333333e-01 8.2154923374e+00
-7.5757575758e-01 -2.7272727273e-01 8.0219322087e+00
-7.5757575758e-01 -2.1212121212e-01 7.8821896767e+00
-7.5757575758e-01 -1.5151515152e-01 7.7848350091e+00
-7.5757575758e-01 -9.0909090909e-02 7.7230881876e+00
-7.5757575758e-01 -3.0303030303e-02 7.6930936506e+00
-7.5757575758e-01 3.0303030303e-02 7.6930936506e+00
-7.5757575758e-01 9.0909090909e-02 7.7230881876e+00
-7.5757575758e-01 1.5151515152e-01 7.7848350091e+00
-7.5757575758e-01 2.1212121212e-01 7.8821896767e+00
-7.5757575758e-01 2.7272727273e-01 8.0219322087e+00
-7.5757575758e-01 3.3333333333e-01 8.2154923374e+00
-7.5757575758e-01 3.9393939394e-01 8.4826580639e+00
-7.5757575758e-01 4.5454545455e-01 8.8604699954e+00
-7.5757575758e-01 5.1515151515e-01 9.4290430257e+00
-7.5757575758e-01 5.7575757576e-01 1.0417324672e+01
-7.5757575758e-01 6.3636363636e-01 1.3309656761e+01
-7.5757575758e-01 6.9696969697e-01 1.1078397395e+01
-7.5757575758e-01 7.5757575758e-01 9.1831695145e+00
-7.5757575758e-01 8.1818181818e-01 8.1325302607e+00
-7.5757575758e-01 8.7878787879e-01 7.3910534480e+00
-7.5757575758e-01 9.3939393939e-01 6.8150726276e+00
-7.5757575758e-01 1.0000000000e+00 6.3439528430e+00
-7.5757575758e-01 1.0606060606e+00 5.9460323476e+00
-7.5757575758e-01 1.1212121212e+00 5.6025117461e+00
-7.5757575758e-01 1.1818181818e+00 5.3012162360e+00
-7.5757575758e-01 1.2424242424e+00 5.0337515011e+00
-7.5757575758e-01 1.3030303030e+00 4.7940503333e+00
-7.5757575758e-01 1.3636363636e+00 4.5775640898e+00
-7.5757575758e-01 1.4242424242e+00 4.3807821072e+00
-7.5757575758e-01 1.4848484848e+00 4.2009304322e+00
-7.5757575758e-01 1.5454545455e+00 4.0357744984e+00
-7.5757575758e-01 1.6060606061e+00 3.8834850514e+00
-7.5757575758e-01 1.6666666667e+00 3.7425441626e+00
-7.5757575758e-01 1.7272727273e+00 3.6116775585e+00
-7.5757575758e-01 1.7878787879e+00 3.4898047562e+00
-7.5757575758e-01 1.8484848485e+00 3.3760015720e+00
-7.5757575758e-01 1.9090909091e+00 3.2694714292e+00
-7.5757575758e-01 1.9696969697e+00 3.1695230564e+00
-7.5757575758e-01 2.0303030303e+00 3.0755529117e+00
-7.5757575758e-01 2.0909090909e+00 2.9870311612e+00
-7.5757575758e-01 2.1515151515e+00 2.9034903684e+00
-7.5757575758e-01 2.2121212121e+00 2.8245162822e+00
-7.5757575758e-01 2.2727272727e+00 2.7497402644e+00
-7.5757575758e-01 2.3333333333e+00 2.6788330182e+00
-7.5757575758e-01 2.3939393939e+00 2.6114993525e+00
-7.5757575758e-01 2.4545454545e+00 2.5474737846e+00
-7.5757575758e-01 2.5151515152e+00 2.4865168227e+00
-7.5757575758e-01 2.5757575758e+00 2.4284118056e+00
-7.5757575758e-01 2.6363636364e+00 2.3729622031e+00
-7.5757575758e-01 2.6969696970e+00 2.3199892973e+00
-7.5757575758e-01 2.7575757576e+00 2.2693301833e+00
-7.5757575758e-01 2.8181818182e+00 2.2208360378e+00
-7.5757575758e-01 2.8787878788e+00 2.1743706135e+00
-7.5757575758e-01 2.9393939394e+00 2.1298089252e+00
-7.5757575758e-01 3.0000000000e+00 2.0870360997e+00

-6.9696969697e-01 -3.0000000000e+00 2.0972720864e+00
-6.9696969697e-01 -2.9393939394e+00 2.1406916368e+00
-6.9696969697e-01 -2.8787878788e+00 2.1859558365e+00
-6.9696969697e-01 -2.8181818182e+00 2.2331857312e+00
-6.9696969697e-01 -2.7575757576e+00 2.2825133212e+00
-6.9696969697e-01 -2.6969696970e+00 2.3340828511e+00
-6.9696969697e-01 -2.6363636364e+00 2.3880522886e+00
-6.9696969697e-01 -2.5757575758e+00 2.4445950292e+00
-6.9696969697e-01 -2.5151515152e+00 2.5039018667e+00
-6.9696969697e-01 -2.4545454545e+00 2.5661832837e+00
-6.9696969697e-01 -2.3939393939e+00 2.6316721229e+00
-6.9696969697e-01 -2.3333333333e+00 2.7006267212e+00
-6.9696969697e-01 -2.2727272727e+00 2.7733346035e+00
-6.9696969697e-01 -2.2121212121e+00 2.8501168636e+00
-6.9696969697e-01 -2.1515151515e+00 2.9313333907e+00
-6.9696969697e-01 -2.0909090909e+00 3.0173891480e+00
-6.9696969697e-01 -2.0303030303e+00 3.1087417714e+00
-6.9696969697e-01 -1.9696969697e+00 3.2059108400e+00
-6.9696969697e-01 -1.9090909091e+00 3.3094892893e+00
-6.9696969697e-01 -1.8484848485e+00 3.4201576004e+00
-6.9696969697e-01 -1.7878787879e+00 3.5387016364e+00
-6.9696969697e-01 -1.7272727273e+00 3.6660353410e+00
-6.9696969697e-01 -1.6666666667e+00 3.8032300219e+00
-6.9696969697e-01 -1.6060606061e+00 3.9515527241e+00
-6.9696969697e-01 -1.5454545455e+00 4.1125174017e+00
-6.9696969697e-01 -1.4848484848e+00 4.2879545420e+00
-6.9696969697e-01 -1.4242424242e+00 4.4801080994e+00
-6.9696969697e-01 -1.3636363636e+00 4.6917740936e+00
-6.9696969697e-01 -1.3030303030e+00 4.9265050379e+00
-6.9696969697e-01 -1.2424242424e+00 5.1889227444e+00
-6.9696969697e-01 -1.1818181818e+00 5.4852184697e+00
-6.9696969697e-01 -1.1212121212e+00 5.8239966425e+00
-6.9696969697e-01 -1.0606060606e+00 6.2177967052e+00
-6.9696969697e-01 -1.0000000000e+00 6.6860854002e+00
-6.9696969697e-01 -9.3939393939e-01 7.2618660797e+00
-6.9696969697e-01 -8.7878787879e-01 8.0089439061e+00
-6.9696969697e-01 -8.1818181818e-01 9.0810687898e+00
-6.9696969697e-01 -7.5757575758e-01 1.1078397395e+01
-6.9696969697e-01 -6.9696969697e-01 1.2725815028e+01
-6.9696969697e-01 -6.3636363636e-01 1.0145743539e+01
-6.9696969697e-01 -5.7575757576e-01 9.1933439177e+00
-6.9696969697e-01 -5.1515151515e-01 8.6343096602e+00
-6.9696969697e-01 -4.5454545455e-01 8.2571193251e+00
-6.9696969697e-01 -3.9393939394e-01 7.9858438993e+00
-6.9696969697e-01 -3.3333333333e-01 7.7848350091e+00
-6.9696969697e-01 -2.7272727273e-01 7.6347606316e+00
-6.9696969697e-01 -2.1212121212e-01 7.5242114704e+00
-6.9696969697e-01 -1.5151515152e-01 7.4461473149e+00
-6.9696969697e-01 -9.0909090909e-02 7.3962024360e+00
-6.9696969697e-01 -3.0303030303e-02 7.3718218992e+00
-6.9696969697e-01 3.0303030303e-02 7.3718218992e+00
-6.9696969697e-01 9.0909090909e-02 7.3962024360e+00
-6.9696969697e-01 1.5151515152e-01 7.4461473149e+00
-6.9696969697e-01 2.1212121212e-01 7.5242114704e+00
-6.9696969697e-01 2.7272727273e-01 7.6347606316e+00
-6.9696969697e-01 3.3333333333e-01 7.7848350091e+00
-6.9696969697e-01 3.9393939394e-01 7.9858438993e+00
-6.9696969697e-01 4.5454545455e-01 8.2571193251e+00
-6.9696969697e-01 5.1515151515e-01 8.6343096602e+00
-6.9696969697e-01 5.7575757576e-01 9.1933439177e+00
-6.9696969697e-01 6.3636363636e-01 1.0145743539e+01
-6.9696969697e-01 6.9696969697e-01 1.2725815028e+01
-6.9696969697e-01 7.5757575758e-01 1.1078397395e+01
-6.9696969697e-01 8.1818181818e-01 9.0810687898e+00
-6.9696969697e-01 8.7878787879e-01 8.0089439061e+00
-6.9696969697e-01 9.3939393939e-01 7.2618660797e+00
-6.9696969697e-01 1.0000000000e+00 6.6860854002e+00
-6.9696969697e-01 1.0606060606e+00 6.2177967052e+00
-6.9696969697e-01 1.1212121212e+00 5.8239966425e+00
-6.9696969697e-01 1.1818181818e+00 5.4852184697e+00
-6.9696969697e-01 1.2424242424e+00 5.1889227444e+00
-6.9696969697e-01 1.3030303030e+00 4.9265050379e+00
-6.9696969697e-01 1.3636363636e+00 4.6917740936e+00
-6.9696969697e-01 1.4242424242e+00 4.4801080994e+00
-6.9696969697e-01 1.4848484848e+00 4.2879545420e+00
-6.9696969697e-01 1.5454545455e+00 4.1125174017e+00
-6.9696969697e-01 1.6060606061e+00 3.9515527241e+00
-6.9696969697e-01 1.6666666667e+00 3.8032300219e+00
-6.9696969697e-01 1.7272727273e+00 3.6660353410e+00
-6.9696969697e-01 1.7878787879e+00 3.5387016364e+00
-6.9696969697e-01 1.8484848485e+00 3.4201576004e+00
-6.9696969697e-01 1.9090909091e+00 3.3094892893e+00
-6.9696969697e-01 1.9696969697e+00 3.2059108400e+00
-6.9696969697e-01 2.0303030303e+00 3.1087417714e+00
-6.9696969697e-01 2.0909090909e+00 3.0173891480e+00
-6.9696969697e-01 2.1515151515e+00 2.9313333907e+00
-6.9696969697e-01 2.2121212121e+00 2.8501168636e+00
-6.9696969697e-01 2.2727272727e+00 2.7733346035e+00
-6.9696969697e-01 2.3333333333e+00 2.7006267212e+00
-6.9696969697e-01 2.3939393939e+00 2.6316721229e+00
-6.9696969697e-01 2.4545454545e+00 2.5661832837e+00
-6.9696969697e-01 2.5151515152e+00 2.5039018667e+00
-6.9696969697e-01 2.5757575758e+00 2.4445950292e+00
-6.9696969697e-01 2.6363636364e+00 2.3880522886e+00
-6.9696969697e-01 2.6969696970e+00 2.3340828511e+00
-6.9696969697e-01 2.7575757576e+00 2.2825133212e+00
-6.9696969697e-01 2.8181818182e+00 2.2331857312e+00
-6.9696969697e-01 2.8787878788e+00 2.1859558365e+00
-6.9696969697e-01 2.9393939394e+00 2.1406916368e+00
-6.9696969697e-01 3.0000000000e+00 2.0972720864e+00

-6.3636363636e-01 -3.0000000000e+00 2.1067888091e+00
-6.3636363636e-01 -2.9393939394e+00 2.1508156648e+00
-6.3636363636e-01 -2.8787878788e+00 2.1967402357e+00
-6.3636363636e-01 -2.8181818182e+00 2.2446895329e+00
-6.3636363636e-01 -2.7575757576e+00 2.2948023536e+00
-6.3636363636e-01 -2.6969696970e+00 2.3472307090e+00
-6.3636363636e-01 -2.6363636364e+00 2.4021414717e+00
-6.3636363636e-01 -2.5757575758e+00 2.4597182818e+00
-6.3636363636e-01 -2.5151515152e+00 2.5201637627e+00
-6.3636363636e-01 -2.4545454545e+00 2.5837021091e+00
-6.3636363636e-01 -2.3939393939e+00 2.6505821242e+00
-6.3636363636e-01 -2.3333333333e+00 2.7210808033e+00
-6.3636363636e-01 -2.2727272727e+00 2.7955075871e+00
-6.3636363636e-01 -2.2121212121e+00 2.8742094403e+00
-6.3636363636e-01 -2.1515151515e+00 2.9575769577e+00
-6.3636363636e-01 -2.0909090909e+00 3.0460517604e+00
-6.3636363636e-01 -2.0303030303e+00 3.1401355252e+00
-6.3636363636e-01 -1.9696969697e+00 3.2404011098e+00
-6.3636363636e-01 -1.9090909091e+00 3.3475063910e+00
-6.3636363636e-01 -1.8484848485e+00 3.4622116681e+00
-6.3636363636e-01 -1.7878787879e+00 3.5854018143e+00
-6.3636363636e-01 -1.7272727273e+00 3.7181148563e+00
-6.3636363636e-01 -1.6666666667e+00 3.8615794092e+00
-6.3636363636e-01 -1.6060606061e+00 4.0172645642e+00
-6.3636363636e-01 -1.5454545455e+00 4.1869476828e+00
-6.3636363636e-01 -1.4848484848e+00 4.3728086154e+00
-6.3636363636e-01 -1.4242424242e+00 4.5775640898e+00
-6.3636363636e-01 -1.3636363636e+00 4.8046652852e+00
-6.3636363636e-01 -1.3030303030e+00 5.0585988805e+00
-6.3636363636e-01 -1.2424242424e+00 5.3453658340e+00
-6.3636363636e-01 -1.1818181818e+00 5.6732836210e+00
-6.3636363636e-01 -1.1212121212e+00 6.0544208590e+00
-6.3636363636e-01 -1.0606060606e+00 6.5073868514e+00
-6.3636363636e-01 -1.0000000000e+00 7.0634009512e+00
-6.3636363636e-01 -9.3939393939e-01 7.7818023199e+00
-6.3636363636e-01 -8.7878787879e-01 8.8012419314e+00
-6.3636363636e-01 -8.1818181818e-01 1.0621441484e+01
-6.3636363636e-01 -7.5757575758e-01 1.3309656761e+01
-6.3636363636e-01 -6.9696969697e-01 1.0145743539e+01
-6.3636363636e-01 -6.3636363636e-01 9.1214036993e+00
-6.3636363636e-01 -5.7575757576e-01 8.5316948379e+00
-6.3636363636e-01 -5.1515151515e-01 8.1352865560e+00
-6.3636363636e-01 -4.5454545455e-01 7.8490744857e+00
-6.3636363636e-01 -3.9393939394e-01 7.6347606316e+00
-6.3636363636e-01 -3.3333333333e-01 7.4717360597e+00
-6.3636363636e-01 -2.7272727273e-01 7.3478205748e+00
-6.3636363636e-01 -2.1212121212e-01 7.2553955952e+00
-6.3636363636e-01 -1.5151515152e-01 7.1895661699e+00
-6.3636363636e-01 -9.0909090909e-02 7.1472108036e+00
-6.3636363636e-01 -3.0303030303e-02 7.1264687523e+00
-6.3636363636e-01 3.0303030303e-02 7.1264687523e+00
-6.3636363636e-01 9.0909090909e-02 7.1472108036e+00
-6.3636363636e-01 1.5151515152e-01 7.1895661699e+00
-6.3636363636e-01 2.1212121212e-01 7.2553955952e+00
-6.3636363636e-01 2.7272727273e-01 7.3478205748e+00
-6.3636363636e-01 3.3333333333e-01 7.4717360597e+00
-6.3636363636e-01 3.9393939394e-01 7.6347606316e+00
-6.3636363636e-01 4.5454545455e-01 7.8490744857e+00
-6.3636363636e-01 5.1515151515e-01 8.1352865560e+00
-6.3636363636e-01 5.7575757576e-01 8.5316948379e+00
-6.3636363636e-01 6.3636363636e-01 9.1214036993e+00
-6.3636363636e-01 6.9696969697e-01 1.0145743539e+01
-6.3636363636e-01 7.5757575758e-01 1.3309656761e+01
-6.3636363636e-01 8.1818181818e-01 1.0621441484e+01
-6.3636363636e-01 8.7878787879e-01 8.8012419314e+00
-6.3636363636e-01 9.3939393939e-01 7.7818023199e+00
-6.3636363636e-01 1.0000000000e+00 7.0634009512e+00
-6.3636363636e-01 1.0606060606e+00 6.5073868514e+00
-6.3636363636e-01 1.1212121212e+00 6.0544208590e+00
-6.3636363636e-01 1.1818181818e+00 5.6732836210e+00
-6.3636363636e-01 1.2424242424e+00 5.3453658340e+00
-6.3636363636e-01 1.3030303030e+00 5.0585988805e+00
-6.3636363636e-01 1.3636363636e+00 4.8046652852e+00
-6.3636363636e-01 1.4242424242e+00 4.5775640898e+00
-6.3636363636e-01 1.4848484848e+00 4.3728086154e+00
-6.3636363636e-01 1.5454545455e+00 4.1869476828e+00
-6.3636363636e-01 1.6060606061e+00 4.0172645642e+00
-6.3636363636e-01 1.6666666667e+00 3.8615794092e+00
-6.3636363636e-01 1.7272727273e+00 3.7181148563e+00
-6.3636363636e-01 1.7878787879e+00 3.5854018143e+00
-6.3636363636e-01 1.8484848485e+00 3.4622116681e+00
-6.3636363636e-01 1.9090909091e+00 3.3475063910e+00
-6.3636363636e-01 1.9696969697e+00 3.2404011098e+00
-6.3636363636e-01 2.0303030303e+00 3.1401355252e+00
-6.3636363636e-01 2.0909090909e+00 3.0460517604e+00
-6.3636363636e-01 2.1515151515e+00 2.9575769577e+00
-6.3636363636e-01 2.2121212121e+00 2.8742094403e+00
-6.3636363636e-01 2.2727272727e+00 2.7955075871e+00
-6.3636363636e-01 2.3333333333e+00 2.7210808033e+00
-6.3636363636e-01 2.3939393939e+00 2.6505821242e+00
-6.3636363636e-01 2.4545454545e+00 2.5837021091e+00
-6.3636363636e-01 2.5151515152e+00 2.5201637627e+00
-6.3636363636e-01 2.5757575758e+00 2.4597182818e+00
-6.3636363636e-01 2.6363636364e+00 2.4021414717e+00
-6.3636363636e-01 2.6969696970e+00 2.3472307090e+00
-6.3636363636e-01 2.7575757576e+00 2.2948023536e+00
-6.3636363636e-01 2.8181818182e+00 2.2446895329e+00
-6.3636363636e-01 2.8787878788e+00 2.1967402357e+00
-6.3636363636e-01 2.9393939394e+00 2.1508156648e+00
-6.3636363636e-01 3.0000000000e+00 2.1067888091e+00

-5.7575757576e-01 -3.0000000000e+00 2.1155539280e+00
-5.7575757576e-01 -2.9393939394e+00 2.1601452905e+00
-5.7575757576e-01 -2.8787878788e+00 2.2066842827e+00
-5.7575757576e-01 -2.8181818182e+00 2.2553036100e+00
-5.7575757576e-01 -2.7575757576e+00 2.3061485708e+00
-5.7575757576e-01 -2.6969696970e+00 2.3593786229e+00
-5.7575757576e-01 -2.6363636364e+00 2.4151691977e+00
-5.7575757576e-01 -2.5757575758e+00 2.4737138080e+00
-5.7575757576e-01 -2.5151515152e+00 2.5352265096e+00
-5.7575757576e-01 -2.4545454545e+00 2.5999447902e+00
-5.7575757576e-01 -2.3939393939e+00 2.6681329766e+00
-5.7575757576e-01 -2.3333333333e+00 2.7400862776e+00
-5.7575757576e-01 -2.2727272727e+00 2.8161356101e+00
-5.7575757576e-01 -2.2121212121e+00 2.8966533991e+00
-5.7575757576e-01 -2.1515151515e+00 2.9820605979e+00
-5.7575757576e-01 -2.0909090909e+00 3.0728352549e+00
-5.7575757576e-01 -2.0303030303e+00 3.1695230564e+00
-5.7575757576e-01 -1.9696969697e+00 3.2727504282e+00
-5.7575757576e-01 -1.9090909091e+00 3.3832409885e+00
-5.7575757576e-01 -1.8484848485e+00 3.5018364531e+00
-5.7575757576e-01 -1.7878787879e+00 3.6295235497e+00
-5.7575757576e-01 -1.7272727273e+00 3.7674691778e+00
-5.7575757576e-01 -1.6666666667e+00 3.9170671123e+00
-5.7575757576e-01 -1.6060606061e+00 4.0800012165e+00
-5.7575757576e-01 -1.5454545455e+00 4.2583328659e+00
-5.7575757576e-01 -1.4848484848e+00 4.4546248991e+00
-5.7575757576e-01 -1.4242424242e+00 4.6721225190e+00
-5.7575757576e-01 -1.3636363636e+00 4.9150264743e+00
-5.7575757576e-01 -1.3030303030e+00 5.1889227444e+00
-5.7575757576e-01 -1.2424242424e+00 5.5014926711e+00
-5.7575757576e-01 -1.1818181818e+00 5.8637609259e+00
-5.7575757576e-01 -1.1212121212e+00 6.2924676393e+00
-5.7575757576e-01 -1.0606060606e+00 6.8150726276e+00
-5.7575757576e-01 -1.0000000000e+00 7.4819792489e+00
-5.7575757576e-01 -9.3939393939e-01 8.4039712831e+00
-5.7575757576e-01 -8.7878787879e-01 9.9264719260e+00
-5.7575757576e-01 -8.1818181818e-01 2.0594799786e+01
-5.7575757576e-01 -7.5757575758e-01 1.0417324672e+01
-5.7575757576e-01 -6.9696969697e-01 9.1933439177e+00
-5.7575757576e-01 -6.3636363636e-01 8.5316948379e+00
-5.7575757576e-01 -5.7575757576e-01 8.0966159889e+00
-5.7575757576e-01 -5.1515151515e-01 7.7848350091e+00
-5.7575757576e-01 -4.5454545455e-01 7.5511261344e+00
-5.7575757576e-01 -3.9393939394e-01 7.3718218992e+00
-5.7575757576e-01 -3.3333333333e-01 7.2331352382e+00
-5.7575757576e-01 -2.7272727273e-01 7.1264687523e+00
-5.7575757576e-01 -2.1212121212e-01 7.0462376043e+00
-5.7575757576e-01 -1.5151515152e-01 6.9887552179e+00
-5.7575757576e-01 -9.0909090909e-02 6.9516254645e+00
-5.7575757576e-01 -3.0303030303e-02 6.9334017413e+00
-5.7575757576e-01 3.0303030303e-02 6.9334017413e+00
-5.7575757576e-01 9.0909090909e-02 6.9516254645e+00
-5.7575757576e-01 1.5151515152e-01 6.9887552179e+00
-5.7575757576e-01 2.1212121212e-01 7.0462376043e+00
-5.7575757576e-01 2.7272727273e-01 7.1264687523e+00
-5.7575757576e-01 3.3333333333e-01 7.2331352382e+00
-5.7575757576e-01 3.9393939394e-01 7.3718218992e+00
-5.7575757576e-01 4.5454545455e-01 7.5511261344e+00
-5.7575757576e-01 5.1515151515e-01 7.7848350091e+00
-5.7575757576e-01 5.7575757576e-01 8.0966159889e+00
-5.7575757576e-01 6.3636363636e-01 8.5316948379e+00
-5.7575757576e-01 6.9696969697e-01 9.1933439177e+00
-5.7575757576e-01 7.5757575758e-01 1.0417324672e+01
-5.7575757576e-01 8.1818181818e-01 2.0594799786e+01
-5.7575757576e-01 8.7878787879e-01 9.9264719260e+00
-5.7575757576e-01 9.3939393939e-01 8.4039712831e+00
-5.7575757576e-01 1.0000000000e+00 7.4819792489e+00
-5.7575757576e-01 1.0606060606e+00 6.8150726276e+00
-5.7575757576e-01 1.1212121212e+00 6.2924676393e+00
-5.7575757576e-01 1.1818181818e+00 5.8637609259e+00
-5.7575757576e-01 1.2424242424e+00 5.5014926711e+00
-5.7575757576e-01 1.3030303030e+00 5.1889227444e+00
-5.7575757576e-01 1.3636363636e+00 4.9150264743e+00
-5.7575757576e-01 1.4242424242e+00 4.6721225190e+00
-5.7575757576e-01 1.4848484848e+00 4.4546248991e+00
-5.7575757576e-01 1.5454545455e+00 4.2583328659e+00
-5.7575757576e-01 1.6060606061e+00 4.0800012165e+00
-5.7575757576e-01 1.6666666667e+00 3.9170671123e+00
-5.7575757576e-01 1.7272727273e+00 3.7674691778e+00
-5.7575757576e-01 1.7878787879e+00 3.6295235497e+00
-5.7575757576e-01 1.8484848485e+00 3.5018364531e+00
-5.7575757576e-01 1.9090909091e+00 3.3832409885e+00
-5.7575757576e-01 1.9696969697e+00 3.2727504282e+00
-5.7575757576e-01 2.0303030303e+00 3.1695230564e+00
-5.7575757576e-01 2.0909090909e+00 3.0728352549e+00
-5.7575757576e-01 2.1515151515e+00 2.9820605979e+00
-5.7575757576e-01 2.2121212121e+00 2.8966533991e+00
-5.7575757576e-01 2.2727272727e+00 2.8161356101e+00
-5.7575757576e-01 2.3333333333e+00 2.7400862776e+00
-5.7575757576e-01 2.3939393939e+00 2.6681329766e+00
-5.7575757576e-01 2.4545454545e+00 2.5999447902e+00
-5.7575757576e-01 2.5151515152e+00 2.5352265096e+00
-5.7575757576e-01 2.5757575758e+00 2.4737138080e+00
-5.7575757576e-01 2.6363636364e+00 2.4151691977e+00
-5.7575757576e-01 2.6969696970e+00 2.3593786229e+00
-5.7575757576e-01 2.7575757576e+00 2.3061485708e+00
-5.7575757576e-01 2.8181818182e+00 2.2553036100e+00
-5.7575757576e-01 2.8787878788e+00 2.2066842827e+00
-5.7575757576e-01 2.9393939394e+00 2.1601452905e+00
-5.7575757576e-01 3.0000000000e+00 2.1155539280e+00

-5.1515151515e-01 -3.0000000000e+00 2.1235369438e+00
-5.1515151515e-01 -2.9393939394e+00 2.1686467744e+00
-5.1515151515e-01 -2.8787878788e+00 2.2157505763e+00
-5.1515151515e-01 -2.8181818182e+00 2.2649864128e+00
-5.1515151515e-01 -2.7575757576e+00 2.3165057109e+00
-5.1515151515e-01 -2.6969696970e+00 2.3704749636e+00
-5.1515151515e-01 -2.6363636364e+00 2.4270777062e+00
-5.1515151515e-01 -2.5757575758e+00 2.4865168227e+00
-5.1515151515e-01 -2.5151515152e+00 2.5490172489e+00
-5.1515151515e-01 -2.4545454545e+00 2.6148291592e+00
-5.1515151515e-01 -2.3939393939e+00 2.6842317411e+00
-5.1515151515e-01 -2.3333333333e+00 2.7575376975e+00
-5.1515151515e-01 -2.2727272727e+00 2.8350986479e+00
-5.1515151515e-01 -2.2121212121e+00 2.9173116564e+00
-5.1515151515e-01 -2.1515151515e+00 3.0046271831e+00
-5.1515151515e-01 -2.0909090909e+00 3.0975588486e+00
-5.1515151515e-01 -2.0303030303e+00 3.1966955394e+00
-5.1515151515e-01 -1.9696969697e+00 3.3027165674e+00
-5.1515151515e-01 -1.9090909091e+00 3.4164108702e+00
-5.1515151515e-01 -1.8484848485e+00 3.5387016364e+00
-5.1515151515e-01 -1.7878787879e+00 3.6706783360e+00
-5.1515151515e-01 -1.7272727273e+00 3.8136390460e+00
-5.1515151515e-01 -1.6666666667e+00 3.9691473928e+00
-5.1515151515e-01 -1.6060606061e+00 4.1391107365e+00
-5.1515151515e-01 -1.5454545455e+00 4.3258900771e+00
-5.1515151515e-01 -1.4848484848e+00 4.5324588214e+00
-5.1515151515e-01 -1.4242424242e+00 4.7626395893e+00
-5.1515151515e-01 -1.3636363636e+00 5.0214711180e+00
-5.1515151515e-01 -1.3030303030e+00 5.3158034625e+00
-5.1515151515e-01 -1.2424242424e+00 5.6553198041e+00
-5.1515151515e-01 -1.1818181818e+00 6.0544208590e+00
-5.1515151515e-01 -1.1212121212e+00 6.5360417598e+00
-5.1515151515e-01 -1.0606060606e+00 7.1404481048e+00
-5.1515151515e-01 -1.0000000000e+00 7.9497904286e+00
-5.1515151515e-01 -9.3939393939e-01 9.1831695145e+00
-5.1515151515e-01 -8.7878787879e-01 1.2029231800e+01
-5.1515151515e-01 -8.1818181818e-01 1.1124000831e+01
-5.1515151515e-01 -7.5757575758e-01 9.4290430257e+00
-5.1515151515e-01 -6.9696969697e-01 8.6343096602e+00
-5.1515151515e-01 -6.3636363636e-01 8.1352865560e+00
-5.1515151515e-01 -5.7575757576e-01 7.7848350091e+00
-5.1515151515e-01 -5.1515151515e-01 7.5242114704e+00
-5.1515151515e-01 -4.5454545455e-01 7.3241875357e+00
-5.1515151515e-01 -3.9393939394e-01 7.1682407506e+00
-5.1515151515e-01 -3.3333333333e-01 7.0462376043e+00
-5.1515151515e-01 -2.7272727273e-01 6.9516254645e+00
-5.1515151515e-01 -2.1212121212e-01 6.8800344405e+00
-5.1515151515e-01 -1.5151515152e-01 6.8285242611e+00
-5.1515151515e-01 -9.0909090909e-02 6.7951576197e+00
-5.1515151515e-01 -3.0303030303e-02 6.7787541440e+00
-5.1515151515e-01 3.0303030303e-02 6.7787541440e+00
-5.1515151515e-01 9.0909090909e-02 6.7951576197e+00
-5.1515151515e-01 1.5151515152e-01 6.8285242611e+00
-5.1515151515e-01 2.1212121212e-01 6.8800344405e+00
-5.1515151515e-01 2.7272727273e-01 6.9516254645e+00
-5.1515151515e-01 3.3333333333e-01 7.0462376043e+00
-5.1515151515e-01 3.9393939394e-01 7.1682407506e+00
-5.1515151515e-01 4.5454545455e-01 7.3241875357e+00
-5.1515151515e-01 5.1515151515e-01 7.5242114704e+00
-5.1515151515e-01 5.7575757576e-01 7.7848350091e+00
-5.1515151515e-01 6.3636363636e-01 8.1352865560e+00
-5.1515151515e-01 6.9696969697e-01 8.6343096602e+00
-5.1515151515e-01 7.5757575758e-01 9.4290430257e+00
-5.1515151515e-01 8.1818181818e-01 1.1124000831e+01
-5.1515151515e-01 8.7878787879e-01 1.2029231800e+01
-5.1515151515e-01 9.3939393939e-01 9.1831695145e+00
-5.1515151515e-01 1.0000000000e+00 7.9497904286e+00
-5.1515151515e-01 1.0606060606e+00 7.1404481048e+00
-5.1515151515e-01 1.1212121212e+00 6.5360417598e+00
-5.1515151515e-01 1.1818181818e+00 6.0544208590e+00
-5.1515151515e-01 1.2424242424e+00 5.6553198041e+00
-5.1515151515e-01 1.3030303030e+00 5.3158034625e+00
-5.1515151515e-01 1.3636363636e+00 5.0214711180e+00
-5.1515151515e-01 1.4242424242e+00 4.7626395893e+00
-5.1515151515e-01 1.4848484848e+00 4.5324588214e+00
-5.1515151515e-01 1.5454545455e+00 4.3258900771e+00
-5.1515151515e-01 1.6060606061e+00 4.1391107365e+00
-5.1515151515e-01 1.6666666667e+00 3.9691473928e+00
-5.1515151515e-01 1.7272727273e+00 3.8136390460e+00
-5.1515151515e-01 1.7878787879e+00 3.6706783360e+00
-5.1515151515e-01 1.8484848485e+00 3.5387016364e+00
-5.1515151515e-01 1.9090909091e+00 3.4164108702e+00
-5.1515151515e-01 1.9696969697e+00 3.3027165674e+00
-5.1515151515e-01 2.0303030303e+00 3.1966955394e+00
-5.1515151515e-01 2.0909090909e+00 3.0975588486e+00
-5.1515151515e-01 2.1515151515e+00 3.0046271831e+00
-5.1515151515e-01 2.2121212121e+00 2.9173116564e+00
-5.1515151515e-01 2.2727272727e+00 2.8350986479e+00
-5.1515151515e-01 2.3333333333e+00 2.7575376975e+00
-5.1515151515e-01 2.3939393939e+00 2.6842317411e+00
-5.1515151515e-01 2.4545454545e+00 2.6148291592e+00
-5.1515151515e-01 2.5151515152e+00 2.5490172489e+00
-5.1515151515e-01 2.5757575758e+00 2.4865168227e+00
-5.1515151515e-01 2.6363636364e+00 2.4270777062e+00
-5.1515151515e-01 2.6969696970e+00 2.3704749636e+00
-5.1515151515e-01 2.7575757576e+00 2.3165057109e+00
-5.1515151515e-01 2.8181818182e+00 2.2649864128e+00
-5.1515151515e-01 2.8787878788e+00 2.2157505763e+00
-5.1515151515e-01 2.9393939394e+00 2.1686467744e+00
-5.1515151515e-01 3.0000000000e+00 2.1235369438e+00

-4.5454545455e-01 -3.0000000000e+00 2.1307094743e+00
-4.5454545455e-01 -2.9393939394e+00 2.1762886732e+00
-4.5454545455e-01 -2.8787878788e+00 2.2239042068e+00
-4.5454545455e-01 -2.8181818182e+00 2.2736990950e+00
-4.5454545455e-01 -2.7575757576e+00 2.3258304451e+00
-4.5454545455e-01 -2.6969696970e+00 2.3804712827e+00
-4.5454545455e-01 -2.6363636364e+00 2.4378126839e+00
-4.5454545455e-01 -2.5757575758e+00 2.4980662720e+00
-4.5454545455e-01 -2.5151515152e+00 2.5614671537e+00
-4.5454545455e-01 -2.4545454545e+00 2.6282773932e+00
-4.5454545455e-01 -2.3939393939e+00 2.6987901451e+00
-4.5454545455e-01 -2.3333333333e+00 2.7733346035e+00
-4.5454545455e-01 -2.2727272727e+00 2.8522819682e+00
-4.5454545455e-01 -2.2121212121e+00 2.9360526914e+00
-4.5454545455e-01 -2.1515151515e+00 3.0251253513e+00
-4.5454545455e-01 -2.0909090909e+00 3.1200476144e+00
-4.5454545455e-01 -2.0303030303e+00 3.2214499111e+00
-4.5454545455e-01 -1.9696969697e+00 3.3300626819e+00
-4.5454545455e-01 -1.9090909091e+00 3.4467383862e+00
-4.5454545455e-01 -1.8484848485e+00 3.5724799672e+00
-4.5454545455e-01 -1.7878787879e+00 3.7084782213e+00
-4.5454545455e-01 -1.7272727273e+00 3.8561616902e+00
-4.5454545455e-01 -1.6666666667e+00 4.0172645642e+00
-4.5454545455e-01 -1.6060606061e+00 4.1939211476e+00
-4.5454545455e-01 -1.5454545455e+00 4.3888006552e+00
-4.5454545455e-01 -1.4848484848e+00 4.6053053432e+00
-4.5454545455e-01 -1.4242424242e+00 4.8478721085e+00
-4.5454545455e-01 -1.3636363636e+00 5.1224512860e+00
-4.5454545455e-01 -1.3030303030e+00 5.4373067664e+00
-4.5454545455e-01 -1.2424242424e+00 5.8044416246e+00
-4.5454545455e-01 -1.1818181818e+00 6.2423570772e+00
-4.5454545455e-01 -1.1212121212e+00 6.7820187966e+00
-4.5454545455e-01 -1.0606060606e+00 7.4819792489e+00
-4.5454545455e-01 -1.0000000000e+00 8.4776771990e+00
-4.5454545455e-01 -9.3939393939e-01 1.0245698967e+01
-4.5454545455e-01 -8.7878787879e-01 1.3309649148e+01
-4.5454545455e-01 -8.1818181818e-01 9.9098550997e+00
-4.5454545455e-01 -7.5757575758e-01 8.8604699954e+00
-4.5454545455e-01 -6.9696969697e-01 8.2571193251e+00
-4.5454545455e-01 -6.3636363636e-01 7.8490744857e+00
-4.5454545455e-01 -5.7575757576e-01 7.5511261344e+00
-4.5454545455e-01 -5.1515151515e-01 7.3241875357e+00
-4.5454545455e-01 -4.5454545455e-01 7.1472108036e+00
-4.5454545455e-01 -3.9393939394e-01 7.0076719888e+00
-4.5454545455e-01 -3.3333333333e-01 6.8976110827e+00
-4.5454545455e-01 -2.7272727273e-01 6.8117463457e+00
-4.5454545455e-01 -2.1212121212e-01 6.7464877795e+00
-4.5454545455e-01 -1.5151515152e-01 6.6993857609e+00
-4.5454545455e-01 -9.0909090909e-02 6.6688099011e+00
-4.5454545455e-01 -3.0303030303e-02 6.6537600315e+00
-4.5454545455e-01 3.0303030303e-02 6.6537600315e+00
-4.5454545455e-01 9.0909090909e-02 6.6688099011e+00
-4.5454545455e-01 1.5151515152e-01 6.6993857609e+00
-4.5454545455e-01 2.1212121212e-01 6.7464877795e+00
-4.5454545455e-01 2.7272727273e-01 6.8117463457e+00
-4.5454545455e-01 3.3333333333e-01 6.8976110827e+00
-4.5454545455e-01 3.9393939394e-01 7.0076719888e+00
-4.5454545455e-01 4.5454545455e-01 7.1472108036e+00
-4.5454545455e-01 5.1515151515e-01 7.3241875357e+00
-4.5454545455e-01 5.7575757576e-01 7.5511261344e+00
-4.5454545455e-01 6.3636363636e-01 7.8490744857e+00
-4.5454545455e-01 6.9696969697e-01 8.2571193251e+00
-4.5454545455e-01 7.5757575758e-01 8.8604699954e+00
-4.5454545455e-01 8.1818181818e-01 9.9098550997e+00
-4.5454545455e-01 8.7878787879e-01 1.3309649148e+01
-4.5454545455e-01 9.3939393939e-01 1.0245698967e+01
-4.5454545455e-01 1.0000000000e+00 8.4776771990e+00
-4.5454545455e-01 1.0606060606e+00 7.4819792489e+00
-4.5454545455e-01 1.1212121212e+00 6.7820187966e+00
-4.5454545455e-01 1.1818181818e+00 6.2423570772e+00
-4.5454545455e-01 1.2424242424e+00 5.8044416246e+00
-4.5454545455e-01 1.3030303030e+00 5.4373067664e+00
-4.5454545455e-01 1.3636363636e+00 5.1224512860e+00
-4.5454545455e-01 1.4242424242e+00 4.8478721085e+00
-4.5454545455e-01 1.4848484848e+00 4.6053053432e+00
-4.5454545455e-01 1.5454545455e+00 4.3888006552e+00
-4.5454545455e-01 1.6060606061e+00 4.1939211476e+00
-4.5454545455e-01 1.6666666667e+00 4.0172645642e+00
-4.5454545455e-01 1.7272727273e+00 3.8561616902e+00
-4.5454545455e-01 1.7878787879e+00 3.7084782213e+00
-4.5454545455e-01 1.8484848485e+00 3.5724799672e+00
-4.5454545455e-01 1.9090909091e+00 3.4467383862e+00
-4.5454545455e-01 1.9696969697e+00 3.3300626819e+00
-4.5454545455e-01 2.0303030303e+00 3.2214499111e+00
-4.5454545455e-01 2.0909090909e+00 3.1200476144e+00
-4.5454545455e-01 2.1515151515e+00 3.0251253513e+00
-4.5454545455e-01 2.2121212121e+00 2.9360526914e+00
-4.5454545455e-01 2.2727272727e+00 2.8522819682e+00
-4.5454545455e-01 2.3333333333e+00 2.7733346035e+00
-4.5454545455e-01 2.3939393939e+00 2.6987901451e+00
-4.5454545455e-01 2.4545454545e+00 2.6282773932e+00
-4.5454545455e-01 2.5151515152e+00 2.5614671537e+00
-4.5454545455e-01 2.5757575758e+00 2.4980662720e+00
-4.5454545455e-01 2.6363636364e+00 2.4378126839e+00
-4.5454545455e-01 2.6969696970e+00 2.3804712827e+00
-4.5454545455e-01 2.7575757576e+00 2.3258304451e+00
-4.5454545455e-01 2.8181818182e+00 2.2736990950e+00
-4.5454545455e-01 2.8787878788e+00 2.2239042068e+00
-4.5454545455e-01 2.9393939394e+00 2.1762886732e+00
-4.5454545455e-01 3.0000000000e+00 2.1307094743e+00

-3.9393939394e-01 -3.0000000000e+00 2.1370455206e+00
-3.9393939394e-01 -2.9393939394e+00 2.1830421463e+00
-3.9393939394e-01 -2.8787878788e+00 2.2311131090e+00
-3.9393939394e-01 -2.8181818182e+00 2.2814059221e+00
-3.9393939394e-01 -2.7575757576e+00 2.3340828511e+00
-3.9393939394e-01 -2.6969696970e+00 2.3893228634e+00
-3.9393939394e-01 -2.6363636364e+00 2.4473239074e+00
-3.9393939394e-01 -2.5757575758e+00 2.5083055861e+00
-3.9393939394e-01 -2.5151515152e+00 2.5725123129e+00
-3.9393939394e-01 -2.4545454545e+00 2.6402170575e+00
-3.9393939394e-01 -2.3939393939e+00 2.7117258166e+00
-3.9393939394e-01 -2.3333333333e+00 2.7873829889e+00
-3.9393939394e-01 -2.2727272727e+00 2.8675778805e+00
-3.9393939394e-01 -2.2121212121e+00 2.9527526409e+00
-3.9393939394e-01 -2.1515151515e+00 3.0434120266e+00
-3.9393939394e-01 -2.0909090909e+00 3.1401355252e+00
-3.9393939394e-01 -2.0303030303e+00 3.2435925646e+00
-3.9393939394e-01 -1.9696969697e+00 3.3545618103e+00
-3.9393939394e-01 -1.9090909091e+00 3.4739559577e+00
-3.9393939394e-01 -1.8484848485e+00 3.6028540355e+00
-3.9393939394e-01 -1.7878787879e+00 3.7425441626e+00
-3.9393939394e-01 -1.7272727273e+00 3.8945811627e+00
-3.9393939394e-01 -1.6666666667e+00 4.0608657929e+00
-3.9393939394e-01 -1.6060606061e+00 4.2437562743e+00
-3.9393939394e-01 -1.5454545455e+00 4.4462296157e+00
-3.9393939394e-01 -1.4848484848e+00 4.6721225190e+00
-3.9393939394e-01 -1.4242424242e+00 4.9265050379e+00
-3.9393939394e-01 -1.3636363636e+00 5.2162873627e+00
-3.9393939394e-01 -1.3030303030e+00 5.5512626149e+00
-3.9393939394e-01 -1.2424242424e+00 5.9460323476e+00
-3.9393939394e-01 -1.1818181818e+00 6.4239132602e+00
-3.9393939394e-01 -1.1212121212e+00 7.0259640537e+00
-3.9393939394e-01 -1.0606060606e+00 7.8363012799e+00
-3.9393939394e-01 -1.0000000000e+00 9.0810687898e+00
-3.9393939394e-01 -9.3939393939e-01 1.2029231796e+01
-3.9393939394e-01 -8.7878787879e-01 1.0920260988e+01
-3.9393939394e-01 -8.1818181818e-01 9.2684101083e+00
-3.9393939394e-01 -7.5757575758e-01 8.4826580639e+00
-3.9393939394e-01 -6.9696969697e-01 7.9858438993e+00
-3.9393939394e-01 -6.3636363636e-01 7.6347606316e+00
-3.9393939394e-01 -5.7575757576e-01 7.3718218992e+00
-3.9393939394e-01 -5.1515151515e-01 7.1682407506e+00
-3.9393939394e-01 -4.5454545455e-01 7.0076719888e+00
-3.9393939394e-01 -3.9393939394e-01 6.8800344405e+00
-3.9393939394e-01 -3.3333333333e-01 6.7787541440e+00
-3.9393939394e-01 -2.7272727273e-01 6.6993857609e+00
-3.9393939394e-01 -2.1212121212e-01 6.6388648187e+00
-3.9393939394e-01 -1.5151515152e-01 6.5950782113e+00
-3.9393939394e-01 -9.0909090909e-02 6.5666087895e+00
-3.9393939394e-01 -3.0303030303e-02 6.5525826981e+00
-3.9393939394e-01 3.0303030303e-02 6.5525826981e+00
-3.9393939394e-01 9.0909090909e-02 6.5666087895e+00
-3.9393939394e-01 1.5151515152e-01 6.5950782113e+00
-3.9393939394e-01 2.1212121212e-01 6.6388648187e+00
-3.9393939394e-01 2.7272727273e-01 6.6993857609e+00
-3.9393939394e-01 3.3333333333e-01 6.7787541440e+00
-3.9393939394e-01 3.9393939394e-01 6.8800344405e+00
-3.9393939394e-01 4.5454545455e-01 7.0076719888e+00
-3.9393939394e-01 5.1515151515e-01 7.1682407506e+00
-3.9393939394e-01 5.7575757576e-01 7.3718218992e+00
-3.9393939394e-01 6.3636363636e-01 7.6347606316e+00
-3.9393939394e-01 6.9696969697e-01 7.9858438993e+00
-3.9393939394e-01 7.5757575758e-01 8.4826580639e+00
-3.9393939394e-01 8.1818181818e-01 9.2684101083e+00
-3.9393939394e-01 8.7878787879e-01 1.0920260988e+01
-3.9393939394e-01 9.3939393939e-01 1.2029231796e+01
-3.9393939394e-01 1.0000000000e+00 9.0810687898e+00
-3.9393939394e-01 1.0606060606e+00 7.8363012799e+00
-3.9393939394e-01 1.1212121212e+00 7.0259640537e+00
-3.9393939394e-01 1.1818181818e+00 6.4239132602e+00
-3.9393939394e-01 1.2424242424e+00 5.9460323476e+00
-3.9393939394e-01 1.3030303030e+00 5.5512626149e+00
-3.9393939394e-01 1.3636363636e+00 5.2162873627e+00
-3.9393939394e-01 1.4242424242e+00 4.9265050379e+00
-3.9393939394e-01 1.4848484848e+00 4.6721225190e+00
-3.9393939394e-01 1.5454545455e+00 4.4462296157e+00
-3.9393939394e-01 1.6060606061e+00 4.2437562743e+00
-3.9393939394e-01 1.6666666667e+00 4.0608657929e+00
-3.9393939394e-01 1.7272727273e+00 3.8945811627e+00
-3.9393939394e-01 1.7878787879e+00 3.7425441626e+00
-3.9393939394e-01 1.8484848485e+00 3.6028540355e+00
-3.9393939394e-01 1.9090909091e+00 3.4739559577e+00
-3.9393939394e-01 1.9696969697e+00 3.3545618103e+00
-3.9393939394e-01 2.0303030303e+00 3.2435925646e+00
-3.9393939394e-01 2.0909090909e+00 3.1401355252e+00
-3.9393939394e-01 2.1515151515e+00 3.0434120266e+00
-3.9393939394e-01 2.2121212121e+00 2.9527526409e+00
-3.9393939394e-01 2.2727272727e+00 2.8675778805e+00
-3.9393939394e-01 2.3333333333e+00 2.7873829889e+00
-3.9393939394e-01 2.3939393939e+00 2.7117258166e+00
-3.9393939394e-01 2.4545454545e+00 2.6402170575e+00
-3.9393939394e-01 2.5151515152e+00 2.5725123129e+00
-3.9393939394e-01 2.5757575758e+00 2.5083055861e+00
-3.9393939394e-01 2.6363636364e+00 2.4473239074e+00
-3.9393939394e-01 2.6969696970e+00 2.3893228634e+00
-3.9393939394e-01 2.7575757576e+00 2.3340828511e+00
-3.9393939394e-01 2.8181818182e+00 2.2814059221e+00
-3.9393939394e-01 2.8787878788e+00 2.2311131090e+00
-3.9393939394e-01 2.9393939394e+00 2.1830421463e+00
-3.9393939394e-01 3.0000000000e+00 2.1370455206e+00

-3.3333333333e-01 -3.0000000000e+00 2.1425217191e+00
-3.3333333333e-01 -2.9393939394e+00 2.1888812462e+00
-3.3333333333e-01 -2.8787878788e+00 2.2373483981e+00
-3.3333333333e-01 -2.8181818182e+00 2.2880746608e+00
-3.3333333333e-01 -2.7575757576e+00 2.3412268660e+00
-3.3333333333e-01 -2.6969696970e+00 2.3969892497e+00
-3.3333333333e-01 -2.6363636364e+00 2.4555658629e+00
-3.3333333333e-01 -2.5757575758e+00 2.5171834072e+00
-3.3333333333e-01 -2.5151515152e+00 2.5820945914e+00
-3.3333333333e-01 -2.4545454545e+00 2.6505821242e+00
-3.3333333333e-01 -2.3939393939e+00 2.7229634969e+00
-3.3333333333e-01 -2.3333333333e+00 2.7995967498e+00
-3.3333333333e-01 -2.2727272727e+00 2.8808874763e+00
-3.3333333333e-01 -2.2121212121e+00 2.9672973995e+00
-3.3333333333e-01 -2.1515151515e+00 3.0593549660e+00
-3.3333333333e-01 -2.0909090909e+00 3.1576685597e+00
-3.3333333333e-01 -2.0303030303e+00 3.2629431573e+00
-3.3333333333e-01 -1.9696969697e+00 3.3760015720e+00
-3.3333333333e-01 -1.9090909091e+00 3.4978119063e+00
-3.3333333333e-01 -1.8484848485e+00 3.6295235497e+00
-3.3333333333e-01 -1.7878787879e+00 3.7725151701e+00
-3.3333333333e-01 -1.7272727273e+00 3.9284599012e+00
-3.3333333333e-01 -1.6666666667e+00 4.0994158042e+00
-3.3333333333e-01 -1.6060606061e+00 4.2879545420e+00
-3.3333333333e-01 -1.5454545455e+00 4.4973497544e+00
-3.3333333333e-01 -1.4848484848e+00 4.7318623642e+00
-3.3333333333e-01 -1.4242424242e+00 4.9971906377e+00
-3.3333333333e-01 -1.3636363636e+00 5.3012162360e+00
-3.3333333333e-01 -1.3030303030e+00 5.6553198041e+00
-3.3333333333e-01 -1.2424242424e+00 6.0768925108e+00
-3.3333333333e-01 -1.1818181818e+00 6.5946670249e+00
-3.3333333333e-01 -1.1212121212e+00 7.2618660797e+00
-3.3333333333e-01 -1.0606060606e+00 8.1971727394e+00
-3.3333333333e-01 -1.0000000000e+00 9.7831717151e+00
-3.3333333333e-01 -9.3939393939e-01 1.5659309935e+01
-3.3333333333e-01 -8.7878787879e-01 1.0023915269e+01
-3.3333333333e-01 -8.1818181818e-01 8.8604699954e+00
-3.3333333333e-01 -7.5757575758e-01 8.2154923374e+00
-3.3333333333e-01 -6.9696969697e-01 7.7848350091e+00
-3.3333333333e-01 -6.3636363636e-01 7.4717360597e+00
-3.3333333333e-01 -5.7575757576e-01 7.2331352382e+00
-3.3333333333e-01 -5.1515151515e-01 7.0462376043e+00
-3.3333333333e-01 -4.5454545455e-01 6.8976110827e+00
-3.3333333333e-01 -3.9393939394e-01 6.7787541440e+00
-3.3333333333e-01 -3.3333333333e-01 6.6840174433e+00
-3.3333333333e-01 -2.7272727273e-01 6.6095267198e+00
-3.3333333333e-01 -2.1212121212e-01 6.5525826981e+00
-3.3333333333e-01 -1.5151515152e-01 6.5113092543e+00
-3.3333333333e-01 -9.0909090909e-02 6.4844408811e+00
-3.3333333333e-01 -3.0303030303e-02 6.4711941539e+00
-3.3333333333e-01 3.0303030303e-02 6.4711941539e+00
-3.3333333333e-01 9.0909090909e-02 6.4844408811e+00
-3.3333333333e-01 1.5151515152e-01 6.5113092543e+00
-3.3333333333e-01 2.1212121212e-01 6.5525826981e+00
-3.3333333333e-01 2.7272727273e-01 6.6095267198e+00
-3.3333333333e-01 3.3333333333e-01 6.6840174433e+00
-3.3333333333e-01 3.9393939394e-01 6.7787541440e+00
-3.3333333333e-01 4.5454545455e-01 6.8976110827e+00
-3.3333333333e-01 5.1515151515e-01 7.0462376043e+00
-3.3333333333e-01 5.7575757576e-01 7.2331352382e+00
-3.3333333333e-01 6.3636363636e-01 7.4717360597e+00
-3.3333333333e-01 6.9696969697e-01 7.7848350091e+00
-3.3333333333e-01 7.5757575758e-01 8.2154923374e+00
-3.3333333333e-01 8.1818181818e-01 8.8604699954e+00
-3.3333333333e-01 8.7878787879e-01 1.0023915269e+01
-3.3333333333e-01 9.3939393939e-01 1.5659309935e+01
-3.3333333333e-01 1.0000000000e+00 9.7831717151e+00
-3.3333333333e-01 1.0606060606e+00 8.1971727394e+00
-3.3333333333e-01 1.1212121212e+00 7.2618660797e+00
-3.3333333333e-01 1.1818181818e+00 6.5946670249e+00
-3.3333333333e-01 1.2424242424e+00 6.0768925108e+00
-3.3333333333e-01 1.3030303030e+00 5.6553198041e+00
-3.3333333333e-01 1.3636363636e+00 5.3012162360e+00
-3.3333333333e-01 1.4242424242e+00 4.9971906377e+00
-3.3333333333e-01 1.4848484848e+00 4.7318623642e+00
-3.3333333333e-01 1.5454545455e+00 4.4973497544e+00
-3.3333333333e-01 1.6060606061e+00 4.2879545420e+00
-3.3333333333e-01 1.6666666667e+00 4.0994158042e+00
-3.3333333333e-01 1.7272727273e+00 3.9284599012e+00
-3.3333333333e-01 1.7878787879e+00 3.7725151701e+00
-3.3333333333e-01 1.8484848485e+00 3.6295235497e+00
-3.3333333333e-01 1.9090909091e+00 3.4978119063e+00
-3.3333333333e-01 1.9696969697e+00 3.3760015720e+00
-3.3333333333e-01 2.0303030303e+00 3.2629431573e+00
-3.3333333333e-01 2.0909090909e+00 3.1576685597e+00
-3.3333333333e-01 2.1515151515e+00 3.0593549660e+00
-3.3333333333e-01 2.2121212121e+00 2.9672973995e+00
-3.3333333333e-01 2.2727272727e+00 2.8808874763e+00
-3.3333333333e-01 2.3333333333e+00 2.7995967498e+00
-3.3333333333e-01 2.3939393939e+00 2.7229634969e+00
-3.3333333333e-01 2.4545454545e+00 2.6505821242e+00
-3.3333333333e-01 2.5151515152e+00 2.5820945914e+00
-3.3333333333e-01 2.5757575758e+00 2.5171834072e+00
-3.3333333333e-01 2.6363636364e+00 2.4555658629e+00
-3.3333333333e-01 2.6969696970e+00 2.3969892497e+00
-3.3333333333e-01 2.7575757576e+00 2.3412268660e+00
-3.3333333333e-01 2.8181818182e+00 2.2880746608e+00
-3.3333333333e-01 2.8787878788e+00 2.2373483981e+00
-3.3333333333e-01 2.9393939394e+00 2.1888812462e+00
-3.3333333333e-01 3.0000000000e+00 2.1425217191e+00

-2.7272727273e-01 -3.0000000000e+00 2.1471175738e+00
-2.7272727273e-01 -2.9393939394e+00 2.1937831866e+00
-2.7272727273e-01 -2.8787878788e+00 2.2425846806e+00
-2.7272727273e-01 -2.8181818182e+00 2.2936769405e+00
-2.7272727273e-01 -2.7575757576e+00 2.3472307090e+00
-2.7272727273e-01 -2.6969696970e+00 2.4034347406e+00
-2.7272727273e-01 -2.6363636364e+00 2.4624983273e+00
-2.7272727273e-01 -2.5757575758e+00 2.5246542767e+00
-2.7272727273e-01 -2.5151515152e+00 2.5901624433e+00
-2.7272727273e-01 -2.4545454545e+00 2.6593139407e+00
-2.7272727273e-01 -2.3939393939e+00 2.7324361987e+00
-2.7272727273e-01 -2.3333333333e+00 2.8098990765e+00
-2.7272727273e-01 -2.2727272727e+00 2.8921223106e+00
-2.7272727273e-01 -2.2121212121e+00 2.9795846620e+00
-2.7272727273e-01 -2.1515151515e+00 3.0728352549e+00
-2.7272727273e-01 -2.0909090909e+00 3.1725077696e+00
-2.7272727273e-01 -2.0303030303e+00 3.2793384061e+00
-2.7272727273e-01 -1.9696969697e+00 3.3941888969e+00
-2.7272727273e-01 -1.9090909091e+00 3.5180763903e+00
-2.7272727273e-01 -1.8484848485e+00 3.6522128500e+00
-2.7272727273e-01 -1.7878787879e+00 3.7980578980e+00
-2.7272727273e-01 -1.7272727273e+00 3.9573910833e+00
-2.7272727273e-01 -1.6666666667e+00 4.1324129493e+00
-2.7272727273e-01 -1.6060606061e+00 4.3258900771e+00
-2.7272727273e-01 -1.5454545455e+00 4.5413696326e+00
-2.7272727273e-01 -1.4848484848e+00 4.7835083056e+00
-2.7272727273e-01 -1.4242424242e+00 5.0585988805e+00
-2.7272727273e-01 -1.3636363636e+00 5.3754590397e+00
-2.7272727273e-01 -1.3030303030e+00 5.7470349426e+00
-2.7272727273e-01 -1.2424242424e+00 6.1935558754e+00
-2.7272727273e-01 -1.1818181818e+00 6.7495139598e+00
-2.7272727273e-01 -1.1212121212e+00 7.4819792489e+00
-2.7272727273e-01 -1.0606060606e+00 8.5540495810e+00
-2.7272727273e-01 -1.0000000000e+00 1.0621441484e+01
-2.7272727273e-01 -9.3939393939e-01 1.1917338375e+01
-2.7272727273e-01 -8.7878787879e-01 9.5152695761e+00
-2.7272727273e-01 -8.1818181818e-01 8.5822160322e+00
-2.7272727273e-01 -7.5757575758e-01 8.0219322087e+00
-2.7272727273e-01 -6.9696969697e-01 7.6347606316e+00
-2.7272727273e-01 -6.3636363636e-01 7.3478205748e+00
-2.7272727273e-01 -5.7575757576e-01 7.1264687523e+00
-2.7272727273e-01 -5.1515151515e-01 6.9516254645e+00
-2.7272727273e-01 -4.5454545455e-01 6.8117463457e+00
-2.7272727273e-01 -3.9393939394e-01 6.6993857609e+00
-2.7272727273e-01 -3.3333333333e-01 6.6095267198e+00
-2.7272727273e-01 -2.7272727273e-01 6.5386923486e+00
-2.7272727273e-01 -2.1212121212e-01 6.4844408811e+00
-2.7272727273e-01 -1.5151515152e-01 6.4450649833e+00
-2.7272727273e-01 -9.0909090909e-02 6.4194079568e+00
-2.7272727273e-01 -3.0303030303e-02 6.4067515962e+00
-2.7272727273e-01 3.0303030303e-02 6.4067515962e+00
-2.7272727273e-01 9.0909090909e-02 6.4194079568e+00
-2.7272727273e-01 1.5151515152e-01 6.4450649833e+00
-2.7272727273e-01 2.1212121212e-01 6.4844408811e+00
-2.7272727273e-01 2.7272727273e-01 6.5386923486e+00
-2.7272727273e-01 3.3333333333e-01 6.6095267198e+00
-2.7272727273e-01 3.9393939394e-01 6.6993857609e+00
-2.7272727273e-01 4.5454545455e-01 6.8117463457e+00
-2.7272727273e-01 5.1515151515e-01 6.9516254645e+00
-2.7272727273e-01 5.7575757576e-01 7.1264687523e+00
-2.7272727273e-01 6.3636363636e-01 7.3478205748e+00
-2.7272727273e-01 6.9696969697e-01 7.6347606316e+00
-2.7272727273e-01 7.5757575758e-01 8.0219322087e+00
-2.7272727273e-01 8.1818181818e-01 8.5822160322e+00
-2.7272727273e-01 8.7878787879e-01 9.5152695761e+00
-2.7272727273e-01 9.3939393939e-01 1.1917338375e+01
-2.7272727273e-01 1.0000000000e+00 1.0621441484e+01
-2.7272727273e-01 1.0606060606e+00 8.5540495810e+00
-2.7272727273e-01 1.1212121212e+00 7.4819792489e+00
-2.7272727273e-01 1.1818181818e+00 6.7495139598e+00
-2.7272727273e-01 1.2424242424e+00 6.1935558754e+00
-2.7272727273e-01 1.3030303030e+00 5.7470349426e+00
-2.7272727273e-01 1.3636363636e+00 5.3754590397e+00
-2.7272727273e-01 1.4242424242e+00 5.0585988805e+00
-2.7272727273e-01 1.4848484848e+00 4.7835083056e+00
-2.7272727273e-01 1.5454545455e+00 4.5413696326e+00
-2.7272727273e-01 1.6060606061e+00 4.3258900771e+00
-2.7272727273e-01 1.6666666667e+00 4.1324129493e+00
-2.7272727273e-01 1.7272727273e+00 3.9573910833e+00
-2.7272727273e-01 1.7878787879e+00 3.7980578980e+00
-2.7272727273e-01 1.8484848485e+00 3.6522128500e+00
-2.7272727273e-01 1.9090909091e+00 3.5180763903e+00
-2.7272727273e-01 1.9696969697e+00 3.3941888969e+00
-2.7272727273e-01 2.0303030303e+00 3.2793384061e+00
-2.7272727273e-01 2.0909090909e+00 3.1725077696e+00
-2.7272727273e-01 2.1515151515e+00 3.0728352549e+00
-2.7272727273e-01 2.2121212121e+00 2.9795846620e+00
-2.7272727273e-01 2.2727272727e+00 2.8921223106e+00
-2.7272727273e-01 2.3333333333e+00 2.8098990765e+00
-2.7272727273e-01 2.3939393939e+00 2.7324361987e+00
-2.7272727273e-01 2.4545454545e+00 2.6593139407e+00
-2.7272727273e-01 2.5151515152e+00 2.5901624433e+00
-2.7272727273e-01 2.5757575758e+00 2.5246542767e+00
-2.7272727273e-01 2.6363636364e+00 2.4624983273e+00
-2.7272727273e-01 2.6969696970e+00 2.4034347406e+00
-2.7272727273e-01 2.7575757576e+00 2.3472307090e+00
-2.7272727273e-01 2.8181818182e+00 2.2936769405e+00
-2.7272727273e-01 2.8787878788e+00 2.2425846806e+00
-2.7272727273e-01 2.9393939394e+00 2.1937831866e+00
-2.7272727273e-01 3.0000000000e+00 2.1471175738e+00

-2.1212121212e-01 -3.0000000000e+00 2.1508156648e+00
-2.1212121212e-01 -2.9393939394e+00 2.1977285841e+00
-2.1212121212e-01 -2.8787878788e+00 2.2468003352e+00
-2.1212121212e-01 -2.8181818182e+00 2.2981885807e+00
-2.1212121212e-01 -2.7575757576e+00 2.3520672637e+00
-2.1212121212e-01 -2.6969696970e+00 2.4086288399e+00
-2.1212121212e-01 -2.6363636364e+00 2.4680868990e+00
-2.1212121212e-01 -2.5757575758e+00 2.5306792620e+00
-2.1212121212e-01 -2.5151515152e+00 2.5966716584e+00
-2.1212121212e-01 -2.4545454545e+00 2.6663621219e+00
-2.1212121212e-01 -2.3939393939e+00 2.7400862776e+00
-2.1212121212e-01 -2.3333333333e+00 2.8182237474e+00
-2.1212121212e-01 -2.2727272727e+00 2.9012059719e+00
-2.1212121212e-01 -2.2121212121e+00 2.9895258412e+00
-2.1212121212e-01 -2.1515151515e+00 3.0837496642e+00
-2.1212121212e-01 -2.0909090909e+00 3.1845321976e+00
-2.1212121212e-01 -2.0303030303e+00 3.2926357269e+00
-2.1212121212e-01 -1.9696969697e+00 3.4089545993e+00
-2.1212121212e-01 -1.9090909091e+00 3.5345472066e+00
-2.1212121212e-01 -1.8484848485e+00 3.6706783360e+00
-2.1212121212e-01 -1.7878787879e+00 3.8188762525e+00
-2.1212121212e-01 -1.7272727273e+00 3.9810111968e+00
-2.1212121212e-01 -1.6666666667e+00 4.1594058590e+00
-2.1212121212e-01 -1.6060606061e+00 4.3569950794e+00
-2.1212121212e-01 -1.5454545455e+00 4.5775640898e+00
-2.1212121212e-01 -1.4848484848e+00 4.8261174853e+00
-2.1212121212e-01 -1.4242424242e+00 5.1094771323e+00
-2.1212121212e-01 -1.3636363636e+00 5.4373067664e+00
-2.1212121212e-01 -1.3030303030e+00 5.8239966425e+00
-2.1212121212e-01 -1.2424242424e+00 6.2924676393e+00
-2.1212121212e-01 -1.1818181818e+00 6.8828979093e+00
-2.1212121212e-01 -1.1212121212e+00 7.6769323600e+00
-2.1212121212e-01 -1.0606060606e+00 8.8904854836e+00
-2.1212121212e-01 -1.0000000000e+00 1.1662373196e+01
-2.1212121212e-01 -9.3939393939e-01 1.0920260988e+01
-2.1212121212e-01 -8.7878787879e-01 9.1933439177e+00
-2.1212121212e-01 -8.1818181818e-01 8.3887205854e+00
-2.1212121212e-01 -7.5757575758e-01 7.8821896767e+00
-2.1212121212e-01 -6.9696969697e-01 7.5242114704e+00
-2.1212121212e-01 -6.3636363636e-01 7.2553955952e+00
-2.1212121212e-01 -5.7575757576e-01 7.0462376043e+00
-2.1212121212e-01 -5.1515151515e-01 6.8800344405e+00
-2.1212121212e-01 -4.5454545455e-01 6.7464877795e+00
-2.1212121212e-01 -3.9393939394e-01 6.6388648187e+00
-2.1212121212e-01 -3.3333333333e-01 6.5525826981e+00
-2.1212121212e-01 -2.7272727273e-01 6.4844408811e+00
-2.1212121212e-01 -2.1212121212e-01 6.4321784444e+00
-2.1212121212e-01 -1.5151515152e-01 6.3942074849e+00
-2.1212121212e-01 -9.0909090909e-02 6.3694487238e+00
-2.1212121212e-01 -3.0303030303e-02 6.3572305384e+00
-2.1212121212e-01 3.0303030303e-02 6.3572305384e+00
-2.1212121212e-01 9.0909090909e-02 6.3694487238e+00
-2.1212121212e-01 1.5151515152e-01 6.3942074849e+00
-2.1212121212e-01 2.1212121212e-01 6.4321784444e+00
-2.1212121212e-01 2.7272727273e-01 6.4844408811e+00
-2.1212121212e-01 3.3333333333e-01 6.5525826981e+00
-2.1212121212e-01 3.9393939394e-01 6.6388648187e+00
-2.1212121212e-01 4.5454545455e-01 6.7464877795e+00
-2.1212121212e-01 5.1515151515e-01 6.8800344405e+00
-2.1212121212e-01 5.7575757576e-01 7.0462376043e+00
-2.1212121212e-01 6.3636363636e-01 7.2553955952e+00
-2.1212121212e-01 6.9696969697e-01 7.5242114704e+00
-2.1212121212e-01 7.5757575758e-01 7.8821896767e+00
-2.1212121212e-01 8.1818181818e-01 8.3887205854e+00
-2.1212121212e-01 8.7878787879e-01 9.1933439177e+00
-2.1212121212e-01 9.3939393939e-01 1.0920260988e+01
-2.1212121212e-01 1.0000000000e+00 1.1662373196e+01
-2.1212121212e-01 1.0606060606e+00 8.8904854836e+00
-2.1212121212e-01 1.1212121212e+00 7.6769323600e+00
-2.1212121212e-01 1.1818181818e+00 6.8828979093e+00
-2.1212121212e-01 1.2424242424e+00 6.2924676393e+00
-2.1212121212e-01 1.3030303030e+00 5.8239966425e+00
-2.1212121212e-01 1.3636363636e+00 5.4373067664e+00
-2.1212121212e-01 1.4242424242e+00 5.1094771323e+00
-2.1212121212e-01 1.4848484848e+00 4.8261174853e+00
-2.1212121212e-01 1.5454545455e+00 4.5775640898e+00
-2.1212121212e-01 1.6060606061e+00 4.3569950794e+00
-2.1212121212e-01 1.6666666667e+00 4.1594058590e+00
-2.1212121212e-01 1.7272727273e+00 3.9810111968e+00
-2.1212121212e-01 1.7878787879e+00 3.8188762525e+00
-2.1212121212e-01 1.8484848485e+00 3.6706783360e+00
-2.1212121212e-01 1.9090909091e+00 3.5345472066e+00
-2.1212121212e-01 1.9696969697e+00 3.4089545993e+00
-2.1212121212e-01 2.0303030303e+00 3.2926357269e+00
-2.1212121212e-01 2.0909090909e+00 3.1845321976e+00
-2.1212121212e-01 2.1515151515e+00 3.0837496642e+00
-2.1212121212e-01 2.2121212121e+00 2.9895258412e+00
-2.1212121212e-01 2.2727272727e+00 2.9012059719e+00
-2.1212121212e-01 2.3333333333e+00 2.8182237474e+00
-2.1212121212e-01 2.3939393939e+00 2.7400862776e+00
-2.1212121212e-01 2.4545454545e+00 2.6663621219e+00
-2.1212121212e-01 2.5151515152e+00 2.5966716584e+00
-2.1212121212e-01 2.5757575758e+00 2.5306792620e+00
-2.1212121212e-01 2.6363636364e+00 2.4680868990e+00
-2.1212121212e-01 2.6969696970e+00 2.4086288399e+00
-2.1212121212e-01 2.7575757576e+00 2.3520672637e+00
-2.1212121212e-01 2.8181818182e+00 2.2981885807e+00
-2.1212121212e-01 2.8787878788e+00 2.2468003352e+00
-2.1212121212e-01 2.9393939394e+00 2.1977285841e+00
-2.1212121212e-01 3.0000000000e+00 2.1508156648e+00

-1.5151515152e-01 -3.0000000000e+00 2.1536018288e+00
-1.5151515152e-01 -2.9393939394e+00 2.2007016679e+00
-1.5151515152e-01 -2.8787878788e+00 2.2499777565e+00
-1.5151515152e-01 -2.8181818182e+00 2.3015898762e+00
-1.5151515152e-01 -2.7575757576e+00 2.3557144129e+00
-1.5151515152e-01 -2.6969696970e+00 2.4125466496e+00
-1.5151515152e-01 -2.6363636364e+00 2.4723034626e+00
-1.5151515152e-01 -2.5757575758e+00 2.5352265096e+00
-1.5151515152e-01 -2.5151515152e+00 2.6015860216e+00
-1.5151515152e-01 -2.4545454545e+00 2.6716853400e+00
-1.5151515152e-01 -2.3939393939e+00 2.7458663837e+00
-1.5151515152e-01 -2.3333333333e+00 2.8245162822e+00
-1.5151515152e-01 -2.2727272727e+00 2.9080754896e+00
-1.5151515152e-01 -2.2121212121e+00 2.9970477941e+00
-1.5151515152e-01 -2.1515151515e+00 3.0920127841e+00
-1.5151515152e-01 -2.0909090909e+00 3.1936415334e+00
-1.5151515152e-01 -2.0303030303e+00 3.3027165674e+00
-1.5151515152e-01 -1.9696969697e+00 3.4201576004e+00
-1.5151515152e-01 -1.9090909091e+00 3.5470551891e+00
-1.5151515152e-01 -1.8484848485e+00 3.6847154448e+00
-1.5151515152e-01 -1.7878787879e+00 3.8347205199e+00
-1.5151515152e-01 -1.7272727273e+00 3.9990121400e+00
-1.5151515152e-01 -1.6666666667e+00 4.1800097268e+00
-1.5151515152e-01 -1.6060606061e+00 4.3807821072e+00
-1.5151515152e-01 -1.5454545455e+00 4.6053053432e+00
-1.5151515152e-01 -1.4848484848e+00 4.8588651497e+00
-1.5151515152e-01 -1.4242424242e+00 5.1487151842e+00
-1.5151515152e-01 -1.3636363636e+00 5.4852184697e+00
-1.5151515152e-01 -1.3030303030e+00 5.8839789803e+00
-1.5151515152e-01 -1.2424242424e+00 6.3702326808e+00
-1.5151515152e-01 -1.1818181818e+00 6.9892181848e+00
-1.5151515152e-01 -1.1212121212e+00 7.8363012799e+00
-1.5151515152e-01 -1.0606060606e+00 9.1831695145e+00
-1.5151515152e-01 -1.0000000000e+00 1.3041876590e+01
-1.5151515152e-01 -9.3939393939e-01 1.0417324672e+01
-1.5151515152e-01 -8.7878787879e-01 8.9859660127e+00
-1.5151515152e-01 -8.1818181818e-01 8.2571193251e+00
-1.5151515152e-01 -7.5757575758e-01 7.7848350091e+00
-1.5151515152e-01 -6.9696969697e-01 7.4461473149e+00
-1.5151515152e-01 -6.3636363636e-01 7.1895661699e+00
-1.5151515152e-01 -5.7575757576e-01 6.9887552179e+00
-1.5151515152e-01 -5.1515151515e-01 6.8285242611e+00
-1.5151515152e-01 -4.5454545455e-01 6.6993857609e+00
-1.5151515152e-01 -3.9393939394e-01 6.5950782113e+00
-1.5151515152e-01 -3.3333333333e-01 6.5113092543e+00
-1.5151515152e-01 -2.7272727273e-01 6.4450649833e+00
-1.5151515152e-01 -2.1212121212e-01 6.3942074849e+00
-1.5151515152e-01 -1.5151515152e-01 6.3572305384e+00
-1.5151515152e-01 -9.0909090909e-02 6.3331080288e+00
-1.5151515152e-01 -3.0303030303e-02 6.3212004112e+00
-1.5151515152e-01 3.0303030303e-02 6.3212004112e+00
-1.5151515152e-01 9.0909090909e-02 6.3331080288e+00
-1.5151515152e-01 1.5151515152e-01 6.3572305384e+00
-1.5151515152e-01 2.1212121212e-01 6.3942074849e+00
-1.5151515152e-01 2.7272727273e-01 6.4450649833e+00
-1.5151515152e-01 3.3333333333e-01 6.5113092543e+00
-1.5151515152e-01 3.9393939394e-01 6.5950782113e+00
-1.5151515152e-01 4.5454545455e-01 6.6993857609e+00
-1.5151515152e-01 5.1515151515e-01 6.8285242611e+00
-1.5151515152e-01 5.7575757576e-01 6.9887552179e+00
-1.5151515152e-01 6.3636363636e-01 7.1895661699e+00
-1.5151515152e-01 6.9696969697e-01 7.4461473149e+00
-1.5151515152e-01 7.5757575758e-01 7.7848350091e+00
-1.5151515152e-01 8.1818181818e-01 8.2571193251e+00
-1.5151515152e-01 8.7878787879e-01 8.9859660127e+00
-1.5151515152e-01 9.3939393939e-01 1.0417324672e+01
-1.5151515152e-01 1.0000000000e+00 1.3041876590e+01
-1.5151515152e-01 1.0606060606e+00 9.1831695145e+00
-1.5151515152e-01 1.1212121212e+00 7.8363012799e+00
-1.5151515152e-01 1.1818181818e+00 6.9892181848e+00
-1.5151515152e-01 1.2424242424e+00 6.3702326808e+00
-1.5151515152e-01 1.3030303030e+00 5.8839789803e+00
-1.5151515152e-01 1.3636363636e+00 5.4852184697e+00
-1.5151515152e-01 1.4242424242e+00 5.1487151842e+00
-1.5151515152e-01 1.4848484848e+00 4.8588651497e+00
-1.5151515152e-01 1.5454545455e+00 4.6053053432e+00
-1.5151515152e-01 1.6060606061e+00 4.3807821072e+00
-1.5151515152e-01 1.6666666667e+00 4.1800097268e+00
-1.5151515152e-01 1.7272727273e+00 3.9990121400e+00
-1.5151515152e-01 1.7878787879e+00 3.8347205199e+00
-1.5151515152e-01 1.8484848485e+00 3.6847154448e+00
-1.5151515152e-01 1.9090909091e+00 3.5470551891e+00
-1.5151515152e-01 1.9696969697e+00 3.4201576004e+00
-1.5151515152e-01 2.0303030303e+00 3.3027165674e+00
-1.5151515152e-01 2.0909090909e+00 3.1936415334e+00
-1.5151515152e-01 2.1515151515e+00 3.0920127841e+00
-1.5151515152e-01 2.2121212121e+00 2.9970477941e+00
-1.5151515152e-01 2.2727272727e+00 2.9080754896e+00
-1.5151515152e-01 2.3333333333e+00 2.8245162822e+00
-1.5151515152e-01 2.3939393939e+00 2.7458663837e+00
-1.5151515152e-01 2.4545454545e+00 2.6716853400e+00
-1.5151515152e-01 2.5151515152e+00 2.6015860216e+00
-1.5151515152e-01 2.5757575758e+00 2.5352265096e+00
-1.5151515152e-01 2.6363636364e+00 2.4723034626e+00
-1.5151515152e-01 2.6969696970e+00 2.4125466496e+00
-1.5151515152e-01 2.7575757576e+00 2.3557144129e+00
-1.5151515152e-01 2.8181818182e+00 2.3015898762e+00
-1.5151515152e-01 2.8787878788e+00 2.2499777565e+00
-1.5151515152e-01 2.9393939394e+00 2.2007016679e+00
-1.5151515152e-01 3.0000000000e+00 2.1536018288e+00

-9.0909090909e-02 -3.0000000000e+00 2.1554653084e+00
-9.0909090909e-02 -2.9393939394e+00 2.2026904528e+00
-9.0909090909e-02 -2.8787878788e+00 2.2521035573e+00
-9.0909090909e-02 -2.8181818182e+00 2.3038658332e+00
-9.0909090909e-02 -2.7575757576e+00 2.3581553157e+00
-9.0909090909e-02 -2.6969696970e+00 2.4151691977e+00
-9.0909090909e-02 -2.6363636364e+00 2.4751265770e+00
-9.0909090909e-02 -2.5757575758e+00 2.5382717066e+00
-9.0909090909e-02 -2.5151515152e+00 2.6048778646e+00
-9.0909090909e-02 -2.4545454545e+00 2.6752519884e+00
-9.0909090909e-02 -2.3939393939e+00 2.7497402644e+00
-9.0909090909e-02 -2.3333333333e+00 2.8287349178e+00
-9.0909090909e-02 -2.2727272727e+00 2.9126825268e+00
-9.0909090909e-02 -2.2121212121e+00 3.0020942930e+00
-9.0909090909e-02 -2.1515151515e+00 3.0975588486e+00
-9.0909090909e-02 -2.0909090909e+00 3.1997583970e+00
-9.0909090909e-02 -2.0303030303e+00 3.3094892893e+00
-9.0909090909e-02 -1.9696969697e+00 3.4276885987e+00
-9.0909090909e-02 -1.9090909091e+00 3.5554689360e+00
-9.0909090909e-02 -1.8484848485e+00 3.6941648091e+00
-9.0909090909e-02 -1.7878787879e+00 3.8453954954e+00
-9.0909090909e-02 -1.7272727273e+00 4.0111521125e+00
-9.0909090909e-02 -1.6666666667e+00 4.1939211476e+00
-9.0909090909e-02 -1.6060606061e+00 4.3968646970e+00
-9.0909090909e-02 -1.5454545455e+00 4.6240923037e+00
-9.0909090909e-02 -1.4848484848e+00 4.8810874784e+00
-9.0909090909e-02 -1.4242424242e+00 5.1754099221e+00
-9.0909090909e-02 -1.3636363636e+00 5.5179229732e+00
-9.0909090909e-02 -1.3030303030e+00 5.9251098855e+00
-9.0909090909e-02 -1.2424242424e+00 6.4239132602e+00
-9.0909090909e-02 -1.1818181818e+00 7.0634009512e+00
-9.0909090909e-02 -1.1212121212e+00 7.9497904286e+00
-9.0909090909e-02 -1.0606060606e+00 9.4033405660e+00
-9.0909090909e-02 -1.0000000000e+00 1.5125913000e+01
-9.0909090909e-02 -9.3939393939e-01 1.0145743539e+01
-9.0909090909e-02 -8.7878787879e-01 8.8604699954e+00
-9.0909090909e-02 -8.1818181818e-01 8.1748972380e+00
-9.0909090909e-02 -7.5757575758e-01 7.7230881876e+00
-9.0909090909e-02 -6.9696969697e-01 7.3962024360e+00
-9.0909090909e-02 -6.3636363636e-01 7.1472108036e+00
-9.0909090909e-02 -5.7575757576e-01 6.9516254645e+00
-9.0909090909e-02 -5.1515151515e-01 6.7951576197e+00
-9.0909090909e-02 -4.5454545455e-01 6.6688099011e+00
-9.0909090909e-02 -3.9393939394e-01 6.5666087895e+00
-9.0909090909e-02 -3.3333333333e-01 6.4844408811e+00
-9.0909090909e-02 -2.7272727273e-01 6.4194079568e+00
-9.0909090909e-02 -2.1212121212e-01 6.3694487238e+00
-9.0909090909e-02 -1.5151515152e-01 6.3331080288e+00
-9.0909090909e-02 -9.0909090909e-02 6.3093930861e+00
-9.0909090909e-02 -3.0303030303e-02 6.2976844996e+00
-9.0909090909e-02 3.0303030303e-02 6.2976844996e+00
-9.0909090909e-02 9.0909090909e-02 6.3093930861e+00
-9.0909090909e-02 1.5151515152e-01 6.3331080288e+00
-9.0909090909e-02 2.1212121212e-01 6.3694487238e+00
-9.0909090909e-02 2.7272727273e-01 6.4194079568e+00
-9.0909090909e-02 3.3333333333e-01 6.4844408811e+00
-9.0909090909e-02 3.9393939394e-01 6.5666087895e+00
-9.0909090909e-02 4.5454545455e-01 6.6688099011e+00
-9.0909090909e-02 5.1515151515e-01 6.7951576197e+00
-9.0909090909e-02 5.7575757576e-01 6.9516254645e+00
-9.0909090909e-02 6.3636363636e-01 7.1472108036e+00
-9.0909090909e-02 6.9696969697e-01 7.3962024360e+00
-9.0909090909e-02 7.5757575758e-01 7.7230881876e+00
-9.0909090909e-02 8.1818181818e-01 8.1748972380e+00
-9.0909090909e-02 8.7878787879e-01 8.8604699954e+00
-9.0909090909e-02 9.3939393939e-01 1.0145743539e+01
-9.0909090909e-02 1.0000000000e+00 1.5125913000e+01
-9.0909090909e-02 1.0606060606e+00 9.4033405660e+00
-9.0909090909e-02 1.1212121212e+00 7.9497904286e+00
-9.0909090909e-02 1.1818181818e+00 7.0634009512e+00
-9.0909090909e-02 1.2424242424e+00 6.4239132602e+00
-9.0909090909e-02 1.3030303030e+00 5.9251098855e+00
-9.0909090909e-02 1.3636363636e+00 5.5179229732e+00
-9.0909090909e-02 1.4242424242e+00 5.1754099221e+00
-9.0909090909e-02 1.4848484848e+00 4.8810874784e+00
-9.0909090909e-02 1.5454545455e+00 4.6240923037e+00
-9.0909090909e-02 1.6060606061e+00 4.3968646970e+00
-9.0909090909e-02 1.6666666667e+00 4.1939211476e+00
-9.0909090909e-02 1.7272727273e+00 4.0111521125e+00
-9.0909090909e-02 1.7878787879e+00 3.8453954954e+00
-9.0909090909e-02 1.8484848485e+00 3.6941648091e+00
-9.0909090909e-02 1.9090909091e+00 3.5554689360e+00
-9.0909090909e-02 1.9696969697e+00 3.4276885987e+00
-9.0909090909e-02 2.0303030303e+00 3.3094892893e+00
-9.0909090909e-02 2.0909090909e+00 3.1997583970e+00
-9.0909090909e-02 2.1515151515e+00 3.0975588486e+00
-9.0909090909e-02 2.2121212121e+00 3.0020942930e+00
-9.0909090909e-02 2.2727272727e+00 2.9126825268e+00
-9.0909090909e-02 2.3333333333e+00 2.8287349178e+00
-9.0909090909e-02 2.3939393939e+00 2.7497402644e+00
-9.0909090909e-02 2.4545454545e+00 2.6752519884e+00
-9.0909090909e-02 2.5151515152e+00 2.6048778646e+00
-9.0909090909e-02 2.5757575758e+00 2.5382717066e+00
-9.0909090909e-02 2.6363636364e+00 2.4751265770e+00
-9.0909090909e-02 2.6969696970e+00 2.4151691977e+00
-9.0909090909e-02 2.7575757576e+00 2.3581553157e+00
-9.0909090909e-02 2.8181818182e+00 2.3038658332e+00
-9.0909090909e-02 2.8787878788e+00 2.2521035573e+00
-9.0909090909e-02 2.9393939394e+00 2.2026904528e+00
-9.0909090909e-02 3.0000000000e+00 2.1554653084e+00

-3.0303030303e-02 -3.0000000000e+00 2.1563988672e+00
-3.0303030303e-02 -2.9393939394e+00 2.2036868731e+00
-3.0303030303e-02 -2.8787878788e+00 2.2531687244e+00
-3.0303030303e-02 -2.8181818182e+00 2.3050063523e+00
-3.0303030303e-02 -2.7575757576e+00 2.3593786229e+00
-3.0303030303e-02 -2.6969696970e+00 2.4164836918e+00
-3.0303030303e-02 -2.6363636364e+00 2.4765417766e+00
-3.0303030303e-02 -2.5757575758e+00 2.5397984396e+00
-3.0303030303e-02 -2.5151515152e+00 2.6065284962e+00
-3.0303030303e-02 -2.4545454545e+00 2.6770406995e+00
-3.0303030303e-02 -2.3939393939e+00 2.7516833916e+00
-3.0303030303e-02 -2.3333333333e+00 2.8308513729e+00
-3.0303030303e-02 -2.2727272727e+00 2.9149943190e+00
-3.0303030303e-02 -2.2121212121e+00 3.0046271831e+00
-3.0303030303e-02 -2.1515151515e+00 3.1003431783e+00
-3.0303030303e-02 -2.0909090909e+00 3.2028301493e+00
-3.0303030303e-02 -2.0303030303e+00 3.3128914626e+00
-3.0303030303e-02 -1.9696969697e+00 3.4314730081e+00
-3.0303030303e-02 -1.9090909091e+00 3.5596986117e+00
-3.0303030303e-02 -1.8484848485e+00 3.6989172414e+00
-3.0303030303e-02 -1.7878787879e+00 3.8507671080e+00
-3.0303030303e-02 -1.7272727273e+00 4.0172645642e+00
-3.0303030303e-02 -1.6666666667e+00 4.2009304322e+00
-3.0303030303e-02 -1.6060606061e+00 4.4049746764e+00
-3.0303030303e-02 -1.5454545455e+00 4.6335755469e+00
-3.0303030303e-02 -1.4848484848e+00 4.8923187329e+00
-3.0303030303e-02 -1.4242424242e+00 5.1889227444e+00
-3.0303030303e-02 -1.3636363636e+00 5.5345120431e+00
-3.0303030303e-02 -1.3030303030e+00 5.9460323476e+00
-3.0303030303e-02 -1.2424242424e+00 6.4513336676e+00
-3.0303030303e-02 -1.1818181818e+00 7.1015536063e+00
-3.0303030303e-02 -1.1212121212e+00 8.0089439061e+00
-3.0303030303e-02 -1.0606060606e+00 9.5225874095e+00
-3.0303030303e-02 -1.0000000000e+00 1.8011351788e+01
-3.0303030303e-02 -9.3939393939e-01 1.0023915269e+01
-3.0303030303e-02 -8.7878787879e-01 8.8010310708e+00
-3.0303030303e-02 -8.1818181818e-01 8.1352865560e+00
-3.0303030303e-02 -7.5757575758e-01 7.6930936506e+00
-3.0303030303e-02 -6.9696969697e-01 7.3718218992e+00
-3.0303030303e-02 -6.3636363636e-01 7.1264687523e+00
-3.0303030303e-02 -5.7575757576e-01 6.9334017413e+00
-3.0303030303e-02 -5.1515151515e-01 6.7787541440e+00
-3.0303030303e-02 -4.5454545455e-01 6.6537600315e+00
-3.0303030303e-02 -3.9393939394e-01 6.5525826981e+00
-3.0303030303e-02 -3.3333333333e-01 6.4711941539e+00
-3.0303030303e-02 -2.7272727273e-01 6.4067515962e+00
-3.0303030303e-02 -2.1212121212e-01 6.3572305384e+00
-3.0303030303e-02 -1.5151515152e-01 6.3212004112e+00
-3.0303030303e-02 -9.0909090909e-02 6.2976844996e+00
-3.0303030303e-02 -3.0303030303e-02 6.2860731329e+00
-3.0303030303e-02 3.0303030303e-02 6.2860731329e+00
-3.0303030303e-02 9.0909090909e-02 6.2976844996e+00
-3.0303030303e-02 1.5151515152e-01 6.3212004112e+00
-3.0303030303e-02 2.1212121212e-01 6.3572305384e+00
-3.0303030303e-02 2.7272727273e-01 6.4067515962e+00
-3.0303030303e-02 3.3333333333e-01 6.4711941539e+00
-3.0303030303e-02 3.9393939394e-01 6.5525826981e+00
-3.0303030303e-02 4.5454545455e-01 6.6537600315e+00
-3.0303030303e-02 5.1515151515e-01 6.7787541440e+00
-3.0303030303e-02 5.7575757576e-01 6.9334017413e+00
-3.0303030303e-02 6.3636363636e-01 7.1264687523e+00
-3.0303030303e-02 6.9696969697e-01 7.3718218992e+00
-3.0303030303e-02 7.5757575758e-01 7.6930936506e+00
-3.0303030303e-02 8.1818181818e-01 8.1352865560e+00
-3.0303030303e-02 8.7878787879e-01 8.8010310708e+00
-3.0303030303e-02 9.3939393939e-01 1.0023915269e+01
-3.0303030303e-02 1.0000000000e+00 1.8011351788e+01
-3.0303030303e-02 1.0606060606e+00 9.5225874095e+00
-3.0303030303e-02 1.1212121212e+00 8.0089439061e+00
-3.0303030303e-02 1.1818181818e+00 7.1015536063e+00
-3.0303030303e-02 1.2424242424e+00 6.4513336676e+00
-3.0303030303e-02 1.3030303030e+00 5.9460323476e+00
-3.0303030303e-02 1.3636363636e+00 5.5345120431e+00
-3.0303030303e-02 1.4242424242e+00 5.1889227444e+00
-3.0303030303e-02 1.4848484848e+00 4.8923187329e+00
-3.0303030303e-02 1.5454545455e+00 4.6335755469e+00
-3.0303030303e-02 1.6060606061e+00 4.4049746764e+00
-3.0303030303e-02 1.6666666667e+00 4.2009304322e+00
-3.0303030303e-02 1.7272727273e+00 4.0172645642e+00
-3.0303030303e-02 1.7878787879e+00 3.8507671080e+00
-3.0303030303e-02 1.8484848485e+00 3.6989172414e+00
-3.0303030303e-02 1.9090909091e+00 3.5596986117e+00
-3.0303030303e-02 1.9696969697e+00 3.4314730081e+00
-3.0303030303e-02 2.0303030303e+00 3.3128914626e+00
-3.0303030303e-02 2.0909090909e+00 3.2028301493e+00
-3.0303030303e-02 2.1515151515e+00 3.1003431783e+00
-3.0303030303e-02 2.2121212121e+00 3.0046271831e+00
-3.0303030303e-02 2.2727272727e+00 2.9149943190e+00
-3.0303030303e-02 2.3333333333e+00 2.8308513729e+00
-3.0303030303e-02 2.3939393939e+00 2.7516833916e+00
-3.0303030303e-02 2.4545454545e+00 2.6770406995e+00
-3.0303030303e-02 2.5151515152e+00 2.6065284962e+00
-3.0303030303e-02 2.5757575758e+00 2.5397984396e+00
-3.0303030303e-02 2.6363636364e+00 2.4765417766e+00
-3.0303030303e-02 2.6969696970e+00 2.4164836918e+00
-3.0303030303e-02 2.7575757576e+00 2.3593786229e+00
-3.0303030303e-02 2.8181818182e+00 2.3050063523e+00
-3.0303030303e-02 2.8787878788e+00 2.2531687244e+00
-3.0303030303e-02 2.9393939394e+00 2.2036868731e+00
-3.0303030303e-02 3.0000000000e+00 2.1563988672e+00

3.0303030303e-02 -3.0000000000e+00 2.1563988672e+00
3.0303030303e-02 -2.9393939394e+00 2.2036868731e+00
3.0303030303e-02 -2.8787878788e+00 2.2531687244e+00
3.0303030303e-02 -2.8181818182e+00 2.3050063523e+00
3.0303030303e-02 -2.7575757576e+00 2.3593786229e+00
3.0303030303e-02 -2.6969696970e+00 2.4164836918e+00
3.0303030303e-02 -2.6363636364e+00 2.4765417766e+00
3.0303030303e-02 -2.5757575758e+00 2.5397984396e+00
3.0303030303e-02 -2.5151515152e+00 2.6065284962e+00
3.0303030303e-02 -2.4545454545e+00 2.6770406995e+00
3.0303030303e-02 -2.3939393939e+00 2.7516833916e+00
3.0303030303e-02 -2.3333333333e+00 2.8308513729e+00
3.0303030303e-02 -2.2727272727e+00 2.9149943190e+00
3.0303030303e-02 -2.2121212121e+00 3.0046271831e+00
3.0303030303e-02 -2.1515151515e+00 3.1003431783e+00
3.0303030303e-02 -2.0909090909e+00 3.2028301493e+00
3.0303030303e-02 -2.0303030303e+00 3.3128914626e+00
3.0303030303e-02 -1.9696969697e+00 3.4314730081e+00
3.0303030303e-02 -1.9090909091e+00 3.5596986117e+00
3.0303030303e-02 -1.8484848485e+00 3.6989172414e+00
3.0303030303e-02 -1.7878787879e+00 3.8507671080e+00
3.0303030303e-02 -1.7272727273e+00 4.0172645642e+00
3.0303030303e-02 -1.6666666667e+00 4.2009304322e+00
3.0303030303e-02 -1.6060606061e+00 4.4049746764e+00
3.0303030303e-02 -1.5454545455e+00 4.6335755469e+00
3.0303030303e-02 -1.4848484848e+00 4.8923187329e+00
3.0303030303e-02 -1.4242424242e+00 5.1889227444e+00
3.0303030303e-02 -1.3636363636e+00 5.5345120431e+00
3.0303030303e-02 -1.3030303030e+00 5.9460323476e+00
3.0303030303e-02 -1.2424242424e+00 6.4513336676e+00
3.0303030303e-02 -1.1818181818e+00 7.1015536063e+00
3.0303030303e-02 -1.1212121212e+00 8.0089439061e+00
3.0303030303e-02 -1.0606060606e+00 9.5225874095e+00
3.0303030303e-02 -1.0000000000e+00 1.8011351788e+01
3.0303030303e-02 -9.3939393939e-01 1.0023915269e+01
3.0303030303e-02 -8.7878787879e-01 8.8010310708e+00
3.0303030303e-02 -8.1818181818e-01 8.1352865560e+00
3.0303030303e-02 -7.5757575758e-01 7.6930936506e+00
3.0303030303e-02 -6.9696969697e-01 7.3718218992e+00
3.0303030303e-02 -6.3636363636e-01 7.1264687523e+00
3.0303030303e-02 -5.7575757576e-01 6.9334017413e+00
3.0303030303e-02 -5.1515151515e-01 6.7787541440e+00
3.0303030303e-02 -4.5454545455e-01 6.6537600315e+00
3.0303030303e-02 -3.9393939394e-01 6.5525826981e+00
3.0303030303e-02 -3.3333333333e-01 6.4711941539e+00
3.0303030303e-02 -2.7272727273e-01 6.4067515962e+00
3.0303030303e-02 -2.1212121212e-01 6.3572305384e+00
3.0303030303e-02 -1.5151515152e-01 6.3212004112e+00
3.0303030303e-02 -9.0909090909e-02 6.2976844996e+00
3.0303030303e-02 -3.0303030303e-02 6.2860731329e+00
3.0303030303e-02 3.0303030303e-02 6.2860731329e+00
3.0303030303e-02 9.0909090909e-02 6.2976844996e+00
3.0303030303e-02 1.5151515152e-01 6.3212004112e+00
3.0303030303e-02 2.1212121212e-01 6.3572305384e+00
3.0303030303e-02 2.7272727273e-01 6.4067515962e+00
3.0303030303e-02 3.3333333333e-01 6.4711941539e+00
3.0303030303e-02 3.9393939394e-01 6.5525826981e+00
3.0303030303e-02 4.5454545455e-01 6.6537600315e+00
3.0303030303e-02 5.1515151515e-01 6.7787541440e+00
3.0303030303e-02 5.7575757576e-01 6.9334017413e+00
3.0303030303e-02 6.3636363636e-01 7.1264687523e+00
3.0303030303e-02 6.9696969697e-01 7.3718218992e+00
3.0303030303e-02 7.5757575758e-01 7.6930936506e+00
3.0303030303e-02 8.1818181818e-01 8.1352865560e+00
3.0303030303e-02 8.7878787879e-01 8.8010310708e+00
3.0303030303e-02 9.3939393939e-01 1.0023915269e+01
3.0303030303e-02 1.0000000000e+00 1.8011351788e+01
3.0303030303e-02 1.0606060606e+00 9.5225874095e+00
3.0303030303e-02 1.1212121212e+00 8.0089439061e+00
3.0303030303e-02 1.1818181818e+00 7.1015536063e+00
3.0303030303e-02 1.2424242424e+00 6.4513336676e+00
3.0303030303e-02 1.3030303030e+00 5.9460323476e+00
3.0303030303e-02 1.3636363636e+00 5.5345120431e+00
3.0303030303e-02 1.4242424242e+00 5.1889227444e+00
3.0303030303e-02 1.4848484848e+00 4.8923187329e+00
3.0303030303e-02 1.5454545455e+00 4.6335755469e+00
3.0303030303e-02 1.6060606061e+00 4.4049746764e+00
3.0303030303e-02 1.6666666667e+00 4.2009304322e+00
3.0303030303e-02 1.7272727273e+00 4.0172645642e+00
3.0303030303e-02 1.7878787879e+00 3.8507671080e+00
3.0303030303e-02 1.8484848485e+00 3.6989172414e+00
3.0303030303e-02 1.9090909091e+00 3.5596986117e+00
3.0303030303e-02 1.9696969697e+00 3.4314730081e+00
3.0303030303e-02 2.0303030303e+00 3.3128914626e+00
3.0303030303e-02 2.0909090909e+00 3.2028301493e+00
3.0303030303e-02 2.1515151515e+00 3.1003431783e+00
3.0303030303e-02 2.2121212121e+00 3.0046271831e+00
3.0303030303e-02 2.2727272727e+00 2.9149943190e+00
3.0303030303e-02 2.3333333333e+00 2.8308513729e+00
3.0303030303e-02 2.3939393939e+00 2.7516833916e+00
3.0303030303e-02 2.4545454545e+00 2.6770406995e+00
3.0303030303e-02 2.5151515152e+00 2.6065284962e+00
3.0303030303e-02 2.5757575758e+00 2.5397984396e+00
3.0303030303e-02 2.6363636364e+00 2.4765417766e+00
3.0303030303e-02 2.6969696970e+00 2.4164836918e+00
3.0303030303e-02 2.7575757576e+00 2.3593786229e+00
3.0303030303e-02 2.8181818182e+00 2.3050063523e+00
3.0303030303e-02 2.8787878788e+00 2.2531687244e+00
3.0303030303e-02 2.9393939394e+00 2.2036868731e+00
3.0303030303e-02 3.0000000000e+00 2.1563988672e+00

9.0909090909e-02 -3.0000000000e+00 2.1554653084e+00
9.0909090909e-02 -2.9393939394e+00 2.2026904528e+00
9.0909090909e-02 -2.8787878788e+00 2.2521035573e+00
9.0909090909e-02 -2.8181818182e+00 2.3038658332e+00
9.0909090909e-02 -2.7575757576e+00 2.3581553157e+00
9.0909090909e-02 -2.6969696970e+00 2.4151691977e+00
9.0909090909e-02 -2.6363636364e+00 2.4751265770e+00
9.0909090909e-02 -2.5757575758e+00 2.5382717066e+00
9.0909090909e-02 -2.5151515152e+00 2.6048778646e+00
9.0909090909e-02 -2.4545454545e+00 2.6752519884e+00
9.0909090909e-02 -2.3939393939e+00 2.7497402644e+00
9.0909090909e-02 -2.3333333333e+00 2.8287349178e+00
9.0909090909e-02 -2.2727272727e+00 2.9126825268e+00
9.0909090909e-02 -2.2121212121e+00 3.0020942930e+00
9.0909090909e-02 -2.1515151515e+00 3.0975588486e+00
9.0909090909e-02 -2.0909090909e+00 3.1997583970e+00
9.0909090909e-02 -2.0303030303e+00 3.3094892893e+00
9.0909090909e-02 -1.9696969697e+00 3.4276885987e+00
9.0909090909e-02 -1.9090909091e+00 3.5554689360e+00
9.0909090909e-02 -1.8484848485e+00 3.6941648091e+00
9.0909090909e-02 -1.7878787879e+00 3.8453954954e+00
9.0909090909e-02 -1.7272727273e+00 4.0111521125e+00
9.0909090909e-02 -1.6666666667e+00 4.1939211476e+00
9.0909090909e-02 -1.6060606061e+00 4.3968646970e+00
9.0909090909e-02 -1.5454545455e+00 4.6240923037e+00
9.0909090909e-02 -1.4848484848e+00 4.8810874784e+00
9.0909090909e-02 -1.4242424242e+00 5.1754099221e+00
9.0909090909e-02 -1.3636363636e+00 5.5179229732e+00
9.0909090909e-02 -1.3030303030e+00 5.9251098855e+00
9.0909090909e-02 -1.2424242424e+00 6.4239132602e+00
9.0909090909e-02 -1.1818181818e+00 7.0634009512e+00
9.0909090909e-02 -1.1212121212e+00 7.9497904286e+00
9.0909090909e-02 -1.0606060606e+00 9.4033405660e+00
9.0909090909e-02 -1.0000000000e+00 1.5125913000e+01
9.0909090909e-02 -9.3939393939e-01 1.0145743539e+01
9.0909090909e-02 -8.7878787879e-01 8.8604699954e+00
9.0909090909e-02 -8.1818181818e-01 8.1748972380e+00
9.0909090909e-02 -7.5757575758e-01 7.7230881876e+00
9.0909090909e-02 -6.9696969697e-01 7.3962024360e+00
9.0909090909e-02 -6.3636363636e-01 7.1472108036e+00
9.0909090909e-02 -5.7575757576e-01 6.9516254645e+00
9.0909090909e-02 -5.1515151515e-01 6.7951576197e+00
9.0909090909e-02 -4.5454545455e-01 6.6688099011e+00
9.0909090909e-02 -3.9393939394e-01 6.5666087895e+00
9.0909090909e-02 -3.3333333333e-01 6.4844408811e+00
9.0909090909e-02 -2.7272727273e-01 6.4194079568e+00
9.0909090909e-02 -2.1212121212e-01 6.3694487238e+00
9.0909090909e-02 -1.5151515152e-01 6.3331080288e+00
9.0909090909e-02 -9.0909090909e-02 6.3093930861e+00
9.0909090909e-02 -3.0303030303e-02 6.2976844996e+00
9.0909090909e-02 3.0303030303e-02 6.2976844996e+00
9.0909090909e-02 9.0909090909e-02 6.3093930861e+00
9.0909090909e-02 1.5151515152e-01 6.3331080288e+00
9.0909090909e-02 2.1212121212e-01 6.3694487238e+00
9.0909090909e-02 2.7272727273e-01 6.4194079568e+00
9.0909090909e-02 3.3333333333e-01 6.4844408811e+00
9.0909090909e-02 3.9393939394e-01 6.5666087895e+00
9.0909090909e-02 4.5454545455e-01 6.6688099011e+00
9.0909090909e-02 5.1515151515e-01 6.7951576197e+00
9.0909090909e-02 5.7575757576e-01 6.9516254645e+00
9.0909090909e-02 6.3636363636e-01 7.1472108036e+00
9.0909090909e-02 6.9696969697e-01 7.3962024360e+00
9.0909090909e-02 7.5757575758e-01 7.7230881876e+00
9.0909090909e-02 8.1818181818e-01 8.1748972380e+00
9.0909090909e-02 8.7878787879e-01 8.8604699954e+00
9.0909090909e-02 9.3939393939e-01 1.0145743539e+01
9.0909090909e-02 1.0000000000e+00 1.5125913000e+01
9.0909090909e-02 1.0606060606e+00 9.4033405660e+00
9.0909090909e-02 1.1212121212e+00 7.9497904286e+00
9.0909090909e-02 1.1818181818e+00 7.0634009512e+00
9.0909090909e-02 1.2424242424e+00 6.4239132602e+00
9.0909090909e-02 1.3030303030e+00 5.9251098855e+00
9.0909090909e-02 1.3636363636e+00 5.5179229732e+00
9.0909090909e-02 1.4242424242e+00 5.1754099221e+00
9.0909090909e-02 1.4848484848e+00 4.8810874784e+00
9.0909090909e-02 1.5454545455e+00 4.6240923037e+00
9.0909090909e-02 1.6060606061e+00 4.3968646970e+00
9.0909090909e-02 1.6666666667e+00 4.1939211476e+00
9.0909090909e-02 1.7272727273e+00 4.0111521125e+00
9.0909090909e-02 1.7878787879e+00 3.8453954954e+00
9.0909090909e-02 1.8484848485e+00 3.6941648091e+00
9.0909090909e-02 1.9090909091e+00 3.5554689360e+00
9.0909090909e-02 1.9696969697e+00 3.4276885987e+00
9.0909090909e-02 2.0303030303e+00 3.3094892893e+00
9.0909090909e-02 2.0909090909e+00 3.1997583970e+00
9.0909090909e-02 2.1515151515e+00 3.0975588486e+00
9.0909090909e-02 2.2121212121e+00 3.0020942930e+00
9.0909090909e-02 2.2727272727e+00 2.9126825268e+00
9.0909090909e-02 2.3333333333e+00 2.8287349178e+00
9.0909090909e-02 2.3939393939e+00 2.7497402644e+00
9.0909090909e-02 2.4545454545e+00 2.6752519884e+00
9.0909090909e-02 2.5151515152e+00 2.6048778646e+00
9.0909090909e-02 2.5757575758e+00 2.5382717066e+00
9.0909090909e-02 2.6363636364e+00 2.4751265770e+00
9.0909090909e-02 2.6969696970e+00 2.4151691977e+00
9.0909090909e-02 2.7575757576e+00 2.3581553157e+00
9.0909090909e-02 2.8181818182e+00 2.3038658332e+00
9.0909090909e-02 2.8787878788e+00 2.2521035573e+00
9.0909090909e-02 2.9393939394e+00 2.2026904528e+00
9.0909090909e-02 3.0000000000e+00 2.1554653084e+00

1.5151515152e-01 -3.0000000000e+00 2.1536018288e+00
1.5151515152e-01 -2.9393939394e+00 2.2007016679e+00
1.5151515152e-01 -2.8787878788e+00 2.2499777565e+00
1.5151515152e-01 -2.8181818182e+00 2.3015898762e+00
1.5151515152e-01 -2.7575757576e+00 2.3557144129e+00
1.5151515152e-01 -2.6969696970e+00 2.4125466496e+00
1.5151515152e-01 -2.6363636364e+00 2.4723034626e+00
1.5151515152e-01 -2.5757575758e+00 2.5352265096e+00
1.5151515152e-01 -2.5151515152e+00 2.6015860216e+00
1.5151515152e-01 -2.4545454545e+00 2.6716853400e+00
1.5151515152e-01 -2.3939393939e+00 2.7458663837e+00
1.5151515152e-01 -2.3333333333e+00 2.8245162822e+00
1.5151515152e-01 -2.2727272727e+00 2.9080754896e+00
1.5151515152e-01 -2.2121212121e+00 2.9970477941e+00
1.5151515152e-01 -2.1515151515e+00 3.0920127841e+00
1.5151515152e-01 -2.0909090909e+00 3.1936415334e+00
1.5151515152e-01 -2.0303030303e+00 3.3027165674e+00
1.5151515152e-01 -1.9696969697e+00 3.4201576004e+00
1.5151515152e-01 -1.9090909091e+00 3.5470551891e+00
1.5151515152e-01 -1.8484848485e+00 3.6847154448e+00
1.5151515152e-01 -1.7878787879e+00 3.8347205199e+00
1.5151515152e-01 -1.7272727273e+00 3.9990121400e+00
1.5151515152e-01 -1.6666666667e+00 4.1800097268e+00
1.5151515152e-01 -1.6060606061e+00 4.3807821072e+00
1.5151515152e-01 -1.5454545455e+00 4.6053053432e+00
1.5151515152e-01 -1.4848484848e+00 4.8588651497e+00
1.5151515152e-01 -1.4242424242e+00 5.1487151842e+00
1.5151515152e-01 -1.3636363636e+00 5.4852184697e+00
1.5151515152e-01 -1.3030303030e+00 5.8839789803e+00
1.5151515152e-01 -1.2424242424e+00 6.3702326808e+00
1.5151515152e-01 -1.1818181818e+00 6.9892181848e+00
1.5151515152e-01 -1.1212121212e+00 7.8363012799e+00
1.5151515152e-01 -1.0606060606e+00 9.1831695145e+00
1.5151515152e-01 -1.0000000000e+00 1.3041876590e+01
1.5151515152e-01 -9.3939393939e-01 1.0417324672e+01
1.5151515152e-01 -8.7878787879e-01 8.9859660127e+00
1.5151515152e-01 -8.1818181818e-01 8.2571193251e+00
1.5151515152e-01 -7.5757575758e-01 7.7848350091e+00
1.5151515152e-01 -6.9696969697e-01 7.4461473149e+00
1.5151515152e-01 -6.3636363636e-01 7.1895661699e+00
1.5151515152e-01 -5.7575757576e-01 6.9887552179e+00
1.5151515152e-01 -5.1515151515e-01 6.8285242611e+00
1.5151515152e-01 -4.5454545455e-01 6.6993857609e+00
1.5151515152e-01 -3.9393939394e-01 6.5950782113e+00
1.5151515152e-01 -3.3333333333e-01 6.5113092543e+00
1.5151515152e-01 -2.7272727273e-01 6.4450649833e+00
1.5151515152e-01 -2.1212121212e-01 6.3942074849e+00
1.5151515152e-01 -1.5151515152e-01 6.3572305384e+00
1.5151515152e-01 -9.0909090909e-02 6.3331080288e+00
1.5151515152e-01 -3.0303030303e-02 6.3212004112e+00
1.5151515152e-01 3.0303030303e-02 6.3212004112e+00
1.5151515152e-01 9.0909090909e-02 6.3331080288e+00
1.5151515152e-01 1.5151515152e-01 6.3572305384e+00
1.5151515152e-01 2.1212121212e-01 6.3942074849e+00
1.5151515152e-01 2.7272727273e-01 6.4450649833e+00
1.5151515152e-01 3.3333333333e-01 6.5113092543e+00
1.5151515152e-01 3.9393939394e-01 6.5950782113e+00
1.5151515152e-01 4.5454545455e-01 6.6993857609e+00
1.5151515152e-01 5.1515151515e-01 6.8285242611e+00
1.5151515152e-01 5.7575757576e-01 6.9887552179e+00
1.5151515152e-01 6.3636363636e-01 7.1895661699e+00
1.5151515152e-01 6.9696969697e-01 7.4461473149e+00
1.5151515152e-01 7.5757575758e-01 7.7848350091e+00
1.5151515152e-01 8.1818181818e-01 8.2571193251e+00
1.5151515152e-01 8.7878787879e-01 8.9859660127e+00
1.5151515152e-01 9.3939393939e-01 1.0417324672e+01
1.5151515152e-01 1.0000000000e+00 1.3041876590e+01
1.5151515152e-01 1.0606060606e+00 9.1831695145e+00
1.5151515152e-01 1.1212121212e+00 7.8363012799e+00
1.5151515152e-01 1.1818181818e+00 6.9892181848e+00
1.5151515152e-01 1.2424242424e+00 6.3702326808e+00
1.5151515152e-01 1.3030303030e+00 5.8839789803e+00
1.5151515152e-01 1.3636363636e+00 5.4852184697e+00
1.5151515152e-01 1.4242424242e+00 5.1487151842e+00
1.5151515152e-01 1.4848484848e+00 4.8588651497e+00
1.5151515152e-01 1.5454545455e+00 4.6053053432e+00
1.5151515152e-01 1.6060606061e+00 4.3807821072e+00
1.5151515152e-01 1.6666666667e+00 4.1800097268e+00
1.5151515152e-01 1.7272727273e+00 3.9990121400e+00
1.5151515152e-01 1.7878787879e+00 3.8347205199e+00
1.5151515152e-01 1.8484848485e+00 3.6847154448e+00
1.5151515152e-01 1.9090909091e+00 3.5470551891e+00
1.5151515152e-01 1.9696969697e+00 3.4201576004e+00
1.5151515152e-01 2.0303030303e+00 3.3027165674e+00
1.5151515152e-01 2.0909090909e+00 3.1936415334e+00
1.5151515152e-01 2.1515151515e+00 3.0920127841e+00
1.5151515152e-01 2.2121212121e+00 2.9970477941e+00
1.5151515152e-01 2.2727272727e+00 2.9080754896e+00
1.5151515152e-01 2.3333333333e+00 2.8245162822e+00
1.5151515152e-01 2.3939393939e+00 2.7458663837e+00
1.5151515152e-01 2.4545454545e+00 2.6716853400e+00
1.5151515152e-01 2.5151515152e+00 2.6015860216e+00
1.5151515152e-01 2.5757575758e+00 2.5352265096e+00
1.5151515152e-01 2.6363636364e+00 2.4723034626e+00
1.5151515152e-01 2.6969696970e+00 2.4125466496e+00
1.5151515152e-01 2.7575757576e+00 2.3557144129e+00
1.5151515152e-01 2.8181818182e+00 2.3015898762e+00
1.5151515152e-01 2.8787878788e+00 2.2499777565e+00
1.5151515152e-01 2.9393939394e+00 2.2007016679e+00
1.5151515152e-01 3.0000000000e+00 2.1536018288e+00

2.1212121212e-01 -3.0000000000e+00 2.1508156648e+00
2.1212121212e-01 -2.9393939394e+00 2.1977285841e+00
2.1212121212e-01 -2.8787878788e+00 2.2468003352e+00
2.1212121212e-01 -2.8181818182e+00 2.2981885807e+00
2.1212121212e-01 -2.7575757576e+00 2.3520672637e+00
2.1212121212e-01 -2.6969696970e+00 2.4086288399e+00
2.1212121212e-01 -2.6363636364e+00 2.4680868990e+00
2.1212121212e-01 -2.5757575758e+00 2.5306792620e+00
2.1212121212e-01 -2.5151515152e+00 2.5966716584e+00
2.1212121212e-01 -2.4545454545e+00 2.6663621219e+00
2.1212121212e-01 -2.3939393939e+00 2.7400862776e+00
2.1212121212e-01 -2.3333333333e+00 2.8182237474e+00
2.1212121212e-01 -2.2727272727e+00 2.9012059719e+00
2.1212121212e-01 -2.2121212121e+00 2.9895258412e+00
2.1212121212e-01 -2.1515151515e+00 3.0837496642e+00
2.1212121212e-01 -2.0909090909e+00 3.1845321976e+00
2.1212121212e-01 -2.0303030303e+00 3.2926357269e+00
2.1212121212e-01 -1.9696969697e+00 3.4089545993e+00
2.1212121212e-01 -1.9090909091e+00 3.5345472066e+00
2.1212121212e-01 -1.8484848485e+00 3.6706783360e+00
2.1212121212e-01 -1.7878787879e+00 3.8188762525e+00
2.1212121212e-01 -1.7272727273e+00 3.9810111968e+00
2.1212121212e-01 -1.6666666667e+00 4.1594058590e+00
2.1212121212e-01 -1.6060606061e+00 4.3569950794e+00
2.1212121212e-01 -1.5454545455e+00 4.5775640898e+00
2.1212121212e-01 -1.4848484848e+00 4.8261174853e+00
2.1212121212e-01 -1.4242424242e+00 5.1094771323e+00
2.1212121212e-01 -1.3636363636e+00 5.4373067664e+00
2.1212121212e-01 -1.3030303030e+00 5.8239966425e+00
2.1212121212e-01 -1.2424242424e+00 6.2924676393e+00
2.1212121212e-01 -1.1818181818e+00 6.8828979093e+00
2.1212121212e-01 -1.1212121212e+00 7.6769323600e+00
2.1212121212e-01 -1.0606060606e+00 8.8904854836e+00
2.1212121212e-01 -1.0000000000e+00 1.1662373196e+01
2.1212121212e-01 -9.3939393939e-01 1.0920260988e+01
2.1212121212e-01 -8.7878787879e-01 9.1933439177e+00
2.1212121212e-01 -8.1818181818e-01 8.3887205854e+00
2.1212121212e-01 -7.5757575758e-01 7.8821896767e+00
2.1212121212e-01 -6.9696969697e-01 7.5242114704e+00
2.1212121212e-01 -6.3636363636e-01 7.2553955952e+00
2.1212121212e-01 -5.7575757576e-01 7.0462376043e+00
2.1212121212e-01 -5.1515151515e-01 6.8800344405e+00
2.1212121212e-01 -4.5454545455e-01 6.7464877795e+00
2.1212121212e-01 -3.9393939394e-01 6.6388648187e+00
2.1212121212e-01 -3.3333333333e-01 6.5525826981e+00
2.1212121212e-01 -2.7272727273e-01 6.4844408811e+00
2.1212121212e-01 -2.1212121212e-01 6.4321784444e+00
2.1212121212e-01 -1.5151515152e-01 6.3942074849e+00
2.1212121212e-01 -9.0909090909e-02 6.3694487238e+00
2.1212121212e-01 -3.0303030303e-02 6.3572305384e+00
2.1212121212e-01 3.0303030303e-02 6.3572305384e+00
2.1212121212e-01 9.0909090909e-02 6.3694487238e+00
2.1212121212e-01 1.5151515152e-01 6.3942074849e+00
2.1212121212e-01 2.1212121212e-01 6.4321784444e+00
2.1212121212e-01 2.7272727273e-01 6.4844408811e+00
2.1212121212e-01 3.3333333333e-01 6.5525826981e+00
2.1212121212e-01 3.9393939394e-01 6.6388648187e+00
2.1212121212e-01 4.5454545455e-01 6.7464877795e+00
2.1212121212e-01 5.1515151515e-01 6.8800344405e+00
2.1212121212e-01 5.7575757576e-01 7.0462376043e+00
2.1212121212e-01 6.3636363636e-01 7.2553955952e+00
2.1212121212e-01 6.9696969697e-01 7.5242114704e+00
2.1212121212e-01 7.5757575758e-01 7.8821896767e+00
2.1212121212e-01 8.1818181818e-01 8.3887205854e+00
2.1212121212e-01 8.7878787879e-01 9.1933439177e+00
2.1212121212e-01 9.3939393939e-01 1.0920260988e+01
2.1212121212e-01 1.0000000000e+00 1.1662373196e+01
2.1212121212e-01 1.0606060606e+00 8.8904854836e+00
2.1212121212e-01 1.1212121212e+00 7.6769323600e+00
2.1212121212e-01 1.1818181818e+00 6.8828979093e+00
2.1212121212e-01 1.2424242424e+00 6.2924676393e+00
2.1212121212e-01 1.3030303030e+00 5.8239966425e+00
2.1212121212e-01 1.3636363636e+00 5.4373067664e+00
2.1212121212e-01 1.4242424242e+00 5.1094771323e+00
2.1212121212e-01 1.4848484848e+00 4.8261174853e+00
2.1212121212e-01 1.5454545455e+00 4.5775640898e+00
2.1212121212e-01 1.6060606061e+00 4.3569950794e+00
2.1212121212e-01 1.6666666667e+00 4.1594058590e+00
2.1212121212e-01 1.7272727273e+00 3.9810111968e+00
2.1212121212e-01 1.7878787879e+00 3.8188762525e+00
2.1212121212e-01 1.8484848485e+00 3.6706783360e+00
2.1212121212e-01 1.9090909091e+00 3.5345472066e+00
2.1212121212e-01 1.9696969697e+00 3.4089545993e+00
2.1212121212e-01 2.0303030303e+00 3.2926357269e+00
2.1212121212e-01 2.0909090909e+00 3.1845321976e+00
2.1212121212e-01 2.1515151515e+00 3.0837496642e+00
2.1212121212e-01 2.2121212121e+00 2.9895258412e+00
2.1212121212e-01 2.2727272727e+00 2.9012059719e+00
2.1212121212e-01 2.3333333333e+00 2.8182237474e+00
2.1212121212e-01 2.3939393939e+00 2.7400862776e+00
2.1212121212e-01 2.4545454545e+00 2.6663621219e+00
2.1212121212e-01 2.5151515152e+00 2.5966716584e+00
2.1212121212e-01 2.5757575758e+00 2.5306792620e+00
2.1212121212e-01 2.6363636364e+00 2.4680868990e+00
2.1212121212e-01 2.6969696970e+00 2.4086288399e+00
2.1212121212e-01 2.7575757576e+00 2.3520672637e+00
2.1212121212e-01 2.8181818182e+00 2.2981885807e+00
2.1212121212e-01 2.8787878788e+00 2.2468003352e+00
2.1212121212e-01 2.9393939394e+00 2.1977285841e+00
2.1212121212e-01 3.0000000000e+00 2.1508156648e+00

2.7272727273e-01 -3.0000000000e+00 2.1471175738e+00
2.7272727273e-01 -2.9393939394e+00 2.1937831866e+00
2.7272727273e-01 -2.8787878788e+00 2.2425846806e+00
2.7272727273e-01 -2.8181818182e+00 2.2936769405e+00
2.7272727273e-01 -2.7575757576e+00 2.3472307090e+00
2.7272727273e-01 -2.6969696970e+00 2.4034347406e+00
2.7272727273e-01 -2.6363636364e+00 2.4624983273e+00
2.7272727273e-01 -2.5757575758e+00 2.5246542767e+00
2.7272727273e-01 -2.5151515152e+00 2.5901624433e+00
2.7272727273e-01 -2.4545454545e+00 2.6593139407e+00
2.7272727273e-01 -2.3939393939e+00 2.7324361987e+00
2.7272727273e-01 -2.3333333333e+00 2.8098990765e+00
2.7272727273e-01 -2.2727272727e+00 2.8921223106e+00
2.7272727273e-01 -2.2121212121e+00 2.9795846620e+00
2.7272727273e-01 -2.1515151515e+00 3.0728352549e+00
2.7272727273e-01 -2.0909090909e+00 3.1725077696e+00
2.7272727273e-01 -2.0303030303e+00 3.2793384061e+00
2.7272727273e-01 -1.9696969697e+00 3.3941888969e+00
2.7272727273e-01 -1.9090909091e+00 3.5180763903e+00
2.7272727273e-01 -1.8484848485e+00 3.6522128500e+00
2.7272727273e-01 -1.7878787879e+00 3.7980578980e+00
2.7272727273e-01 -1.7272727273e+00 3.9573910833e+00
2.7272727273e-01 -1.6666666667e+00 4.1324129493e+00
2.7272727273e-01 -1.6060606061e+00 4.3258900771e+00
2.7272727273e-01 -1.5454545455e+00 4.5413696326e+00
2.7272727273e-01 -1.4848484848e+00 4.7835083056e+00
2.7272727273e-01 -1.4242424242e+00 5.0585988805e+00
2.7272727273e-01 -1.3636363636e+00 5.3754590397e+00
2.7272727273e-01 -1.3030303030e+00 5.7470349426e+00
2.7272727273e-01 -1.2424242424e+00 6.1935558754e+00
2.7272727273e-01 -1.1818181818e+00 6.7495139598e+00
2.7272727273e-01 -1.1212121212e+00 7.4819792489e+00
2.7272727273e-01 -1.0606060606e+00 8.5540495810e+00
2.7272727273e-01 -1.0000000000e+00 1.0621441484e+01
2.7272727273e-01 -9.3939393939e-01 1.1917338375e+01
2.7272727273e-01 -8.7878787879e-01 9.5152695761e+00
2.7272727273e-01 -8.1818181818e-01 8.5822160322e+00
2.7272727273e-01 -7.5757575758e-01 8.0219322087e+00
2.7272727273e-01 -6.9696969697e-01 7.6347606316e+00
2.7272727273e-01 -6.3636363636e-01 7.3478205748e+00
2.7272727273e-01 -5.7575757576e-01 7.1264687523e+00
2.7272727273e-01 -5.1515151515e-01 6.9516254645e+00
2.7272727273e-01 -4.5454545455e-01 6.8117463457e+00
2.7272727273e-01 -3.9393939394e-01 6.6993857609e+00
2.7272727273e-01 -3.3333333333e-01 6.6095267198e+00
2.7272727273e-01 -2.7272727273e-01 6.5386923486e+00
2.7272727273e-01 -2.1212121212e-01 6.4844408811e+00
2.7272727273e-01 -1.5151515152e-01 6.4450649833e+00
2.7272727273e-01 -9.0909090909e-02 6.4194079568e+00
2.7272727273e-01 -3.0303030303e-02 6.4067515962e+00
2.7272727273e-01 3.0303030303e-02 6.4067515962e+00
2.7272727273e-01 9.0909090909e-02 6.4194079568e+00
2.7272727273e-01 1.5151515152e-01 6.4450649833e+00
2.7272727273e-01 2.1212121212e-01 6.4844408811e+00
2.7272727273e-01 2.7272727273e-01 6.5386923486e+00
2.7272727273e-01 3.3333333333e-01 6.6095267198e+00
2.7272727273e-01 3.9393939394e-01 6.6993857609e+00
2.7272727273e-01 4.5454545455e-01 6.8117463457e+00
2.7272727273e-01 5.1515151515e-01 6.9516254645e+00
2.7272727273e-01 5.7575757576e-01 7.1264687523e+00
2.7272727273e-01 6.3636363636e-01 7.3478205748e+00
2.7272727273e-01 6.9696969697e-01 7.6347606316e+00
2.7272727273e-01 7.5757575758e-01 8.0219322087e+00
2.7272727273e-01 8.1818181818e-01 8.5822160322e+00
2.7272727273e-01 8.7878787879e-01 9.5152695761e+00
2.7272727273e-01 9.3939393939e-01 1.1917338375e+01
2.7272727273e-01 1.0000000000e+00 1.0621441484e+01
2.7272727273e-01 1.0606060606e+00 8.5540495810e+00
2.7272727273e-01 1.1212121212e+00 7.4819792489e+00
2.7272727273e-01 1.1818181818e+00 6.7495139598e+00
2.7272727273e-01 1.2424242424e+00 6.1935558754e+00
2.7272727273e-01 1.3030303030e+00 5.7470349426e+00
2.7272727273e-01 1.3636363636e+00 5.3754590397e+00
2.7272727273e-01 1.4242424242e+00 5.0585988805e+00
2.7272727273e-01 1.4848484848e+00 4.7835083056e+00
2.7272727273e-01 1.5454545455e+00 4.5413696326e+00
2.7272727273e-01 1.6060606061e+00 4.3258900771e+00
2.7272727273e-01 1.6666666667e+00 4.1324129493e+00
2.7272727273e-01 1.7272727273e+00 3.9573910833e+00
2.7272727273e-01 1.7878787879e+00 3.7980578980e+00
2.7272727273e-01 1.8484848485e+00 3.6522128500e+00
2.7272727273e-01 1.9090909091e+00 3.5180763903e+00
2.7272727273e-01 1.9696969697e+00 3.3941888969e+00
2.7272727273e-01 2.0303030303e+00 3.2793384061e+00
2.7272727273e-01 2.0909090909e+00 3.1725077696e+00
2.7272727273e-01 2.1515151515e+00 3.0728352549e+00
2.7272727273e-01 2.2121212121e+00 2.9795846620e+00
2.7272727273e-01 2.2727272727e+00 2.8921223106e+00
2.7272727273e-01 2.3333333333e+00 2.8098990765e+00
2.7272727273e-01 2.3939393939e+00 2.7324361987e+00
2.7272727273e-01 2.4545454545e+00 2.6593139407e+00
2.7272727273e-01 2.5151515152e+00 2.5901624433e+00
2.7272727273e-01 2.5757575758e+00 2.5246542767e+00
2.7272727273e-01 2.6363636364e+00 2.4624983273e+00
2.7272727273e-01 2.6969696970e+00 2.4034347406e+00
2.7272727273e-01 2.7575757576e+00 2.3472307090e+00
2.7272727273e-01 2.8181818182e+00 2.2936769405e+00
2.7272727273e-01 2.8787878788e+00 2.2425846806e+00
2.7272727273e-01 2.9393939394e+00 2.1937831866e+00
2.7272727273e-01 3.0000000000e+00 2.1471175738e+00

3.3333333333e-01 -3.0000000000e+00 2.1425217191e+00
3.3333333333e-01 -2.9393939394e+00 2.1888812462e+00
3.3333333333e-01 -2.8787878788e+00 2.2373483981e+00
3.3333333333e-01 -2.8181818182e+00 2.2880746608e+00
3.3333333333e-01 -2.7575757576e+00 2.3412268660e+00
3.3333333333e-01 -2.6969696970e+00 2.3969892497e+00
3.3333333333e-01 -2.6363636364e+00 2.4555658629e+00
3.3333333333e-01 -2.5757575758e+00 2.5171834072e+00
3.3333333333e-01 -2.5151515152e+00 2.5820945914e+00
3.3333333333e-01 -2.4545454545e+00 2.6505821242e+00
3.3333333333e-01 -2.3939393939e+00 2.7229634969e+00
3.3333333333e-01 -2.3333333333e+00 2.7995967498e+00
3.3333333333e-01 -2.2727272727e+00 2.8808874763e+00
3.3333333333e-01 -2.2121212121e+00 2.9672973995e+00
3.3333333333e-01 -2.1515151515e+00 3.0593549660e+00
3.3333333333e-01 -2.0909090909e+00 3.1576685597e+00
3.3333333333e-01 -2.0303030303e+00 3.2629431573e+00
3.3333333333e-01 -1.9696969697e+00 3.3760015720e+00
3.3333333333e-01 -1.9090909091e+00 3.4978119063e+00
3.3333333333e-01 -1.8484848485e+00 3.6295235497e+00
3.3333333333e-01 -1.7878787879e+00 3.7725151701e+00
3.3333333333e-01 -1.7272727273e+00 3.9284599012e+00
3.3333333333e-01 -1.6666666667e+00 4.0994158042e+00
3.3333333333e-01 -1.6060606061e+00 4.2879545420e+00
3.3333333333e-01 -1.5454545455e+00 4.4973497544e+00
3.3333333333e-01 -1.4848484848e+00 4.7318623642e+00
3.3333333333e-01 -1.4242424242e+00 4.9971906377e+00
3.3333333333e-01 -1.3636363636e+00 5.3012162360e+00
3.3333333333e-01 -1.3030303030e+00 5.6553198041e+00
3.3333333333e-01 -1.2424242424e+00 6.0768925108e+00
3.3333333333e-01 -1.1818181818e+00 6.5946670249e+00
3.3333333333e-01 -1.1212121212e+00 7.2618660797e+00
3.3333333333e-01 -1.0606060606e+00 8.1971727394e+00
3.3333333333e-01 -1.0000000000e+00 9.7831717151e+00
3.3333333333e-01 -9.3939393939e-01 1.5659309935e+01
3.3333333333e-01 -8.7878787879e-01 1.0023915269e+01
3.3333333333e-01 -8.1818181818e-01 8.8604699954e+00
3.3333333333e-01 -7.5757575758e-01 8.2154923374e+00
3.3333333333e-01 -6.9696969697e-01 7.7848350091e+00
3.3333333333e-01 -6.3636363636e-01 7.4717360597e+00
3.3333333333e-01 -5.7575757576e-01 7.2331352382e+00
3.3333333333e-01 -5.1515151515e-01 7.0462376043e+00
3.3333333333e-01 -4.5454545455e-01 6.8976110827e+00
3.3333333333e-01 -3.9393939394e-01 6.7787541440e+00
3.3333333333e-01 -3.3333333333e-01 6.6840174433e+00
3.3333333333e-01 -2.7272727273e-01 6.6095267198e+00
3.3333333333e-01 -2.1212121212e-01 6.5525826981e+00
3.3333333333e-01 -1.5151515152e-01 6.5113092543e+00
3.3333333333e-01 -9.0909090909e-02 6.4844408811e+00
3.3333333333e-01 -3.0303030303e-02 6.4711941539e+00
3.3333333333e-01 3.0303030303e-02 6.4711941539e+00
3.3333333333e-01 9.0909090909e-02 6.4844408811e+00
3.3333333333e-01 1.5151515152e-01 6.5113092543e+00
3.3333333333e-01 2.1212121212e-01 6.5525826981e+00
3.3333333333e-01 2.7272727273e-01 6.6095267198e+00
3.3333333333e-01 3.3333333333e-01 6.6840174433e+00
3.3333333333e-01 3.9393939394e-01 6.7787541440e+00
3.3333333333e-01 4.5454545455e-01 6.8976110827e+00
3.3333333333e-01 5.1515151515e-01 7.0462376043e+00
3.3333333333e-01 5.7575757576e-01 7.2331352382e+00
3.3333333333e-01 6.3636363636e-01 7.4717360597e+00
3.3333333333e-01 6.9696969697e-01 7.7848350091e+00
3.3333333333e-01 7.5757575758e-01 8.2154923374e+00
3.3333333333e-01 8.1818181818e-01 8.8604699954e+00
3.3333333333e-01 8.7878787879e-01 1.0023915269e+01
3.3333333333e-01 9.3939393939e-01 1.5659309935e+01
3.3333333333e-01 1.0000000000e+00 9.7831717151e+00
3.3333333333e-01 1.0606060606e+00 8.1971727394e+00
3.3333333333e-01 1.1212121212e+00 7.2618660797e+00
3.3333333333e-01 1.1818181818e+00 6.5946670249e+00
3.3333333333e-01 1.2424242424e+00 6.0768925108e+00
3.3333333333e-01 1.3030303030e+00 5.6553198041e+00
3.3333333333e-01 1.3636363636e+00 5.3012162360e+00
3.3333333333e-01 1.4242424242e+00 4.9971906377e+00
3.3333333333e-01 1.4848484848e+00 4.7318623642e+00
3.3333333333e-01 1.5454545455e+00 4.4973497544e+00
3.3333333333e-01 1.6060606061e+00 4.2879545420e+00
3.3333333333e-01 1.6666666667e+00 4.0994158042e+00
3.3333333333e-01 1.7272727273e+00 3.9284599012e+00
3.3333333333e-01 1.7878787879e+00 3.7725151701e+00
3.3333333333e-01 1.8484848485e+00 3.6295235497e+00
3.3333333333e-01 1.9090909091e+00 3.4978119063e+00
3.3333333333e-01 1.9696969697e+00 3.3760015720e+00
3.3333333333e-01 2.0303030303e+00 3.2629431573e+00
3.3333333333e-01 2.0909090909e+00 3.1576685597e+00
3.3333333333e-01 2.1515151515e+00 3.0593549660e+00
3.3333333333e-01 2.2121212121e+00 2.9672973995e+00
3.3333333333e-01 2.2727272727e+00 2.8808874763e+00
3.3333333333e-01 2.3333333333e+00 2.7995967498e+00
3.3333333333e-01 2.3939393939e+00 2.7229634969e+00
3.3333333333e-01 2.4545454545e+00 2.6505821242e+00
3.3333333333e-01 2.5151515152e+00 2.5820945914e+00
3.3333333333e-01 2.5757575758e+00 2.5171834072e+00
3.3333333333e-01 2.6363636364e+00 2.4555658629e+00
3.3333333333e-01 2.6969696970e+00 2.3969892497e+00
3.3333333333e-01 2.7575757576e+00 2.3412268660e+00
3.3333333333e-01 2.8181818182e+00 2.2880746608e+00
3.3333333333e-01 2.8787878788e+00 2.2373483981e+00
3.3333333333e-01 2.9393939394e+00 2.1888812462e+00
3.3333333333e-01 3.0000000000e+00 2.1425217191e+00

3.9393939394e-01 -3.0000000000e+00 2.1370455206e+00
3.9393939394e-01 -2.9393939394e+00 2.1830421463e+00
3.9393939394e-01 -2.8787878788e+00 2.2311131090e+00
3.9393939394e-01 -2.8181818182e+00 2.2814059221e+00
3.9393939394e-01 -2.7575757576e+00 2.3340828511e+00
3.9393939394e-01 -2.6969696970e+00 2.3893228634e+00
3.9393939394e-01 -2.6363636364e+00 2.4473239074e+00
3.9393939394e-01 -2.5757575758e+00 2.5083055861e+00
3.9393939394e-01 -2.5151515152e+00 2.5725123129e+00
3.9393939394e-01 -2.4545454545e+00 2.6402170575e+00
3.9393939394e-01 -2.3939393939e+00 2.7117258166e+00
3.9393939394e-01 -2.3333333333e+00 2.7873829889e+00
3.9393939394e-01 -2.2727272727e+00 2.8675778805e+00
3.9393939394e-01 -2.2121212121e+00 2.9527526409e+00
3.9393939394e-01 -2.1515151515e+00 3.0434120266e+00
3.9393939394e-01 -2.0909090909e+00 3.1401355252e+00
3.9393939394e-01 -2.0303030303e+00 3.2435925646e+00
3.9393939394e-01 -1.9696969697e+00 3.3545618103e+00
3.9393939394e-01 -1.9090909091e+00 3.4739559577e+00
3.9393939394e-01 -1.8484848485e+00 3.6028540355e+00
3.9393939394e-01 -1.7878787879e+00 3.7425441626e+00
3.9393939394e-01 -1.7272727273e+00 3.8945811627e+00
3.9393939394e-01 -1.6666666667e+00 4.0608657929e+00
3.9393939394e-01 -1.6060606061e+00 4.2437562743e+00
3.9393939394e-01 -1.5454545455e+00 4.4462296157e+00
3.9393939394e-01 -1.4848484848e+00 4.6721225190e+00
3.9393939394e-01 -1.4242424242e+00 4.9265050379e+00
3.9393939394e-01 -1.3636363636e+00 5.2162873627e+00
3.9393939394e-01 -1.3030303030e+00 5.5512626149e+00
3.9393939394e-01 -1.2424242424e+00 5.9460323476e+00
3.9393939394e-01 -1.1818181818e+00 6.4239132602e+00
3.9393939394e-01 -1.1212121212e+00 7.0259640537e+00
3.9393939394e-01 -1.0606060606e+00 7.8363012799e+00
3.9393939394e-01 -1.0000000000e+00 9.0810687898e+00
3.9393939394e-01 -9.3939393939e-01 1.2029231796e+01
3.9393939394e-01 -8.7878787879e-01 1.0920260988e+01
3.9393939394e-01 -8.1818181818e-01 9.2684101083e+00
3.9393939394e-01 -7.5757575758e-01 8.4826580639e+00
3.9393939394e-01 -6.9696969697e-01 7.9858438993e+00
3.9393939394e-01 -6.3636363636e-01 7.6347606316e+00
3.9393939394e-01 -5.7575757576e-01 7.3718218992e+00
3.9393939394e-01 -5.1515151515e-01 7.1682407506e+00
3.9393939394e-01 -4.5454545455e-01 7.0076719888e+00
3.9393939394e-01 -3.9393939394e-01 6.8800344405e+00
3.9393939394e-01 -3.3333333333e-01 6.7787541440e+00
3.9393939394e-01 -2.7272727273e-01 6.6993857609e+00
3.9393939394e-01 -2.1212121212e-01 6.6388648187e+00
3.9393939394e-01 -1.5151515152e-01 6.5950782113e+00
3.9393939394e-01 -9.0909090909e-02 6.5666087895e+00
3.9393939394e-01 -3.0303030303e-02 6.5525826981e+00
3.9393939394e-01 3.0303030303e-02 6.5525826981e+00
3.9393939394e-01 9.0909090909e-02 6.5666087895e+00
3.9393939394e-01 1.5151515152e-01 6.5950782113e+00
3.9393939394e-01 2.1212121212e-01 6.6388648187e+00
3.9393939394e-01 2.7272727273e-01 6.6993857609e+00
3.9393939394e-01 3.3333333333e-01 6.7787541440e+00
3.9393939394e-01 3.9393939394e-01 6.8800344405e+00
3.9393939394e-01 4.5454545455e-01 7.0076719888e+00
3.9393939394e-01 5.1515151515e-01 7.1682407506e+00
3.9393939394e-01 5.7575757576e-01 7.3718218992e+00
3.9393939394e-01 6.3636363636e-01 7.6347606316e+00
3.9393939394e-01 6.9696969697e-01 7.9858438993e+00
3.9393939394e-01 7.5757575758e-01 8.4826580639e+00
3.9393939394e-01 8.1818181818e-01 9.2684101083e+00
3.9393939394e-01 8.7878787879e-01 1.0920260988e+01
3.9393939394e-01 9.3939393939e-01 1.2029231796e+01
3.9393939394e-01 1.0000000000e+00 9.0810687898e+00
3.9393939394e-01 1.0606060606e+00 7.8363012799e+00
3.9393939394e-01 1.1212121212e+00 7.0259640537e+00
3.9393939394e-01 1.1818181818e+00 6.4239132602e+00
3.9393939394e-01 1.2424242424e+00 5.9460323476e+00
3.9393939394e-01 1.3030303030e+00 5.5512626149e+00
3.9393939394e-01 1.3636363636e+00 5.2162873627e+00
3.9393939394e-01 1.4242424242e+00 4.9265050379e+00
3.9393939394e-01 1.4848484848e+00 4.6721225190e+00
3.9393939394e-01 1.5454545455e+00 4.4462296157e+00
3.9393939394e-01 1.6060606061e+00 4.2437562743e+00
3.9393939394e-01 1.6666666667e+00 4.0608657929e+00
3.9393939394e-01 1.7272727273e+00 3.8945811627e+00
3.9393939394e-01 1.7878787879e+00 3.7425441626e+00
3.9393939394e-01 1.8484848485e+00 3.6028540355e+00
3.9393939394e-01 1.9090909091e+00 3.4739559577e+00
3.9393939394e-01 1.9696969697e+00 3.3545618103e+00
3.9393939394e-01 2.0303030303e+00 3.2435925646e+00
3.9393939394e-01 2.0909090909e+00 3.1401355252e+00
3.9393939394e-01 2.1515151515e+00 3.0434120266e+00
3.9393939394e-01 2.2121212121e+00 2.9527526409e+00
3.9393939394e-01 2.2727272727e+00 2.8675778805e+00
3.9393939394e-01 2.3333333333e+00 2.7873829889e+00
3.9393939394e-01 2.3939393939e+00 2.7117258166e+00
3.9393939394e-01 2.4545454545e+00 2.6402170575e+00
3.9393939394e-01 2.5151515152e+00 2.5725123129e+00
3.9393939394e-01 2.5757575758e+00 2.5083055861e+00
3.9393939394e-01 2.6363636364e+00 2.4473239074e+00
3.9393939394e-01 2.6969696970e+00 2.3893228634e+00
3.9393939394e-01 2.7575757576e+00 2.3340828511e+00
3.9393939394e-01 2.8181818182e+00 2.2814059221e+00
3.9393939394e-01 2.8787878788e+00 2.2311131090e+00
3.9393939394e-01 2.9393939394e+00 2.1830421463e+00
3.9393939394e-01 3.0000000000e+00 2.1370455206e+00

4.5454545455e-01 -3.0000000000e+00 2.1307094743e+00
4.5454545455e-01 -2.9393939394e+00 2.1762886732e+00
4.5454545455e-01 -2.8787878788e+00 2.2239042068e+00
4.5454545455e-01 -2.8181818182e+00 2.2736990950e+00
4.5454545455e-01 -2.7575757576e+00 2.3258304451e+00
4.5454545455e-01 -2.6969696970e+00 2.3804712827e+00
4.5454545455e-01 -2.6363636364e+00 2.4378126839e+00
4.5454545455e-01 -2.5757575758e+00 2.4980662720e+00
4.5454545455e-01 -2.5151515152e+00 2.5614671537e+00
4.5454545455e-01 -2.4545454545e+00 2.6282773932e+00
4.5454545455e-01 -2.3939393939e+00 2.6987901451e+00
4.5454545455e-01 -2.3333333333e+00 2.7733346035e+00
4.5454545455e-01 -2.2727272727e+00 2.8522819682e+00
4.5454545455e-01 -2.2121212121e+00 2.9360526914e+00
4.5454545455e-01 -2.1515151515e+00 3.0251253513e+00
4.5454545455e-01 -2.0909090909e+00 3.1200476144e+00
4.5454545455e-01 -2.0303030303e+00 3.2214499111e+00
4.5454545455e-01 -1.9696969697e+00 3.3300626819e+00
4.5454545455e-01 -1.9090909091e+00 3.4467383862e+00
4.5454545455e-01 -1.8484848485e+00 3.5724799672e+00
4.5454545455e-01 -1.7878787879e+00 3.7084782213e+00
4.5454545455e-01 -1.7272727273e+00 3.8561616902e+00
4.5454545455e-01 -1.6666666667e+00 4.0172645642e+00
4.5454545455e-01 -1.6060606061e+00 4.1939211476e+00
4.5454545455e-01 -1.5454545455e+00 4.3888006552e+00
4.5454545455e-01 -1.4848484848e+00 4.6053053432e+00
4.5454545455e-01 -1.4242424242e+00 4.8478721085e+00
4.5454545455e-01 -1.3636363636e+00 5.1224512860e+00
4.5454545455e-01 -1.3030303030e+00 5.4373067664e+00
4.5454545455e-01 -1.2424242424e+00 5.8044416246e+00
4.5454545455e-01 -1.1818181818e+00 6.2423570772e+00
4.5454545455e-01 -1.1212121212e+00 6.7820187966e+00
4.5454545455e-01 -1.0606060606e+00 7.4819792489e+00
4.5454545455e-01 -1.0000000000e+00 8.4776771990e+00
4.5454545455e-01 -9.3939393939e-01 1.0245698967e+01
4.5454545455e-01 -8.7878787879e-01 1.3309649148e+01
4.5454545455e-01 -8.1818181818e-01 9.9098550997e+00
4.5454545455e-01 -7.5757575758e-01 8.8604699954e+00
4.5454545455e-01 -6.9696969697e-01 8.2571193251e+00
4.5454545455e-01 -6.3636363636e-01 7.8490744857e+00
4.5454545455e-01 -5.7575757576e-01 7.5511261344e+00
4.5454545455e-01 -5.1515151515e-01 7.3241875357e+00
4.5454545455e-01 -4.5454545455e-01 7.1472108036e+00
4.5454545455e-01 -3.9393939394e-01 7.0076719888e+00
4.5454545455e-01 -3.3333333333e-01 6.8976110827e+00
4.5454545455e-01 -2.7272727273e-01 6.8117463457e+00
4.5454545455e-01 -2.1212121212e-01 6.7464877795e+00
4.5454545455e-01 -1.5151515152e-01 6.6993857609e+00
4.5454545455e-01 -9.0909090909e-02 6.6688099011e+00
4.5454545455e-01 -3.0303030303e-02 6.6537600315e+00
4.5454545455e-01 3.0303030303e-02 6.6537600315e+00
4.5454545455e-01 9.0909090909e-02 6.6688099011e+00
4.5454545455e-01 1.5151515152e-01 6.6993857609e+00
4.5454545455e-01 2.1212121212e-01 6.7464877795e+00
4.5454545455e-01 2.7272727273e-01 6.8117463457e+00
4.5454545455e-01 3.3333333333e-01 6.8976110827e+00
4.5454545455e-01 3.9393939394e-01 7.0076719888e+00
4.5454545455e-01 4.5454545455e-01 7.1472108036e+00
4.5454545455e-01 5.1515151515e-01 7.3241875357e+00
4.5454545455e-01 5.7575757576e-01 7.5511261344e+00
4.5454545455e-01 6.3636363636e-01 7.8490744857e+00
4.5454545455e-01 6.9696969697e-01 8.2571193251e+00
4.5454545455e-01 7.5757575758e-01 8.8604699954e+00
4.5454545455e-01 8.1818181818e-01 9.9098550997e+00
4.5454545455e-01 8.7878787879e-01 1.3309649148e+01
4.5454545455e-01 9.3939393939e-01 1.0245698967e+01
4.5454545455e-01 1.0000000000e+00 8.4776771990e+00
4.5454545455e-01 1.0606060606e+00 7.4819792489e+00
4.5454545455e-01 1.1212121212e+00 6.7820187966e+00
4.5454545455e-01 1.1818181818e+00 6.2423570772e+00
4.5454545455e-01 1.2424242424e+00 5.8044416246e+00
4.5454545455e-01 1.3030303030e+00 5.4373067664e+00
4.5454545455e-01 1.3636363636e+00 5.1224512860e+00
4.5454545455e-01 1.4242424242e+00 4.8478721085e+00
4.5454545455e-01 1.4848484848e+00 4.6053053432e+00
4.5454545455e-01 1.5454545455e+00 4.3888006552e+00
4.5454545455e-01 1.6060606061e+00 4.1939211476e+00
4.5454545455e-01 1.6666666667e+00 4.0172645642e+00
4.5454545455e-01 1.7272727273e+00 3.8561616902e+00
4.5454545455e-01 1.7878787879e+00 3.7084782213e+00
4.5454545455e-01 1.8484848485e+00 3.5724799672e+00
4.5454545455e-01 1.9090909091e+00 3.4467383862e+00
4.5454545455e-01 1.9696969697e+00 3.3300626819e+00
4.5454545455e-01 2.0303030303e+00 3.2214499111e+00
4.5454545455e-01 2.0909090909e+00 3.1200476144e+00
4.5454545455e-01 2.1515151515e+00 3.0251253513e+00
4.5454545455e-01 2.2121212121e+00 2.9360526914e+00
4.5454545455e-01 2.2727272727e+00 2.8522819682e+00
4.5454545455e-01 2.3333333333e+00 2.7733346035e+00
4.5454545455e-01 2.3939393939e+00 2.6987901451e+00
4.5454545455e-01 2.4545454545e+00 2.6282773932e+00
4.5454545455e-01 2.5151515152e+00 2.5614671537e+00
4.5454545455e-01 2.5757575758e+00 2.4980662720e+00
4.5454545455e-01 2.6363636364e+00 2.4378126839e+00
4.5454545455e-01 2.6969696970e+00 2.3804712827e+00
4.5454545455e-01 2.7575757576e+00 2.3258304451e+00
4.5454545455e-01 2.8181818182e+00 2.2736990950e+00
4.5454545455e-01 2.8787878788e+00 2.2239042068e+00
4.5454545455e-01 2.9393939394e+00 2.1762886732e+00
4.5454545455e-01 3.0000000000e+00 2.1307094743e+00

5.1515151515e-01 -3.0000000000e+00 2.1235369438e+00
5.1515151515e-01 -2.9393939394e+00 2.1686467744e+00
5.1515151515e-01 -2.8787878788e+00 2.2157505763e+00
5.1515151515e-01 -2.8181818182e+00 2.2649864128e+00
5.1515151515e-01 -2.7575757576e+00 2.3165057109e+00
5.1515151515e-01 -2.6969696970e+00 2.3704749636e+00
5.1515151515e-01 -2.6363636364e+00 2.4270777062e+00
5.1515151515e-01 -2.5757575758e+00 2.4865168227e+00
5.1515151515e-01 -2.5151515152e+00 2.5490172489e+00
5.1515151515e-01 -2.4545454545e+00 2.6148291592e+00
5.1515151515e-01 -2.3939393939e+00 2.6842317411e+00
5.1515151515e-01 -2.3333333333e+00 2.7575376975e+00
5.1515151515e-01 -2.2727272727e+00 2.8350986479e+00
5.1515151515e-01 -2.2121212121e+00 2.9173116564e+00
5.1515151515e-01 -2.1515151515e+00 3.0046271831e+00
5.1515151515e-01 -2.0909090909e+00 3.0975588486e+00
5.1515151515e-01 -2.0303030303e+00 3.1966955394e+00
5.1515151515e-01 -1.9696969697e+00 3.3027165674e+00
5.1515151515e-01 -1.9090909091e+00 3.4164108702e+00
5.1515151515e-01 -1.8484848485e+00 3.5387016364e+00
5.1515151515e-01 -1.7878787879e+00 3.6706783360e+00
5.1515151515e-01 -1.7272727273e+00 3.8136390460e+00
5.1515151515e-01 -1.6666666667e+00 3.9691473928e+00
5.1515151515e-01 -1.6060606061e+00 4.1391107365e+00
5.1515151515e-01 -1.5454545455e+00 4.3258900771e+00
5.1515151515e-01 -1.4848484848e+00 4.5324588214e+00
5.1515151515e-01 -1.4242424242e+00 4.7626395893e+00
5.1515151515e-01 -1.3636363636e+00 5.0214711180e+00
5.1515151515e-01 -1.3030303030e+00 5.3158034625e+00
5.1515151515e-01 -1.2424242424e+00 5.6553198041e+00
5.1515151515e-01 -1.1818181818e+00 6.0544208590e+00
5.1515151515e-01 -1.1212121212e+00 6.5360417598e+00
5.1515151515e-01 -1.0606060606e+00 7.1404481048e+00
5.1515151515e-01 -1.0000000000e+00 7.9497904286e+00
5.1515151515e-01 -9.3939393939e-01 9.1831695145e+00
5.1515151515e-01 -8.7878787879e-01 1.2029231800e+01
5.1515151515e-01 -8.1818181818e-01 1.1124000831e+01
5.1515151515e-01 -7.5757575758e-01 9.4290430257e+00
5.1515151515e-01 -6.9696969697e-01 8.6343096602e+00
5.1515151515e-01 -6.3636363636e-01 8.1352865560e+00
5.1515151515e-01 -5.7575757576e-01 7.7848350091e+00
5.1515151515e-01 -5.1515151515e-01 7.5242114704e+00
5.1515151515e-01 -4.5454545455e-01 7.3241875357e+00
5.1515151515e-01 -3.9393939394e-01 7.1682407506e+00
5.1515151515e-01 -3.3333333333e-01 7.0462376043e+00
5.1515151515e-01 -2.7272727273e-01 6.9516254645e+00
5.1515151515e-01 -2.1212121212e-01 6.8800344405e+00
5.1515151515e-01 -1.5151515152e-01 6.8285242611e+00
5.1515151515e-01 -9.0909090909e-02 6.7951576197e+00
5.1515151515e-01 -3.0303030303e-02 6.7787541440e+00
5.1515151515e-01 3.0303030303e-02 6.7787541440e+00
5.1515151515e-01 9.0909090909e-02 6.7951576197e+00
5.1515151515e-01 1.5151515152e-01 6.8285242611e+00
5.1515151515e-01 2.1212121212e-01 6.8800344405e+00
5.1515151515e-01 2.7272727273e-01 6.9516254645e+00
5.1515151515e-01 3.3333333333e-01 7.0462376043e+00
5.1515151515e-01 3.9393939394e-01 7.1682407506e+00
5.1515151515e-01 4.5454545455e-01 7.3241875357e+00
5.1515151515e-01 5.1515151515e-01 7.5242114704e+00
5.1515151515e-01 5.7575757576e-01 7.7848350091e+00
5.1515151515e-01 6.3636363636e-01 8.1352865560e+00
5.1515151515e-01 6.9696969697e-01 8.6343096602e+00
5.1515151515e-01 7.5757575758e-01 9.4290430257e+00
5.1515151515e-01 8.1818181818e-01 1.1124000831e+01
5.1515151515e-01 8.7878787879e-01 1.2029231800e+01
5.1515151515e-01 9.3939393939e-01 9.1831695145e+00
5.1515151515e-01 1.0000000000e+00 7.9497904286e+00
5.1515151515e-01 1.0606060606e+00 7.1404481048e+00
5.1515151515e-01 1.1212121212e+00 6.5360417598e+00
5.1515151515e-01 1.1818181818e+00 6.0544208590e+00
5.1515151515e-01 1.2424242424e+00 5.6553198041e+00
5.1515151515e-01 1.3030303030e+00 5.3158034625e+00
5.1515151515e-01 1.3636363636e+00 5.0214711180e+00
5.1515151515e-01 1.4242424242e+00 4.7626395893e+00
5.1515151515e-01 1.4848484848e+00 4.5324588214e+00
5.1515151515e-01 1.5454545455e+00 4.3258900771e+00
5.1515151515e-01 1.6060606061e+00 4.1391107365e+00
5.1515151515e-01 1.6666666667e+00 3.9691473928e+00
5.1515151515e-01 1.7272727273e+00 3.8136390460e+00
5.1515151515e-01 1.7878787879e+00 3.6706783360e+00
5.1515151515e-01 1.8484848485e+00 3.5387016364e+00
5.1515151515e-01 1.9090909091e+00 3.4164108702e+00
5.1515151515e-01 1.9696969697e+00 3.3027165674e+00
5.1515151515e-01 2.0303030303e+00 3.1966955394e+00
5.1515151515e-01 2.0909090909e+00 3.0975588486e+00
5.1515151515e-01 2.1515151515e+00 3.0046271831e+00
5.1515151515e-01 2.2121212121e+00 2.9173116564e+00
5.1515151515e-01 2.2727272727e+00 2.8350986479e+00
5.1515151515e-01 2.3333333333e+00 2.7575376975e+00
5.1515151515e-01 2.3939393939e+00 2.6842317411e+00
5.1515151515e-01 2.4545454545e+00 2.6148291592e+00
5.1515151515e-01 2.5151515152e+00 2.5490172489e+00
5.1515151515e-01 2.5757575758e+00 2.4865168227e+00
5.1515151515e-01 2.6363636364e+00 2.4270777062e+00
5.1515151515e-01 2.6969696970e+00 2.3704749636e+00
5.1515151515e-01 2.7575757576e+00 2.3165057109e+00
5.1515151515e-01 2.8181818182e+00 2.2649864128e+00
5.1515151515e-01 2.8787878788e+00 2.2157505763e+00
5.1515151515e-01 2.9393939394e+00 2.1686467744e+00
5.1515151515e-01 3.0000000000e+00 2.1235369438e+00

5.7575757576e-01 -3.0000000000e+00 2.1155539280e+00
5.7575757576e-01 -2.9393939394e+00 2.1601452905e+00
5.7575757576e-01 -2.8787878788e+00 2.2066842827e+00
5.7575757576e-01 -2.8181818182e+00 2.2553036100e+00
5.7575757576e-01 -2.7575757576e+00 2.3061485708e+00
5.7575757576e-01 -2.6969696970e+00 2.3593786229e+00
5.7575757576e-01 -2.6363636364e+00 2.4151691977e+00
5.7575757576e-01 -2.5757575758e+00 2.4737138080e+00
5.7575757576e-01 -2.5151515152e+00 2.5352265096e+00
5.7575757576e-01 -2.4545454545e+00 2.5999447902e+00
5.7575757576e-01 -2.3939393939e+00 2.6681329766e+00
5.7575757576e-01 -2.3333333333e+00 2.7400862776e+00
5.7575757576e-01 -2.2727272727e+00 2.8161356101e+00
5.7575757576e-01 -2.2121212121e+00 2.8966533991e+00
5.7575757576e-01 -2.1515151515e+00 2.9820605979e+00
5.7575757576e-01 -2.0909090909e+00 3.0728352549e+00
5.7575757576e-01 -2.0303030303e+00 3.1695230564e+00
5.7575757576e-01 -1.9696969697e+00 3.2727504282e+00
5.7575757576e-01 -1.9090909091e+00 3.3832409885e+00
5.7575757576e-01 -1.8484848485e+00 3.5018364531e+00
5.7575757576e-01 -1.7878787879e+00 3.6295235497e+00
5.7575757576e-01 -1.7272727273e+00 3.7674691778e+00
5.7575757576e-01 -1.6666666667e+00 3.9170671123e+00
5.7575757576e-01 -1.6060606061e+00 4.0800012165e+00
5.7575757576e-01 -1.5454545455e+00 4.2583328659e+00
5.7575757576e-01 -1.4848484848e+00 4.4546248991e+00
5.7575757576e-01 -1.4242424242e+00 4.6721225190e+00
5.7575757576e-01 -1.3636363636e+00 4.9150264743e+00
5.7575757576e-01 -1.3030303030e+00 5.1889227444e+00
5.7575757576e-01 -1.2424242424e+00 5.5014926711e+00
5.7575757576e-01 -1.1818181818e+00 5.8637609259e+00
5.7575757576e-01 -1.1212121212e+00 6.2924676393e+00
5.7575757576e-01 -1.0606060606e+00 6.8150726276e+00
5.7575757576e-01 -1.0000000000e+00 7.4819792489e+00
5.7575757576e-01 -9.3939393939e-01 8.4039712831e+00
5.7575757576e-01 -8.7878787879e-01 9.9264719260e+00
5.7575757576e-01 -8.1818181818e-01 2.0594799786e+01
5.7575757576e-01 -7.5757575758e-01 1.0417324672e+01
5.7575757576e-01 -6.9696969697e-01 9.1933439177e+00
5.7575757576e-01 -6.3636363636e-01 8.5316948379e+00
5.7575757576e-01 -5.7575757576e-01 8.0966159889e+00
5.7575757576e-01 -5.1515151515e-01 7.7848350091e+00
5.7575757576e-01 -4.5454545455e-01 7.5511261344e+00
5.7575757576e-01 -3.9393939394e-01 7.3718218992e+00
5.7575757576e-01 -3.3333333333e-01 7.2331352382e+00
5.7575757576e-01 -2.7272727273e-01 7.1264687523e+00
5.7575757576e-01 -2.1212121212e-01 7.0462376043e+00
5.7575757576e-01 -1.5151515152e-01 6.9887552179e+00
5.7575757576e-01 -9.0909090909e-02 6.9516254645e+00
5.7575757576e-01 -3.0303030303e-02 6.9334017413e+00
5.7575757576e-01 3.0303030303e-02 6.9334017413e+00
5.7575757576e-01 9.0909090909e-02 6.9516254645e+00
5.7575757576e-01 1.5151515152e-01 6.9887552179e+00
5.7575757576e-01 2.1212121212e-01 7.0462376043e+00
5.7575757576e-01 2.7272727273e-01 7.1264687523e+00
5.7575757576e-01 3.3333333333e-01 7.2331352382e+00
5.7575757576e-01 3.9393939394e-01 7.3718218992e+00
5.7575757576e-01 4.5454545455e-01 7.5511261344e+00
5.7575757576e-01 5.1515151515e-01 7.7848350091e+00
5.7575757576e-01 5.7575757576e-01 8.0966159889e+00
5.7575757576e-01 6.3636363636e-01 8.5316948379e+00
5.7575757576e-01 6.9696969697e-01 9.1933439177e+00
5.7575757576e-01 7.5757575758e-01 1.0417324672e+01
5.7575757576e-01 8.1818181818e-01 2.0594799786e+01
5.7575757576e-01 8.7878787879e-01 9.9264719260e+00
5.7575757576e-01 9.3939393939e-01 8.4039712831e+00
5.7575757576e-01 1.0000000000e+00 7.4819792489e+00
5.7575757576e-01 1.0606060606e+00 6.8150726276e+00
5.7575757576e-01 1.1212121212e+00 6.2924676393e+00
5.7575757576e-01 1.1818181818e+00 5.8637609259e+00
5.7575757576e-01 1.2424242424e+00 5.5014926711e+00
5.7575757576e-01 1.3030303030e+00 5.1889227444e+00
5.7575757576e-01 1.3636363636e+00 4.9150264743e+00
5.7575757576e-01 1.4242424242e+00 4.6721225190e+00
5.7575757576e-01 1.4848484848e+00 4.4546248991e+00
5.7575757576e-01 1.5454545455e+00 4.2583328659e+00
5.7575757576e-01 1.6060606061e+00 4.0800012165e+00
5.7575757576e-01 1.6666666667e+00 3.9170671123e+00
5.7575757576e-01 1.7272727273e+00 3.7674691778e+00
5.7575757576e-01 1.7878787879e+00 3.6295235497e+00
5.7575757576e-01 1.8484848485e+00 3.5018364531e+00
5.7575757576e-01 1.9090909091e+00 3.3832409885e+00
5.7575757576e-01 1.9696969697e+00 3.2727504282e+00
5.7575757576e-01 2.0303030303e+00 3.1695230564e+00
5.7575757576e-01 2.0909090909e+00 3.0728352549e+00
5.7575757576e-01 2.1515151515e+00 2.9820605979e+00
5.7575757576e-01 2.2121212121e+00 2.8966533991e+00
5.7575757576e-01 2.2727272727e+00 2.8161356101e+00
5.7575757576e-01 2.3333333333e+00 2.7400862776e+00
5.7575757576e-01 2.3939393939e+00 2.6681329766e+00
5.7575757576e-01 2.4545454545e+00 2.5999447902e+00
5.7575757576e-01 2.5151515152e+00 2.5352265096e+00
5.7575757576e-01 2.5757575758e+00 2.4737138080e+00
5.7575757576e-01 2.6363636364e+00 2.4151691977e+00
5.7575757576e-01 2.6969696970e+00 2.3593786229e+00
5.7575757576e-01 2.7575757576e+00 2.3061485708e+00
5.7575757576e-01 2.8181818182e+00 2.2553036100e+00
5.7575757576e-01 2.8787878788e+00 2.2066842827e+00
5.7575757576e-01 2.9393939394e+00 2.1601452905e+00
5.7575757576e-01 3.0000000000e+00 2.1155539280e+00

6.3636363636e-01 -3.0000000000e+00 2.1067888091e+00
6.3636363636e-01 -2.9393939394e+00 2.1508156648e+00
6.3636363636e-01 -2.8787878788e+00 2.1967402357e+00
6.3636363636e-01 -2.8181818182e+00 2.2446895329e+00
6.3636363636e-01 -2.7575757576e+00 2.2948023536e+00
6.3636363636e-01 -2.6969696970e+00 2.3472307090e+00
6.3636363636e-01 -2.6363636364e+00 2.4021414717e+00
6.3636363636e-01 -2.5757575758e+00 2.4597182818e+00
6.3636363636e-01 -2.5151515152e+00 2.5201637627e+00
6.3636363636e-01 -2.4545454545e+00 2.5837021091e+00
6.3636363636e-01 -2.3939393939e+00 2.6505821242e+00
6.3636363636e-01 -2.3333333333e+00 2.7210808033e+00
6.3636363636e-01 -2.2727272727e+00 2.7955075871e+00
6.3636363636e-01 -2.2121212121e+00 2.8742094403e+00
6.3636363636e-01 -2.1515151515e+00 2.9575769577e+00
6.3636363636e-01 -2.0909090909e+00 3.0460517604e+00
6.3636363636e-01 -2.0303030303e+00 3.1401355252e+00
6.3636363636e-01 -1.9696969697e+00 3.2404011098e+00
6.3636363636e-01 -1.9090909091e+00 3.3475063910e+00
6.3636363636e-01 -1.8484848485e+00 3.4622116681e+00
6.3636363636e-01 -1.7878787879e+00 3.5854018143e+00
6.3636363636e-01 -1.7272727273e+00 3.7181148563e+00
6.3636363636e-01 -1.6666666667e+00 3.8615794092e+00
6.3636363636e-01 -1.6060606061e+00 4.0172645642e+00
6.3636363636e-01 -1.5454545455e+00 4.1869476828e+00
6.3636363636e-01 -1.4848484848e+00 4.3728086154e+00
6.3636363636e-01 -1.4242424242e+00 4.5775640898e+00
6.3636363636e-01 -1.3636363636e+00 4.8046652852e+00
6.3636363636e-01 -1.3030303030e+00 5.0585988805e+00
6.3636363636e-01 -1.2424242424e+00 5.3453658340e+00
6.3636363636e-01 -1.1818181818e+00 5.6732836210e+00
6.3636363636e-01 -1.1212121212e+00 6.0544208590e+00
6.3636363636e-01 -1.0606060606e+00 6.5073868514e+00
6.3636363636e-01 -1.0000000000e+00 7.0634009512e+00
6.3636363636e-01 -9.3939393939e-01 7.7818023199e+00
6.3636363636e-01 -8.7878787879e-01 8.8012419314e+00
6.3636363636e-01 -8.1818181818e-01 1.0621441484e+01
6.3636363636e-01 -7.5757575758e-01 1.3309656761e+01
6.3636363636e-01 -6.9696969697e-01 1.0145743539e+01
6.3636363636e-01 -6.3636363636e-01 9.1214036993e+00
6.3636363636e-01 -5.7575757576e-01 8.5316948379e+00
6.3636363636e-01 -5.1515151515e-01 8.1352865560e+00
6.3636363636e-01 -4.5454545455e-01 7.8490744857e+00
6.3636363636e-01 -3.9393939394e-01 7.6347606316e+00
6.3636363636e-01 -3.3333333333e-01 7.4717360597e+00
6.3636363636e-01 -2.7272727273e-01 7.3478205748e+00
6.3636363636e-01 -2.1212121212e-01 7.2553955952e+00
6.3636363636e-01 -1.5151515152e-01 7.1895661699e+00
6.3636363636e-01 -9.0909090909e-02 7.1472108036e+00
6.3636363636e-01 -3.0303030303e-02 7.1264687523e+00
6.3636363636e-01 3.0303030303e-02 7.1264687523e+00
6.3636363636e-01 9.0909090909e-02 7.1472108036e+00
6.3636363636e-01 1.5151515152e-01 7.1895661699e+00
6.3636363636e-01 2.1212121212e-01 7.2553955952e+00
6.3636363636e-01 2.7272727273e-01 7.3478205748e+00
6.3636363636e-01 3.3333333333e-01 7.4717360597e+00
6.3636363636e-01 3.9393939394e-01 7.6347606316e+00
6.3636363636e-01 4.5454545455e-01 7.8490744857e+00
6.3636363636e-01 5.1515151515e-01 8.1352865560e+00
6.3636363636e-01 5.7575757576e-01 8.5316948379e+00
6.3636363636e-01 6.3636363636e-01 9.1214036993e+00
6.3636363636e-01 6.9696969697e-01 1.0145743539e+01
6.3636363636e-01 7.5757575758e-01 1.3309656761e+01
6.3636363636e-01 8.1818181818e-01 1.0621441484e+01
6.3636363636e-01 8.7878787879e-01 8.8012419314e+00
6.3636363636e-01 9.3939393939e-01 7.7818023199e+00
6.3636363636e-01 1.0000000000e+00 7.0634009512e+00
6.3636363636e-01 1.0606060606e+00 6.5073868514e+00
6.3636363636e-01 1.1212121212e+00 6.0544208590e+00
6.3636363636e-01 1.1818181818e+00 5.6732836210e+00
6.3636363636e-01 1.2424242424e+00 5.3453658340e+00
6.3636363636e-01 1.3030303030e+00 5.0585988805e+00
6.3636363636e-01 1.3636363636e+00 4.8046652852e+00
6.3636363636e-01 1.4242424242e+00 4.5775640898e+00
6.3636363636e-01 1.4848484848e+00 4.3728086154e+00
6.3636363636e-01 1.5454545455e+00 4.1869476828e+00
6.3636363636e-01 1.6060606061e+00 4.0172645642e+00
6.3636363636e-01 1.6666666667e+00 3.8615794092e+00
6.3636363636e-01 1.7272727273e+00 3.7181148563e+00
6.3636363636e-01 1.7878787879e+00 3.5854018143e+00
6.3636363636e-01 1.8484848485e+00 3.4622116681e+00
6.3636363636e-01 1.9090909091e+00 3.3475063910e+00
6.3636363636e-01 1.9696969697e+00 3.2404011098e+00
6.3636363636e-01 2.0303030303e+00 3.1401355252e+00
6.3636363636e-01 2.0909090909e+00 3.0460517604e+00
6.3636363636e-01 2.1515151515e+00 2.9575769577e+00
6.3636363636e-01 2.2121212121e+00 2.8742094403e+00
6.3636363636e-01 2.2727272727e+00 2.7955075871e+00
6.3636363636e-01 2.3333333333e+00 2.7210808033e+00
6.3636363636e-01 2.3939393939e+00 2.6505821242e+00
6.3636363636e-01 2.4545454545e+00 2.5837021091e+00
6.3636363636e-01 2.5151515152e+00 2.5201637627e+00
6.3636363636e-01 2.5757575758e+00 2.4597182818e+00
6.3636363636e-01 2.6363636364e+00 2.4021414717e+00
6.3636363636e-01 2.6969696970e+00 2.3472307090e+00
6.3636363636e-01 2.7575757576e+00 2.2948023536e+00
6.3636363636e-01 2.8181818182e+00 2.2446895329e+00
6.3636363636e-01 2.8787878788e+00 2.1967402357e+00
6.3636363636e-01 2.9393939394e+00 2.1508156648e+00
6.3636363636e-01 3.0000000000e+00 2.1067888091e+00

6.9696969697e-01 -3.0000000000e+00 2.0972720864e+00
6.9696969697e-01 -2.9393939394e+00 2.1406916368e+00
6.9696969697e-01 -2.8787878788e+00 2.1859558365e+00
6.9696969697e-01 -2.8181818182e+00 2.2331857312e+00
6.9696969697e-01 -2.7575757576e+00 2.2825133212e+00
6.9696969697e-01 -2.6969696970e+00 2.3340828511e+00
6.9696969697e-01 -2.6363636364e+00 2.3880522886e+00
6.9696969697e-01 -2.5757575758e+00 2.4445950292e+00
6.9696969697e-01 -2.5151515152e+00 2.5039018667e+00
6.9696969697e-01 -2.4545454545e+00 2.5661832837e+00
6.9696969697e-01 -2.3939393939e+00 2.6316721229e+00
6.9696969697e-01 -2.3333333333e+00 2.7006267212e+00
6.9696969697e-01 -2.2727272727e+00 2.7733346035e+00
6.9696969697e-01 -2.2121212121e+00 2.8501168636e+00
6.9696969697e-01 -2.1515151515e+00 2.9313333907e+00
6.9696969697e-01 -2.0909090909e+00 3.0173891480e+00
6.9696969697e-01 -2.0303030303e+00 3.1087417714e+00
6.9696969697e-01 -1.9696969697e+00 3.2059108400e+00
6.9696969697e-01 -1.9090909091e+00 3.3094892893e+00
6.9696969697e-01 -1.8484848485e+00 3.4201576004e+00
6.9696969697e-01 -1.7878787879e+00 3.5387016364e+00
6.9696969697e-01 -1.7272727273e+00 3.6660353410e+00
6.9696969697e-01 -1.6666666667e+00 3.8032300219e+00
6.9696969697e-01 -1.6060606061e+00 3.9515527241e+00
6.9696969697e-01 -1.5454545455e+00 4.1125174017e+00
6.9696969697e-01 -1.4848484848e+00 4.2879545420e+00
6.9696969697e-01 -1.4242424242e+00 4.4801080994e+00
6.9696969697e-01 -1.3636363636e+00 4.6917740936e+00
6.9696969697e-01 -1.3030303030e+00 4.9265050379e+00
6.9696969697e-01 -1.2424242424e+00 5.1889227444e+00
6.9696969697e-01 -1.1818181818e+00 5.4852184697e+00
6.9696969697e-01 -1.1212121212e+00 5.8239966425e+00
6.9696969697e-01 -1.0606060606e+00 6.2177967052e+00
6.9696969697e-01 -1.0000000000e+00 6.6860854002e+00
6.9696969697e-01 -9.3939393939e-01 7.2618660797e+00
6.9696969697e-01 -8.7878787879e-01 8.0089439061e+00
6.9696969697e-01 -8.1818181818e-01 9.0810687898e+00
6.9696969697e-01 -7.5757575758e-01 1.1078397395e+01
6.9696969697e-01 -6.9696969697e-01 1.2725815028e+01
6.9696969697e-01 -6.3636363636e-01 1.0145743539e+01
6.9696969697e-01 -5.7575757576e-01 9.1933439177e+00
6.9696969697e-01 -5.1515151515e-01 8.6343096602e+00
6.9696969697e-01 -4.5454545455e-01 8.2571193251e+00
6.9696969697e-01 -3.9393939394e-01 7.9858438993e+00
6.9696969697e-01 -3.3333333333e-01 7.7848350091e+00
6.9696969697e-01 -2.7272727273e-01 7.6347606316e+00
6.9696969697e-01 -2.1212121212e-01 7.5242114704e+00
6.9696969697e-01 -1.5151515152e-01 7.4461473149e+00
6.9696969697e-01 -9.0909090909e-02 7.3962024360e+00
6.9696969697e-01 -3.0303030303e-02 7.3718218992e+00
6.9696969697e-01 3.0303030303e-02 7.3718218992e+00
6.9696969697e-01 9.0909090909e-02 7.3962024360e+00
6.9696969697e-01 1.5151515152e-01 7.4461473149e+00
6.9696969697e-01 2.1212121212e-01 7.5242114704e+00
6.9696969697e-01 2.7272727273e-01 7.6347606316e+00
6.9696969697e-01 3.3333333333e-01 7.7848350091e+00
6.9696969697e-01 3.9393939394e-01 7.9858438993e+00
6.9696969697e-01 4.5454545455e-01 8.2571193251e+00
6.9696969697e-01 5.1515151515e-01 8.6343096602e+00
6.9696969697e-01 5.7575757576e-01 9.1933439177e+00
6.9696969697e-01 6.3636363636e-01 1.0145743539e+01
6.9696969697e-01 6.9696969697e-01 1.2725815028e+01
6.9696969697e-01 7.5757575758e-01 1.1078397395e+01
6.9696969697e-01 8.1818181818e-01 9.0810687898e+00
6.9696969697e-01 8.7878787879e-01 8.0089439061e+00
6.9696969697e-01 9.3939393939e-01 7.2618660797e+00
6.9696969697e-01 1.0000000000e+00 6.6860854002e+00
6.9696969697e-01 1.0606060606e+00 6.2177967052e+00
6.9696969697e-01 1.1212121212e+00 5.8239966425e+00
6.9696969697e-01 1.1818181818e+00 5.4852184697e+00
6.9696969697e-01 1.2424242424e+00 5.1889227444e+00
6.9696969697e-01 1.3030303030e+00 4.9265050379e+00
6.9696969697e-01 1.3636363636e+00 4.6917740936e+00
6.9696969697e-01 1.4242424242e+00 4.4801080994e+00
6.9696969697e-01 1.4848484848e+00 4.2879545420e+00
6.9696969697e-01 1.5454545455e+00 4.1125174017e+00
6.9696969697e-01 1.6060606061e+00 3.9515527241e+00
6.9696969697e-01 1.6666666667e+00 3.8032300219e+00
6.9696969697e-01 1.7272727273e+00 3.6660353410e+00
6.9696969697e-01 1.7878787879e+00 3.5387016364e+00
6.9696969697e-01 1.8484848485e+00 3.4201576004e+00
6.9696969697e-01 1.9090909091e+00 3.3094892893e+00
6.9696969697e-01 1.9696969697e+00 3.2059108400e+00
6.9696969697e-01 2.0303030303e+00 3.1087417714e+00
6.9696969697e-01 2.0909090909e+00 3.0173891480e+00
6.9696969697e-01 2.1515151515e+00 2.9313333907e+00
6.9696969697e-01 2.2121212121e+00 2.8501168636e+00
6.9696969697e-01 2.2727272727e+00 2.7733346035e+00
6.9696969697e-01 2.3333333333e+00 2.7006267212e+00
6.9696969697e-01 2.3939393939e+00 2.6316721229e+00
6.9696969697e-01 2.4545454545e+00 2.5661832837e+00
6.9696969697e-01 2.5151515152e+00 2.5039018667e+00
6.9696969697e-01 2.5757575758e+00 2.4445950292e+00
6.9696969697e-01 2.6363636364e+00 2.3880522886e+00
6.9696969697e-01 2.6969696970e+00 2.3340828511e+00
6.9696969697e-01 2.7575757576e+00 2.2825133212e+00
6.9696969697e-01 2.8181818182e+00 2.2331857312e+00
6.9696969697e-01 2.8787878788e+00 2.1859558365e+00
6.9696969697e-01 2.9393939394e+00 2.1406916368e+00
6.9696969697e-01 3.0000000000e+00 2.0972720864e+00

7.5757575758e-01 -3.0000000000e+00 2.0870360997e+00
7.5757575758e-01 -2.9393939394e+00 2.1298089252e+00
7.5757575758e-01 -2.8787878788e+00 2.1743706135e+00
7.5757575758e-01 -2.8181818182e+00 2.2208360378e+00
7.5757575758e-01 -2.7575757576e+00 2.2693301833e+00
7.5757575758e-01 -2.6969696970e+00 2.3199892973e+00
7.5757575758e-01 -2.6363636364e+00 2.3729622031e+00
7.5757575758e-01 -2.5757575758e+00 2.4284118056e+00
7.5757575758e-01 -2.5151515152e+00 2.4865168227e+00
7.5757575758e-01 -2.4545454545e+00 2.5474737846e+00
7.5757575758e-01 -2.3939393939e+00 2.6114993525e+00
7.5757575758e-01 -2.3333333333e+00 2.6788330182e+00
7.5757575758e-01 -2.2727272727e+00 2.7497402644e+00
7.5757575758e-01 -2.2121212121e+00 2.8245162822e+00
7.5757575758e-01 -2.1515151515e+00 2.9034903684e+00
7.5757575758e-01 -2.0909090909e+00 2.9870311612e+00
7.5757575758e-01 -2.0303030303e+00 3.0755529117e+00
7.5757575758e-01 -1.9696969697e+00 3.1695230564e+00
7.5757575758e-01 -1.9090909091e+00 3.2694714292e+00
7.5757575758e-01 -1.8484848485e+00 3.3760015720e+00
7.5757575758e-01 -1.7878787879e+00 3.4898047562e+00
7.5757575758e-01 -1.7272727273e+00 3.6116775585e+00
7.5757575758e-01 -1.6666666667e+00 3.7425441626e+00
7.5757575758e-01 -1.6060606061e+00 3.8834850514e+00
7.5757575758e-01 -1.5454545455e+00 4.0357744984e+00
7.5757575758e-01 -1.4848484848e+00 4.2009304322e+00
7.5757575758e-01 -1.4242424242e+00 4.3807821072e+00
7.5757575758e-01 -1.3636363636e+00 4.5775640898e+00
7.5757575758e-01 -1.3030303030e+00 4.7940503333e+00
7.5757575758e-01 -1.2424242424e+00 5.0337515011e+00
7.5757575758e-01 -1.1818181818e+00 5.3012162360e+00
7.5757575758e-01 -1.1212121212e+00 5.6025117461e+00
7.5757575758e-01 -1.0606060606e+00 5.9460323476e+00
7.5757575758e-01 -1.0000000000e+00 6.3439528430e+00
7.5757575758e-01 -9.3939393939e-01 6.8150726276e+00
7.5757575758e-01 -8.7878787879e-01 7.3910534480e+00
7.5757575758e-01 -8.1818181818e-01 8.1325302607e+00
7.5757575758e-01 -7.5757575758e-01 9.1831695145e+00
7.5757575758e-01 -6.9696969697e-01 1.1078397395e+01
7.5757575758e-01 -6.3636363636e-01 1.3309656761e+01
7.5757575758e-01 -5.7575757576e-01 1.0417324672e+01
7.5757575758e-01 -5.1515151515e-01 9.4290430257e+00
7.5757575758e-01 -4.5454545455e-01 8.8604699954e+00
7.5757575758e-01 -3.9393939394e-01 8.4826580639e+00
7.5757575758e-01 -3.3333333333e-01 8.2154923374e+00
7.5757575758e-01 -2.7272727273e-01 8.0219322087e+00
7.5757575758e-01 -2.1212121212e-01 7.8821896767e+00
7.5757575758e-01 -1.5151515152e-01 7.7848350091e+00
7.5757575758e-01 -9.0909090909e-02 7.7230881876e+00
7.5757575758e-01 -3.0303030303e-02 7.6930936506e+00
7.5757575758e-01 3.0303030303e-02 7.6930936506e+00
7.5757575758e-01 9.0909090909e-02 7.7230881876e+00
7.5757575758e-01 1.5151515152e-01 7.7848350091e+00
7.5757575758e-01 2.1212121212e-01 7.8821896767e+00
7.5757575758e-01 2.7272727273e-01 8.0219322087e+00
7.5757575758e-01 3.3333333333e-01 8.2154923374e+00
7.5757575758e-01 3.9393939394e-01 8.4826580639e+00
7.5757575758e-01 4.5454545455e-01 8.8604699954e+00
7.5757575758e-01 5.1515151515e-01 9.4290430257e+00
7.5757575758e-01 5.7575757576e-01 1.0417324672e+01
7.5757575758e-01 6.3636363636e-01 1.3309656761e+01
7.5757575758e-01 6.9696969697e-01 1.1078397395e+01
7.5757575758e-01 7.5757575758e-01 9.1831695145e+00
7.5757575758e-01 8.1818181818e-01 8.1325302607e+00
7.5757575758e-01 8.7878787879e-01 7.3910534480e+00
7.5757575758e-01 9.3939393939e-01 6.8150726276e+00
7.5757575758e-01 1.0000000000e+00 6.3439528430e+00
7.5757575758e-01 1.0606060606e+00 5.9460323476e+00
7.5757575758e-01 1.1212121212e+00 5.6025117461e+00
7.5757575758e-01 1.1818181818e+00 5.3012162360e+00
7.5757575758e-01 1.2424242424e+00 5.0337515011e+00
7.5757575758e-01 1.3030303030e+00 4.7940503333e+00
7.5757575758e-01 1.3636363636e+00 4.5775640898e+00
7.5757575758e-01 1.4242424242e+00 4.3807821072e+00
7.5757575758e-01 1.4848484848e+00 4.2009304322e+00
7.5757575758e-01 1.5454545455e+00 4.0357744984e+00
7.5757575758e-01 1.6060606061e+00 3.8834850514e+00
7.5757575758e-01 1.6666666667e+00 3.7425441626e+00
7.5757575758e-01 1.7272727273e+00 3.6116775585e+00
7.5757575758e-01 1.7878787879e+00 3.4898047562e+00
7.5757575758e-01 1.8484848485e+00 3.3760015720e+00
7.5757575758e-01 1.9090909091e+00 3.2694714292e+00
7.5757575758e-01 1.9696969697e+00 3.1695230564e+00
7.5757575758e-01 2.0303030303e+00 3.0755529117e+00
7.5757575758e-01 2.0909090909e+00 2.9870311612e+00
7.5757575758e-01 2.1515151515e+00 2.9034903684e+00
7.5757575758e-01 2.2121212121e+00 2.8245162822e+00
7.5757575758e-01 2.2727272727e+00 2.7497402644e+00
7.5757575758e-01 2.3333333333e+00 2.6788330182e+00
7.5757575758e-01 2.3939393939e+00 2.6114993525e+00
7.5757575758e-01 2.4545454545e+00 2.5474737846e+00
7.5757575758e-01 2.5151515152e+00 2.4865168227e+00
7.5757575758e-01 2.5757575758e+00 2.4284118056e+00
7.5757575758e-01 2.6363636364e+00 2.3729622031e+00
7.5757575758e-01 2.6969696970e+00 2.3199892973e+00
7.5757575758e-01 2.7575757576e+00 2.2693301833e+00
7.5757575758e-01 2.8181818182e+00 2.2208360378e+00
7.5757575758e-01 2.8787878788e+00 2.1743706135e+00
7.5757575758e-01 2.9393939394e+00 2.1298089252e+00
7.5757575758e-01 3.0000000000e+00 2.0870360997e+00

8.1818181818e-01 -3.0000000000e+00 2.0761147466e+00
8.1818181818e-01 -2.9393939394e+00 2.1182049053e+00
8.1818181818e-01 -2.8787878788e+00 2.1620258524e+00
8.1818181818e-01 -2.8181818182e+00 2.2076861457e+00
8.1818181818e-01 -2.7575757576e+00 2.2553036100e+00
8.1818181818e-01 -2.6969696970e+00 2.3050063523e+00
8.1818181818e-01 -2.6363636364e+00 2.3569339140e+00
8.1818181818e-01 -2.5757575758e+00 2.4112385838e+00
8.1818181818e-01 -2.5151515152e+00 2.4680868990e+00
8.1818181818e-01 -2.4545454545e+00 2.5276613663e+00
8.1818181818e-01 -2.3939393939e+00 2.5901624433e+00
8.1818181818e-01 -2.3333333333e+00 2.6558108288e+00
8.1818181818e-01 -2.2727272727e+00 2.7248501210e+00
8.1818181818e-01 -2.2121212121e+00 2.7975499160e+00
8.1818181818e-01 -2.1515151515e+00 2.8742094403e+00
8.1818181818e-01 -2.0909090909e+00 2.9551618279e+00
8.1818181818e-01 -2.0303030303e+00 3.0407791907e+00
8.1818181818e-01 -1.9696969697e+00 3.1314786633e+00
8.1818181818e-01 -1.9090909091e+00 3.2277296640e+00
8.1818181818e-01 -1.8484848485e+00 3.3300626819e+00
8.1818181818e-01 -1.7878787879e+00 3.4390800041e+00
8.1818181818e-01 -1.7272727273e+00 3.5554689360e+00
8.1818181818e-01 -1.6666666667e+00 3.6800182698e+00
8.1818181818e-01 -1.6060606061e+00 3.8136390460e+00
8.1818181818e-01 -1.5454545455e+00 3.9573910833e+00
8.1818181818e-01 -1.4848484848e+00 4.1125174017e+00
8.1818181818e-01 -1.4242424242e+00 4.2804896697e+00
8.1818181818e-01 -1.3636363636e+00 4.4630694082e+00
8.1818181818e-01 -1.3030303030e+00 4.6623923087e+00
8.1818181818e-01 -1.2424242424e+00 4.8810874784e+00
8.1818181818e-01 -1.1818181818e+00 5.1224512860e+00
8.1818181818e-01 -1.1212121212e+00 5.3907099872e+00
8.1818181818e-01 -1.0606060606e+00 5.6914335382e+00
8.1818181818e-01 -1.0000000000e+00 6.0322215265e+00
8.1818181818e-01 -9.3939393939e-01 6.4239132602e+00
8.1818181818e-01 -8.7878787879e-01 6.8828979093e+00
8.1818181818e-01 -8.1818181818e-01 7.4360093539e+00
8.1818181818e-01 -7.5757575758e-01 8.1325302607e+00
8.1818181818e-01 -6.9696969697e-01 9.0810687898e+00
8.1818181818e-01 -6.3636363636e-01 1.0621441484e+01
8.1818181818e-01 -5.7575757576e-01 2.0594799786e+01
8.1818181818e-01 -5.1515151515e-01 1.1124000831e+01
8.1818181818e-01 -4.5454545455e-01 9.9098550997e+00
8.1818181818e-01 -3.9393939394e-01 9.2684101083e+00
8.1818181818e-01 -3.3333333333e-01 8.8604699954e+00
8.1818181818e-01 -2.7272727273e-01 8.5822160322e+00
8.1818181818e-01 -2.1212121212e-01 8.3887205854e+00
8.1818181818e-01 -1.5151515152e-01 8.2571193251e+00
8.1818181818e-01 -9.0909090909e-02 8.1748972380e+00
8.1818181818e-01 -3.0303030303e-02 8.1352865560e+00
8.1818181818e-01 3.0303030303e-02 8.1352865560e+00
8.1818181818e-01 9.0909090909e-02 8.1748972380e+00
8.1818181818e-01 1.5151515152e-01 8.2571193251e+00
8.1818181818e-01 2.1212121212e-01 8.3887205854e+00
8.1818181818e-01 2.7272727273e-01 8.5822160322e+00
8.1818181818e-01 3.3333333333e-01 8.8604699954e+00
8.1818181818e-01 3.9393939394e-01 9.2684101083e+00
8.1818181818e-01 4.5454545455e-01 9.9098550997e+00
8.1818181818e-01 5.1515151515e-01 1.1124000831e+01
8.1818181818e-01 5.7575757576e-01 2.0594799786e+01
8.1818181818e-01 6.3636363636e-01 1.0621441484e+01
8.1818181818e-01 6.9696969697e-01 9.0810687898e+00
8.1818181818e-01 7.5757575758e-01 8.1325302607e+00
8.1818181818e-01 8.1818181818e-01 7.4360093539e+00
8.1818181818e-01 8.7878787879e-01 6.8828979093e+00
8.1818181818e-01 9.3939393939e-01 6.4239132602e+00
8.1818181818e-01 1.0000000000e+00 6.0322215265e+00
8.1818181818e-01 1.0606060606e+00 5.6914335382e+00
8.1818181818e-01 1.1212121212e+00 5.3907099872e+00
8.1818181818e-01 1.1818181818e+00 5.1224512860e+00
8.1818181818e-01 1.2424242424e+00 4.8810874784e+00
8.1818181818e-01 1.3030303030e+00 4.6623923087e+00
8.1818181818e-01 1.3636363636e+00 4.4630694082e+00
8.1818181818e-01 1.4242424242e+00 4.2804896697e+00
8.1818181818e-01 1.4848484848e+00 4.1125174017e+00
8.1818181818e-01 1.5454545455e+00 3.9573910833e+00
8.1818181818e-01 1.6060606061e+00 3.8136390460e+00
8.1818181818e-01 1.6666666667e+00 3.6800182698e+00
8.1818181818e-01 1.7272727273e+00 3.5554689360e+00
8.1818181818e-01 1.7878787879e+00 3.4390800041e+00
8.1818181818e-01 1.8484848485e+00 3.3300626819e+00
8.1818181818e-01 1.9090909091e+00 3.2277296640e+00
8.1818181818e-01 1.9696969697e+00 3.1314786633e+00
8.1818181818e-01 2.0303030303e+00 3.0407791907e+00
8.1818181818e-01 2.0909090909e+00 2.9551618279e+00
8.1818181818e-01 2.1515151515e+00 2.8742094403e+00
8.1818181818e-01 2.2121212121e+00 2.7975499160e+00
8.1818181818e-01 2.2727272727e+00 2.7248501210e+00
8.1818181818e-01 2.3333333333e+00 2.6558108288e+00
8.1818181818e-01 2.3939393939e+00 2.5901624433e+00
8.1818181818e-01 2.4545454545e+00 2.5276613663e+00
8.1818181818e-01 2.5151515152e+00 2.4680868990e+00
8.1818181818e-01 2.5757575758e+00 2.4112385838e+00
8.1818181818e-01 2.6363636364e+00 2.3569339140e+00
8.1818181818e-01 2.6969696970e+00 2.3050063523e+00
8.1818181818e-01 2.7575757576e+00 2.2553036100e+00
8.1818181818e-01 2.8181818182e+00 2.2076861457e+00
8.1818181818e-01 2.8787878788e+00 2.1620258524e+00
8.1818181818e-01 2.9393939394e+00 2.1182049053e+00
8.1818181818e-01 3.0000000000e+00 2.0761147466e+00

8.7878787879e-01 -3.0000000000e+00 2.0645431989e+00
8.7878787879e-01 -2.9393939394e+00 2.1059182863e+00
8.7878787879e-01 -2.8787878788e+00 2.1489642288e+00
8.7878787879e-01 -2.8181818182e+00 2.1937831866e+00
8.7878787879e-01 -2.7575757576e+00 2.2404857504e+00
8.7878787879e-01 -2.6969696970e+00 2.2891918255e+00
8.7878787879e-01 -2.6363636364e+00 2.3400316297e+00
8.7878787879e-01 -2.5757575758e+00 2.3931468228e+00
8.7878787879e-01 -2.5151515152e+00 2.4486917879e+00
8.7878787879e-01 -2.4545454545e+00 2.5068350908e+00
8.7878787879e-01 -2.3939393939e+00 2.5677611455e+00
8.7878787879e-01 -2.3333333333e+00 2.6316721229e+00
8.7878787879e-01 -2.2727272727e+00 2.6987901451e+00
8.7878787879e-01 -2.2121212121e+00 2.7693598181e+00
8.7878787879e-01 -2.1515151515e+00 2.8436511676e+00
8.7878787879e-01 -2.0909090909e+00 2.9219630564e+00
8.7878787879e-01 -2.0303030303e+00 3.0046271831e+00
8.7878787879e-01 -1.9696969697e+00 3.0920127841e+00
8.7878787879e-01 -1.9090909091e+00 3.1845321976e+00
8.7878787879e-01 -1.8484848485e+00 3.2826474877e+00
8.7878787879e-01 -1.7878787879e+00 3.3868783885e+00
8.7878787879e-01 -1.7272727273e+00 3.4978119063e+00
8.7878787879e-01 -1.6666666667e+00 3.6161140312e+00
8.7878787879e-01 -1.6060606061e+00 3.7425441626e+00
8.7878787879e-01 -1.5454545455e+00 3.8779730814e+00
8.7878787879e-01 -1.4848484848e+00 4.0234056265e+00
8.7878787879e-01 -1.4242424242e+00 4.1800097268e+00
8.7878787879e-01 -1.3636363636e+00 4.3491541895e+00
8.7878787879e-01 -1.3030303030e+00 4.5324588214e+00
8.7878787879e-01 -1.2424242424e+00 4.7318623642e+00
8.7878787879e-01 -1.1818181818e+00 4.9497168872e+00
8.7878787879e-01 -1.1212121212e+00 5.1889227444e+00
8.7878787879e-01 -1.0606060606e+00 5.4531280254e+00
8.7878787879e-01 -1.0000000000e+00 5.7470349426e+00
8.7878787879e-01 -9.3939393939e-01 6.0768925108e+00
8.7878787879e-01 -8.7878787879e-01 6.4513336676e+00
8.7878787879e-01 -8.1818181818e-01 6.8828979093e+00
8.7878787879e-01 -7.5757575758e-01 7.3910534480e+00
8.7878787879e-01 -6.9696969697e-01 8.0089439061e+00
8.7878787879e-01 -6.3636363636e-01 8.8012419314e+00
8.7878787879e-01 -5.7575757576e-01 9.9264719260e+00
8.7878787879e-01 -5.1515151515e-01 1.2029231800e+01
8.7878787879e-01 -4.5454545455e-01 1.3309649148e+01
8.7878787879e-01 -3.9393939394e-01 1.0920260988e+01
8.7878787879e-01 -3.3333333333e-01 1.0023915269e+01
8.7878787879e-01 -2.7272727273e-01 9.5152695761e+00
8.7878787879e-01 -2.1212121212e-01 9.1933439177e+00
8.7878787879e-01 -1.5151515152e-01 8.9859660127e+00
8.7878787879e-01 -9.0909090909e-02 8.8604699954e+00
8.7878787879e-01 -3.0303030303e-02 8.8010310708e+00
8.7878787879e-01 3.0303030303e-02 8.8010310708e+00
8.7878787879e-01 9.0909090909e-02 8.8604699954e+00
8.7878787879e-01 1.5151515152e-01 8.9859660127e+00
8.7878787879e-01 2.1212121212e-01 9.1933439177e+00
8.7878787879e-01 2.7272727273e-01 9.5152695761e+00
8.7878787879e-01 3.3333333333e-01 1.0023915269e+01
8.7878787879e-01 3.9393939394e-01 1.0920260988e+01
8.7878787879e-01 4.5454545455e-01 1.3309649148e+01
8.7878787879e-01 5.1515151515e-01 1.2029231800e+01
8.7878787879e-01 5.7575757576e-01 9.9264719260e+00
8.7878787879e-01 6.3636363636e-01 8.8012419314e+00
8.7878787879e-01 6.9696969697e-01 8.0089439061e+00
8.7878787879e-01 7.5757575758e-01 7.3910534480e+00
8.7878787879e-01 8.1818181818e-01 6.8828979093e+00
8.7878787879e-01 8.7878787879e-01 6.4513336676e+00
8.7878787879e-01 9.3939393939e-01 6.0768925108e+00
8.7878787879e-01 1.0000000000e+00 5.7470349426e+00
8.7878787879e-01 1.0606060606e+00 5.4531280254e+00
8.7878787879e-01 1.1212121212e+00 5.1889227444e+00
8.7878787879e-01 1.1818181818e+00 4.9497168872e+00
8.7878787879e-01 1.2424242424e+00 4.7318623642e+00
8.7878787879e-01 1.3030303030e+00 4.5324588214e+00
8.7878787879e-01 1.3636363636e+00 4.3491541895e+00
8.7878787879e-01 1.4242424242e+00 4.1800097268e+00
8.7878787879e-01 1.4848484848e+00 4.0234056265e+00
8.7878787879e-01 1.5454545455e+00 3.8779730814e+00
8.7878787879e-01 1.6060606061e+00 3.7425441626e+00
8.7878787879e-01 1.6666666667e+00 3.6161140312e+00
8.7878787879e-01 1.7272727273e+00 3.4978119063e+00
8.7878787879e-01 1.7878787879e+00 3.3868783885e+00
8.7878787879e-01 1.8484848485e+00 3.2826474877e+00
8.7878787879e-01 1.9090909091e+00 3.1845321976e+00
8.7878787879e-01 1.9696969697e+00 3.0920127841e+00
8.7878787879e-01 2.0303030303e+00 3.0046271831e+00
8.7878787879e-01 2.0909090909e+00 2.9219630564e+00
8.7878787879e-01 2.1515151515e+00 2.8436511676e+00
8.7878787879e-01 2.2121212121e+00 2.7693598181e+00
8.7878787879e-01 2.2727272727e+00 2.6987901451e+00
8.7878787879e-01 2.3333333333e+00 2.6316721229e+00
8.7878787879e-01 2.3939393939e+00 2.5677611455e+00
8.7878787879e-01 2.4545454545e+00 2.5068350908e+00
8.7878787879e-01 2.5151515152e+00 2.4486917879e+00
8.7878787879e-01 2.5757575758e+00 2.3931468228e+00
8.7878787879e-01 2.6363636364e+00 2.3400316297e+00
8.7878787879e-01 2.6969696970e+00 2.2891918255e+00
8.7878787879e-01 2.7575757576e+00 2.2404857504e+00
8.7878787879e-01 2.8181818182e+00 2.1937831866e+00
8.7878787879e-01 2.8787878788e+00 2.1489642288e+00
8.7878787879e-01 2.9393939394e+00 2.1059182863e+00
8.7878787879e-01 3.0000000000e+00 2.0645431989e+00

9.3939393939e-01 -3.0000000000e+00 2.0523576224e+00
9.3939393939e-01 -2.9393939394e+00 2.0929887931e+00
9.3939393939e-01 -2.8787878788e+00 2.1352294467e+00
9.3939393939e-01 -2.8181818182e+00 2.1791753210e+00
9.3939393939e-01 -2.7575757576e+00 2.2249297647e+00
9.3939393939e-01 -2.6969696970e+00 2.2726044968e+00
9.3939393939e-01 -2.6363636364e+00 2.3223204586e+00
9.3939393939e-01 -2.5757575758e+00 2.3742087698e+00
9.3939393939e-01 -2.5151515152e+00 2.4284118056e+00
9.3939393939e-01 -2.4545454545e+00 2.4850844112e+00
9.3939393939e-01 -2.3939393939e+00 2.5443952768e+00
9.3939393939e-01 -2.3333333333e+00 2.6065284962e+00
9.3939393939e-01 -2.2727272727e+00 2.6716853400e+00
9.3939393939e-01 -2.2121212121e+00 2.7400862776e+00
9.3939393939e-01 -2.1515151515e+00 2.8119732920e+00
9.3939393939e-01 -2.0909090909e+00 2.8876125370e+00
9.3939393939e-01 -2.0303030303e+00 2.9672973995e+00
9.3939393939e-01 -1.9696969697e+00 3.0513520430e+00
9.3939393939e-01 -1.9090909091e+00 3.1401355252e+00
9.3939393939e-01 -1.8484848485e+00 3.2340466063e+00
9.3939393939e-01 -1.7878787879e+00 3.3335293931e+00
9.3939393939e-01 -1.7272727273e+00 3.4390800041e+00
9.3939393939e-01 -1.6666666667e+00 3.5512544926e+00
9.3939393939e-01 -1.6060606061e+00 3.6706783360e+00
9.3939393939e-01 -1.5454545455e+00 3.7980578980e+00
9.3939393939e-01 -1.4848484848e+00 3.9341944103e+00
9.3939393939e-01 -1.4242424242e+00 4.0800012165e+00
9.3939393939e-01 -1.3636363636e+00 4.2365253158e+00
9.3939393939e-01 -1.3030303030e+00 4.4049746764e+00
9.3939393939e-01 -1.2424242424e+00 4.5867534552e+00
9.3939393939e-01 -1.1818181818e+00 4.7835083056e+00
9.3939393939e-01 -1.1212121212e+00 4.9971906377e+00
9.3939393939e-01 -1.0606060606e+00 5.2301424895e+00
9.3939393939e-01 -1.0000000000e+00 5.4852184697e+00
9.3939393939e-01 -9.3939393939e-01 5.7659648035e+00
9.3939393939e-01 -8.7878787879e-01 6.0768925108e+00
9.3939393939e-01 -8.1818181818e-01 6.4239132602e+00
9.3939393939e-01 -7.5757575758e-01 6.8150726276e+00
9.3939393939e-01 -6.9696969697e-01 7.2618660797e+00
9.3939393939e-01 -6.3636363636e-01 7.7818023199e+00
9.3939393939e-01 -5.7575757576e-01 8.4039712831e+00
9.3939393939e-01 -5.1515151515e-01 9.1831695145e+00
9.3939393939e-01 -4.5454545455e-01 1.0245698967e+01
9.3939393939e-01 -3.9393939394e-01 1.2029231796e+01
9.3939393939e-01 -3.3333333333e-01 1.5659309935e+01
9.3939393939e-01 -2.7272727273e-01 1.1917338375e+01
9.3939393939e-01 -2.1212121212e-01 1.0920260988e+01
9.3939393939e-01 -1.5151515152e-01 1.0417324672e+01
9.3939393939e-01 -9.0909090909e-02 1.0145743539e+01
9.3939393939e-01 -3.0303030303e-02 1.0023915269e+01
9.3939393939e-01 3.0303030303e-02 1.0023915269e+01
9.3939393939e-01 9.0909090909e-02 1.0145743539e+01
9.3939393939e-01 1.5151515152e-01 1.0417324672e+01
9.3939393939e-01 2.1212121212e-01 1.0920260988e+01
9.3939393939e-01 2.7272727273e-01 1.1917338375e+01
9.3939393939e-01 3.3333333333e-01 1.5659309935e+01
9.3939393939e-01 3.9393939394e-01 1.2029231796e+01
9.3939393939e-01 4.5454545455e-01 1.0245698967e+01
9.3939393939e-01 5.1515151515e-01 9.1831695145e+00
9.3939393939e-01 5.7575757576e-01 8.4039712831e+00
9.3939393939e-01 6.3636363636e-01 7.7818023199e+00
9.3939393939e-01 6.9696969697e-01 7.2618660797e+00
9.3939393939e-01 7.5757575758e-01 6.8150726276e+00
9.3939393939e-01 8.1818181818e-01 6.4239132602e+00
9.3939393939e-01 8.7878787879e-01 6.0768925108e+00
9.3939393939e-01 9.3939393939e-01 5.7659648035e+00
9.3939393939e-01 1.0000000000e+00 5.4852184697e+00
9.3939393939e-01 1.0606060606e+00 5.2301424895e+00
9.3939393939e-01 1.1212121212e+00 4.9971906377e+00
9.3939393939e-01 1.1818181818e+00 4.7835083056e+00
9.3939393939e-01 1.2424242424e+00 4.5867534552e+00
9.3939393939e-01 1.3030303030e+00 4.4049746764e+00
9.3939393939e-01 1.3636363636e+00 4.2365253158e+00
9.3939393939e-01 1.4242424242e+00 4.0800012165e+00
9.3939393939e-01 1.4848484848e+00 3.9341944103e+00
9.3939393939e-01 1.5454545455e+00 3.7980578980e+00
9.3939393939e-01 1.6060606061e+00 3.6706783360e+00
9.3939393939e-01 1.6666666667e+00 3.5512544926e+00
9.3939393939e-01 1.7272727273e+00 3.4390800041e+00
9.3939393939e-01 1.7878787879e+00 3.3335293931e+00
9.3939393939e-01 1.8484848485e+00 3.2340466063e+00
9.3939393939e-01 1.9090909091e+00 3.1401355252e+00
9.3939393939e-01 1.9696969697e+00 3.0513520430e+00
9.3939393939e-01 2.0303030303e+00 2.9672973995e+00
9.3939393939e-01 2.0909090909e+00 2.8876125370e+00
9.3939393939e-01 2.1515151515e+00 2.8119732920e+00
9.3939393939e-01 2.2121212121e+00 2.7400862776e+00
9.3939393939e-01 2.2727272727e+00 2.6716853400e+00
9.3939393939e-01 2.3333333333e+00 2.6065284962e+00
9.3939393939e-01 2.3939393939e+00 2.5443952768e+00
9.3939393939e-01 2.4545454545e+00 2.4850844112e+00
9.3939393939e-01 2.5151515152e+00 2.4284118056e+00
9.3939393939e-01 2.5757575758e+00 2.3742087698e+00
9.3939393939e-01 2.6363636364e+00 2.3223204586e+00
9.3939393939e-01 2.6969696970e+00 2.2726044968e+00
9.3939393939e-01 2.7575757576e+00 2.2249297647e+00
9.3939393939e-01 2.8181818182e+00 2.1791753210e+00
9.3939393939e-01 2.8787878788e+00 2.1352294467e+00
9.3939393939e-01 2.9393939394e+00 2.0929887931e+00
9.3939393939e-01 3.0000000000e+00 2.0523576224e+00

1.0000000000e+00 -3.0000000000e+00 2.0395949022e+00
1.0000000000e+00 -2.9393939394e+00 2.0794568572e+00
1.0000000000e+00 -2.8787878788e+00 2.1208658895e+00
1.0000000000e+00 -2.8181818182e+00 2.1639113429e+00
1.0000000000e+00 -2.7575757576e+00 2.2086893771e+00
1.0000000000e+00 -2.6969696970e+00 2.2553036100e+00
1.0000000000e+00 -2.6363636364e+00 2.3038658332e+00
1.0000000000e+00 -2.5757575758e+00 2.3544968074e+00
1.0000000000e+00 -2.5151515152e+00 2.4073271501e+00
1.0000000000e+00 -2.4545454545e+00 2.4624983273e+00
1.0000000000e+00 -2.3939393939e+00 2.5201637627e+00
1.0000000000e+00 -2.3333333333e+00 2.5804900811e+00
1.0000000000e+00 -2.2727272727e+00 2.6436585043e+00
1.0000000000e+00 -2.2121212121e+00 2.7098664210e+00
1.0000000000e+00 -2.1515151515e+00 2.7793291562e+00
1.0000000000e+00 -2.0909090909e+00 2.8522819682e+00
1.0000000000e+00 -2.0303030303e+00 2.9289823083e+00
1.0000000000e+00 -1.9696969697e+00 3.0097123825e+00
1.0000000000e+00 -1.9090909091e+00 3.0947820619e+00
1.0000000000e+00 -1.8484848485e+00 3.1845321976e+00
1.0000000000e+00 -1.7878787879e+00 3.2793384061e+00
1.0000000000e+00 -1.7272727273e+00 3.3796154045e+00
1.0000000000e+00 -1.6666666667e+00 3.4858219897e+00
1.0000000000e+00 -1.6060606061e+00 3.5984667793e+00
1.0000000000e+00 -1.5454545455e+00 3.7181148563e+00
1.0000000000e+00 -1.4848484848e+00 3.8453954954e+00
1.0000000000e+00 -1.4242424242e+00 3.9810111968e+00
1.0000000000e+00 -1.3636363636e+00 4.1257483163e+00
1.0000000000e+00 -1.3030303030e+00 4.2804896697e+00
1.0000000000e+00 -1.2424242424e+00 4.4462296157e+00
1.0000000000e+00 -1.1818181818e+00 4.6240923037e+00
1.0000000000e+00 -1.1212121212e+00 4.8153540384e+00
1.0000000000e+00 -1.0606060606e+00 5.0214711180e+00
1.0000000000e+00 -1.0000000000e+00 5.2441151086e+00
1.0000000000e+00 -9.3939393939e-01 5.4852184697e+00
1.0000000000e+00 -8.7878787879e-01 5.7470349426e+00
1.0000000000e+00 -8.1818181818e-01 6.0322215265e+00
1.0000000000e+00 -7.5757575758e-01 6.3439528430e+00
1.0000000000e+00 -6.9696969697e-01 6.6860854002e+00
1.0000000000e+00 -6.3636363636e-01 7.0634009512e+00
1.0000000000e+00 -5.7575757576e-01 7.4819792489e+00
1.0000000000e+00 -5.1515151515e-01 7.9497904286e+00
1.0000000000e+00 -4.5454545455e-01 8.4776771990e+00
1.0000000000e+00 -3.9393939394e-01 9.0810687898e+00
1.0000000000e+00 -3.3333333333e-01 9.7831717151e+00
1.0000000000e+00 -2.7272727273e-01 1.0621441484e+01
1.0000000000e+00 -2.1212121212e-01 1.1662373196e+01
1.0000000000e+00 -1.5151515152e-01 1.3041876590e+01
1.0000000000e+00 -9.0909090909e-02 1.5125913000e+01
1.0000000000e+00 -3.0303030303e-02 1.8011351788e+01
1.0000000000e+00 3.0303030303e-02 1.8011351788e+01
1.0000000000e+00 9.0909090909e-02 1.5125913000e+01
1.0000000000e+00 1.5151515152e-01 1.3041876590e+01
1.0000000000e+00 2.1212121212e-01 1.1662373196e+01
1.0000000000e+00 2.7272727273e-01 1.0621441484e+01
1.0000000000e+00 3.3333333333e-01 9.7831717151e+00
1.0000000000e+00 3.9393939394e-01 9.0810687898e+00
1.0000000000e+00 4.5454545455e-01 8.4776771990e+00
1.0000000000e+00 5.1515151515e-01 7.9497904286e+00
1.0000000000e+00 5.7575757576e-01 7.4819792489e+00
1.0000000000e+00 6.3636363636e-01 7.0634009512e+00
1.0000000000e+00 6.9696969697e-01 6.6860854002e+00
1.0000000000e+00 7.5757575758e-01 6.3439528430e+00
1.0000000000e+00 8.1818181818e-01 6.0322215265e+00
1.0000000000e+00 8.7878787879e-01 5.7470349426e+00
1.0000000000e+00 9.3939393939e-01 5.4852184697e+00
1.0000000000e+00 1.0000000000e+00 5.2441151086e+00
1.0000000000e+00 1.0606060606e+00 5.0214711180e+00
1.0000000000e+00 1.1212121212e+00 4.8153540384e+00
1.0000000000e+00 1.1818181818e+00 4.6240923037e+00
1.0000000000e+00 1.2424242424e+00 4.4462296157e+00
1.0000000000e+00 1.3030303030e+00 4.2804896697e+00
1.0000000000e+00 1.3636363636e+00 4.1257483163e+00
1.0000000000e+00 1.4242424242e+00 3.9810111968e+00
1.0000000000e+00 1.4848484848e+00 3.8453954954e+00
1.0000000000e+00 1.5454545455e+00 3.7181148563e+00
1.0000000000e+00 1.6060606061e+00 3.5984667793e+00
1.0000000000e+00 1.6666666667e+00 3.4858219897e+00
1.0000000000e+00 1.7272727273e+00 3.3796154045e+00
1.0000000000e+00 1.7878787879e+00 3.2793384061e+00
1.0000000000e+00 1.8484848485e+00 3.1845321976e+00
1.0000000000e+00 1.9090909091e+00 3.0947820619e+00
1.0000000000e+00 1.9696969697e+00 3.0097123825e+00
1.0000000000e+00 2.0303030303e+00 2.9289823083e+00
1.0000000000e+00 2.0909090909e+00 2.8522819682e+00
1.0000000000e+00 2.1515151515e+00 2.7793291562e+00
1.0000000000e+00 2.2121212121e+00 2.7098664210e+00
1.0000000000e+00 2.2727272727e+00 2.6436585043e+00
1.0000000000e+00 2.3333333333e+00 2.5804900811e+00
1.0000000000e+00 2.3939393939e+00 2.5201637627e+00
1.0000000000e+00 2.4545454545e+00 2.4624983273e+00
1.0000000000e+00 2.5151515152e+00 2.4073271501e+00
1.0000000000e+00 2.5757575758e+00 2.3544968074e+00
1.0000000000e+00 2.6363636364e+00 2.3038658332e+00
1.0000000000e+00 2.6969696970e+00 2.2553036100e+00
1.0000000000e+00 2.7575757576e+00 2.2086893771e+00
1.0000000000e+00 2.8181818182e+00 2.1639113429e+00
1.0000000000e+00 2.8787878788e+00 2.1208658895e+00
1.0000000000e+00 2.9393939394e+00 2.0794568572e+00
1.0000000000e+00 3.0000000000e+00 2.0395949022e+00

1.0606060606e+00 -3.0000000000e+00 2.0262923784e+00
1.0606060606e+00 -2.9393939394e+00 2.0653633197e+00
1.0606060606e+00 -2.8787878788e+00 2.1059182863e+00
1.0606060606e+00 -2.8181818182e+00 2.1480403050e+00
1.0606060606e+00 -2.7575757576e+00 2.1918184541e+00
1.0606060606e+00 -2.6969696970e+00 2.2373483981e+00
1.0606060606e+00 -2.6363636364e+00 2.2847329762e+00
1.0606060606e+00 -2.5757575758e+00 2.3340828511e+00
1.0606060606e+00 -2.5151515152e+00 2.3855172238e+00
1.0606060606e+00 -2.4545454545e+00 2.4391646241e+00
1.0606060606e+00 -2.3939393939e+00 2.4951637810e+00
1.0606060606e+00 -2.3333333333e+00 2.5536645867e+00
1.0606060606e+00 -2.2727272727e+00 2.6148291592e+00
1.0606060606e+00 -2.2121212121e+00 2.6788330182e+00
1.0606060606e+00 -2.1515151515e+00 2.7458663837e+00
1.0606060606e+00 -2.0909090909e+00 2.8161356101e+00
1.0606060606e+00 -2.0303030303e+00 2.8898647699e+00
1.0606060606e+00 -1.9696969697e+00 2.9672973995e+00
1.0606060606e+00 -1.9090909091e+00 3.0486984223e+00
1.0606060606e+00 -1.8484848485e+00 3.1343562625e+00
1.0606060606e+00 -1.7878787879e+00 3.2245851619e+00
1.0606060606e+00 -1.7272727273e+00 3.3197277110e+00
1.0606060606e+00 -1.6666666667e+00 3.4201576004e+00
1.0606060606e+00 -1.6060606061e+00 3.5262825936e+00
1.0606060606e+00 -1.5454545455e+00 3.6385477108e+00
1.0606060606e+00 -1.4848484848e+00 3.7574386007e+00
1.0606060606e+00 -1.4242424242e+00 3.8834850514e+00
1.0606060606e+00 -1.3636363636e+00 4.0172645642e+00
1.0606060606e+00 -1.3030303030e+00 4.1594058590e+00
1.0606060606e+00 -1.2424242424e+00 4.3105921149e+00
1.0606060606e+00 -1.1818181818e+00 4.4715636402e+00
1.0606060606e+00 -1.1212121212e+00 4.6431195118e+00
1.0606060606e+00 -1.0606060606e+00 4.8261174853e+00
1.0606060606e+00 -1.0000000000e+00 5.0214711180e+00
1.0606060606e+00 -9.3939393939e-01 5.2301424895e+00
1.0606060606e+00 -8.7878787879e-01 5.4531280254e+00
1.0606060606e+00 -8.1818181818e-01 5.6914335382e+00
1.0606060606e+00 -7.5757575758e-01 5.9460323476e+00
1.0606060606e+00 -6.9696969697e-01 6.2177967052e+00
1.0606060606e+00 -6.3636363636e-01 6.5073868514e+00
1.0606060606e+00 -5.7575757576e-01 6.8150726276e+00
1.0606060606e+00 -5.1515151515e-01 7.1404481048e+00
1.0606060606e+00 -4.5454545455e-01 7.4819792489e+00
1.0606060606e+00 -3.9393939394e-01 7.8363012799e+00
1.0606060606e+00 -3.3333333333e-01 8.1971727394e+00
1.0606060606e+00 -2.7272727273e-01 8.5540495810e+00
1.0606060606e+00 -2.1212121212e-01 8.8904854836e+00
1.0606060606e+00 -1.5151515152e-01 9.1831695145e+00
1.0606060606e+00 -9.0909090909e-02 9.4033405660e+00
1.0606060606e+00 -3.0303030303e-02 9.5225874095e+00
1.0606060606e+00 3.0303030303e-02 9.5225874095e+00
1.0606060606e+00 9.0909090909e-02 9.4033405660e+00
1.0606060606e+00 1.5151515152e-01 9.1831695145e+00
1.0606060606e+00 2.1212121212e-01 8.8904854836e+00
1.0606060606e+00 2.7272727273e-01 8.5540495810e+00
1.0606060606e+00 3.3333333333e-01 8.1971727394e+00
1.0606060606e+00 3.9393939394e-01 7.8363012799e+00
1.0606060606e+00 4.5454545455e-01 7.4819792489e+00
1.0606060606e+00 5.1515151515e-01 7.1404481048e+00
1.0606060606e+00 5.7575757576e-01 6.8150726276e+00
1.0606060606e+00 6.3636363636e-01 6.5073868514e+00
1.0606060606e+00 6.9696969697e-01 6.2177967052e+00
1.0606060606e+00 7.5757575758e-01 5.9460323476e+00
1.0606060606e+00 8.1818181818e-01 5.6914335382e+00
1.0606060606e+00 8.7878787879e-01 5.4531280254e+00
1.0606060606e+00 9.3939393939e-01 5.2301424895e+00
1.0606060606e+00 1.0000000000e+00 5.0214711180e+00
1.0606060606e+00 1.0606060606e+00 4.8261174853e+00
1.0606060606e+00 1.1212121212e+00 4.6431195118e+00
1.0606060606e+00 1.1818181818e+00 4.4715636402e+00
1.0606060606e+00 1.2424242424e+00 4.3105921149e+00
1.0606060606e+00 1.3030303030e+00 4.1594058590e+00
1.0606060606e+00 1.3636363636e+00 4.0172645642e+00
1.0606060606e+00 1.4242424242e+00 3.8834850514e+00
1.0606060606e+00 1.4848484848e+00 3.7574386007e+00
1.0606060606e+00 1.5454545455e+00 3.6385477108e+00
1.0606060606e+00 1.6060606061e+00 3.5262825936e+00
1.0606060606e+00 1.6666666667e+00 3.4201576004e+00
1.0606060606e+00 1.7272727273e+00 3.3197277110e+00
1.0606060606e+00 1.7878787879e+00 3.2245851619e+00
1.0606060606e+00 1.8484848485e+00 3.1343562625e+00
1.0606060606e+00 1.9090909091e+00 3.0486984223e+00
1.0606060606e+00 1.9696969697e+00 2.9672973995e+00
1.0606060606e+00 2.0303030303e+00 2.8898647699e+00
1.0606060606e+00 2.0909090909e+00 2.8161356101e+00
1.0606060606e+00 2.1515151515e+00 2.7458663837e+00
1.0606060606e+00 2.2121212121e+00 2.6788330182e+00
1.0606060606e+00 2.2727272727e+00 2.6148291592e+00
1.0606060606e+00 2.3333333333e+00 2.5536645867e+00
1.0606060606e+00 2.3939393939e+00 2.4951637810e+00
1.0606060606e+00 2.4545454545e+00 2.4391646241e+00
1.0606060606e+00 2.5151515152e+00 2.3855172238e+00
1.0606060606e+00 2.5757575758e+00 2.3340828511e+00
1.0606060606e+00 2.6363636364e+00 2.2847329762e+00
1.0606060606e+00 2.6969696970e+00 2.2373483981e+00
1.0606060606e+00 2.7575757576e+00 2.1918184541e+00
1.0606060606e+00 2.8181818182e+00 2.1480403050e+00
1.0606060606e+00 2.8787878788e+00 2.1059182863e+00
1.0606060606e+00 2.9393939394e+00 2.0653633197e+00
1.0606060606e+00 3.0000000000e+00 2.0262923784e+00

1.1212121212e+00 -3.0000000000e+00 2.0124875955e+00
1.1212121212e+00 -2.9393939394e+00 2.0507491512e+00
1.1212121212e+00 -2.8787878788e+00 2.0904313991e+00
1.1212121212e+00 -2.8181818182e+00 2.1316111686e+00
1.1212121212e+00 -2.7575757576e+00 2.1743706135e+00
1.1212121212e+00 -2.6969696970e+00 2.2187976464e+00
1.1212121212e+00 -2.6363636364e+00 2.2649864128e+00
1.1212121212e+00 -2.5757575758e+00 2.3130378059e+00
1.1212121212e+00 -2.5151515152e+00 2.3630600276e+00
1.1212121212e+00 -2.4545454545e+00 2.4151691977e+00
1.1212121212e+00 -2.3939393939e+00 2.4694900150e+00
1.1212121212e+00 -2.3333333333e+00 2.5261564748e+00
1.1212121212e+00 -2.2727272727e+00 2.5853126437e+00
1.1212121212e+00 -2.2121212121e+00 2.6471134967e+00
1.1212121212e+00 -2.1515151515e+00 2.7117258166e+00
1.1212121212e+00 -2.0909090909e+00 2.7793291562e+00
1.1212121212e+00 -2.0303030303e+00 2.8501168636e+00
1.1212121212e+00 -1.9696969697e+00 2.9242971641e+00
1.1212121212e+00 -1.9090909091e+00 3.0020942930e+00
1.1212121212e+00 -1.8484848485e+00 3.0837496642e+00
1.1212121212e+00 -1.7878787879e+00 3.1695230564e+00
1.1212121212e+00 -1.7272727273e+00 3.2596937838e+00
1.1212121212e+00 -1.6666666667e+00 3.3545618103e+00
1.1212121212e+00 -1.6060606061e+00 3.4544487418e+00
1.1212121212e+00 -1.5454545455e+00 3.5596986117e+00
1.1212121212e+00 -1.4848484848e+00 3.6706783360e+00
1.1212121212e+00 -1.4242424242e+00 3.7877776722e+00
1.1212121212e+00 -1.3636363636e+00 3.9114084517e+00
1.1212121212e+00 -1.3030303030e+00 4.0420027727e+00
1.1212121212e+00 -1.2424242424e+00 4.1800097268e+00
1.1212121212e+00 -1.1818181818e+00 4.3258900771e+00
1.1212121212e+00 -1.1212121212e+00 4.4801080994e+00
1.1212121212e+00 -1.0606060606e+00 4.6431195118e+00
1.1212121212e+00 -1.0000000000e+00 4.8153540384e+00
1.1212121212e+00 -9.3939393939e-01 4.9971906377e+00
1.1212121212e+00 -8.7878787879e-01 5.1889227444e+00
1.1212121212e+00 -8.1818181818e-01 5.3907099872e+00
1.1212121212e+00 -7.5757575758e-01 5.6025117461e+00
1.1212121212e+00 -6.9696969697e-01 5.8239966425e+00
1.1212121212e+00 -6.3636363636e-01 6.0544208590e+00
1.1212121212e+00 -5.7575757576e-01 6.2924676393e+00
1.1212121212e+00 -5.1515151515e-01 6.5360417598e+00
1.1212121212e+00 -4.5454545455e-01 6.7820187966e+00
1.1212121212e+00 -3.9393939394e-01 7.0259640537e+00
1.1212121212e+00 -3.3333333333e-01 7.2618660797e+00
1.1212121212e+00 -2.7272727273e-01 7.4819792489e+00
1.1212121212e+00 -2.1212121212e-01 7.6769323600e+00
1.1212121212e+00 -1.5151515152e-01 7.8363012799e+00
1.1212121212e+00 -9.0909090909e-02 7.9497904286e+00
1.1212121212e+00 -3.0303030303e-02 8.0089439061e+00
1.1212121212e+00 3.0303030303e-02 8.0089439061e+00
1.1212121212e+00 9.0909090909e-02 7.9497904286e+00
1.1212121212e+00 1.5151515152e-01 7.8363012799e+00
1.1212121212e+00 2.1212121212e-01 7.6769323600e+00
1.1212121212e+00 2.7272727273e-01 7.4819792489e+00
1.1212121212e+00 3.3333333333e-01 7.2618660797e+00
1.1212121212e+00 3.9393939394e-01 7.0259640537e+00
1.1212121212e+00 4.5454545455e-01 6.7820187966e+00
1.1212121212e+00 5.1515151515e-01 6.5360417598e+00
1.1212121212e+00 5.7575757576e-01 6.2924676393e+00
1.1212121212e+00 6.3636363636e-01 6.0544208590e+00
1.1212121212e+00 6.9696969697e-01 5.8239966425e+00
1.1212121212e+00 7.5757575758e-01 5.6025117461e+00
1.1212121212e+00 8.1818181818e-01 5.3907099872e+00
1.1212121212e+00 8.7878787879e-01 5.1889227444e+00
1.1212121212e+00 9.3939393939e-01 4.9971906377e+00
1.1212121212e+00 1.0000000000e+00 4.8153540384e+00
1.1212121212e+00 1.0606060606e+00 4.6431195118e+00
1.1212121212e+00 1.1212121212e+00 4.4801080994e+00
1.1212121212e+00 1.1818181818e+00 4.3258900771e+00
1.1212121212e+00 1.2424242424e+00 4.1800097268e+00
1.1212121212e+00 1.3030303030e+00 4.0420027727e+00
1.1212121212e+00 1.3636363636e+00 3.9114084517e+00
1.1212121212e+00 1.4242424242e+00 3.7877776722e+00
1.1212121212e+00 1.4848484848e+00 3.6706783360e+00
1.1212121212e+00 1.5454545455e+00 3.5596986117e+00
1.1212121212e+00 1.6060606061e+00 3.4544487418e+00
1.1212121212e+00 1.6666666667e+00 3.3545618103e+00
1.1212121212e+00 1.7272727273e+00 3.2596937838e+00
1.1212121212e+00 1.7878787879e+00 3.1695230564e+00
1.1212121212e+00 1.8484848485e+00 3.0837496642e+00
1.1212121212e+00 1.9090909091e+00 3.0020942930e+00
1.1212121212e+00 1.9696969697e+00 2.9242971641e+00
1.1212121212e+00 2.0303030303e+00 2.8501168636e+00
1.1212121212e+00 2.0909090909e+00 2.7793291562e+00
1.1212121212e+00 2.1515151515e+00 2.7117258166e+00
1.1212121212e+00 2.2121212121e+00 2.6471134967e+00
1.1212121212e+00 2.2727272727e+00 2.5853126437e+00
1.1212121212e+00 2.3333333333e+00 2.5261564748e+00
1.1212121212e+00 2.3939393939e+00 2.4694900150e+00
1.1212121212e+00 2.4545454545e+00 2.4151691977e+00
1.1212121212e+00 2.5151515152e+00 2.3630600276e+00
1.1212121212e+00 2.5757575758e+00 2.3130378059e+00
1.1212121212e+00 2.6363636364e+00 2.2649864128e+00
1.1212121212e+00 2.6969696970e+00 2.2187976464e+00
1.1212121212e+00 2.7575757576e+00 2.1743706135e+00
1.1212121212e+00 2.8181818182e+00 2.1316111686e+00
1.1212121212e+00 2.8787878788e+00 2.0904313991e+00
1.1212121212e+00 2.9393939394e+00 2.0507491512e+00
1.1212121212e+00 3.0000000000e+00 2.0124875955e+00

1.1818181818e+00 -3.0000000000e+00 1.9982180653e+00
1.1818181818e+00 -2.9393939394e+00 2.0356551896e+00
1.1818181818e+00 -2.8787878788e+00 2.0744497318e+00
1.1818181818e+00 -2.8181818182e+00 2.1146724818e+00
1.1818181818e+00 -2.7575757576e+00 2.1563988672e+00
1.1818181818e+00 -2.6969696970e+00 2.1997092972e+00
1.1818181818e+00 -2.6363636364e+00 2.2446895329e+00
1.1818181818e+00 -2.5757575758e+00 2.2914310836e+00
1.1818181818e+00 -2.5151515152e+00 2.3400316297e+00
1.1818181818e+00 -2.4545454545e+00 2.3905954738e+00
1.1818181818e+00 -2.3939393939e+00 2.4432340186e+00
1.1818181818e+00 -2.3333333333e+00 2.4980662720e+00
1.1818181818e+00 -2.2727272727e+00 2.5552193764e+00
1.1818181818e+00 -2.2121212121e+00 2.6148291592e+00
1.1818181818e+00 -2.1515151515e+00 2.6770406995e+00
1.1818181818e+00 -2.0909090909e+00 2.7420089036e+00
1.1818181818e+00 -2.0303030303e+00 2.8098990765e+00
1.1818181818e+00 -1.9696969697e+00 2.8808874763e+00
1.1818181818e+00 -1.9090909091e+00 2.9551618279e+00
1.1818181818e+00 -1.8484848485e+00 3.0329217688e+00
1.1818181818e+00 -1.7878787879e+00 3.1143791864e+00
1.1818181818e+00 -1.7272727273e+00 3.1997583970e+00
1.1818181818e+00 -1.6666666667e+00 3.2892960956e+00
1.1818181818e+00 -1.6060606061e+00 3.3832409885e+00
1.1818181818e+00 -1.5454545455e+00 3.4818529876e+00
1.1818181818e+00 -1.4848484848e+00 3.5854018143e+00
1.1818181818e+00 -1.4242424242e+00 3.6941648091e+00
1.1818181818e+00 -1.3636363636e+00 3.8084236871e+00
1.1818181818e+00 -1.3030303030e+00 3.9284599012e+00
1.1818181818e+00 -1.2424242424e+00 4.0545481795e+00
1.1818181818e+00 -1.1818181818e+00 4.1869476828e+00
1.1818181818e+00 -1.1212121212e+00 4.3258900771e+00
1.1818181818e+00 -1.0606060606e+00 4.4715636402e+00
1.1818181818e+00 -1.0000000000e+00 4.6240923037e+00
1.1818181818e+00 -9.3939393939e-01 4.7835083056e+00
1.1818181818e+00 -8.7878787879e-01 4.9497168872e+00
1.1818181818e+00 -8.1818181818e-01 5.1224512860e+00
1.1818181818e+00 -7.5757575758e-01 5.3012162360e+00
1.1818181818e+00 -6.9696969697e-01 5.4852184697e+00
1.1818181818e+00 -6.3636363636e-01 5.6732836210e+00
1.1818181818e+00 -5.7575757576e-01 5.8637609259e+00
1.1818181818e+00 -5.1515151515e-01 6.0544208590e+00
1.1818181818e+00 -4.5454545455e-01 6.2423570772e+00
1.1818181818e+00 -3.9393939394e-01 6.4239132602e+00
1.1818181818e+00 -3.3333333333e-01 6.5946670249e+00
1.1818181818e+00 -2.7272727273e-01 6.7495139598e+00
1.1818181818e+00 -2.1212121212e-01 6.8828979093e+00
1.1818181818e+00 -1.5151515152e-01 6.9892181848e+00
1.1818181818e+00 -9.0909090909e-02 7.0634009512e+00
1.1818181818e+00 -3.0303030303e-02 7.1015536063e+00
1.1818181818e+00 3.0303030303e-02 7.1015536063e+00
1.1818181818e+00 9.0909090909e-02 7.0634009512e+00
1.1818181818e+00 1.5151515152e-01 6.9892181848e+00
1.1818181818e+00 2.1212121212e-01 6.8828979093e+00
1.1818181818e+00 2.7272727273e-01 6.7495139598e+00
1.1818181818e+00 3.3333333333e-01 6.5946670249e+00
1.1818181818e+00 3.9393939394e-01 6.4239132602e+00
1.1818181818e+00 4.5454545455e-01 6.2423570772e+00
1.1818181818e+00 5.1515151515e-01 6.0544208590e+00
1.1818181818e+00 5.7575757576e-01 5.8637609259e+00
1.1818181818e+00 6.3636363636e-01 5.6732836210e+00
1.1818181818e+00 6.9696969697e-01 5.4852184697e+00
1.1818181818e+00 7.5757575758e-01 5.3012162360e+00
1.1818181818e+00 8.1818181818e-01 5.1224512860e+00
1.1818181818e+00 8.7878787879e-01 4.9497168872e+00
1.1818181818e+00 9.3939393939e-01 4.7835083056e+00
1.1818181818e+00 1.0000000000e+00 4.6240923037e+00
1.1818181818e+00 1.0606060606e+00 4.4715636402e+00
1.1818181818e+00 1.1212121212e+00 4.3258900771e+00
1.1818181818e+00 1.1818181818e+00 4.1869476828e+00
1.1818181818e+00 1.2424242424e+00 4.0545481795e+00
1.1818181818e+00 1.3030303030e+00 3.9284599012e+00
1.1818181818e+00 1.3636363636e+00 3.8084236871e+00
1.1818181818e+00 1.4242424242e+00 3.6941648091e+00
1.1818181818e+00 1.4848484848e+00 3.5854018143e+00
1.1818181818e+00 1.5454545455e+00 3.4818529876e+00
1.1818181818e+00 1.6060606061e+00 3.3832409885e+00
1.1818181818e+00 1.6666666667e+00 3.2892960956e+00
1.1818181818e+00 1.7272727273e+00 3.1997583970e+00
1.1818181818e+00 1.7878787879e+00 3.1143791864e+00
1.1818181818e+00 1.8484848485e+00 3.0329217688e+00
1.1818181818e+00 1.9090909091e+00 2.9551618279e+00
1.1818181818e+00 1.9696969697e+00 2.8808874763e+00
1.1818181818e+00 2.0303030303e+00 2.8098990765e+00
1.1818181818e+00 2.0909090909e+00 2.7420089036e+00
1.1818181818e+00 2.1515151515e+00 2.6770406995e+00
1.1818181818e+00 2.2121212121e+00 2.6148291592e+00
1.1818181818e+00 2.2727272727e+00 2.5552193764e+00
1.1818181818e+00 2.3333333333e+00 2.4980662720e+00
1.1818181818e+00 2.3939393939e+00 2.4432340186e+00
1.1818181818e+00 2.4545454545e+00 2.3905954738e+00
1.1818181818e+00 2.5151515152e+00 2.3400316297e+00
1.1818181818e+00 2.5757575758e+00 2.2914310836e+00
1.1818181818e+00 2.6363636364e+00 2.2446895329e+00
1.1818181818e+00 2.6969696970e+00 2.1997092972e+00
1.1818181818e+00 2.7575757576e+00 2.1563988672e+00
1.1818181818e+00 2.8181818182e+00 2.1146724818e+00
1.1818181818e+00 2.8787878788e+00 2.0744497318e+00
1.1818181818e+00 2.9393939394e+00 2.0356551896e+00
1.1818181818e+00 3.0000000000e+00 1.9982180653e+00

1.2424242424e+00 -3.0000000000e+00 1.9835210483e+00
1.2424242424e+00 -2.9393939394e+00 2.0201218986e+00
1.2424242424e+00 -2.8787878788e+00 2.0580172643e+00
1.2424242424e+00 -2.8181818182e+00 2.0972720864e+00
1.2424242424e+00 -2.7575757576e+00 2.1379552998e+00
1.2424242424e+00 -2.6969696970e+00 2.1801400972e+00
1.2424242424e+00 -2.6363636364e+00 2.2239042068e+00
1.2424242424e+00 -2.5757575758e+00 2.2693301833e+00
1.2424242424e+00 -2.5151515152e+00 2.3165057109e+00
1.2424242424e+00 -2.4545454545e+00 2.3655239168e+00
1.2424242424e+00 -2.3939393939e+00 2.4164836918e+00
1.2424242424e+00 -2.3333333333e+00 2.4694900150e+00
1.2424242424e+00 -2.2727272727e+00 2.5246542767e+00
1.2424242424e+00 -2.2121212121e+00 2.5820945914e+00
1.2424242424e+00 -2.1515151515e+00 2.6419360933e+00
1.2424242424e+00 -2.0909090909e+00 2.7043111981e+00
1.2424242424e+00 -2.0303030303e+00 2.7693598181e+00
1.2424242424e+00 -1.9696969697e+00 2.8372295040e+00
1.2424242424e+00 -1.9090909091e+00 2.9080754896e+00
1.2424242424e+00 -1.8484848485e+00 2.9820605979e+00
1.2424242424e+00 -1.7878787879e+00 3.0593549660e+00
1.2424242424e+00 -1.7272727273e+00 3.1401355252e+00
1.2424242424e+00 -1.6666666667e+00 3.2245851619e+00
1.2424242424e+00 -1.6060606061e+00 3.3128914626e+00
1.2424242424e+00 -1.5454545455e+00 3.4052449208e+00
1.2424242424e+00 -1.4848484848e+00 3.5018364531e+00
1.2424242424e+00 -1.4242424242e+00 3.6028540355e+00
1.2424242424e+00 -1.3636363636e+00 3.7084782213e+00
1.2424242424e+00 -1.3030303030e+00 3.8188762525e+00
1.2424242424e+00 -1.2424242424e+00 3.9341944103e+00
1.2424242424e+00 -1.1818181818e+00 4.0545481795e+00
1.2424242424e+00 -1.1212121212e+00 4.1800097268e+00
1.2424242424e+00 -1.0606060606e+00 4.3105921149e+00
1.2424242424e+00 -1.0000000000e+00 4.4462296157e+00
1.2424242424e+00 -9.3939393939e-01 4.5867534552e+00
1.2424242424e+00 -8.7878787879e-01 4.7318623642e+00
1.2424242424e+00 -8.1818181818e-01 4.8810874784e+00
1.2424242424e+00 -7.5757575758e-01 5.0337515011e+00
1.2424242424e+00 -6.9696969697e-01 5.1889227444e+00
1.2424242424e+00 -6.3636363636e-01 5.3453658340e+00
1.2424242424e+00 -5.7575757576e-01 5.5014926711e+00
1.2424242424e+00 -5.1515151515e-01 5.6553198041e+00
1.2424242424e+00 -4.5454545455e-01 5.8044416246e+00
1.2424242424e+00 -3.9393939394e-01 5.9460323476e+00
1.2424242424e+00 -3.3333333333e-01 6.0768925108e+00
1.2424242424e+00 -2.7272727273e-01 6.1935558754e+00
1.2424242424e+00 -2.1212121212e-01 6.2924676393e+00
1.2424242424e+00 -1.5151515152e-01 6.3702326808e+00
1.2424242424e+00 -9.0909090909e-02 6.4239132602e+00
1.2424242424e+00 -3.0303030303e-02 6.4513336676e+00
1.2424242424e+00 3.0303030303e-02 6.4513336676e+00
1.2424242424e+00 9.0909090909e-02 6.4239132602e+00
1.2424242424e+00 1.5151515152e-01 6.3702326808e+00
1.2424242424e+00 2.1212121212e-01 6.2924676393e+00
1.2424242424e+00 2.7272727273e-01 6.1935558754e+00
1.2424242424e+00 3.3333333333e-01 6.0768925108e+00
1.2424242424e+00 3.9393939394e-01 5.9460323476e+00
1.2424242424e+00 4.5454545455e-01 5.8044416246e+00
1.2424242424e+00 5.1515151515e-01 5.6553198041e+00
1.2424242424e+00 5.7575757576e-01 5.5014926711e+00
1.2424242424e+00 6.3636363636e-01 5.3453658340e+00
1.2424242424e+00 6.9696969697e-01 5.1889227444e+00
1.2424242424e+00 7.5757575758e-01 5.0337515011e+00
1.2424242424e+00 8.1818181818e-01 4.8810874784e+00
1.2424242424e+00 8.7878787879e-01 4.7318623642e+00
1.2424242424e+00 9.3939393939e-01 4.5867534552e+00
1.2424242424e+00 1.0000000000e+00 4.4462296157e+00
1.2424242424e+00 1.0606060606e+00 4.3105921149e+00
1.2424242424e+00 1.1212121212e+00 4.1800097268e+00
1.2424242424e+00 1.1818181818e+00 4.0545481795e+00
1.2424242424e+00 1.2424242424e+00 3.9341944103e+00
1.2424242424e+00 1.3030303030e+00 3.8188762525e+00
1.2424242424e+00 1.3636363636e+00 3.7084782213e+00
1.2424242424e+00 1.4242424242e+00 3.6028540355e+00
1.2424242424e+00 1.4848484848e+00 3.5018364531e+00
1.2424242424e+00 1.5454545455e+00 3.4052449208e+00
1.2424242424e+00 1.6060606061e+00 3.3128914626e+00
1.2424242424e+00 1.6666666667e+00 3.2245851619e+00
1.2424242424e+00 1.7272727273e+00 3.1401355252e+00
1.2424242424e+00 1.7878787879e+00 3.0593549660e+00
1.2424242424e+00 1.8484848485e+00 2.9820605979e+00
1.2424242424e+00 1.9090909091e+00 2.9080754896e+00
1.2424242424e+00 1.9696969697e+00 2.8372295040e+00
1.2424242424e+00 2.0303030303e+00 2.7693598181e+00
1.2424242424e+00 2.0909090909e+00 2.7043111981e+00
1.2424242424e+00 2.1515151515e+00 2.6419360933e+00
1.2424242424e+00 2.2121212121e+00 2.5820945914e+00
1.2424242424e+00 2.2727272727e+00 2.5246542767e+00
1.2424242424e+00 2.3333333333e+00 2.4694900150e+00
1.2424242424e+00 2.3939393939e+00 2.4164836918e+00
1.2424242424e+00 2.4545454545e+00 2.3655239168e+00
1.2424242424e+00 2.5151515152e+00 2.3165057109e+00
1.2424242424e+00 2.5757575758e+00 2.2693301833e+00
1.2424242424e+00 2.6363636364e+00 2.2239042068e+00
1.2424242424e+00 2.6969696970e+00 2.1801400972e+00
1.2424242424e+00 2.7575757576e+00 2.1379552998e+00
1.2424242424e+00 2.8181818182e+00 2.0972720864e+00
1.2424242424e+00 2.8787878788e+00 2.0580172643e+00
1.2424242424e+00 2.9393939394e+00 2.0201218986e+00
1.2424242424e+00 3.0000000000e+00 1.9835210483e+00

1.3030303030e+00 -3.0000000000e+00 1.9684333530e+00
1.3030303030e+00 -2.9393939394e+00 2.0041891481e+00
1.3030303030e+00 -2.8787878788e+00 2.0411772133e+00
1.3030303030e+00 -2.8181818182e+00 2.0794568572e+00
1.3030303030e+00 -2.7575757576e+00 2.1190907850e+00
1.3030303030e+00 -2.6969696970e+00 2.1601452905e+00
1.3030303030e+00 -2.6363636364e+00 2.2026904528e+00
1.3030303030e+00 -2.5757575758e+00 2.2468003352e+00
1.3030303030e+00 -2.5151515152e+00 2.2925531852e+00
1.3030303030e+00 -2.4545454545e+00 2.3400316297e+00
1.3030303030e+00 -2.3939393939e+00 2.3893228634e+00
1.3030303030e+00 -2.3333333333e+00 2.4405188223e+00
1.3030303030e+00 -2.2727272727e+00 2.4937163361e+00
1.3030303030e+00 -2.2121212121e+00 2.5490172489e+00
1.3030303030e+00 -2.1515151515e+00 2.6065284962e+00
1.3030303030e+00 -2.0909090909e+00 2.6663621219e+00
1.3030303030e+00 -2.0303030303e+00 2.7286352158e+00
1.3030303030e+00 -1.9696969697e+00 2.7934697464e+00
1.3030303030e+00 -1.9090909091e+00 2.8609922575e+00
1.3030303030e+00 -1.8484848485e+00 2.9313333907e+00
1.3030303030e+00 -1.7878787879e+00 3.0046271831e+00
1.3030303030e+00 -1.7272727273e+00 3.0810100835e+00
1.3030303030e+00 -1.6666666667e+00 3.1606196106e+00
1.3030303030e+00 -1.6060606061e+00 3.2435925646e+00
1.3030303030e+00 -1.5454545455e+00 3.3300626819e+00
1.3030303030e+00 -1.4848484848e+00 3.4201576004e+00
1.3030303030e+00 -1.4242424242e+00 3.5139949754e+00
1.3030303030e+00 -1.3636363636e+00 3.6116775585e+00
1.3030303030e+00 -1.3030303030e+00 3.7132870187e+00
1.3030303030e+00 -1.2424242424e+00 3.8188762525e+00
1.3030303030e+00 -1.1818181818e+00 3.9284599012e+00
1.3030303030e+00 -1.1212121212e+00 4.0420027727e+00
1.3030303030e+00 -1.0606060606e+00 4.1594058590e+00
1.3030303030e+00 -1.0000000000e+00 4.2804896697e+00
1.3030303030e+00 -9.3939393939e-01 4.4049746764e+00
1.3030303030e+00 -8.7878787879e-01 4.5324588214e+00
1.3030303030e+00 -8.1818181818e-01 4.6623923087e+00
1.3030303030e+00 -7.5757575758e-01 4.7940503333e+00
1.3030303030e+00 -6.9696969697e-01 4.9265050379e+00
1.3030303030e+00 -6.3636363636e-01 5.0585988805e+00
1.3030303030e+00 -5.7575757576e-01 5.1889227444e+00
1.3030303030e+00 -5.1515151515e-01 5.3158034625e+00
1.3030303030e+00 -4.5454545455e-01 5.4373067664e+00
1.3030303030e+00 -3.9393939394e-01 5.5512626149e+00
1.3030303030e+00 -3.3333333333e-01 5.6553198041e+00
1.3030303030e+00 -2.7272727273e-01 5.7470349426e+00
1.3030303030e+00 -2.1212121212e-01 5.8239966425e+00
1.3030303030e+00 -1.5151515152e-01 5.8839789803e+00
1.3030303030e+00 -9.0909090909e-02 5.9251098855e+00
1.3030303030e+00 -3.0303030303e-02 5.9460323476e+00
1.3030303030e+00 3.0303030303e-02 5.9460323476e+00
1.3030303030e+00 9.0909090909e-02 5.9251098855e+00
1.3030303030e+00 1.5151515152e-01 5.8839789803e+00
1.3030303030e+00 2.1212121212e-01 5.8239966425e+00
1.3030303030e+00 2.7272727273e-01 5.7470349426e+00
1.3030303030e+00 3.3333333333e-01 5.6553198041e+00
1.3030303030e+00 3.9393939394e-01 5.5512626149e+00
1.3030303030e+00 4.5454545455e-01 5.4373067664e+00
1.3030303030e+00 5.1515151515e-01 5.3158034625e+00
1.3030303030e+00 5.7575757576e-01 5.1889227444e+00
1.3030303030e+00 6.3636363636e-01 5.0585988805e+00
1.3030303030e+00 6.9696969697e-01 4.9265050379e+00
1.3030303030e+00 7.5757575758e-01 4.7940503333e+00
1.3030303030e+00 8.1818181818e-01 4.6623923087e+00
1.3030303030e+00 8.7878787879e-01 4.5324588214e+00
1.3030303030e+00 9.3939393939e-01 4.4049746764e+00
1.3030303030e+00 1.0000000000e+00 4.2804896697e+00
1.3030303030e+00 1.0606060606e+00 4.1594058590e+00
1.3030303030e+00 1.1212121212e+00 4.0420027727e+00
1.3030303030e+00 1.1818181818e+00 3.9284599012e+00
1.3030303030e+00 1.2424242424e+00 3.8188762525e+00
1.3030303030e+00 1.3030303030e+00 3.7132870187e+00
1.3030303030e+00 1.3636363636e+00 3.6116775585e+00
1.3030303030e+00 1.4242424242e+00 3.5139949754e+00
1.3030303030e+00 1.4848484848e+00 3.4201576004e+00
1.3030303030e+00 1.5454545455e+00 3.3300626819e+00
1.3030303030e+00 1.6060606061e+00 3.2435925646e+00
1.3030303030e+00 1.6666666667e+00 3.1606196106e+00
1.3030303030e+00 1.7272727273e+00 3.0810100835e+00
1.3030303030e+00 1.7878787879e+00 3.0046271831e+00
1.3030303030e+00 1.8484848485e+00 2.9313333907e+00
1.3030303030e+00 1.9090909091e+00 2.8609922575e+00
1.3030303030e+00 1.9696969697e+00 2.7934697464e+00
1.3030303030e+00 2.0303030303e+00 2.7286352158e+00
1.3030303030e+00 2.0909090909e+00 2.6663621219e+00
1.3030303030e+00 2.1515151515e+00 2.6065284962e+00
1.3030303030e+00 2.2121212121e+00 2.5490172489e+00
1.3030303030e+00 2.2727272727e+00 2.4937163361e+00
1.3030303030e+00 2.3333333333e+00 2.4405188223e+00
1.3030303030e+00 2.3939393939e+00 2.3893228634e+00
1.3030303030e+00 2.4545454545e+00 2.3400316297e+00
1.3030303030e+00 2.5151515152e+00 2.2925531852e+00
1.3030303030e+00 2.5757575758e+00 2.2468003352e+00
1.3030303030e+00 2.6363636364e+00 2.2026904528e+00
1.3030303030e+00 2.6969696970e+00 2.1601452905e+00
1.3030303030e+00 2.7575757576e+00 2.1190907850e+00
1.3030303030e+00 2.8181818182e+00 2.0794568572e+00
1.3030303030e+00 2.8787878788e+00 2.0411772133e+00
1.3030303030e+00 2.9393939394e+00 2.0041891481e+00
1.3030303030e+00 3.0000000000e+00 1.9684333530e+00

1.3636363636e+00 -3.0000000000e+00 1.9529911546e+00
1.3636363636e+00 -2.9393939394e+00 1.9878960185e+00
1.3636363636e+00 -2.8787878788e+00 2.0239718193e+00
1.3636363636e+00 -2.8181818182e+00 2.0612724726e+00
1.3636363636e+00 -2.7575757576e+00 2.0998547393e+00
1.3636363636e+00 -2.6969696970e+00 2.1397783554e+00
1.3636363636e+00 -2.6363636364e+00 2.1811061582e+00
1.3636363636e+00 -2.5757575758e+00 2.2239042068e+00
1.3636363636e+00 -2.5151515152e+00 2.2682418931e+00
1.3636363636e+00 -2.4545454545e+00 2.3141920392e+00
1.3636363636e+00 -2.3939393939e+00 2.3618309739e+00
1.3636363636e+00 -2.3333333333e+00 2.4112385838e+00
1.3636363636e+00 -2.2727272727e+00 2.4624983273e+00
1.3636363636e+00 -2.2121212121e+00 2.5156972019e+00
1.3636363636e+00 -2.1515151515e+00 2.5709256511e+00
1.3636363636e+00 -2.0909090909e+00 2.6282773932e+00
1.3636363636e+00 -2.0303030303e+00 2.6878491522e+00
1.3636363636e+00 -1.9696969697e+00 2.7497402644e+00
1.3636363636e+00 -1.9090909091e+00 2.8140521308e+00
1.3636363636e+00 -1.8484848485e+00 2.8808874763e+00
1.3636363636e+00 -1.7878787879e+00 2.9503493722e+00
1.3636363636e+00 -1.7272727273e+00 3.0225399651e+00
1.3636363636e+00 -1.6666666667e+00 3.0975588486e+00
1.3636363636e+00 -1.6060606061e+00 3.1755009993e+00
1.3636363636e+00 -1.5454545455e+00 3.2564541857e+00
1.3636363636e+00 -1.4848484848e+00 3.3404957440e+00
1.3636363636e+00 -1.4242424242e+00 3.4276885987e+00
1.3636363636e+00 -1.3636363636e+00 3.5180763903e+00
1.3636363636e+00 -1.3030303030e+00 3.6116775585e+00
1.3636363636e+00 -1.2424242424e+00 3.7084782213e+00
1.3636363636e+00 -1.1818181818e+00 3.8084236871e+00
1.3636363636e+00 -1.1212121212e+00 3.9114084517e+00
1.3636363636e+00 -1.0606060606e+00 4.0172645642e+00
1.3636363636e+00 -1.0000000000e+00 4.1257483163e+00
1.3636363636e+00 -9.3939393939e-01 4.2365253158e+00
1.3636363636e+00 -8.7878787879e-01 4.3491541895e+00
1.3636363636e+00 -8.1818181818e-01 4.4630694082e+00
1.3636363636e+00 -7.5757575758e-01 4.5775640898e+00
1.3636363636e+00 -6.9696969697e-01 4.6917740936e+00
1.3636363636e+00 -6.3636363636e-01 4.8046652852e+00
1.3636363636e+00 -5.7575757576e-01 4.9150264743e+00
1.3636363636e+00 -5.1515151515e-01 5.0214711180e+00
1.3636363636e+00 -4.5454545455e-01 5.1224512860e+00
1.3636363636e+00 -3.9393939394e-01 5.2162873627e+00
1.3636363636e+00 -3.3333333333e-01 5.3012162360e+00
1.3636363636e+00 -2.7272727273e-01 5.3754590397e+00
1.3636363636e+00 -2.1212121212e-01 5.4373067664e+00
1.3636363636e+00 -1.5151515152e-01 5.4852184697e+00
1.3636363636e+00 -9.0909090909e-02 5.5179229732e+00
1.3636363636e+00 -3.0303030303e-02 5.5345120431e+00
1.3636363636e+00 3.0303030303e-02 5.5345120431e+00
1.3636363636e+00 9.0909090909e-02 5.5179229732e+00
1.3636363636e+00 1.5151515152e-01 5.4852184697e+00
1.3636363636e+00 2.1212121212e-01 5.4373067664e+00
1.3636363636e+00 2.7272727273e-01 5.3754590397e+00
1.3636363636e+00 3.3333333333e-01 5.3012162360e+00
1.3636363636e+00 3.9393939394e-01 5.2162873627e+00
1.3636363636e+00 4.5454545455e-01 5.1224512860e+00
1.3636363636e+00 5.1515151515e-01 5.0214711180e+00
1.3636363636e+00 5.7575757576e-01 4.9150264743e+00
1.3636363636e+00 6.3636363636e-01 4.8046652852e+00
1.3636363636e+00 6.9696969697e-01 4.6917740936e+00
1.3636363636e+00 7.5757575758e-01 4.5775640898e+00
1.3636363636e+00 8.1818181818e-01 4.4630694082e+00
1.3636363636e+00 8.7878787879e-01 4.3491541895e+00
1.3636363636e+00 9.3939393939e-01 4.2365253158e+00
1.3636363636e+00 1.0000000000e+00 4.1257483163e+00
1.3636363636e+00 1.0606060606e+00 4.0172645642e+00
1.3636363636e+00 1.1212121212e+00 3.9114084517e+00
1.3636363636e+00 1.1818181818e+00 3.8084236871e+00
1.3636363636e+00 1.2424242424e+00 3.7084782213e+00
1.3636363636e+00 1.3030303030e+00 3.6116775585e+00
1.3636363636e+00 1.3636363636e+00 3.5180763903e+00
1.3636363636e+00 1.4242424242e+00 3.4276885987e+00
1.3636363636e+00 1.4848484848e+00 3.3404957440e+00
1.3636363636e+00 1.5454545455e+00 3.2564541857e+00
1.3636363636e+00 1.6060606061e+00 3.1755009993e+00
1.3636363636e+00 1.6666666667e+00 3.0975588486e+00
1.3636363636e+00 1.7272727273e+00 3.0225399651e+00
1.3636363636e+00 1.7878787879e+00 2.9503493722e+00
1.3636363636e+00 1.8484848485e+00 2.8808874763e+00
1.3636363636e+00 1.9090909091e+00 2.8140521308e+00
1.3636363636e+00 1.9696969697e+00 2.7497402644e+00
1.3636363636e+00 2.0303030303e+00 2.6878491522e+00
1.3636363636e+00 2.0909090909e+00 2.6282773932e+00
1.3636363636e+00 2.1515151515e+00 2.5709256511e+00
1.3636363636e+00 2.2121212121e+00 2.5156972019e+00
1.3636363636e+00 2.2727272727e+00 2.4624983273e+00
1.3636363636e+00 2.3333333333e+00 2.4112385838e+00
1.3636363636e+00 2.3939393939e+00 2.3618309739e+00
1.3636363636e+00 2.4545454545e+00 2.3141920392e+00
1.3636363636e+00 2.5151515152e+00 2.2682418931e+00
1.3636363636e+00 2.5757575758e+00 2.2239042068e+00
1.3636363636e+00 2.6363636364e+00 2.1811061582e+00
1.3636363636e+00 2.6969696970e+00 2.1397783554e+00
1.3636363636e+00 2.7575757576e+00 2.0998547393e+00
1.3636363636e+00 2.8181818182e+00 2.0612724726e+00
1.3636363636e+00 2.8787878788e+00 2.0239718193e+00
1.3636363636e+00 2.9393939394e+00 1.9878960185e+00
1.3636363636e+00 3.0000000000e+00 1.9529911546e+00

1.4242424242e+00 -3.0000000000e+00 1.9372298341e+00
1.4242424242e+00 -2.9393939394e+00 1.9712806267e+00
1.4242424242e+00 -2.8787878788e+00 2.0064421620e+00
1.4242424242e+00 -2.8181818182e+00 2.0427632179e+00
1.4242424242e+00 -2.7575757576e+00 2.0802949136e+00
1.4242424242e+00 -2.6969696970e+00 2.1190907850e+00
1.4242424242e+00 -2.6363636364e+00 2.1592068512e+00
1.4242424242e+00 -2.5757575758e+00 2.2007016679e+00
1.4242424242e+00 -2.5151515152e+00 2.2436363648e+00
1.4242424242e+00 -2.4545454545e+00 2.2880746608e+00
1.4242424242e+00 -2.3939393939e+00 2.3340828511e+00
1.4242424242e+00 -2.3333333333e+00 2.3817297578e+00
1.4242424242e+00 -2.2727272727e+00 2.4310866360e+00
1.4242424242e+00 -2.2121212121e+00 2.4822270217e+00
1.4242424242e+00 -2.1515151515e+00 2.5352265096e+00
1.4242424242e+00 -2.0909090909e+00 2.5901624433e+00
1.4242424242e+00 -2.0303030303e+00 2.6471134967e+00
1.4242424242e+00 -1.9696969697e+00 2.7061591250e+00
1.4242424242e+00 -1.9090909091e+00 2.7673788535e+00
1.4242424242e+00 -1.8484848485e+00 2.8308513729e+00
1.4242424242e+00 -1.7878787879e+00 2.8966533991e+00
1.4242424242e+00 -1.7272727273e+00 2.9648582509e+00
1.4242424242e+00 -1.6666666667e+00 3.0355340917e+00
1.4242424242e+00 -1.6060606061e+00 3.1087417714e+00
1.4242424242e+00 -1.5454545455e+00 3.1845321976e+00
1.4242424242e+00 -1.4848484848e+00 3.2629431573e+00
1.4242424242e+00 -1.4242424242e+00 3.3439955009e+00
1.4242424242e+00 -1.3636363636e+00 3.4276885987e+00
1.4242424242e+00 -1.3030303030e+00 3.5139949754e+00
1.4242424242e+00 -1.2424242424e+00 3.6028540355e+00
1.4242424242e+00 -1.1818181818e+00 3.6941648091e+00
1.4242424242e+00 -1.1212121212e+00 3.7877776722e+00
1.4242424242e+00 -1.0606060606e+00 3.8834850514e+00
1.4242424242e+00 -1.0000000000e+00 3.9810111968e+00
1.4242424242e+00 -9.3939393939e-01 4.0800012165e+00
1.4242424242e+00 -8.7878787879e-01 4.1800097268e+00
1.4242424242e+00 -8.1818181818e-01 4.2804896697e+00
1.4242424242e+00 -7.5757575758e-01 4.3807821072e+00
1.4242424242e+00 -6.9696969697e-01 4.4801080994e+00
1.4242424242e+00 -6.3636363636e-01 4.5775640898e+00
1.4242424242e+00 -5.7575757576e-01 4.6721225190e+00
1.4242424242e+00 -5.1515151515e-01 4.7626395893e+00
1.4242424242e+00 -4.5454545455e-01 4.8478721085e+00
1.4242424242e+00 -3.9393939394e-01 4.9265050379e+00
1.4242424242e+00 -3.3333333333e-01 4.9971906377e+00
1.4242424242e+00 -2.7272727273e-01 5.0585988805e+00
1.4242424242e+00 -2.1212121212e-01 5.1094771323e+00
1.4242424242e+00 -1.5151515152e-01 5.1487151842e+00
1.4242424242e+00 -9.0909090909e-02 5.1754099221e+00
1.4242424242e+00 -3.0303030303e-02 5.1889227444e+00
1.4242424242e+00 3.0303030303e-02 5.1889227444e+00
1.4242424242e+00 9.0909090909e-02 5.1754099221e+00
1.4242424242e+00 1.5151515152e-01 5.1487151842e+00
1.4242424242e+00 2.1212121212e-01 5.1094771323e+00
1.4242424242e+00 2.7272727273e-01 5.0585988805e+00
1.4242424242e+00 3.3333333333e-01 4.9971906377e+00
1.4242424242e+00 3.9393939394e-01 4.9265050379e+00
1.4242424242e+00 4.5454545455e-01 4.8478721085e+00
1.4242424242e+00 5.1515151515e-01 4.7626395893e+00
1.4242424242e+00 5.7575757576e-01 4.6721225190e+00
1.4242424242e+00 6.3636363636e-01 4.5775640898e+00
1.4242424242e+00 6.9696969697e-01 4.4801080994e+00
1.4242424242e+00 7.5757575758e-01 4.3807821072e+00
1.4242424242e+00 8.1818181818e-01 4.2804896697e+00
1.4242424242e+00 8.7878787879e-01 4.1800097268e+00
1.4242424242e+00 9.3939393939e-01 4.0800012165e+00
1.4242424242e+00 1.0000000000e+00 3.9810111968e+00
1.4242424242e+00 1.0606060606e+00 3.8834850514e+00
1.4242424242e+00 1.1212121212e+00 3.7877776722e+00
1.4242424242e+00 1.1818181818e+00 3.6941648091e+00
1.4242424242e+00 1.2424242424e+00 3.6028540355e+00
1.4242424242e+00 1.3030303030e+00 3.5139949754e+00
1.4242424242e+00 1.3636363636e+00 3.4276885987e+00
1.4242424242e+00 1.4242424242e+00 3.3439955009e+00
1.4242424242e+00 1.4848484848e+00 3.2629431573e+00
1.4242424242e+00 1.5454545455e+00 3.1845321976e+00
1.4242424242e+00 1.6060606061e+00 3.1087417714e+00
1.4242424242e+00 1.6666666667e+00 3.0355340917e+00
1.4242424242e+00 1.7272727273e+00 2.9648582509e+00
1.4242424242e+00 1.7878787879e+00 2.8966533991e+00
1.4242424242e+00 1.8484848485e+00 2.8308513729e+00
1.4242424242e+00 1.9090909091e+00 2.7673788535e+00
1.4242424242e+00 1.9696969697e+00 2.7061591250e+00
1.4242424242e+00 2.0303030303e+00 2.6471134967e+00
1.4242424242e+00 2.0909090909e+00 2.5901624433e+00
1.4242424242e+00 2.1515151515e+00 2.5352265096e+00
1.4242424242e+00 2.2121212121e+00 2.4822270217e+00
1.4242424242e+00 2.2727272727e+00 2.4310866360e+00
1.4242424242e+00 2.3333333333e+00 2.3817297578e+00
1.4242424242e+00 2.3939393939e+00 2.3340828511e+00
1.4242424242e+00 2.4545454545e+00 2.2880746608e+00
1.4242424242e+00 2.5151515152e+00 2.2436363648e+00
1.4242424242e+00 2.5757575758e+00 2.2007016679e+00
1.4242424242e+00 2.6363636364e+00 2.1592068512e+00
1.4242424242e+00 2.6969696970e+00 2.1190907850e+00
1.4242424242e+00 2.7575757576e+00 2.0802949136e+00
1.4242424242e+00 2.8181818182e+00 2.0427632179e+00
1.4242424242e+00 2.8787878788e+00 2.0064421620e+00
1.4242424242e+00 2.9393939394e+00 1.9712806267e+00
1.4242424242e+00 3.0000000000e+00 1.9372298341e+00

1.4848484848e+00 -3.0000000000e+00 1.9211838368e+00
1.4848484848e+00 -2.9393939394e+00 1.9543799770e+00
1.4848484848e+00 -2.8787878788e+00 1.9886280020e+00
1.4848484848e+00 -2.8181818182e+00 2.0239718193e+00
1.4848484848e+00 -2.7575757576e+00 2.0604572205e+00
1.4848484848e+00 -2.6969696970e+00 2.0981319100e+00
1.4848484848e+00 -2.6363636364e+00 2.1370455206e+00
1.4848484848e+00 -2.5757575758e+00 2.1772496118e+00
1.4848484848e+00 -2.5151515152e+00 2.2187976464e+00
1.4848484848e+00 -2.4545454545e+00 2.2617449389e+00
1.4848484848e+00 -2.3939393939e+00 2.3061485708e+00
1.4848484848e+00 -2.3333333333e+00 2.3520672637e+00
1.4848484848e+00 -2.2727272727e+00 2.3995612012e+00
1.4848484848e+00 -2.2121212121e+00 2.4486917879e+00
1.4848484848e+00 -2.1515151515e+00 2.4995213329e+00
1.4848484848e+00 -2.0909090909e+00 2.5521126413e+00
1.4848484848e+00 -2.0303030303e+00 2.6065284962e+00
1.4848484848e+00 -1.9696969697e+00 2.6628310074e+00
1.4848484848e+00 -1.9090909091e+00 2.7210808033e+00
1.4848484848e+00 -1.8484848485e+00 2.7813360366e+00
1.4848484848e+00 -1.7878787879e+00 2.8436511676e+00
1.4848484848e+00 -1.7272727273e+00 2.9080754896e+00
1.4848484848e+00 -1.6666666667e+00 2.9746513510e+00
1.4848484848e+00 -1.6060606061e+00 3.0434120266e+00
1.4848484848e+00 -1.5454545455e+00 3.1143791864e+00
1.4848484848e+00 -1.4848484848e+00 3.1875599050e+00
1.4848484848e+00 -1.4242424242e+00 3.2629431573e+00
1.4848484848e+00 -1.3636363636e+00 3.3404957440e+00
1.4848484848e+00 -1.3030303030e+00 3.4201576004e+00
1.4848484848e+00 -1.2424242424e+00 3.5018364531e+00
1.4848484848e+00 -1.1818181818e+00 3.5854018143e+00
1.4848484848e+00 -1.1212121212e+00 3.6706783360e+00
1.4848484848e+00 -1.0606060606e+00 3.7574386007e+00
1.4848484848e+00 -1.0000000000e+00 3.8453954954e+00
1.4848484848e+00 -9.3939393939e-01 3.9341944103e+00
1.4848484848e+00 -8.7878787879e-01 4.0234056265e+00
1.4848484848e+00 -8.1818181818e-01 4.1125174017e+00
1.4848484848e+00 -7.5757575758e-01 4.2009304322e+00
1.4848484848e+00 -6.9696969697e-01 4.2879545420e+00
1.4848484848e+00 -6.3636363636e-01 4.3728086154e+00
1.4848484848e+00 -5.7575757576e-01 4.4546248991e+00
1.4848484848e+00 -5.1515151515e-01 4.5324588214e+00
1.4848484848e+00 -4.5454545455e-01 4.6053053432e+00
1.4848484848e+00 -3.9393939394e-01 4.6721225190e+00
1.4848484848e+00 -3.3333333333e-01 4.7318623642e+00
1.4848484848e+00 -2.7272727273e-01 4.7835083056e+00
1.4848484848e+00 -2.1212121212e-01 4.8261174853e+00
1.4848484848e+00 -1.5151515152e-01 4.8588651497e+00
1.4848484848e+00 -9.0909090909e-02 4.8810874784e+00
1.4848484848e+00 -3.0303030303e-02 4.8923187329e+00
1.4848484848e+00 3.0303030303e-02 4.8923187329e+00
1.4848484848e+00 9.0909090909e-02 4.8810874784e+00
1.4848484848e+00 1.5151515152e-01 4.8588651497e+00
1.4848484848e+00 2.1212121212e-01 4.8261174853e+00
1.4848484848e+00 2.7272727273e-01 4.7835083056e+00
1.4848484848e+00 3.3333333333e-01 4.7318623642e+00
1.4848484848e+00 3.9393939394e-01 4.6721225190e+00
1.4848484848e+00 4.5454545455e-01 4.6053053432e+00
1.4848484848e+00 5.1515151515e-01 4.5324588214e+00
1.4848484848e+00 5.7575757576e-01 4.4546248991e+00
1.4848484848e+00 6.3636363636e-01 4.3728086154e+00
1.4848484848e+00 6.9696969697e-01 4.2879545420e+00
1.4848484848e+00 7.5757575758e-01 4.2009304322e+00
1.4848484848e+00 8.1818181818e-01 4.1125174017e+00
1.4848484848e+00 8.7878787879e-01 4.0234056265e+00
1.4848484848e+00 9.3939393939e-01 3.9341944103e+00
1.4848484848e+00 1.0000000000e+00 3.8453954954e+00
1.4848484848e+00 1.0606060606e+00 3.7574386007e+00
1.4848484848e+00 1.1212121212e+00 3.6706783360e+00
1.4848484848e+00 1.1818181818e+00 3.5854018143e+00
1.4848484848e+00 1.2424242424e+00 3.5018364531e+00
1.4848484848e+00 1.3030303030e+00 3.4201576004e+00
1.4848484848e+00 1.3636363636e+00 3.3404957440e+00
1.4848484848e+00 1.4242424242e+00 3.2629431573e+00
1.4848484848e+00 1.4848484848e+00 3.1875599050e+00
1.4848484848e+00 1.5454545455e+00 3.1143791864e+00
1.4848484848e+00 1.6060606061e+00 3.0434120266e+00
1.4848484848e+00 1.6666666667e+00 2.9746513510e+00
1.4848484848e+00 1.7272727273e+00 2.9080754896e+00
1.4848484848e+00 1.7878787879e+00 2.8436511676e+00
1.4848484848e+00 1.8484848485e+00 2.7813360366e+00
1.4848484848e+00 1.9090909091e+00 2.7210808033e+00
1.4848484848e+00 1.9696969697e+00 2.6628310074e+00
1.4848484848e+00 2.0303030303e+00 2.6065284962e+00
1.4848484848e+00 2.0909090909e+00 2.5521126413e+00
1.4848484848e+00 2.1515151515e+00 2.4995213329e+00
1.4848484848e+00 2.2121212121e+00 2.4486917879e+00
1.4848484848e+00 2.2727272727e+00 2.3995612012e+00
1.4848484848e+00 2.3333333333e+00 2.3520672637e+00
1.4848484848e+00 2.3939393939e+00 2.3061485708e+00
1.4848484848e+00 2.4545454545e+00 2.2617449389e+00
1.4848484848e+00 2.5151515152e+00 2.2187976464e+00
1.4848484848e+00 2.5757575758e+00 2.1772496118e+00
1.4848484848e+00 2.6363636364e+00 2.1370455206e+00
1.4848484848e+00 2.6969696970e+00 2.0981319100e+00
1.4848484848e+00 2.7575757576e+00 2.0604572205e+00
1.4848484848e+00 2.8181818182e+00 2.0239718193e+00
1.4848484848e+00 2.8787878788e+00 1.9886280020e+00
1.4848484848e+00 2.9393939394e+00 1.9543799770e+00
1.4848484848e+00 3.0000000000e+00 1.9211838368e+00

1.5454545455e+00 -3.0000000000e+00 1.9048865514e+00
1.5454545455e+00 -2.9393939394e+00 1.9372298341e+00
1.5454545455e+00 -2.8787878788e+00 1.9705676487e+00
1.5454545455e+00 -2.8181818182e+00 2.0049393082e+00
1.5454545455e+00 -2.7575757576e+00 2.0403855969e+00
1.5454545455e+00 -2.6969696970e+00 2.0769487610e+00
1.5454545455e+00 -2.6363636364e+00 2.1146724818e+00
1.5454545455e+00 -2.5757575758e+00 2.1536018288e+00
1.5454545455e+00 -2.5151515152e+00 2.1937831866e+00
1.5454545455e+00 -2.4545454545e+00 2.2352641518e+00
1.5454545455e+00 -2.3939393939e+00 2.2780933918e+00
1.5454545455e+00 -2.3333333333e+00 2.3223204586e+00
1.5454545455e+00 -2.2727272727e+00 2.3679955485e+00
1.5454545455e+00 -2.2121212121e+00 2.4151691977e+00
1.5454545455e+00 -2.1515151515e+00 2.4638919000e+00
1.5454545455e+00 -2.0909090909e+00 2.5142136343e+00
1.5454545455e+00 -2.0303030303e+00 2.5661832837e+00
1.5454545455e+00 -1.9696969697e+00 2.6198479280e+00
1.5454545455e+00 -1.9090909091e+00 2.6752519884e+00
1.5454545455e+00 -1.8484848485e+00 2.7324361987e+00
1.5454545455e+00 -1.7878787879e+00 2.7914363773e+00
1.5454545455e+00 -1.7272727273e+00 2.8522819682e+00
1.5454545455e+00 -1.6666666667e+00 2.9149943190e+00
1.5454545455e+00 -1.6060606061e+00 2.9795846620e+00
1.5454545455e+00 -1.5454545455e+00 3.0460517604e+00
1.5454545455e+00 -1.4848484848e+00 3.1143791864e+00
1.5454545455e+00 -1.4242424242e+00 3.1845321976e+00
1.5454545455e+00 -1.3636363636e+00 3.2564541857e+00
1.5454545455e+00 -1.3030303030e+00 3.3300626819e+00
1.5454545455e+00 -1.2424242424e+00 3.4052449208e+00
1.5454545455e+00 -1.1818181818e+00 3.4818529876e+00
1.5454545455e+00 -1.1212121212e+00 3.5596986117e+00
1.5454545455e+00 -1.0606060606e+00 3.6385477108e+00
1.5454545455e+00 -1.0000000000e+00 3.7181148563e+00
1.5454545455e+00 -9.3939393939e-01 3.7980578980e+00
1.5454545455e+00 -8.7878787879e-01 3.8779730814e+00
1.5454545455e+00 -8.1818181818e-01 3.9573910833e+00
1.5454545455e+00 -7.5757575758e-01 4.0357744984e+00
1.5454545455e+00 -6.9696969697e-01 4.1125174017e+00
1.5454545455e+00 -6.3636363636e-01 4.1869476828e+00
1.5454545455e+00 -5.7575757576e-01 4.2583328659e+00
1.5454545455e+00 -5.1515151515e-01 4.3258900771e+00
1.5454545455e+00 -4.5454545455e-01 4.3888006552e+00
1.5454545455e+00 -3.9393939394e-01 4.4462296157e+00
1.5454545455e+00 -3.3333333333e-01 4.4973497544e+00
1.5454545455e+00 -2.7272727273e-01 4.5413696326e+00
1.5454545455e+00 -2.1212121212e-01 4.5775640898e+00
1.5454545455e+00 -1.5151515152e-01 4.6053053432e+00
1.5454545455e+00 -9.0909090909e-02 4.6240923037e+00
1.5454545455e+00 -3.0303030303e-02 4.6335755469e+00
1.5454545455e+00 3.0303030303e-02 4.6335755469e+00
1.5454545455e+00 9.0909090909e-02 4.6240923037e+00
1.5454545455e+00 1.5151515152e-01 4.6053053432e+00
1.5454545455e+00 2.1212121212e-01 4.5775640898e+00
1.5454545455e+00 2.7272727273e-01 4.5413696326e+00
1.5454545455e+00 3.3333333333e-01 4.4973497544e+00
1.5454545455e+00 3.9393939394e-01 4.4462296157e+00
1.5454545455e+00 4.5454545455e-01 4.3888006552e+00
1.5454545455e+00 5.1515151515e-01 4.3258900771e+00
1.5454545455e+00 5.7575757576e-01 4.2583328659e+00
1.5454545455e+00 6.3636363636e-01 4.1869476828e+00
1.5454545455e+00 6.9696969697e-01 4.1125174017e+00
1.5454545455e+00 7.5757575758e-01 4.0357744984e+00
1.5454545455e+00 8.1818181818e-01 3.9573910833e+00
1.5454545455e+00 8.7878787879e-01 3.8779730814e+00
1.5454545455e+00 9.3939393939e-01 3.7980578980e+00
1.5454545455e+00 1.0000000000e+00 3.7181148563e+00
1.5454545455e+00 1.0606060606e+00 3.6385477108e+00
1.5454545455e+00 1.1212121212e+00 3.5596986117e+00
1.5454545455e+00 1.1818181818e+00 3.4818529876e+00
1.5454545455e+00 1.2424242424e+00 3.4052449208e+00
1.5454545455e+00 1.3030303030e+00 3.3300626819e+00
1.5454545455e+00 1.3636363636e+00 3.2564541857e+00
1.5454545455e+00 1.4242424242e+00 3.1845321976e+00
1.5454545455e+00 1.4848484848e+00 3.1143791864e+00
1.5454545455e+00 1.5454545455e+00 3.0460517604e+00
1.5454545455e+00 1.6060606061e+00 2.9795846620e+00
1.5454545455e+00 1.6666666667e+00 2.9149943190e+00
1.5454545455e+00 1.7272727273e+00 2.8522819682e+00
1.5454545455e+00 1.7878787879e+00 2.7914363773e+00
1.5454545455e+00 1.8484848485e+00 2.7324361987e+00
1.5454545455e+00 1.9090909091e+00 2.6752519884e+00
1.5454545455e+00 1.9696969697e+00 2.6198479280e+00
1.5454545455e+00 2.0303030303e+00 2.5661832837e+00
1.5454545455e+00 2.0909090909e+00 2.5142136343e+00
1.5454545455e+00 2.1515151515e+00 2.4638919000e+00
1.5454545455e+00 2.2121212121e+00 2.4151691977e+00
1.5454545455e+00 2.2727272727e+00 2.3679955485e+00
1.5454545455e+00 2.3333333333e+00 2.3223204586e+00
1.5454545455e+00 2.3939393939e+00 2.2780933918e+00
1.5454545455e+00 2.4545454545e+00 2.2352641518e+00
1.5454545455e+00 2.5151515152e+00 2.1937831866e+00
1.5454545455e+00 2.5757575758e+00 2.1536018288e+00
1.5454545455e+00 2.6363636364e+00 2.1146724818e+00
1.5454545455e+00 2.6969696970e+00 2.0769487610e+00
1.5454545455e+00 2.7575757576e+00 2.0403855969e+00
1.5454545455e+00 2.8181818182e+00 2.0049393082e+00
1.5454545455e+00 2.8787878788e+00 1.9705676487e+00
1.5454545455e+00 2.9393939394e+00 1.9372298341e+00
1.5454545455e+00 3.0000000000e+00 1.9048865514e+00

1.6060606061e+00 -3.0000000000e+00 1.8883702075e+00
1.6060606061e+00 -2.9393939394e+00 1.9198646177e+00
1.6060606061e+00 -2.8787878788e+00 1.9522978540e+00
1.6060606061e+00 -2.8181818182e+00 1.9857049142e+00
1.6060606061e+00 -2.7575757576e+00 2.0201218986e+00
1.6060606061e+00 -2.6969696970e+00 2.0555859681e+00
1.6060606061e+00 -2.6363636364e+00 2.0921352843e+00
1.6060606061e+00 -2.5757575758e+00 2.1298089252e+00
1.6060606061e+00 -2.5151515152e+00 2.1686467744e+00
1.6060606061e+00 -2.4545454545e+00 2.2086893771e+00
1.6060606061e+00 -2.3939393939e+00 2.2499777565e+00
1.6060606061e+00 -2.3333333333e+00 2.2925531852e+00
1.6060606061e+00 -2.2727272727e+00 2.3364569007e+00
1.6060606061e+00 -2.2121212121e+00 2.3817297578e+00
1.6060606061e+00 -2.1515151515e+00 2.4284118056e+00
1.6060606061e+00 -2.0909090909e+00 2.4765417766e+00
1.6060606061e+00 -2.0303030303e+00 2.5261564748e+00
1.6060606061e+00 -1.9696969697e+00 2.5772900451e+00
1.6060606061e+00 -1.9090909091e+00 2.6299731085e+00
1.6060606061e+00 -1.8484848485e+00 2.6842317411e+00
1.6060606061e+00 -1.7878787879e+00 2.7400862776e+00
1.6060606061e+00 -1.7272727273e+00 2.7975499160e+00
1.6060606061e+00 -1.6666666667e+00 2.8566271002e+00
1.6060606061e+00 -1.6060606061e+00 2.9173116564e+00
1.6060606061e+00 -1.5454545455e+00 2.9795846620e+00
1.6060606061e+00 -1.4848484848e+00 3.0434120266e+00
1.6060606061e+00 -1.4242424242e+00 3.1087417714e+00
1.6060606061e+00 -1.3636363636e+00 3.1755009993e+00
1.6060606061e+00 -1.3030303030e+00 3.2435925646e+00
1.6060606061e+00 -1.2424242424e+00 3.3128914626e+00
1.6060606061e+00 -1.1818181818e+00 3.3832409885e+00
1.6060606061e+00 -1.1212121212e+00 3.4544487418e+00
1.6060606061e+00 -1.0606060606e+00 3.5262825936e+00
1.6060606061e+00 -1.0000000000e+00 3.5984667793e+00
1.6060606061e+00 -9.3939393939e-01 3.6706783360e+00
1.6060606061e+00 -8.7878787879e-01 3.7425441626e+00
1.6060606061e+00 -8.1818181818e-01 3.8136390460e+00
1.6060606061e+00 -7.5757575758e-01 3.8834850514e+00
1.6060606061e+00 -6.9696969697e-01 3.9515527241e+00
1.6060606061e+00 -6.3636363636e-01 4.0172645642e+00
1.6060606061e+00 -5.7575757576e-01 4.0800012165e+00
1.6060606061e+00 -5.1515151515e-01 4.1391107365e+00
1.6060606061e+00 -4.5454545455e-01 4.1939211476e+00
1.6060606061e+00 -3.9393939394e-01 4.2437562743e+00
1.6060606061e+00 -3.3333333333e-01 4.2879545420e+00
1.6060606061e+00 -2.7272727273e-01 4.3258900771e+00
1.6060606061e+00 -2.1212121212e-01 4.3569950794e+00
1.6060606061e+00 -1.5151515152e-01 4.3807821072e+00
1.6060606061e+00 -9.0909090909e-02 4.3968646970e+00
1.6060606061e+00 -3.0303030303e-02 4.4049746764e+00
1.6060606061e+00 3.0303030303e-02 4.4049746764e+00
1.6060606061e+00 9.0909090909e-02 4.3968646970e+00
1.6060606061e+00 1.5151515152e-01 4.3807821072e+00
1.6060606061e+00 2.1212121212e-01 4.3569950794e+00
1.6060606061e+00 2.7272727273e-01 4.3258900771e+00
1.6060606061e+00 3.3333333333e-01 4.2879545420e+00
1.6060606061e+00 3.9393939394e-01 4.2437562743e+00
1.6060606061e+00 4.5454545455e-01 4.1939211476e+00
1.6060606061e+00 5.1515151515e-01 4.1391107365e+00
1.6060606061e+00 5.7575757576e-01 4.0800012165e+00
1.6060606061e+00 6.3636363636e-01 4.0172645642e+00
1.6060606061e+00 6.9696969697e-01 3.9515527241e+00
1.6060606061e+00 7.5757575758e-01 3.8834850514e+00
1.6060606061e+00 8.1818181818e-01 3.8136390460e+00
1.6060606061e+00 8.7878787879e-01 3.7425441626e+00
1.6060606061e+00 9.3939393939e-01 3.6706783360e+00
1.6060606061e+00 1.0000000000e+00 3.5984667793e+00
1.6060606061e+00 1.0606060606e+00 3.5262825936e+00
1.6060606061e+00 1.1212121212e+00 3.4544487418e+00
1.6060606061e+00 1.1818181818e+00 3.3832409885e+00
1.6060606061e+00 1.2424242424e+00 3.3128914626e+00
1.6060606061e+00 1.3030303030e+00 3.2435925646e+00
1.6060606061e+00 1.3636363636e+00 3.1755009993e+00
1.6060606061e+00 1.4242424242e+00 3.1087417714e+00
1.6060606061e+00 1.4848484848e+00 3.0434120266e+00
1.6060606061e+00 1.5454545455e+00 2.9795846620e+00
1.6060606061e+00 1.6060606061e+00 2.9173116564e+00
1.6060606061e+00 1.6666666667e+00 2.8566271002e+00
1.6060606061e+00 1.7272727273e+00 2.7975499160e+00
1.6060606061e+00 1.7878787879e+00 2.7400862776e+00
1.6060606061e+00 1.8484848485e+00 2.6842317411e+00
1.6060606061e+00 1.9090909091e+00 2.6299731085e+00
1.6060606061e+00 1.9696969697e+00 2.5772900451e+00
1.6060606061e+00 2.0303030303e+00 2.5261564748e+00
1.6060606061e+00 2.0909090909e+00 2.4765417766e+00
1.6060606061e+00 2.1515151515e+00 2.4284118056e+00
1.6060606061e+00 2.2121212121e+00 2.3817297578e+00
1.6060606061e+00 2.2727272727e+00 2.3364569007e+00
1.6060606061e+00 2.3333333333e+00 2.2925531852e+00
1.6060606061e+00 2.3939393939e+00 2.2499777565e+00
1.6060606061e+00 2.4545454545e+00 2.2086893771e+00
1.6060606061e+00 2.5151515152e+00 2.1686467744e+00
1.6060606061e+00 2.5757575758e+00 2.1298089252e+00
1.6060606061e+00 2.6363636364e+00 2.0921352843e+00
1.6060606061e+00 2.6969696970e+00 2.0555859681e+00
1.6060606061e+00 2.7575757576e+00 2.0201218986e+00
1.6060606061e+00 2.8181818182e+00 1.9857049142e+00
1.6060606061e+00 2.8787878788e+00 1.9522978540e+00
1.6060606061e+00 2.9393939394e+00 1.9198646177e+00
1.6060606061e+00 3.0000000000e+00 1.8883702075e+00

1.6666666667e+00 -3.0000000000e+00 1.8716657928e+00
1.6666666667e+00 -2.9393939394e+00 1.9023173194e+00
1.6666666667e+00 -2.8787878788e+00 1.9338537294e+00
1.6666666667e+00 -2.8181818182e+00 1.9663059854e+00
1.6666666667e+00 -2.7575757576e+00 1.9997058250e+00
1.6666666667e+00 -2.6969696970e+00 2.0340856934e+00
1.6666666667e+00 -2.6363636364e+00 2.0694786561e+00
1.6666666667e+00 -2.5757575758e+00 2.1059182863e+00
1.6666666667e+00 -2.5151515152e+00 2.1434385251e+00
1.6666666667e+00 -2.4545454545e+00 2.1820735070e+00
1.6666666667e+00 -2.3939393939e+00 2.2218573466e+00
1.6666666667e+00 -2.3333333333e+00 2.2628238801e+00
1.6666666667e+00 -2.2727272727e+00 2.3050063523e+00
1.6666666667e+00 -2.2121212121e+00 2.3484370432e+00
1.6666666667e+00 -2.1515151515e+00 2.3931468228e+00
1.6666666667e+00 -2.0909090909e+00 2.4391646241e+00
1.6666666667e+00 -2.0303030303e+00 2.4865168227e+00
1.6666666667e+00 -1.9696969697e+00 2.5352265096e+00
1.6666666667e+00 -1.9090909091e+00 2.5853126437e+00
1.6666666667e+00 -1.8484848485e+00 2.6367890677e+00
1.6666666667e+00 -1.7878787879e+00 2.6896633737e+00
1.6666666667e+00 -1.7272727273e+00 2.7439356008e+00
1.6666666667e+00 -1.6666666667e+00 2.7995967498e+00
1.6666666667e+00 -1.6060606061e+00 2.8566271002e+00
1.6666666667e+00 -1.5454545455e+00 2.9149943190e+00
1.6666666667e+00 -1.4848484848e+00 2.9746513510e+00
1.6666666667e+00 -1.4242424242e+00 3.0355340917e+00
1.6666666667e+00 -1.3636363636e+00 3.0975588486e+00
1.6666666667e+00 -1.3030303030e+00 3.1606196106e+00
1.6666666667e+00 -1.2424242424e+00 3.2245851619e+00
1.6666666667e+00 -1.1818181818e+00 3.2892960956e+00
1.6666666667e+00 -1.1212121212e+00 3.3545618103e+00
1.6666666667e+00 -1.0606060606e+00 3.4201576004e+00
1.6666666667e+00 -1.0000000000e+00 3.4858219897e+00
1.6666666667e+00 -9.3939393939e-01 3.5512544926e+00
1.6666666667e+00 -8.7878787879e-01 3.6161140312e+00
1.6666666667e+00 -8.1818181818e-01 3.6800182698e+00
1.6666666667e+00 -7.5757575758e-01 3.7425441626e+00
1.6666666667e+00 -6.9696969697e-01 3.8032300219e+00
1.6666666667e+00 -6.3636363636e-01 3.8615794092e+00
1.6666666667e+00 -5.7575757576e-01 3.9170671123e+00
1.6666666667e+00 -5.1515151515e-01 3.9691473928e+00
1.6666666667e+00 -4.5454545455e-01 4.0172645642e+00
1.6666666667e+00 -3.9393939394e-01 4.0608657929e+00
1.6666666667e+00 -3.3333333333e-01 4.0994158042e+00
1.6666666667e+00 -2.7272727273e-01 4.1324129493e+00
1.6666666667e+00 -2.1212121212e-01 4.1594058590e+00
1.6666666667e+00 -1.5151515152e-01 4.1800097268e+00
1.6666666667e+00 -9.0909090909e-02 4.1939211476e+00
1.6666666667e+00 -3.0303030303e-02 4.2009304322e+00
1.6666666667e+00 3.0303030303e-02 4.2009304322e+00
1.6666666667e+00 9.0909090909e-02 4.1939211476e+00
1.6666666667e+00 1.5151515152e-01 4.1800097268e+00
1.6666666667e+00 2.1212121212e-01 4.1594058590e+00
1.6666666667e+00 2.7272727273e-01 4.1324129493e+00
1.6666666667e+00 3.3333333333e-01 4.0994158042e+00
1.6666666667e+00 3.9393939394e-01 4.0608657929e+00
1.6666666667e+00 4.5454545455e-01 4.0172645642e+00
1.6666666667e+00 5.1515151515e-01 3.9691473928e+00
1.6666666667e+00 5.7575757576e-01 3.9170671123e+00
1.6666666667e+00 6.3636363636e-01 3.8615794092e+00
1.6666666667e+00 6.9696969697e-01 3.8032300219e+00
1.6666666667e+00 7.5757575758e-01 3.7425441626e+00
1.6666666667e+00 8.1818181818e-01 3.6800182698e+00
1.6666666667e+00 8.7878787879e-01 3.6161140312e+00
1.6666666667e+00 9.3939393939e-01 3.5512544926e+00
1.6666666667e+00 1.0000000000e+00 3.4858219897e+00
1.6666666667e+00 1.0606060606e+00 3.4201576004e+00
1.6666666667e+00 1.1212121212e+00 3.3545618103e+00
1.6666666667e+00 1.1818181818e+00 3.2892960956e+00
1.6666666667e+00 1.2424242424e+00 3.2245851619e+00
1.6666666667e+00 1.3030303030e+00 3.1606196106e+00
1.6666666667e+00 1.3636363636e+00 3.0975588486e+00
1.6666666667e+00 1.4242424242e+00 3.0355340917e+00
1.6666666667e+00 1.4848484848e+00 2.9746513510e+00
1.6666666667e+00 1.5454545455e+00 2.9149943190e+00
1.6666666667e+00 1.6060606061e+00 2.8566271002e+00
1.6666666667e+00 1.6666666667e+00 2.7995967498e+00
1.6666666667e+00 1.7272727273e+00 2.7439356008e+00
1.6666666667e+00 1.7878787879e+00 2.6896633737e+00
1.6666666667e+00 1.8484848485e+00 2.6367890677e+00
1.6666666667e+00 1.9090909091e+00 2.5853126437e+00
1.6666666667e+00 1.9696969697e+00 2.5352265096e+00
1.6666666667e+00 2.0303030303e+00 2.4865168227e+00
1.6666666667e+00 2.0909090909e+00 2.4391646241e+00
1.6666666667e+00 2.1515151515e+00 2.3931468228e+00
1.6666666667e+00 2.2121212121e+00 2.3484370432e+00
1.6666666667e+00 2.2727272727e+00 2.3050063523e+00
1.6666666667e+00 2.3333333333e+00 2.2628238801e+00
1.6666666667e+00 2.3939393939e+00 2.2218573466e+00
1.6666666667e+00 2.4545454545e+00 2.1820735070e+00
1.6666666667e+00 2.5151515152e+00 2.1434385251e+00
1.6666666667e+00 2.5757575758e+00 2.1059182863e+00
1.6666666667e+00 2.6363636364e+00 2.0694786561e+00
1.6666666667e+00 2.6969696970e+00 2.0340856934e+00
1.6666666667e+00 2.7575757576e+00 1.9997058250e+00
1.6666666667e+00 2.8181818182e+00 1.9663059854e+00
1.6666666667e+00 2.8787878788e+00 1.9338537294e+00
1.6666666667e+00 2.9393939394e+00 1.9023173194e+00
1.6666666667e+00 3.0000000000e+00 1.8716657928e+00

1.7272727273e+00 -3.0000000000e+00 1.8548029866e+00
1.7272727273e+00 -2.9393939394e+00 1.8846194378e+00
1.7272727273e+00 -2.8787878788e+00 1.9152686848e+00
1.7272727273e+00 -2.8181818182e+00 1.9467779325e+00
1.7272727273e+00 -2.7575757576e+00 1.9791748724e+00
1.7272727273e+00 -2.6969696970e+00 2.0124875955e+00
1.7272727273e+00 -2.6363636364e+00 2.0467444835e+00
1.7272727273e+00 -2.5757575758e+00 2.0819740753e+00
1.7272727273e+00 -2.5151515152e+00 2.1182049053e+00
1.7272727273e+00 -2.4545454545e+00 2.1554653084e+00
1.7272727273e+00 -2.3939393939e+00 2.1937831866e+00
1.7272727273e+00 -2.3333333333e+00 2.2331857312e+00
1.7272727273e+00 -2.2727272727e+00 2.2736990950e+00
1.7272727273e+00 -2.2121212121e+00 2.3153480060e+00
1.7272727273e+00 -2.1515151515e+00 2.3581553157e+00
1.7272727273e+00 -2.0909090909e+00 2.4021414717e+00
1.7272727273e+00 -2.0303030303e+00 2.4473239074e+00
1.7272727273e+00 -1.9696969697e+00 2.4937163361e+00
1.7272727273e+00 -1.9090909091e+00 2.5413279400e+00
1.7272727273e+00 -1.8484848485e+00 2.5901624433e+00
1.7272727273e+00 -1.7878787879e+00 2.6402170575e+00
1.7272727273e+00 -1.7272727273e+00 2.6914812893e+00
1.7272727273e+00 -1.6666666667e+00 2.7439356008e+00
1.7272727273e+00 -1.6060606061e+00 2.7975499160e+00
1.7272727273e+00 -1.5454545455e+00 2.8522819682e+00
1.7272727273e+00 -1.4848484848e+00 2.9080754896e+00
1.7272727273e+00 -1.4242424242e+00 2.9648582509e+00
1.7272727273e+00 -1.3636363636e+00 3.0225399651e+00
1.7272727273e+00 -1.3030303030e+00 3.0810100835e+00
1.7272727273e+00 -1.2424242424e+00 3.1401355252e+00
1.7272727273e+00 -1.1818181818e+00 3.1997583970e+00
1.7272727273e+00 -1.1212121212e+00 3.2596937838e+00
1.7272727273e+00 -1.0606060606e+00 3.3197277110e+00
1.7272727273e+00 -1.0000000000e+00 3.3796154045e+00
1.7272727273e+00 -9.3939393939e-01 3.4390800041e+00
1.7272727273e+00 -8.7878787879e-01 3.4978119063e+00
1.7272727273e+00 -8.1818181818e-01 3.5554689360e+00
1.7272727273e+00 -7.5757575758e-01 3.6116775585e+00
1.7272727273e+00 -6.9696969697e-01 3.6660353410e+00
1.7272727273e+00 -6.3636363636e-01 3.7181148563e+00
1.7272727273e+00 -5.7575757576e-01 3.7674691778e+00
1.7272727273e+00 -5.1515151515e-01 3.8136390460e+00
1.7272727273e+00 -4.5454545455e-01 3.8561616902e+00
1.7272727273e+00 -3.9393939394e-01 3.8945811627e+00
1.7272727273e+00 -3.3333333333e-01 3.9284599012e+00
1.7272727273e+00 -2.7272727273e-01 3.9573910833e+00
1.7272727273e+00 -2.1212121212e-01 3.9810111968e+00
1.7272727273e+00 -1.5151515152e-01 3.9990121400e+00
1.7272727273e+00 -9.0909090909e-02 4.0111521125e+00
1.7272727273e+00 -3.0303030303e-02 4.0172645642e+00
1.7272727273e+00 3.0303030303e-02 4.0172645642e+00
1.7272727273e+00 9.0909090909e-02 4.0111521125e+00
1.7272727273e+00 1.5151515152e-01 3.9990121400e+00
1.7272727273e+00 2.1212121212e-01 3.9810111968e+00
1.7272727273e+00 2.7272727273e-01 3.9573910833e+00
1.7272727273e+00 3.3333333333e-01 3.9284599012e+00
1.7272727273e+00 3.9393939394e-01 3.8945811627e+00
1.7272727273e+00 4.5454545455e-01 3.8561616902e+00
1.7272727273e+00 5.1515151515e-01 3.8136390460e+00
1.7272727273e+00 5.7575757576e-01 3.7674691778e+00
1.7272727273e+00 6.3636363636e-01 3.7181148563e+00
1.7272727273e+00 6.9696969697e-01 3.6660353410e+00
1.7272727273e+00 7.5757575758e-01 3.6116775585e+00
1.7272727273e+00 8.1818181818e-01 3.5554689360e+00
1.7272727273e+00 8.7878787879e-01 3.4978119063e+00
1.7272727273e+00 9.3939393939e-01 3.4390800041e+00
1.7272727273e+00 1.0000000000e+00 3.3796154045e+00
1.7272727273e+00 1.0606060606e+00 3.3197277110e+00
1.7272727273e+00 1.1212121212e+00 3.2596937838e+00
1.7272727273e+00 1.1818181818e+00 3.1997583970e+00
1.7272727273e+00 1.2424242424e+00 3.1401355252e+00
1.7272727273e+00 1.3030303030e+00 3.0810100835e+00
1.7272727273e+00 1.3636363636e+00 3.0225399651e+00
1.7272727273e+00 1.4242424242e+00 2.9648582509e+00
1.7272727273e+00 1.4848484848e+00 2.9080754896e+00
1.7272727273e+00 1.5454545455e+00 2.8522819682e+00
1.7272727273e+00 1.6060606061e+00 2.7975499160e+00
1.7272727273e+00 1.6666666667e+00 2.7439356008e+00
1.7272727273e+00 1.7272727273e+00 2.6914812893e+00
1.7272727273e+00 1.7878787879e+00 2.6402170575e+00
1.7272727273e+00 1.8484848485e+00 2.5901624433e+00
1.7272727273e+00 1.9090909091e+00 2.5413279400e+00
1.7272727273e+00 1.9696969697e+00 2.4937163361e+00
1.7272727273e+00 2.0303030303e+00 2.4473239074e+00
1.7272727273e+00 2.0909090909e+00 2.4021414717e+00
1.7272727273e+00 2.1515151515e+00 2.3581553157e+00
1.7272727273e+00 2.2121212121e+00 2.3153480060e+00
1.7272727273e+00 2.2727272727e+00 2.2736990950e+00
1.7272727273e+00 2.3333333333e+00 2.2331857312e+00
1.7272727273e+00 2.3939393939e+00 2.1937831866e+00
1.7272727273e+00 2.4545454545e+00 2.1554653084e+00
1.7272727273e+00 2.5151515152e+00 2.1182049053e+00
1.7272727273e+00 2.5757575758e+00 2.0819740753e+00
1.7272727273e+00 2.6363636364e+00 2.0467444835e+00
1.7272727273e+00 2.6969696970e+00 2.0124875955e+00
1.7272727273e+00 2.7575757576e+00 1.9791748724e+00
1.7272727273e+00 2.8181818182e+00 1.9467779325e+00
1.7272727273e+00 2.8787878788e+00 1.9152686848e+00
1.7272727273e+00 2.9393939394e+00 1.8846194378e+00
1.7272727273e+00 3.0000000000e+00 1.8548029866e+00

1.7878787879e+00 -3.0000000000e+00 1.8378101109e+00
1.7878787879e+00 -2.9393939394e+00 1.8668009333e+00
1.7878787879e+00 -2.8787878788e+00 1.8965743883e+00
1.7878787879e+00 -2.8181818182e+00 1.9271541957e+00
1.7878787879e+00 -2.7575757576e+00 1.9585643104e+00
1.7878787879e+00 -2.6969696970e+00 1.9908288197e+00
1.7878787879e+00 -2.6363636364e+00 2.0239718193e+00
1.7878787879e+00 -2.5757575758e+00 2.0580172643e+00
1.7878787879e+00 -2.5151515152e+00 2.0929887931e+00
1.7878787879e+00 -2.4545454545e+00 2.1289095188e+00
1.7878787879e+00 -2.3939393939e+00 2.1658017838e+00
1.7878787879e+00 -2.3333333333e+00 2.2036868731e+00
1.7878787879e+00 -2.2727272727e+00 2.2425846806e+00
1.7878787879e+00 -2.2121212121e+00 2.2825133212e+00
1.7878787879e+00 -2.1515151515e+00 2.3234886837e+00
1.7878787879e+00 -2.0909090909e+00 2.3655239168e+00
1.7878787879e+00 -2.0303030303e+00 2.4086288399e+00
1.7878787879e+00 -1.9696969697e+00 2.4528092723e+00
1.7878787879e+00 -1.9090909091e+00 2.4980662720e+00
1.7878787879e+00 -1.8484848485e+00 2.5443952768e+00
1.7878787879e+00 -1.7878787879e+00 2.5917851404e+00
1.7878787879e+00 -1.7272727273e+00 2.6402170575e+00
1.7878787879e+00 -1.6666666667e+00 2.6896633737e+00
1.7878787879e+00 -1.6060606061e+00 2.7400862776e+00
1.7878787879e+00 -1.5454545455e+00 2.7914363773e+00
1.7878787879e+00 -1.4848484848e+00 2.8436511676e+00
1.7878787879e+00 -1.4242424242e+00 2.8966533991e+00
1.7878787879e+00 -1.3636363636e+00 2.9503493722e+00
1.7878787879e+00 -1.3030303030e+00 3.0046271831e+00
1.7878787879e+00 -1.2424242424e+00 3.0593549660e+00
1.7878787879e+00 -1.1818181818e+00 3.1143791864e+00
1.7878787879e+00 -1.1212121212e+00 3.1695230564e+00
1.7878787879e+00 -1.0606060606e+00 3.2245851619e+00
1.7878787879e+00 -1.0000000000e+00 3.2793384061e+00
1.7878787879e+00 -9.3939393939e-01 3.3335293931e+00
1.7878787879e+00 -8.7878787879e-01 3.3868783885e+00
1.7878787879e+00 -8.1818181818e-01 3.4390800041e+00
1.7878787879e+00 -7.5757575758e-01 3.4898047562e+00
1.7878787879e+00 -6.9696969697e-01 3.5387016364e+00
1.7878787879e+00 -6.3636363636e-01 3.5854018143e+00
1.7878787879e+00 -5.7575757576e-01 3.6295235497e+00
1.7878787879e+00 -5.1515151515e-01 3.6706783360e+00
1.7878787879e+00 -4.5454545455e-01 3.7084782213e+00
1.7878787879e+00 -3.9393939394e-01 3.7425441626e+00
1.7878787879e+00 -3.3333333333e-01 3.7725151701e+00
1.7878787879e+00 -2.7272727273e-01 3.7980578980e+00
1.7878787879e+00 -2.1212121212e-01 3.8188762525e+00
1.7878787879e+00 -1.5151515152e-01 3.8347205199e+00
1.7878787879e+00 -9.0909090909e-02 3.8453954954e+00
1.7878787879e+00 -3.0303030303e-02 3.8507671080e+00
1.7878787879e+00 3.0303030303e-02 3.8507671080e+00
1.7878787879e+00 9.0909090909e-02 3.8453954954e+00
1.7878787879e+00 1.5151515152e-01 3.8347205199e+00
1.7878787879e+00 2.1212121212e-01 3.8188762525e+00
1.7878787879e+00 2.7272727273e-01 3.7980578980e+00
1.7878787879e+00 3.3333333333e-01 3.7725151701e+00
1.7878787879e+00 3.9393939394e-01 3.7425441626e+00
1.7878787879e+00 4.5454545455e-01 3.7084782213e+00
1.7878787879e+00 5.1515151515e-01 3.6706783360e+00
1.7878787879e+00 5.7575757576e-01 3.6295235497e+00
1.7878787879e+00 6.3636363636e-01 3.5854018143e+00
1.7878787879e+00 6.9696969697e-01 3.5387016364e+00
1.7878787879e+00 7.5757575758e-01 3.4898047562e+00
1.7878787879e+00 8.1818181818e-01 3.4390800041e+00
1.7878787879e+00 8.7878787879e-01 3.3868783885e+00
1.7878787879e+00 9.3939393939e-01 3.3335293931e+00
1.7878787879e+00 1.0000000000e+00 3.2793384061e+00
1.7878787879e+00 1.0606060606e+00 3.2245851619e+00
1.7878787879e+00 1.1212121212e+00 3.1695230564e+00
1.7878787879e+00 1.1818181818e+00 3.1143791864e+00
1.7878787879e+00 1.2424242424e+00 3.0593549660e+00
1.7878787879e+00 1.3030303030e+00 3.0046271831e+00
1.7878787879e+00 1.3636363636e+00 2.9503493722e+00
1.7878787879e+00 1.4242424242e+00 2.8966533991e+00
1.7878787879e+00 1.4848484848e+00 2.8436511676e+00
1.7878787879e+00 1.5454545455e+00 2.7914363773e+00
1.7878787879e+00 1.6060606061e+00 2.7400862776e+00
1.7878787879e+00 1.6666666667e+00 2.6896633737e+00
1.7878787879e+00 1.7272727273e+00 2.6402170575e+00
1.7878787879e+00 1.7878787879e+00 2.5917851404e+00
1.7878787879e+00 1.8484848485e+00 2.5443952768e+00
1.7878787879e+00 1.9090909091e+00 2.4980662720e+00
1.7878787879e+00 1.9696969697e+00 2.4528092723e+00
1.7878787879e+00 2.0303030303e+00 2.4086288399e+00
1.7878787879e+00 2.0909090909e+00 2.3655239168e+00
1.7878787879e+00 2.1515151515e+00 2.3234886837e+00
1.7878787879e+00 2.2121212121e+00 2.2825133212e+00
1.7878787879e+00 2.2727272727e+00 2.2425846806e+00
1.7878787879e+00 2.3333333333e+00 2.2036868731e+00
1.7878787879e+00 2.3939393939e+00 2.1658017838e+00
1.7878787879e+00 2.4545454545e+00 2.1289095188e+00
1.7878787879e+00 2.5151515152e+00 2.0929887931e+00
1.7878787879e+00 2.5757575758e+00 2.0580172643e+00
1.7878787879e+00 2.6363636364e+00 2.0239718193e+00
1.7878787879e+00 2.6969696970e+00 1.9908288197e+00
1.7878787879e+00 2.7575757576e+00 1.9585643104e+00
1.7878787879e+00 2.8181818182e+00 1.9271541957e+00
1.7878787879e+00 2.8787878788e+00 1.8965743883e+00
1.7878787879e+00 2.9393939394e+00 1.8668009333e+00
1.7878787879e+00 3.0000000000e+00 1.8378101109e+00

1.8484848485e+00 -3.0000000000e+00 1.8207140957e+00
1.8484848485e+00 -2.9393939394e+00 1.8488901984e+00
1.8484848485e+00 -2.8787878788e+00 1.8778007440e+00
1.8484848485e+00 -2.8181818182e+00 1.9074662324e+00
1.8484848485e+00 -2.7575757576e+00 1.9379071817e+00
1.8484848485e+00 -2.6969696970e+00 1.9691440132e+00
1.8484848485e+00 -2.6363636364e+00 2.0011969171e+00
1.8484848485e+00 -2.5757575758e+00 2.0340856934e+00
1.8484848485e+00 -2.5151515152e+00 2.0678295671e+00
1.8484848485e+00 -2.4545454545e+00 2.1024469718e+00
1.8484848485e+00 -2.3939393939e+00 2.1379552998e+00
1.8484848485e+00 -2.3333333333e+00 2.1743706135e+00
1.8484848485e+00 -2.2727272727e+00 2.2117073131e+00
1.8484848485e+00 -2.2121212121e+00 2.2499777565e+00
1.8484848485e+00 -2.1515151515e+00 2.2891918255e+00
1.8484848485e+00 -2.0909090909e+00 2.3293564326e+00
1.8484848485e+00 -2.0303030303e+00 2.3704749636e+00
1.8484848485e+00 -1.9696969697e+00 2.4125466496e+00
1.8484848485e+00 -1.9090909091e+00 2.4555658629e+00
1.8484848485e+00 -1.8484848485e+00 2.4995213329e+00
1.8484848485e+00 -1.7878787879e+00 2.5443952768e+00
1.8484848485e+00 -1.7272727273e+00 2.5901624433e+00
1.8484848485e+00 -1.6666666667e+00 2.6367890677e+00
1.8484848485e+00 -1.6060606061e+00 2.6842317411e+00
1.8484848485e+00 -1.5454545455e+00 2.7324361987e+00
1.8484848485e+00 -1.4848484848e+00 2.7813360366e+00
1.8484848485e+00 -1.4242424242e+00 2.8308513729e+00
1.8484848485e+00 -1.3636363636e+00 2.8808874763e+00
1.8484848485e+00 -1.3030303030e+00 2.9313333907e+00
1.8484848485e+00 -1.2424242424e+00 2.9820605979e+00
1.8484848485e+00 -1.1818181818e+00 3.0329217688e+00
1.8484848485e+00 -1.1212121212e+00 3.0837496642e+00
1.8484848485e+00 -1.0606060606e+00 3.1343562625e+00
1.8484848485e+00 -1.0000000000e+00 3.1845321976e+00
1.8484848485e+00 -9.3939393939e-01 3.2340466063e+00
1.8484848485e+00 -8.7878787879e-01 3.2826474877e+00
1.8484848485e+00 -8.1818181818e-01 3.3300626819e+00
1.8484848485e+00 -7.5757575758e-01 3.3760015720e+00
1.8484848485e+00 -6.9696969697e-01 3.4201576004e+00
1.8484848485e+00 -6.3636363636e-01 3.4622116681e+00
1.8484848485e+00 -5.7575757576e-01 3.5018364531e+00
1.8484848485e+00 -5.1515151515e-01 3.5387016364e+00
1.8484848485e+00 -4.5454545455e-01 3.5724799672e+00
1.8484848485e+00 -3.9393939394e-01 3.6028540355e+00
1.8484848485e+00 -3.3333333333e-01 3.6295235497e+00
1.8484848485e+00 -2.7272727273e-01 3.6522128500e+00
1.8484848485e+00 -2.1212121212e-01 3.6706783360e+00
1.8484848485e+00 -1.5151515152e-01 3.6847154448e+00
1.8484848485e+00 -9.0909090909e-02 3.6941648091e+00
1.8484848485e+00 -3.0303030303e-02 3.6989172414e+00
1.8484848485e+00 3.0303030303e-02 3.6989172414e+00
1.8484848485e+00 9.0909090909e-02 3.6941648091e+00
1.8484848485e+00 1.5151515152e-01 3.6847154448e+00
1.8484848485e+00 2.1212121212e-01 3.6706783360e+00
1.8484848485e+00 2.7272727273e-01 3.6522128500e+00
1.8484848485e+00 3.3333333333e-01 3.6295235497e+00
1.8484848485e+00 3.9393939394e-01 3.6028540355e+00
1.8484848485e+00 4.5454545455e-01 3.5724799672e+00
1.8484848485e+00 5.1515151515e-01 3.5387016364e+00
1.8484848485e+00 5.7575757576e-01 3.5018364531e+00
1.8484848485e+00 6.3636363636e-01 3.4622116681e+00
1.8484848485e+00 6.9696969697e-01 3.4201576004e+00
1.8484848485e+00 7.5757575758e-01 3.3760015720e+00
1.8484848485e+00 8.1818181818e-01 3.3300626819e+00
1.8484848485e+00 8.7878787879e-01 3.2826474877e+00
1.8484848485e+00 9.3939393939e-01 3.2340466063e+00
1.8484848485e+00 1.0000000000e+00 3.1845321976e+00
1.8484848485e+00 1.0606060606e+00 3.1343562625e+00
1.8484848485e+00 1.1212121212e+00 3.0837496642e+00
1.8484848485e+00 1.1818181818e+00 3.0329217688e+00
1.8484848485e+00 1.2424242424e+00 2.9820605979e+00
1.8484848485e+00 1.3030303030e+00 2.9313333907e+00
1.8484848485e+00 1.3636363636e+00 2.8808874763e+00
1.8484848485e+00 1.4242424242e+00 2.8308513729e+00
1.8484848485e+00 1.4848484848e+00 2.7813360366e+00
1.8484848485e+00 1.5454545455e+00 2.7324361987e+00
1.8484848485e+00 1.6060606061e+00 2.6842317411e+00
1.8484848485e+00 1.6666666667e+00 2.6367890677e+00
1.8484848485e+00 1.7272727273e+00 2.5901624433e+00
1.8484848485e+00 1.7878787879e+00 2.5443952768e+00
1.8484848485e+00 1.8484848485e+00 2.4995213329e+00
1.8484848485e+00 1.9090909091e+00 2.4555658629e+00
1.8484848485e+00 1.9696969697e+00 2.4125466496e+00
1.8484848485e+00 2.0303030303e+00 2.3704749636e+00
1.8484848485e+00 2.0909090909e+00 2.3293564326e+00
1.8484848485e+00 2.1515151515e+00 2.2891918255e+00
1.8484848485e+00 2.2121212121e+00 2.2499777565e+00
1.8484848485e+00 2.2727272727e+00 2.2117073131e+00
1.8484848485e+00 2.3333333333e+00 2.1743706135e+00
1.8484848485e+00 2.3939393939e+00 2.1379552998e+00
1.8484848485e+00 2.4545454545e+00 2.1024469718e+00
1.8484848485e+00 2.5151515152e+00 2.0678295671e+00
1.8484848485e+00 2.5757575758e+00 2.0340856934e+00
1.8484848485e+00 2.6363636364e+00 2.0011969171e+00
1.8484848485e+00 2.6969696970e+00 1.9691440132e+00
1.8484848485e+00 2.7575757576e+00 1.9379071817e+00
1.8484848485e+00 2.8181818182e+00 1.9074662324e+00
1.8484848485e+00 2.8787878788e+00 1.8778007440e+00
1.8484848485e+00 2.9393939394e+00 1.8488901984e+00
1.8484848485e+00 3.0000000000e+00 1.8207140957e+00

1.9090909091e+00 -3.0000000000e+00 1.8035404586e+00
1.9090909091e+00 -2.9393939394e+00 1.8309140443e+00
1.9090909091e+00 -2.8787878788e+00 1.8589758864e+00
1.9090909091e+00 -2.8181818182e+00 1.8877435223e+00
1.9090909091e+00 -2.7575757576e+00 1.9172343207e+00
1.9090909091e+00 -2.6969696970e+00 1.9474653601e+00
1.9090909091e+00 -2.6363636364e+00 1.9784532870e+00
1.9090909091e+00 -2.5757575758e+00 2.0102141515e+00
1.9090909091e+00 -2.5151515152e+00 2.0427632179e+00
1.9090909091e+00 -2.4545454545e+00 2.0761147466e+00
1.9090909091e+00 -2.3939393939e+00 2.1102817442e+00
1.9090909091e+00 -2.3333333333e+00 2.1452756794e+00
1.9090909091e+00 -2.2727272727e+00 2.1811061582e+00
1.9090909091e+00 -2.2121212121e+00 2.2177805573e+00
1.9090909091e+00 -2.1515151515e+00 2.2553036100e+00
1.9090909091e+00 -2.0909090909e+00 2.2936769405e+00
1.9090909091e+00 -2.0303030303e+00 2.3328985433e+00
1.9090909091e+00 -1.9696969697e+00 2.3729622031e+00
1.9090909091e+00 -1.9090909091e+00 2.4138568522e+00
1.9090909091e+00 -1.8484848485e+00 2.4555658629e+00
1.9090909091e+00 -1.7878787879e+00 2.4980662720e+00
1.9090909091e+00 -1.7272727273e+00 2.5413279400e+00
1.9090909091e+00 -1.6666666667e+00 2.5853126437e+00
1.9090909091e+00 -1.6060606061e+00 2.6299731085e+00
1.9090909091e+00 -1.5454545455e+00 2.6752519884e+00
1.9090909091e+00 -1.4848484848e+00 2.7210808033e+00
1.9090909091e+00 -1.4242424242e+00 2.7673788535e+00
1.9090909091e+00 -1.3636363636e+00 2.8140521308e+00
1.9090909091e+00 -1.3030303030e+00 2.8609922575e+00
1.9090909091e+00 -1.2424242424e+00 2.9080754896e+00
1.9090909091e+00 -1.1818181818e+00 2.9551618279e+00
1.9090909091e+00 -1.1212121212e+00 3.0020942930e+00
1.9090909091e+00 -1.0606060606e+00 3.0486984223e+00
1.9090909091e+00 -1.0000000000e+00 3.0947820619e+00
1.9090909091e+00 -9.3939393939e-01 3.1401355252e+00
1.9090909091e+00 -8.7878787879e-01 3.1845321976e+00
1.9090909091e+00 -8.1818181818e-01 3.2277296640e+00
1.9090909091e+00 -7.5757575758e-01 3.2694714292e+00
1.9090909091e+00 -6.9696969697e-01 3.3094892893e+00
1.9090909091e+00 -6.3636363636e-01 3.3475063910e+00
1.9090909091e+00 -5.7575757576e-01 3.3832409885e+00
1.9090909091e+00 -5.1515151515e-01 3.4164108702e+00
1.9090909091e+00 -4.5454545455e-01 3.4467383862e+00
1.9090909091e+00 -3.9393939394e-01 3.4739559577e+00
1.9090909091e+00 -3.3333333333e-01 3.4978119063e+00
1.9090909091e+00 -2.7272727273e-01 3.5180763903e+00
1.9090909091e+00 -2.1212121212e-01 3.5345472066e+00
1.9090909091e+00 -1.5151515152e-01 3.5470551891e+00
1.9090909091e+00 -9.0909090909e-02 3.5554689360e+00
1.9090909091e+00 -3.0303030303e-02 3.5596986117e+00
1.9090909091e+00 3.0303030303e-02 3.5596986117e+00
1.9090909091e+00 9.0909090909e-02 3.5554689360e+00
1.9090909091e+00 1.5151515152e-01 3.5470551891e+00
1.9090909091e+00 2.1212121212e-01 3.5345472066e+00
1.9090909091e+00 2.7272727273e-01 3.5180763903e+00
1.9090909091e+00 3.3333333333e-01 3.4978119063e+00
1.9090909091e+00 3.9393939394e-01 3.4739559577e+00
1.9090909091e+00 4.5454545455e-01 3.4467383862e+00
1.9090909091e+00 5.1515151515e-01 3.4164108702e+00
1.9090909091e+00 5.7575757576e-01 3.3832409885e+00
1.9090909091e+00 6.3636363636e-01 3.3475063910e+00
1.9090909091e+00 6.9696969697e-01 3.3094892893e+00
1.9090909091e+00 7.5757575758e-01 3.2694714292e+00
1.9090909091e+00 8.1818181818e-01 3.2277296640e+00
1.9090909091e+00 8.7878787879e-01 3.1845321976e+00
1.9090909091e+00 9.3939393939e-01 3.1401355252e+00
1.9090909091e+00 1.0000000000e+00 3.0947820619e+00
1.9090909091e+00 1.0606060606e+00 3.0486984223e+00
1.9090909091e+00 1.1212121212e+00 3.0020942930e+00
1.9090909091e+00 1.1818181818e+00 2.9551618279e+00
1.9090909091e+00 1.2424242424e+00 2.9080754896e+00
1.9090909091e+00 1.3030303030e+00 2.8609922575e+00
1.9090909091e+00 1.3636363636e+00 2.8140521308e+00
1.9090909091e+00 1.4242424242e+00 2.7673788535e+00
1.9090909091e+00 1.4848484848e+00 2.7210808033e+00
1.9090909091e+00 1.5454545455e+00 2.6752519884e+00
1.9090909091e+00 1.6060606061e+00 2.6299731085e+00
1.9090909091e+00 1.6666666667e+00 2.5853126437e+00
1.9090909091e+00 1.7272727273e+00 2.5413279400e+00
1.9090909091e+00 1.7878787879e+00 2.4980662720e+00
1.9090909091e+00 1.8484848485e+00 2.4555658629e+00
1.9090909091e+00 1.9090909091e+00 2.4138568522e+00
1.9090909091e+00 1.9696969697e+00 2.3729622031e+00
1.9090909091e+00 2.0303030303e+00 2.3328985433e+00
1.9090909091e+00 2.0909090909e+00 2.2936769405e+00
1.9090909091e+00 2.1515151515e+00 2.2553036100e+00
1.9090909091e+00 2.2121212121e+00 2.2177805573e+00
1.9090909091e+00 2.2727272727e+00 2.1811061582e+00
1.9090909091e+00 2.3333333333e+00 2.1452756794e+00
1.9090909091e+00 2.3939393939e+00 2.1102817442e+00
1.9090909091e+00 2.4545454545e+00 2.0761147466e+00
1.9090909091e+00 2.5151515152e+00 2.0427632179e+00
1.9090909091e+00 2.5757575758e+00 2.0102141515e+00
1.9090909091e+00 2.6363636364e+00 1.9784532870e+00
1.9090909091e+00 2.6969696970e+00 1.9474653601e+00
1.9090909091e+00 2.7575757576e+00 1.9172343207e+00
1.9090909091e+00 2.8181818182e+00 1.8877435223e+00
1.9090909091e+00 2.8787878788e+00 1.8589758864e+00
1.9090909091e+00 2.9393939394e+00 1.8309140443e+00
1.9090909091e+00 3.0000000000e+00 1.8035404586e+00

1.9696969697e+00 -3.0000000000e+00 1.7863132975e+00
1.9696969697e+00 -2.9393939394e+00 1.8128977000e+00
1.9696969697e+00 -2.8787878788e+00 1.8401261897e+00
1.9696969697e+00 -2.8181818182e+00 1.8680135876e+00
1.9696969697e+00 -2.7575757576e+00 1.8965743883e+00
1.9696969697e+00 -2.6969696970e+00 1.9258226343e+00
1.9696969697e+00 -2.6363636364e+00 1.9557717700e+00
1.9696969697e+00 -2.5757575758e+00 1.9864344761e+00
1.9696969697e+00 -2.5151515152e+00 2.0178224788e+00
1.9696969697e+00 -2.4545454545e+00 2.0499463345e+00
1.9696969697e+00 -2.3939393939e+00 2.0828151846e+00
1.9696969697e+00 -2.3333333333e+00 2.1164364791e+00
1.9696969697e+00 -2.2727272727e+00 2.1508156648e+00
1.9696969697e+00 -2.2121212121e+00 2.1859558365e+00
1.9696969697e+00 -2.1515151515e+00 2.2218573466e+00
1.9696969697e+00 -2.0909090909e+00 2.2585173711e+00
1.9696969697e+00 -2.0303030303e+00 2.2959294286e+00
1.9696969697e+00 -1.9696969697e+00 2.3340828511e+00
1.9696969697e+00 -1.9090909091e+00 2.3729622031e+00
1.9696969697e+00 -1.8484848485e+00 2.4125466496e+00
1.9696969697e+00 -1.7878787879e+00 2.4528092723e+00
1.9696969697e+00 -1.7272727273e+00 2.4937163361e+00
1.9696969697e+00 -1.6666666667e+00 2.5352265096e+00
1.9696969697e+00 -1.6060606061e+00 2.5772900451e+00
1.9696969697e+00 -1.5454545455e+00 2.6198479280e+00
1.9696969697e+00 -1.4848484848e+00 2.6628310074e+00
1.9696969697e+00 -1.4242424242e+00 2.7061591250e+00
1.9696969697e+00 -1.3636363636e+00 2.7497402644e+00
1.9696969697e+00 -1.3030303030e+00 2.7934697464e+00
1.9696969697e+00 -1.2424242424e+00 2.8372295040e+00
1.9696969697e+00 -1.1818181818e+00 2.8808874763e+00
1.9696969697e+00 -1.1212121212e+00 2.9242971641e+00
1.9696969697e+00 -1.0606060606e+00 2.9672973995e+00
1.9696969697e+00 -1.0000000000e+00 3.0097123825e+00
1.9696969697e+00 -9.3939393939e-01 3.0513520430e+00
1.9696969697e+00 -8.7878787879e-01 3.0920127841e+00
1.9696969697e+00 -8.1818181818e-01 3.1314786633e+00
1.9696969697e+00 -7.5757575758e-01 3.1695230564e+00
1.9696969697e+00 -6.9696969697e-01 3.2059108400e+00
1.9696969697e+00 -6.3636363636e-01 3.2404011098e+00
1.9696969697e+00 -5.7575757576e-01 3.2727504282e+00
1.9696969697e+00 -5.1515151515e-01 3.3027165674e+00
1.9696969697e+00 -4.5454545455e-01 3.3300626819e+00
1.9696969697e+00 -3.9393939394e-01 3.3545618103e+00
1.9696969697e+00 -3.3333333333e-01 3.3760015720e+00
1.9696969697e+00 -2.7272727273e-01 3.3941888969e+00
1.9696969697e+00 -2.1212121212e-01 3.4089545993e+00
1.9696969697e+00 -1.5151515152e-01 3.4201576004e+00
1.9696969697e+00 -9.0909090909e-02 3.4276885987e+00
1.9696969697e+00 -3.0303030303e-02 3.4314730081e+00
1.9696969697e+00 3.0303030303e-02 3.4314730081e+00
1.9696969697e+00 9.0909090909e-02 3.4276885987e+00
1.9696969697e+00 1.5151515152e-01 3.4201576004e+00
1.9696969697e+00 2.1212121212e-01 3.4089545993e+00
1.9696969697e+00 2.7272727273e-01 3.3941888969e+00
1.9696969697e+00 3.3333333333e-01 3.3760015720e+00
1.9696969697e+00 3.9393939394e-01 3.3545618103e+00
1.9696969697e+00 4.5454545455e-01 3.3300626819e+00
1.9696969697e+00 5.1515151515e-01 3.3027165674e+00
1.9696969697e+00 5.7575757576e-01 3.2727504282e+00
1.9696969697e+00 6.3636363636e-01 3.2404011098e+00
1.9696969697e+00 6.9696969697e-01 3.2059108400e+00
1.9696969697e+00 7.5757575758e-01 3.1695230564e+00
1.9696969697e+00 8.1818181818e-01 3.1314786633e+00
1.9696969697e+00 8.7878787879e-01 3.0920127841e+00
1.9696969697e+00 9.3939393939e-01 3.0513520430e+00
1.9696969697e+00 1.0000000000e+00 3.0097123825e+00
1.9696969697e+00 1.0606060606e+00 2.9672973995e+00
1.9696969697e+00 1.1212121212e+00 2.9242971641e+00
1.9696969697e+00 1.1818181818e+00 2.8808874763e+00
1.9696969697e+00 1.2424242424e+00 2.8372295040e+00
1.9696969697e+00 1.3030303030e+00 2.7934697464e+00
1.9696969697e+00 1.3636363636e+00 2.7497402644e+00
1.9696969697e+00 1.4242424242e+00 2.7061591250e+00
1.9696969697e+00 1.4848484848e+00 2.6628310074e+00
1.9696969697e+00 1.5454545455e+00 2.6198479280e+00
1.9696969697e+00 1.6060606061e+00 2.5772900451e+00
1.9696969697e+00 1.6666666667e+00 2.5352265096e+00
1.9696969697e+00 1.7272727273e+00 2.4937163361e+00
1.9696969697e+00 1.7878787879e+00 2.4528092723e+00
1.9696969697e+00 1.8484848485e+00 2.4125466496e+00
1.9696969697e+00 1.9090909091e+00 2.3729622031e+00
1.9696969697e+00 1.9696969697e+00 2.3340828511e+00
1.9696969697e+00 2.0303030303e+00 2.2959294286e+00
1.9696969697e+00 2.0909090909e+00 2.2585173711e+00
1.9696969697e+00 2.1515151515e+00 2.2218573466e+00
1.9696969697e+00 2.2121212121e+00 2.1859558365e+00
1.9696969697e+00 2.2727272727e+00 2.1508156648e+00
1.9696969697e+00 2.3333333333e+00 2.1164364791e+00
1.9696969697e+00 2.3939393939e+00 2.0828151846e+00
1.9696969697e+00 2.4545454545e+00 2.0499463345e+00
1.9696969697e+00 2.5151515152e+00 2.0178224788e+00
1.9696969697e+00 2.5757575758e+00 1.9864344761e+00
1.9696969697e+00 2.6363636364e+00 1.9557717700e+00
1.9696969697e+00 2.6969696970e+00 1.9258226343e+00
1.9696969697e+00 2.7575757576e+00 1.8965743883e+00
1.9696969697e+00 2.8181818182e+00 1.8680135876e+00
1.9696969697e+00 2.8787878788e+00 1.8401261897e+00
1.9696969697e+00 2.9393939394e+00 1.8128977000e+00
1.9696969697e+00 3.0000000000e+00 1.7863132975e+00

2.0303030303e+00 -3.0000000000e+00 1.7690552932e+00
2.0303030303e+00 -2.9393939394e+00 1.7948648244e+00
2.0303030303e+00 -2.8787878788e+00 1.8212762893e+00
2.0303030303e+00 -2.8181818182e+00 1.8483020277e+00
2.0303030303e+00 -2.7575757576e+00 1.8759539214e+00
2.0303030303e+00 -2.6969696970e+00 1.9042432665e+00
2.0303030303e+00 -2.6363636364e+00 1.9331806265e+00
2.0303030303e+00 -2.5757575758e+00 1.9627756673e+00
2.0303030303e+00 -2.5151515152e+00 1.9930369699e+00
2.0303030303e+00 -2.4545454545e+00 2.0239718193e+00
2.0303030303e+00 -2.3939393939e+00 2.0555859681e+00
2.0303030303e+00 -2.3333333333e+00 2.0878833710e+00
2.0303030303e+00 -2.2727272727e+00 2.1208658895e+00
2.0303030303e+00 -2.2121212121e+00 2.1545329631e+00
2.0303030303e+00 -2.1515151515e+00 2.1888812462e+00
2.0303030303e+00 -2.0909090909e+00 2.2239042068e+00
2.0303030303e+00 -2.0303030303e+00 2.2595916880e+00
2.0303030303e+00 -1.9696969697e+00 2.2959294286e+00
2.0303030303e+00 -1.9090909091e+00 2.3328985433e+00
2.0303030303e+00 -1.8484848485e+00 2.3704749636e+00
2.0303030303e+00 -1.7878787879e+00 2.4086288399e+00
2.0303030303e+00 -1.7272727273e+00 2.4473239074e+00
2.0303030303e+00 -1.6666666667e+00 2.4865168227e+00
2.0303030303e+00 -1.6060606061e+00 2.5261564748e+00
2.0303030303e+00 -1.5454545455e+00 2.5661832837e+00
2.0303030303e+00 -1.4848484848e+00 2.6065284962e+00
2.0303030303e+00 -1.4242424242e+00 2.6471134967e+00
2.0303030303e+00 -1.3636363636e+00 2.6878491522e+00
2.0303030303e+00 -1.3030303030e+00 2.7286352158e+00
2.0303030303e+00 -1.2424242424e+00 2.7693598181e+00
2.0303030303e+00 -1.1818181818e+00 2.8098990765e+00
2.0303030303e+00 -1.1212121212e+00 2.8501168636e+00
2.0303030303e+00 -1.0606060606e+00 2.8898647699e+00
2.0303030303e+00 -1.0000000000e+00 2.9289823083e+00
2.0303030303e+00 -9.3939393939e-01 2.9672973995e+00
2.0303030303e+00 -8.7878787879e-01 3.0046271831e+00
2.0303030303e+00 -8.1818181818e-01 3.0407791907e+00
2.0303030303e+00 -7.5757575758e-01 3.0755529117e+00
2.0303030303e+00 -6.9696969697e-01 3.1087417714e+00
2.0303030303e+00 -6.3636363636e-01 3.1401355252e+00
2.0303030303e+00 -5.7575757576e-01 3.1695230564e+00
2.0303030303e+00 -5.1515151515e-01 3.1966955394e+00
2.0303030303e+00 -4.5454545455e-01 3.2214499111e+00
2.0303030303e+00 -3.9393939394e-01 3.2435925646e+00
2.0303030303e+00 -3.3333333333e-01 3.2629431573e+00
2.0303030303e+00 -2.7272727273e-01 3.2793384061e+00
2.0303030303e+00 -2.1212121212e-01 3.2926357269e+00
2.0303030303e+00 -1.5151515152e-01 3.3027165674e+00
2.0303030303e+00 -9.0909090909e-02 3.3094892893e+00
2.0303030303e+00 -3.0303030303e-02 3.3128914626e+00
2.0303030303e+00 3.0303030303e-02 3.3128914626e+00
2.0303030303e+00 9.0909090909e-02 3.3094892893e+00
2.0303030303e+00 1.5151515152e-01 3.3027165674e+00
2.0303030303e+00 2.1212121212e-01 3.2926357269e+00
2.0303030303e+00 2.7272727273e-01 3.2793384061e+00
2.0303030303e+00 3.3333333333e-01 3.2629431573e+00
2.0303030303e+00 3.9393939394e-01 3.2435925646e+00
2.0303030303e+00 4.5454545455e-01 3.2214499111e+00
2.0303030303e+00 5.1515151515e-01 3.1966955394e+00
2.0303030303e+00 5.7575757576e-01 3.1695230564e+00
2.0303030303e+00 6.3636363636e-01 3.1401355252e+00
2.0303030303e+00 6.9696969697e-01 3.1087417714e+00
2.0303030303e+00 7.5757575758e-01 3.0755529117e+00
2.0303030303e+00 8.1818181818e-01 3.0407791907e+00
2.0303030303e+00 8.7878787879e-01 3.0046271831e+00
2.0303030303e+00 9.3939393939e-01 2.9672973995e+00
2.0303030303e+00 1.0000000000e+00 2.9289823083e+00
2.0303030303e+00 1.0606060606e+00 2.8898647699e+00
2.0303030303e+00 1.1212121212e+00 2.8501168636e+00
2.0303030303e+00 1.1818181818e+00 2.8098990765e+00
2.0303030303e+00 1.2424242424e+00 2.7693598181e+00
2.0303030303e+00 1.3030303030e+00 2.7286352158e+00
2.0303030303e+00 1.3636363636e+00 2.6878491522e+00
2.0303030303e+00 1.4242424242e+00 2.6471134967e+00
2.0303030303e+00 1.4848484848e+00 2.6065284962e+00
2.0303030303e+00 1.5454545455e+00 2.5661832837e+00
2.0303030303e+00 1.6060606061e+00 2.5261564748e+00
2.0303030303e+00 1.6666666667e+00 2.4865168227e+00
2.0303030303e+00 1.7272727273e+00 2.4473239074e+00
2.0303030303e+00 1.7878787879e+00 2.4086288399e+00
2.0303030303e+00 1.8484848485e+00 2.3704749636e+00
2.0303030303e+00 1.9090909091e+00 2.3328985433e+00
2.0303030303e+00 1.9696969697e+00 2.2959294286e+00
2.0303030303e+00 2.0303030303e+00 2.2595916880e+00
2.0303030303e+00 2.0909090909e+00 2.2239042068e+00
2.0303030303e+00 2.1515151515e+00 2.1888812462e+00
2.0303030303e+00 2.2121212121e+00 2.1545329631e+00
2.0303030303e+00 2.2727272727e+00 2.1208658895e+00
2.0303030303e+00 2.3333333333e+00 2.0878833710e+00
2.0303030303e+00 2.3939393939e+00 2.0555859681e+00
2.0303030303e+00 2.4545454545e+00 2.0239718193e+00
2.0303030303e+00 2.5151515152e+00 1.9930369699e+00
2.0303030303e+00 2.5757575758e+00 1.9627756673e+00
2.0303030303e+00 2.6363636364e+00 1.9331806265e+00
2.0303030303e+00 2.6969696970e+00 1.9042432665e+00
2.0303030303e+00 2.7575757576e+00 1.8759539214e+00
2.0303030303e+00 2.8181818182e+00 1.8483020277e+00
2.0303030303e+00 2.8787878788e+00 1.8212762893e+00
2.0303030303e+00 2.9393939394e+00 1.7948648244e+00
2.0303030303e+00 3.0000000000e+00 1.7690552932e+00

2.0909090909e+00 -3.0000000000e+00 1.7517877229e+00
2.0909090909e+00 -2.9393939394e+00 1.7768375281e+00
2.0909090909e+00 -2.8787878788e+00 1.8024491145e+00
2.0909090909e+00 -2.8181818182e+00 1.8286325644e+00
2.0909090909e+00 -2.7575757576e+00 1.8553973934e+00
2.0909090909e+00 -2.6969696970e+00 1.8827524233e+00
2.0909090909e+00 -2.6363636364e+00 1.9107056363e+00
2.0909090909e+00 -2.5757575758e+00 1.9392640136e+00
2.0909090909e+00 -2.5151515152e+00 1.9684333530e+00
2.0909090909e+00 -2.4545454545e+00 1.9982180653e+00
2.0909090909e+00 -2.3939393939e+00 2.0286209486e+00
2.0909090909e+00 -2.3333333333e+00 2.0596429364e+00
2.0909090909e+00 -2.2727272727e+00 2.0912828203e+00
2.0909090909e+00 -2.2121212121e+00 2.1235369438e+00
2.0909090909e+00 -2.1515151515e+00 2.1563988672e+00
2.0909090909e+00 -2.0909090909e+00 2.1898590006e+00
2.0909090909e+00 -2.0303030303e+00 2.2239042068e+00
2.0909090909e+00 -1.9696969697e+00 2.2585173711e+00
2.0909090909e+00 -1.9090909091e+00 2.2936769405e+00
2.0909090909e+00 -1.8484848485e+00 2.3293564326e+00
2.0909090909e+00 -1.7878787879e+00 2.3655239168e+00
2.0909090909e+00 -1.7272727273e+00 2.4021414717e+00
2.0909090909e+00 -1.6666666667e+00 2.4391646241e+00
2.0909090909e+00 -1.6060606061e+00 2.4765417766e+00
2.0909090909e+00 -1.5454545455e+00 2.5142136343e+00
2.0909090909e+00 -1.4848484848e+00 2.5521126413e+00
2.0909090909e+00 -1.4242424242e+00 2.5901624433e+00
2.0909090909e+00 -1.3636363636e+00 2.6282773932e+00
2.0909090909e+00 -1.3030303030e+00 2.6663621219e+00
2.0909090909e+00 -1.2424242424e+00 2.7043111981e+00
2.0909090909e+00 -1.1818181818e+00 2.7420089036e+00
2.0909090909e+00 -1.1212121212e+00 2.7793291562e+00
2.0909090909e+00 -1.0606060606e+00 2.8161356101e+00
2.0909090909e+00 -1.0000000000e+00 2.8522819682e+00
2.0909090909e+00 -9.3939393939e-01 2.8876125370e+00
2.0909090909e+00 -8.7878787879e-01 2.9219630564e+00
2.0909090909e+00 -8.1818181818e-01 2.9551618279e+00
2.0909090909e+00 -7.5757575758e-01 2.9870311612e+00
2.0909090909e+00 -6.9696969697e-01 3.0173891480e+00
2.0909090909e+00 -6.3636363636e-01 3.0460517604e+00
2.0909090909e+00 -5.7575757576e-01 3.0728352549e+00
2.0909090909e+00 -5.1515151515e-01 3.0975588486e+00
2.0909090909e+00 -4.5454545455e-01 3.1200476144e+00
2.0909090909e+00 -3.9393939394e-01 3.1401355252e+00
2.0909090909e+00 -3.3333333333e-01 3.1576685597e+00
2.0909090909e+00 -2.7272727273e-01 3.1725077696e+00
2.0909090909e+00 -2.1212121212e-01 3.1845321976e+00
2.0909090909e+00 -1.5151515152e-01 3.1936415334e+00
2.0909090909e+00 -9.0909090909e-02 3.1997583970e+00
2.0909090909e+00 -3.0303030303e-02 3.2028301493e+00
2.0909090909e+00 3.0303030303e-02 3.2028301493e+00
2.0909090909e+00 9.0909090909e-02 3.1997583970e+00
2.0909090909e+00 1.5151515152e-01 3.1936415334e+00
2.0909090909e+00 2.1212121212e-01 3.1845321976e+00
2.0909090909e+00 2.7272727273e-01 3.1725077696e+00
2.0909090909e+00 3.3333333333e-01 3.1576685597e+00
2.0909090909e+00 3.9393939394e-01 3.1401355252e+00
2.0909090909e+00 4.5454545455e-01 3.1200476144e+00
2.0909090909e+00 5.1515151515e-01 3.0975588486e+00
2.0909090909e+00 5.7575757576e-01 3.0728352549e+00
2.0909090909e+00 6.3636363636e-01 3.0460517604e+00
2.0909090909e+00 6.9696969697e-01 3.0173891480e+00
2.0909090909e+00 7.5757575758e-01 2.9870311612e+00
2.0909090909e+00 8.1818181818e-01 2.9551618279e+00
2.0909090909e+00 8.7878787879e-01 2.9219630564e+00
2.0909090909e+00 9.3939393939e-01 2.8876125370e+00
2.0909090909e+00 1.0000000000e+00 2.8522819682e+00
2.0909090909e+00 1.0606060606e+00 2.8161356101e+00
2.0909090909e+00 1.1212121212e+00 2.7793291562e+00
2.0909090909e+00 1.1818181818e+00 2.7420089036e+00
2.0909090909e+00 1.2424242424e+00 2.7043111981e+00
2.0909090909e+00 1.3030303030e+00 2.6663621219e+00
2.0909090909e+00 1.3636363636e+00 2.6282773932e+00
2.0909090909e+00 1.4242424242e+00 2.5901624433e+00
2.0909090909e+00 1.4848484848e+00 2.5521126413e+00
2.0909090909e+00 1.5454545455e+00 2.5142136343e+00
2.0909090909e+00 1.6060606061e+00 2.4765417766e+00
2.0909090909e+00 1.6666666667e+00 2.4391646241e+00
2.0909090909e+00 1.7272727273e+00 2.4021414717e+00
2.0909090909e+00 1.7878787879e+00 2.3655239168e+00
2.0909090909e+00 1.8484848485e+00 2.3293564326e+00
2.0909090909e+00 1.9090909091e+00 2.2936769405e+00
2.0909090909e+00 1.9696969697e+00 2.2585173711e+00
2.0909090909e+00 2.0303030303e+00 2.2239042068e+00
2.0909090909e+00 2.0909090909e+00 2.1898590006e+00
2.0909090909e+00 2.1515151515e+00 2.1563988672e+00
2.0909090909e+00 2.2121212121e+00 2.1235369438e+00
2.0909090909e+00 2.2727272727e+00 2.0912828203e+00
2.0909090909e+00 2.3333333333e+00 2.0596429364e+00
2.0909090909e+00 2.3939393939e+00 2.0286209486e+00
2.0909090909e+00 2.4545454545e+00 1.9982180653e+00
2.0909090909e+00 2.5151515152e+00 1.9684333530e+00
2.0909090909e+00 2.5757575758e+00 1.9392640136e+00
2.0909090909e+00 2.6363636364e+00 1.9107056363e+00
2.0909090909e+00 2.6969696970e+00 1.8827524233e+00
2.0909090909e+00 2.7575757576e+00 1.8553973934e+00
2.0909090909e+00 2.8181818182e+00 1.8286325644e+00
2.0909090909e+00 2.8787878788e+00 1.8024491145e+00
2.0909090909e+00 2.9393939394e+00 1.7768375281e+00
2.0909090909e+00 3.0000000000e+00 1.7517877229e+00

2.1515151515e+00 -3.0000000000e+00 1.7345304820e+00
2.1515151515e+00 -2.9393939394e+00 1.7588364041e+00
2.1515151515e+00 -2.8787878788e+00 1.7836659307e+00
2.1515151515e+00 -2.8181818182e+00 1.8090270970e+00
2.1515151515e+00 -2.7575757576e+00 1.8349272845e+00
2.1515151515e+00 -2.6969696970e+00 1.8613730947e+00
2.1515151515e+00 -2.6363636364e+00 1.8883702075e+00
2.1515151515e+00 -2.5757575758e+00 1.9159232241e+00
2.1515151515e+00 -2.5151515152e+00 1.9440354919e+00
2.1515151515e+00 -2.4545454545e+00 1.9727089103e+00
2.1515151515e+00 -2.3939393939e+00 2.0019437166e+00
2.1515151515e+00 -2.3333333333e+00 2.0317382504e+00
2.1515151515e+00 -2.2727272727e+00 2.0620886945e+00
2.1515151515e+00 -2.2121212121e+00 2.0929887931e+00
2.1515151515e+00 -2.1515151515e+00 2.1244295441e+00
2.1515151515e+00 -2.0909090909e+00 2.1563988672e+00
2.1515151515e+00 -2.0303030303e+00 2.1888812462e+00
2.1515151515e+00 -1.9696969697e+00 2.2218573466e+00
2.1515151515e+00 -1.9090909091e+00 2.2553036100e+00
2.1515151515e+00 -1.8484848485e+00 2.2891918255e+00
2.1515151515e+00 -1.7878787879e+00 2.3234886837e+00
2.1515151515e+00 -1.7272727273e+00 2.3581553157e+00
2.1515151515e+00 -1.6666666667e+00 2.3931468228e+00
2.1515151515e+00 -1.6060606061e+00 2.4284118056e+00
2.1515151515e+00 -1.5454545455e+00 2.4638919000e+00
2.1515151515e+00 -1.4848484848e+00 2.4995213329e+00
2.1515151515e+00 -1.4242424242e+00 2.5352265096e+00
2.1515151515e+00 -1.3636363636e+00 2.5709256511e+00
2.1515151515e+00 -1.3030303030e+00 2.6065284962e+00
2.1515151515e+00 -1.2424242424e+00 2.6419360933e+00
2.1515151515e+00 -1.1818181818e+00 2.6770406995e+00
2.1515151515e+00 -1.1212121212e+00 2.7117258166e+00
2.1515151515e+00 -1.0606060606e+00 2.7458663837e+00
2.1515151515e+00 -1.0000000000e+00 2.7793291562e+00
2.1515151515e+00 -9.3939393939e-01 2.8119732920e+00
2.1515151515e+00 -8.7878787879e-01 2.8436511676e+00
2.1515151515e+00 -8.1818181818e-01 2.8742094403e+00
2.1515151515e+00 -7.5757575758e-01 2.9034903684e+00
2.1515151515e+00 -6.9696969697e-01 2.9313333907e+00
2.1515151515e+00 -6.3636363636e-01 2.9575769577e+00
2.1515151515e+00 -5.7575757576e-01 2.9820605979e+00
2.1515151515e+00 -5.1515151515e-01 3.0046271831e+00
2.1515151515e+00 -4.5454545455e-01 3.0251253513e+00
2.1515151515e+00 -3.9393939394e-01 3.0434120266e+00
2.1515151515e+00 -3.3333333333e-01 3.0593549660e+00
2.1515151515e+00 -2.7272727273e-01 3.0728352549e+00
2.1515151515e+00 -2.1212121212e-01 3.0837496642e+00
2.1515151515e+00 -1.5151515152e-01 3.0920127841e+00
2.1515151515e+00 -9.0909090909e-02 3.0975588486e+00
2.1515151515e+00 -3.0303030303e-02 3.1003431783e+00
2.1515151515e+00 3.0303030303e-02 3.1003431783e+00
2.1515151515e+00 9.0909090909e-02 3.0975588486e+00
2.1515151515e+00 1.5151515152e-01 3.0920127841e+00
2.1515151515e+00 2.1212121212e-01 3.0837496642e+00
2.1515151515e+00 2.7272727273e-01 3.0728352549e+00
2.1515151515e+00 3.3333333333e-01 3.0593549660e+00
2.1515151515e+00 3.9393939394e-01 3.0434120266e+00
2.1515151515e+00 4.5454545455e-01 3.0251253513e+00
2.1515151515e+00 5.1515151515e-01 3.0046271831e+00
2.1515151515e+00 5.7575757576e-01 2.9820605979e+00
2.1515151515e+00 6.3636363636e-01 2.9575769577e+00
2.1515151515e+00 6.9696969697e-01 2.9313333907e+00
2.1515151515e+00 7.5757575758e-01 2.9034903684e+00
2.1515151515e+00 8.1818181818e-01 2.8742094403e+00
2.1515151515e+00 8.7878787879e-01 2.8436511676e+00
2.1515151515e+00 9.3939393939e-01 2.8119732920e+00
2.1515151515e+00 1.0000000000e+00 2.7793291562e+00
2.1515151515e+00 1.0606060606e+00 2.7458663837e+00
2.1515151515e+00 1.1212121212e+00 2.7117258166e+00
2.1515151515e+00 1.1818181818e+00 2.6770406995e+00
2.1515151515e+00 1.2424242424e+00 2.6419360933e+00
2.1515151515e+00 1.3030303030e+00 2.6065284962e+00
2.1515151515e+00 1.3636363636e+00 2.5709256511e+00
2.1515151515e+00 1.4242424242e+00 2.5352265096e+00
2.1515151515e+00 1.4848484848e+00 2.4995213329e+00
2.1515151515e+00 1.5454545455e+00 2.4638919000e+00
2.1515151515e+00 1.6060606061e+00 2.4284118056e+00
2.1515151515e+00 1.6666666667e+00 2.3931468228e+00
2.1515151515e+00 1.7272727273e+00 2.3581553157e+00
2.1515151515e+00 1.7878787879e+00 2.3234886837e+00
2.1515151515e+00 1.8484848485e+00 2.2891918255e+00
2.1515151515e+00 1.9090909091e+00 2.2553036100e+00
2.1515151515e+00 1.9696969697e+00 2.2218573466e+00
2.1515151515e+00 2.0303030303e+00 2.1888812462e+00
2.1515151515e+00 2.0909090909e+00 2.1563988672e+00
2.1515151515e+00 2.1515151515e+00 2.1244295441e+00
2.1515151515e+00 2.2121212121e+00 2.0929887931e+00
2.1515151515e+00 2.2727272727e+00 2.0620886945e+00
2.1515151515e+00 2.3333333333e+00 2.0317382504e+00
2.1515151515e+00 2.3939393939e+00 2.0019437166e+00
2.1515151515e+00 2.4545454545e+00 1.9727089103e+00
2.1515151515e+00 2.5151515152e+00 1.9440354919e+00
2.1515151515e+00 2.5757575758e+00 1.9159232241e+00
2.1515151515e+00 2.6363636364e+00 1.8883702075e+00
2.1515151515e+00 2.6969696970e+00 1.8613730947e+00
2.1515151515e+00 2.7575757576e+00 1.8349272845e+00
2.1515151515e+00 2.8181818182e+00 1.8090270970e+00
2.1515151515e+00 2.8787878788e+00 1.7836659307e+00
2.1515151515e+00 2.9393939394e+00 1.7588364041e+00
2.1515151515e+00 3.0000000000e+00 1.7345304820e+00

2.2121212121e+00 -3.0000000000e+00 1.7173021128e+00
2.2121212121e+00 -2.9393939394e+00 1.7408805667e+00
2.2121212121e+00 -2.8787878788e+00 1.7649463884e+00
2.2121212121e+00 -2.8181818182e+00 1.7895057646e+00
2.2121212121e+00 -2.7575757576e+00 1.8145641591e+00
2.2121212121e+00 -2.6969696970e+00 1.8401261897e+00
2.2121212121e+00 -2.6363636364e+00 1.8661954920e+00
2.2121212121e+00 -2.5757575758e+00 1.8927745675e+00
2.2121212121e+00 -2.5151515152e+00 1.9198646177e+00
2.2121212121e+00 -2.4545454545e+00 1.9474653601e+00
2.2121212121e+00 -2.3939393939e+00 1.9755748274e+00
2.2121212121e+00 -2.3333333333e+00 2.0041891481e+00
2.2121212121e+00 -2.2727272727e+00 2.0333023074e+00
2.2121212121e+00 -2.2121212121e+00 2.0629058883e+00
2.2121212121e+00 -2.1515151515e+00 2.0929887931e+00
2.2121212121e+00 -2.0909090909e+00 2.1235369438e+00
2.2121212121e+00 -2.0303030303e+00 2.1545329631e+00
2.2121212121e+00 -1.9696969697e+00 2.1859558365e+00
2.2121212121e+00 -1.9090909091e+00 2.2177805573e+00
2.2121212121e+00 -1.8484848485e+00 2.2499777565e+00
2.2121212121e+00 -1.7878787879e+00 2.2825133212e+00
2.2121212121e+00 -1.7272727273e+00 2.3153480060e+00
2.2121212121e+00 -1.6666666667e+00 2.3484370432e+00
2.2121212121e+00 -1.6060606061e+00 2.3817297578e+00
2.2121212121e+00 -1.5454545455e+00 2.4151691977e+00
2.2121212121e+00 -1.4848484848e+00 2.4486917879e+00
2.2121212121e+00 -1.4242424242e+00 2.4822270217e+00
2.2121212121e+00 -1.3636363636e+00 2.5156972019e+00
2.2121212121e+00 -1.3030303030e+00 2.5490172489e+00
2.2121212121e+00 -1.2424242424e+00 2.5820945914e+00
2.2121212121e+00 -1.1818181818e+00 2.6148291592e+00
2.2121212121e+00 -1.1212121212e+00 2.6471134967e+00
2.2121212121e+00 -1.0606060606e+00 2.6788330182e+00
2.2121212121e+00 -1.0000000000e+00 2.7098664210e+00
2.2121212121e+00 -9.3939393939e-01 2.7400862776e+00
2.2121212121e+00 -8.7878787879e-01 2.7693598181e+00
2.2121212121e+00 -8.1818181818e-01 2.7975499160e+00
2.2121212121e+00 -7.5757575758e-01 2.8245162822e+00
2.2121212121e+00 -6.9696969697e-01 2.8501168636e+00
2.2121212121e+00 -6.3636363636e-01 2.8742094403e+00
2.2121212121e+00 -5.7575757576e-01 2.8966533991e+00
2.2121212121e+00 -5.1515151515e-01 2.9173116564e+00
2.2121212121e+00 -4.5454545455e-01 2.9360526914e+00
2.2121212121e+00 -3.9393939394e-01 2.9527526409e+00
2.2121212121e+00 -3.3333333333e-01 2.9672973995e+00
2.2121212121e+00 -2.7272727273e-01 2.9795846620e+00
2.2121212121e+00 -2.1212121212e-01 2.9895258412e+00
2.2121212121e+00 -1.5151515152e-01 2.9970477941e+00
2.2121212121e+00 -9.0909090909e-02 3.0020942930e+00
2.2121212121e+00 -3.0303030303e-02 3.0046271831e+00
2.2121212121e+00 3.0303030303e-02 3.0046271831e+00
2.2121212121e+00 9.0909090909e-02 3.0020942930e+00
2.2121212121e+00 1.5151515152e-01 2.9970477941e+00
2.2121212121e+00 2.1212121212e-01 2.9895258412e+00
2.2121212121e+00 2.7272727273e-01 2.9795846620e+00
2.2121212121e+00 3.3333333333e-01 2.9672973995e+00
2.2121212121e+00 3.9393939394e-01 2.9527526409e+00
2.2121212121e+00 4.5454545455e-01 2.9360526914e+00
2.2121212121e+00 5.1515151515e-01 2.9173116564e+00
2.2121212121e+00 5.7575757576e-01 2.8966533991e+00
2.2121212121e+00 6.3636363636e-01 2.8742094403e+00
2.2121212121e+00 6.9696969697e-01 2.8501168636e+00
2.2121212121e+00 7.5757575758e-01 2.8245162822e+00
2.2121212121e+00 8.1818181818e-01 2.7975499160e+00
2.2121212121e+00 8.7878787879e-01 2.7693598181e+00
2.2121212121e+00 9.3939393939e-01 2.7400862776e+00
2.2121212121e+00 1.0000000000e+00 2.7098664210e+00
2.2121212121e+00 1.0606060606e+00 2.6788330182e+00
2.2121212121e+00 1.1212121212e+00 2.6471134967e+00
2.2121212121e+00 1.1818181818e+00 2.6148291592e+00
2.2121212121e+00 1.2424242424e+00 2.5820945914e+00
2.2121212121e+00 1.3030303030e+00 2.5490172489e+00
2.2121212121e+00 1.3636363636e+00 2.5156972019e+00
2.2121212121e+00 1.4242424242e+00 2.4822270217e+00
2.2121212121e+00 1.4848484848e+00 2.4486917879e+00
2.2121212121e+00 1.5454545455e+00 2.4151691977e+00
2.2121212121e+00 1.6060606061e+00 2.3817297578e+00
2.2121212121e+00 1.6666666667e+00 2.3484370432e+00
2.2121212121e+00 1.7272727273e+00 2.3153480060e+00
2.2121212121e+00 1.7878787879e+00 2.2825133212e+00
2.2121212121e+00 1.8484848485e+00 2.2499777565e+00
2.2121212121e+00 1.9090909091e+00 2.2177805573e+00
2.2121212121e+00 1.9696969697e+00 2.1859558365e+00
2.2121212121e+00 2.0303030303e+00 2.1545329631e+00
2.2121212121e+00 2.0909090909e+00 2.1235369438e+00
2.2121212121e+00 2.1515151515e+00 2.0929887931e+00
2.2121212121e+00 2.2121212121e+00 2.0629058883e+00
2.2121212121e+00 2.2727272727e+00 2.0333023074e+00
2.2121212121e+00 2.3333333333e+00 2.0041891481e+00
2.2121212121e+00 2.3939393939e+00 1.9755748274e+00
2.2121212121e+00 2.4545454545e+00 1.9474653601e+00
2.2121212121e+00 2.5151515152e+00 1.9198646177e+00
2.2121212121e+00 2.5757575758e+00 1.8927745675e+00
2.2121212121e+00 2.6363636364e+00 1.8661954920e+00
2.2121212121e+00 2.6969696970e+00 1.8401261897e+00
2.2121212121e+00 2.7575757576e+00 1.8145641591e+00
2.2121212121e+00 2.8181818182e+00 1.7895057646e+00
2.2121212121e+00 2.8787878788e+00 1.7649463884e+00
2.2121212121e+00 2.9393939394e+00 1.7408805667e+00
2.2121212121e+00 3.0000000000e+00 1.7173021128e+00

2.2727272727e+00 -3.0000000000e+00 1.7001198400e+00
2.2727272727e+00 -2.9393939394e+00 1.7229876960e+00
2.2727272727e+00 -2.8787878788e+00 1.7463085797e+00
2.2727272727e+00 -2.8181818182e+00 1.7700870147e+00
2.2727272727e+00 -2.7575757576e+00 1.7943267490e+00
2.2727272727e+00 -2.6969696970e+00 1.8190306360e+00
2.2727272727e+00 -2.6363636364e+00 1.8442005041e+00
2.2727272727e+00 -2.5757575758e+00 1.8698370125e+00
2.2727272727e+00 -2.5151515152e+00 1.8959394938e+00
2.2727272727e+00 -2.4545454545e+00 1.9225057821e+00
2.2727272727e+00 -2.3939393939e+00 1.9495320255e+00
2.2727272727e+00 -2.3333333333e+00 1.9770124837e+00
2.2727272727e+00 -2.2727272727e+00 2.0049393082e+00
2.2727272727e+00 -2.2121212121e+00 2.0333023074e+00
2.2727272727e+00 -2.1515151515e+00 2.0620886945e+00
2.2727272727e+00 -2.0909090909e+00 2.0912828203e+00
2.2727272727e+00 -2.0303030303e+00 2.1208658895e+00
2.2727272727e+00 -1.9696969697e+00 2.1508156648e+00
2.2727272727e+00 -1.9090909091e+00 2.1811061582e+00
2.2727272727e+00 -1.8484848485e+00 2.2117073131e+00
2.2727272727e+00 -1.7878787879e+00 2.2425846806e+00
2.2727272727e+00 -1.7272727273e+00 2.2736990950e+00
2.2727272727e+00 -1.6666666667e+00 2.3050063523e+00
2.2727272727e+00 -1.6060606061e+00 2.3364569007e+00
2.2727272727e+00 -1.5454545455e+00 2.3679955485e+00
2.2727272727e+00 -1.4848484848e+00 2.3995612012e+00
2.2727272727e+00 -1.4242424242e+00 2.4310866360e+00
2.2727272727e+00 -1.3636363636e+00 2.4624983273e+00
2.2727272727e+00 -1.3030303030e+00 2.4937163361e+00
2.2727272727e+00 -1.2424242424e+00 2.5246542767e+00
2.2727272727e+00 -1.1818181818e+00 2.5552193764e+00
2.2727272727e+00 -1.1212121212e+00 2.5853126437e+00
2.2727272727e+00 -1.0606060606e+00 2.6148291592e+00
2.2727272727e+00 -1.0000000000e+00 2.6436585043e+00
2.2727272727e+00 -9.3939393939e-01 2.6716853400e+00
2.2727272727e+00 -8.7878787879e-01 2.6987901451e+00
2.2727272727e+00 -8.1818181818e-01 2.7248501210e+00
2.2727272727e+00 -7.5757575758e-01 2.7497402644e+00
2.2727272727e+00 -6.9696969697e-01 2.7733346035e+00
2.2727272727e+00 -6.3636363636e-01 2.7955075871e+00
2.2727272727e+00 -5.7575757576e-01 2.8161356101e+00
2.2727272727e+00 -5.1515151515e-01 2.8350986479e+00
2.2727272727e+00 -4.5454545455e-01 2.8522819682e+00
2.2727272727e+00 -3.9393939394e-01 2.8675778805e+00
2.2727272727e+00 -3.3333333333e-01 2.8808874763e+00
2.2727272727e+00 -2.7272727273e-01 2.8921223106e+00
2.2727272727e+00 -2.1212121212e-01 2.9012059719e+00
2.2727272727e+00 -1.5151515152e-01 2.9080754896e+00
2.2727272727e+00 -9.0909090909e-02 2.9126825268e+00
2.2727272727e+00 -3.0303030303e-02 2.9149943190e+00
2.2727272727e+00 3.0303030303e-02 2.9149943190e+00
2.2727272727e+00 9.0909090909e-02 2.9126825268e+00
2.2727272727e+00 1.5151515152e-01 2.9080754896e+00
2.2727272727e+00 2.1212121212e-01 2.9012059719e+00
2.2727272727e+00 2.7272727273e-01 2.8921223106e+00
2.2727272727e+00 3.3333333333e-01 2.8808874763e+00
2.2727272727e+00 3.9393939394e-01 2.8675778805e+00
2.2727272727e+00 4.5454545455e-01 2.8522819682e+00
2.2727272727e+00 5.1515151515e-01 2.8350986479e+00
2.2727272727e+00 5.7575757576e-01 2.8161356101e+00
2.2727272727e+00 6.3636363636e-01 2.7955075871e+00
2.2727272727e+00 6.9696969697e-01 2.7733346035e+00
2.2727272727e+00 7.5757575758e-01 2.7497402644e+00
2.2727272727e+00 8.1818181818e-01 2.7248501210e+00
2.2727272727e+00 8.7878787879e-01 2.6987901451e+00
2.2727272727e+00 9.3939393939e-01 2.6716853400e+00
2.2727272727e+00 1.0000000000e+00 2.6436585043e+00
2.2727272727e+00 1.0606060606e+00 2.6148291592e+00
2.2727272727e+00 1.1212121212e+00 2.5853126437e+00
2.2727272727e+00 1.1818181818e+00 2.5552193764e+00
2.2727272727e+00 1.2424242424e+00 2.5246542767e+00
2.2727272727e+00 1.3030303030e+00 2.4937163361e+00
2.2727272727e+00 1.3636363636e+00 2.4624983273e+00
2.2727272727e+00 1.4242424242e+00 2.4310866360e+00
2.2727272727e+00 1.4848484848e+00 2.3995612012e+00
2.2727272727e+00 1.5454545455e+00 2.3679955485e+00
2.2727272727e+00 1.6060606061e+00 2.3364569007e+00
2.2727272727e+00 1.6666666667e+00 2.3050063523e+00
2.2727272727e+00 1.7272727273e+00 2.2736990950e+00
2.2727272727e+00 1.7878787879e+00 2.2425846806e+00
2.2727272727e+00 1.8484848485e+00 2.2117073131e+00
2.2727272727e+00 1.9090909091e+00 2.1811061582e+00
2.2727272727e+00 1.9696969697e+00 2.1508156648e+00
2.2727272727e+00 2.0303030303e+00 2.1208658895e+00
2.2727272727e+00 2.0909090909e+00 2.0912828203e+00
2.2727272727e+00 2.1515151515e+00 2.0620886945e+00
2.2727272727e+00 2.2121212121e+00 2.0333023074e+00
2.2727272727e+00 2.2727272727e+00 2.0049393082e+00
2.2727272727e+00 2.3333333333e+00 1.9770124837e+00
2.2727272727e+00 2.3939393939e+00 1.9495320255e+00
2.2727272727e+00 2.4545454545e+00 1.9225057821e+00
2.2727272727e+00 2.5151515152e+00 1.8959394938e+00
2.2727272727e+00 2.5757575758e+00 1.8698370125e+00
2.2727272727e+00 2.6363636364e+00 1.8442005041e+00
2.2727272727e+00 2.6969696970e+00 1.8190306360e+00
2.2727272727e+00 2.7575757576e+00 1.7943267490e+00
2.2727272727e+00 2.8181818182e+00 1.7700870147e+00
2.2727272727e+00 2.8787878788e+00 1.7463085797e+00
2.2727272727e+00 2.9393939394e+00 1.7229876960e+00
2.2727272727e+00 3.0000000000e+00 1.7001198400e+00

2.3333333333e+00 -3.0000000000e+00 1.6829996108e+00
2.3333333333e+00 -2.9393939394e+00 1.7051740872e+00
2.3333333333e+00 -2.8787878788e+00 1.7277690978e+00
2.3333333333e+00 -2.8181818182e+00 1.7507876758e+00
2.3333333333e+00 -2.7575757576e+00 1.7742320403e+00
2.3333333333e+00 -2.6969696970e+00 1.7981034827e+00
2.3333333333e+00 -2.6363636364e+00 1.8224022421e+00
2.3333333333e+00 -2.5757575758e+00 1.8471273697e+00
2.3333333333e+00 -2.5151515152e+00 1.8722765809e+00
2.3333333333e+00 -2.4545454545e+00 1.8978460952e+00
2.3333333333e+00 -2.3939393939e+00 1.9238304630e+00
2.3333333333e+00 -2.3333333333e+00 1.9502223792e+00
2.3333333333e+00 -2.2727272727e+00 1.9770124837e+00
2.3333333333e+00 -2.2121212121e+00 2.0041891481e+00
2.3333333333e+00 -2.1515151515e+00 2.0317382504e+00
2.3333333333e+00 -2.0909090909e+00 2.0596429364e+00
2.3333333333e+00 -2.0303030303e+00 2.0878833710e+00
2.3333333333e+00 -1.9696969697e+00 2.1164364791e+00
2.3333333333e+00 -1.9090909091e+00 2.1452756794e+00
2.3333333333e+00 -1.8484848485e+00 2.1743706135e+00
2.3333333333e+00 -1.7878787879e+00 2.2036868731e+00
2.3333333333e+00 -1.7272727273e+00 2.2331857312e+00
2.3333333333e+00 -1.6666666667e+00 2.2628238801e+00
2.3333333333e+00 -1.6060606061e+00 2.2925531852e+00
2.3333333333e+00 -1.5454545455e+00 2.3223204586e+00
2.3333333333e+00 -1.4848484848e+00 2.3520672637e+00
2.3333333333e+00 -1.4242424242e+00 2.3817297578e+00
2.3333333333e+00 -1.3636363636e+00 2.4112385838e+00
2.3333333333e+00 -1.3030303030e+00 2.4405188223e+00
2.3333333333e+00 -1.2424242424e+00 2.4694900150e+00
2.3333333333e+00 -1.1818181818e+00 2.4980662720e+00
2.3333333333e+00 -1.1212121212e+00 2.5261564748e+00
2.3333333333e+00 -1.0606060606e+00 2.5536645867e+00
2.3333333333e+00 -1.0000000000e+00 2.5804900811e+00
2.3333333333e+00 -9.3939393939e-01 2.6065284962e+00
2.3333333333e+00 -8.7878787879e-01 2.6316721229e+00
2.3333333333e+00 -8.1818181818e-01 2.6558108288e+00
2.3333333333e+00 -7.5757575758e-01 2.6788330182e+00
2.3333333333e+00 -6.9696969697e-01 2.7006267212e+00
2.3333333333e+00 -6.3636363636e-01 2.7210808033e+00
2.3333333333e+00 -5.7575757576e-01 2.7400862776e+00
2.3333333333e+00 -5.1515151515e-01 2.7575376975e+00
2.3333333333e+00 -4.5454545455e-01 2.7733346035e+00
2.3333333333e+00 -3.9393939394e-01 2.7873829889e+00
2.3333333333e+00 -3.3333333333e-01 2.7995967498e+00
2.3333333333e+00 -2.7272727273e-01 2.8098990765e+00
2.3333333333e+00 -2.1212121212e-01 2.8182237474e+00
2.3333333333e+00 -1.5151515152e-01 2.8245162822e+00
2.3333333333e+00 -9.0909090909e-02 2.8287349178e+00
2.3333333333e+00 -3.0303030303e-02 2.8308513729e+00
2.3333333333e+00 3.0303030303e-02 2.8308513729e+00
2.3333333333e+00 9.0909090909e-02 2.8287349178e+00
2.3333333333e+00 1.5151515152e-01 2.8245162822e+00
2.3333333333e+00 2.1212121212e-01 2.8182237474e+00
2.3333333333e+00 2.7272727273e-01 2.8098990765e+00
2.3333333333e+00 3.3333333333e-01 2.7995967498e+00
2.3333333333e+00 3.9393939394e-01 2.7873829889e+00
2.3333333333e+00 4.5454545455e-01 2.7733346035e+00
2.3333333333e+00 5.1515151515e-01 2.7575376975e+00
2.3333333333e+00 5.7575757576e-01 2.7400862776e+00
2.3333333333e+00 6.3636363636e-01 2.7210808033e+00
2.3333333333e+00 6.9696969697e-01 2.7006267212e+00
2.3333333333e+00 7.5757575758e-01 2.6788330182e+00
2.3333333333e+00 8.1818181818e-01 2.6558108288e+00
2.3333333333e+00 8.7878787879e-01 2.6316721229e+00
2.3333333333e+00 9.3939393939e-01 2.6065284962e+00
2.3333333333e+00 1.0000000000e+00 2.5804900811e+00
2.3333333333e+00 1.0606060606e+00 2.5536645867e+00
2.3333333333e+00 1.1212121212e+00 2.5261564748e+00
2.3333333333e+00 1.1818181818e+00 2.4980662720e+00
2.3333333333e+00 1.2424242424e+00 2.4694900150e+00
2.3333333333e+00 1.3030303030e+00 2.4405188223e+00
2.3333333333e+00 1.3636363636e+00 2.4112385838e+00
2.3333333333e+00 1.4242424242e+00 2.3817297578e+00
2.3333333333e+00 1.4848484848e+00 2.3520672637e+00
2.3333333333e+00 1.5454545455e+00 2.3223204586e+00
2.3333333333e+00 1.6060606061e+00 2.2925531852e+00
2.3333333333e+00 1.6666666667e+00 2.2628238801e+00
2.3333333333e+00 1.7272727273e+00 2.2331857312e+00
2.3333333333e+00 1.7878787879e+00 2.2036868731e+00
2.3333333333e+00 1.8484848485e+00 2.1743706135e+00
2.3333333333e+00 1.9090909091e+00 2.1452756794e+00
2.3333333333e+00 1.9696969697e+00 2.1164364791e+00
2.3333333333e+00 2.0303030303e+00 2.0878833710e+00
2.3333333333e+00 2.0909090909e+00 2.0596429364e+00
2.3333333333e+00 2.1515151515e+00 2.0317382504e+00
2.3333333333e+00 2.2121212121e+00 2.0041891481e+00
2.3333333333e+00 2.2727272727e+00 1.9770124837e+00
2.3333333333e+00 2.3333333333e+00 1.9502223792e+00
2.3333333333e+00 2.3939393939e+00 1.9238304630e+00
2.3333333333e+00 2.4545454545e+00 1.8978460952e+00
2.3333333333e+00 2.5151515152e+00 1.8722765809e+00
2.3333333333e+00 2.5757575758e+00 1.8471273697e+00
2.3333333333e+00 2.6363636364e+00 1.8224022421e+00
2.3333333333e+00 2.6969696970e+00 1.7981034827e+00
2.3333333333e+00 2.7575757576e+00 1.7742320403e+00
2.3333333333e+00 2.8181818182e+00 1.7507876758e+00
2.3333333333e+00 2.8787878788e+00 1.7277690978e+00
2.3333333333e+00 2.9393939394e+00 1.7051740872e+00
2.3333333333e+00 3.0000000000e+00 1.6829996108e+00

2.3939393939e+00 -3.0000000000e+00 1.6659561394e+00
2.3939393939e+00 -2.9393939394e+00 1.6874547048e+00
2.3939393939e+00 -2.8787878788e+00 1.7093431017e+00
2.3939393939e+00 -2.8181818182e+00 1.7316230335e+00
2.3939393939e+00 -2.7575757576e+00 1.7542953631e+00
2.3939393939e+00 -2.6969696970e+00 1.7773600055e+00
2.3939393939e+00 -2.6363636364e+00 1.8008158098e+00
2.3939393939e+00 -2.5757575758e+00 1.8246604323e+00
2.3939393939e+00 -2.5151515152e+00 1.8488901984e+00
2.3939393939e+00 -2.4545454545e+00 1.8734999548e+00
2.3939393939e+00 -2.3939393939e+00 1.8984829096e+00
2.3939393939e+00 -2.3333333333e+00 1.9238304630e+00
2.3939393939e+00 -2.2727272727e+00 1.9495320255e+00
2.3939393939e+00 -2.2121212121e+00 1.9755748274e+00
2.3939393939e+00 -2.1515151515e+00 2.0019437166e+00
2.3939393939e+00 -2.0909090909e+00 2.0286209486e+00
2.3939393939e+00 -2.0303030303e+00 2.0555859681e+00
2.3939393939e+00 -1.9696969697e+00 2.0828151846e+00
2.3939393939e+00 -1.9090909091e+00 2.1102817442e+00
2.3939393939e+00 -1.8484848485e+00 2.1379552998e+00
2.3939393939e+00 -1.7878787879e+00 2.1658017838e+00
2.3939393939e+00 -1.7272727273e+00 2.1937831866e+00
2.3939393939e+00 -1.6666666667e+00 2.2218573466e+00
2.3939393939e+00 -1.6060606061e+00 2.2499777565e+00
2.3939393939e+00 -1.5454545455e+00 2.2780933918e+00
2.3939393939e+00 -1.4848484848e+00 2.3061485708e+00
2.3939393939e+00 -1.4242424242e+00 2.3340828511e+00
2.3939393939e+00 -1.3636363636e+00 2.3618309739e+00
2.3939393939e+00 -1.3030303030e+00 2.3893228634e+00
2.3939393939e+00 -1.2424242424e+00 2.4164836918e+00
2.3939393939e+00 -1.1818181818e+00 2.4432340186e+00
2.3939393939e+00 -1.1212121212e+00 2.4694900150e+00
2.3939393939e+00 -1.0606060606e+00 2.4951637810e+00
2.3939393939e+00 -1.0000000000e+00 2.5201637627e+00
2.3939393939e+00 -9.3939393939e-01 2.5443952768e+00
2.3939393939e+00 -8.7878787879e-01 2.5677611455e+00
2.3939393939e+00 -8.1818181818e-01 2.5901624433e+00
2.3939393939e+00 -7.5757575758e-01 2.6114993525e+00
2.3939393939e+00 -6.9696969697e-01 2.6316721229e+00
2.3939393939e+00 -6.3636363636e-01 2.6505821242e+00
2.3939393939e+00 -5.7575757576e-01 2.6681329766e+00
2.3939393939e+00 -5.1515151515e-01 2.6842317411e+00
2.3939393939e+00 -4.5454545455e-01 2.6987901451e+00
2.3939393939e+00 -3.9393939394e-01 2.7117258166e+00
2.3939393939e+00 -3.3333333333e-01 2.7229634969e+00
2.3939393939e+00 -2.7272727273e-01 2.7324361987e+00
2.3939393939e+00 -2.1212121212e-01 2.7400862776e+00
2.3939393939e+00 -1.5151515152e-01 2.7458663837e+00
2.3939393939e+00 -9.0909090909e-02 2.7497402644e+00
2.3939393939e+00 -3.0303030303e-02 2.7516833916e+00
2.3939393939e+00 3.0303030303e-02 2.7516833916e+00
2.3939393939e+00 9.0909090909e-02 2.7497402644e+00
2.3939393939e+00 1.5151515152e-01 2.7458663837e+00
2.3939393939e+00 2.1212121212e-01 2.7400862776e+00
2.3939393939e+00 2.7272727273e-01 2.7324361987e+00
2.3939393939e+00 3.3333333333e-01 2.7229634969e+00
2.3939393939e+00 3.9393939394e-01 2.7117258166e+00
2.3939393939e+00 4.5454545455e-01 2.6987901451e+00
2.3939393939e+00 5.1515151515e-01 2.6842317411e+00
2.3939393939e+00 5.7575757576e-01 2.6681329766e+00
2.3939393939e+00 6.3636363636e-01 2.6505821242e+00
2.3939393939e+00 6.9696969697e-01 2.6316721229e+00
2.3939393939e+00 7.5757575758e-01 2.6114993525e+00
2.3939393939e+00 8.1818181818e-01 2.5901624433e+00
2.3939393939e+00 8.7878787879e-01 2.5677611455e+00
2.3939393939e+00 9.3939393939e-01 2.5443952768e+00
2.3939393939e+00 1.0000000000e+00 2.5201637627e+00
2.3939393939e+00 1.0606060606e+00 2.4951637810e+00
2.3939393939e+00 1.1212121212e+00 2.4694900150e+00
2.3939393939e+00 1.1818181818e+00 2.4432340186e+00
2.3939393939e+00 1.2424242424e+00 2.4164836918e+00
2.3939393939e+00 1.3030303030e+00 2.3893228634e+00
2.3939393939e+00 1.3636363636e+00 2.3618309739e+00
2.3939393939e+00 1.4242424242e+00 2.3340828511e+00
2.3939393939e+00 1.4848484848e+00 2.3061485708e+00
2.3939393939e+00 1.5454545455e+00 2.2780933918e+00
2.3939393939e+00 1.6060606061e+00 2.2499777565e+00
2.3939393939e+00 1.6666666667e+00 2.2218573466e+00
2.3939393939e+00 1.7272727273e+00 2.1937831866e+00
2.3939393939e+00 1.7878787879e+00 2.1658017838e+00
2.3939393939e+00 1.8484848485e+00 2.1379552998e+00
2.3939393939e+00 1.9090909091e+00 2.1102817442e+00
2.3939393939e+00 1.9696969697e+00 2.0828151846e+00
2.3939393939e+00 2.0303030303e+00 2.0555859681e+00
2.3939393939e+00 2.0909090909e+00 2.0286209486e+00
2.3939393939e+00 2.1515151515e+00 2.0019437166e+00
2.3939393939e+00 2.2121212121e+00 1.9755748274e+00
2.3939393939e+00 2.2727272727e+00 1.9495320255e+00
2.3939393939e+00 2.3333333333e+00 1.9238304630e+00
2.3939393939e+00 2.3939393939e+00 1.8984829096e+00
2.3939393939e+00 2.4545454545e+00 1.8734999548e+00
2.3939393939e+00 2.5151515152e+00 1.8488901984e+00
2.3939393939e+00 2.5757575758e+00 1.8246604323e+00
2.3939393939e+00 2.6363636364e+00 1.8008158098e+00
2.3939393939e+00 2.6969696970e+00 1.7773600055e+00
2.3939393939e+00 2.7575757576e+00 1.7542953631e+00
2.3939393939e+00 2.8181818182e+00 1.7316230335e+00
2.3939393939e+00 2.8787878788e+00 1.7093431017e+00
2.3939393939e+00 2.9393939394e+00 1.6874547048e+00
2.3939393939e+00 3.0000000000e+00 1.6659561394e+00

2.4545454545e+00 -3.0000000000e+00 1.6490029543e+00
2.4545454545e+00 -2.9393939394e+00 1.6698432385e+00
2.4545454545e+00 -2.8787878788e+00 1.6910443828e+00
2.4545454545e+00 -2.8181818182e+00 1.7126069086e+00
2.4545454545e+00 -2.7575757576e+00 1.7345304820e+00
2.4545454545e+00 -2.6969696970e+00 1.7568138114e+00
2.4545454545e+00 -2.6363636364e+00 1.7794545375e+00
2.4545454545e+00 -2.5757575758e+00 1.8024491145e+00
2.4545454545e+00 -2.5151515152e+00 1.8257926827e+00
2.4545454545e+00 -2.4545454545e+00 1.8494789316e+00
2.4545454545e+00 -2.3939393939e+00 1.8734999548e+00
2.4545454545e+00 -2.3333333333e+00 1.8978460952e+00
2.4545454545e+00 -2.2727272727e+00 1.9225057821e+00
2.4545454545e+00 -2.2121212121e+00 1.9474653601e+00
2.4545454545e+00 -2.1515151515e+00 1.9727089103e+00
2.4545454545e+00 -2.0909090909e+00 1.9982180653e+00
2.4545454545e+00 -2.0303030303e+00 2.0239718193e+00
2.4545454545e+00 -1.9696969697e+00 2.0499463345e+00
2.4545454545e+00 -1.9090909091e+00 2.0761147466e+00
2.4545454545e+00 -1.8484848485e+00 2.1024469718e+00
2.4545454545e+00 -1.7878787879e+00 2.1289095188e+00
2.4545454545e+00 -1.7272727273e+00 2.1554653084e+00
2.4545454545e+00 -1.6666666667e+00 2.1820735070e+00
2.4545454545e+00 -1.6060606061e+00 2.2086893771e+00
2.4545454545e+00 -1.5454545455e+00 2.2352641518e+00
2.4545454545e+00 -1.4848484848e+00 2.2617449389e+00
2.4545454545e+00 -1.4242424242e+00 2.2880746608e+00
2.4545454545e+00 -1.3636363636e+00 2.3141920392e+00
2.4545454545e+00 -1.3030303030e+00 2.3400316297e+00
2.4545454545e+00 -1.2424242424e+00 2.3655239168e+00
2.4545454545e+00 -1.1818181818e+00 2.3905954738e+00
2.4545454545e+00 -1.1212121212e+00 2.4151691977e+00
2.4545454545e+00 -1.0606060606e+00 2.4391646241e+00
2.4545454545e+00 -1.0000000000e+00 2.4624983273e+00
2.4545454545e+00 -9.3939393939e-01 2.4850844112e+00
2.4545454545e+00 -8.7878787879e-01 2.5068350908e+00
2.4545454545e+00 -8.1818181818e-01 2.5276613663e+00
2.4545454545e+00 -7.5757575758e-01 2.5474737846e+00
2.4545454545e+00 -6.9696969697e-01 2.5661832837e+00
2.4545454545e+00 -6.3636363636e-01 2.5837021091e+00
2.4545454545e+00 -5.7575757576e-01 2.5999447902e+00
2.4545454545e+00 -5.1515151515e-01 2.6148291592e+00
2.4545454545e+00 -4.5454545455e-01 2.6282773932e+00
2.4545454545e+00 -3.9393939394e-01 2.6402170575e+00
2.4545454545e+00 -3.3333333333e-01 2.6505821242e+00
2.4545454545e+00 -2.7272727273e-01 2.6593139407e+00
2.4545454545e+00 -2.1212121212e-01 2.6663621219e+00
2.4545454545e+00 -1.5151515152e-01 2.6716853400e+00
2.4545454545e+00 -9.0909090909e-02 2.6752519884e+00
2.4545454545e+00 -3.0303030303e-02 2.6770406995e+00
2.4545454545e+00 3.0303030303e-02 2.6770406995e+00
2.4545454545e+00 9.0909090909e-02 2.6752519884e+00
2.4545454545e+00 1.5151515152e-01 2.6716853400e+00
2.4545454545e+00 2.1212121212e-01 2.6663621219e+00
2.4545454545e+00 2.7272727273e-01 2.6593139407e+00
2.4545454545e+00 3.3333333333e-01 2.6505821242e+00
2.4545454545e+00 3.9393939394e-01 2.6402170575e+00
2.4545454545e+00 4.5454545455e-01 2.6282773932e+00
2.4545454545e+00 5.1515151515e-01 2.6148291592e+00
2.4545454545e+00 5.7575757576e-01 2.5999447902e+00
2.4545454545e+00 6.3636363636e-01 2.5837021091e+00
2.4545454545e+00 6.9696969697e-01 2.5661832837e+00
2.4545454545e+00 7.5757575758e-01 2.5474737846e+00
2.4545454545e+00 8.1818181818e-01 2.5276613663e+00
2.4545454545e+00 8.7878787879e-01 2.5068350908e+00
2.4545454545e+00 9.3939393939e-01 2.4850844112e+00
2.4545454545e+00 1.0000000000e+00 2.4624983273e+00
2.4545454545e+00 1.0606060606e+00 2.4391646241e+00
2.4545454545e+00 1.1212121212e+00 2.4151691977e+00
2.4545454545e+00 1.1818181818e+00 2.3905954738e+00
2.4545454545e+00 1.2424242424e+00 2.3655239168e+00
2.4545454545e+00 1.3030303030e+00 2.3400316297e+00
2.4545454545e+00 1.3636363636e+00 2.3141920392e+00
2.4545454545e+00 1.4242424242e+00 2.2880746608e+00
2.4545454545e+00 1.4848484848e+00 2.2617449389e+00
2.4545454545e+00 1.5454545455e+00 2.2352641518e+00
2.4545454545e+00 1.6060606061e+00 2.2086893771e+00
2.4545454545e+00 1.6666666667e+00 2.1820735070e+00
2.4545454545e+00 1.7272727273e+00 2.1554653084e+00
2.4545454545e+00 1.7878787879e+00 2.1289095188e+00
2.4545454545e+00 1.8484848485e+00 2.1024469718e+00
2.4545454545e+00 1.9090909091e+00 2.0761147466e+00
2.4545454545e+00 1.9696969697e+00 2.0499463345e+00
2.4545454545e+00 2.0303030303e+00 2.0239718193e+00
2.4545454545e+00 2.0909090909e+00 1.9982180653e+00
2.4545454545e+00 2.1515151515e+00 1.9727089103e+00
2.4545454545e+00 2.2121212121e+00 1.9474653601e+00
2.4545454545e+00 2.2727272727e+00 1.9225057821e+00
2.4545454545e+00 2.3333333333e+00 1.8978460952e+00
2.4545454545e+00 2.3939393939e+00 1.8734999548e+00
2.4545454545e+00 2.4545454545e+00 1.8494789316e+00
2.4545454545e+00 2.5151515152e+00 1.8257926827e+00
2.4545454545e+00 2.5757575758e+00 1.8024491145e+00
2.4545454545e+00 2.6363636364e+00 1.7794545375e+00
2.4545454545e+00 2.6969696970e+00 1.7568138114e+00
2.4545454545e+00 2.7575757576e+00 1.7345304820e+00
2.4545454545e+00 2.8181818182e+00 1.7126069086e+00
2.4545454545e+00 2.8787878788e+00 1.6910443828e+00
2.4545454545e+00 2.9393939394e+00 1.6698432385e+00
2.4545454545e+00 3.0000000000e+00 1.6490029543e+00

2.5151515152e+00 -3.0000000000e+00 1.6321524486e+00
2.5151515152e+00 -2.9393939394e+00 1.6523521623e+00
2.5151515152e+00 -2.8787878788e+00 1.6728854325e+00
2.5151515152e+00 -2.8181818182e+00 1.6937517358e+00
2.5151515152e+00 -2.7575757576e+00 1.7149496869e+00
2.5151515152e+00 -2.6969696970e+00 1.7364769429e+00
2.5151515152e+00 -2.6363636364e+00 1.7583301006e+00
2.5151515152e+00 -2.5757575758e+00 1.7805045864e+00
2.5151515152e+00 -2.5151515152e+00 1.8029945386e+00
2.5151515152e+00 -2.4545454545e+00 1.8257926827e+00
2.5151515152e+00 -2.3939393939e+00 1.8488901984e+00
2.5151515152e+00 -2.3333333333e+00 1.8722765809e+00
2.5151515152e+00 -2.2727272727e+00 1.8959394938e+00
2.5151515152e+00 -2.2121212121e+00 1.9198646177e+00
2.5151515152e+00 -2.1515151515e+00 1.9440354919e+00
2.5151515152e+00 -2.0909090909e+00 1.9684333530e+00
2.5151515152e+00 -2.0303030303e+00 1.9930369699e+00
2.5151515152e+00 -1.9696969697e+00 2.0178224788e+00
2.5151515152e+00 -1.9090909091e+00 2.0427632179e+00
2.5151515152e+00 -1.8484848485e+00 2.0678295671e+00
2.5151515152e+00 -1.7878787879e+00 2.0929887931e+00
2.5151515152e+00 -1.7272727273e+00 2.1182049053e+00
2.5151515152e+00 -1.6666666667e+00 2.1434385251e+00
2.5151515152e+00 -1.6060606061e+00 2.1686467744e+00
2.5151515152e+00 -1.5454545455e+00 2.1937831866e+00
2.5151515152e+00 -1.4848484848e+00 2.2187976464e+00
2.5151515152e+00 -1.4242424242e+00 2.2436363648e+00
2.5151515152e+00 -1.3636363636e+00 2.2682418931e+00
2.5151515152e+00 -1.3030303030e+00 2.2925531852e+00
2.5151515152e+00 -1.2424242424e+00 2.3165057109e+00
2.5151515152e+00 -1.1818181818e+00 2.3400316297e+00
2.5151515152e+00 -1.1212121212e+00 2.3630600276e+00
2.5151515152e+00 -1.0606060606e+00 2.3855172238e+00
2.5151515152e+00 -1.0000000000e+00 2.4073271501e+00
2.5151515152e+00 -9.3939393939e-01 2.4284118056e+00
2.5151515152e+00 -8.7878787879e-01 2.4486917879e+00
2.5151515152e+00 -8.1818181818e-01 2.4680868990e+00
2.5151515152e+00 -7.5757575758e-01 2.4865168227e+00
2.5151515152e+00 -6.9696969697e-01 2.5039018667e+00
2.5151515152e+00 -6.3636363636e-01 2.5201637627e+00
2.5151515152e+00 -5.7575757576e-01 2.5352265096e+00
2.5151515152e+00 -5.1515151515e-01 2.5490172489e+00
2.5151515152e+00 -4.5454545455e-01 2.5614671537e+00
2.5151515152e+00 -3.9393939394e-01 2.5725123129e+00
2.5151515152e+00 -3.3333333333e-01 2.5820945914e+00
2.5151515152e+00 -2.7272727273e-01 2.5901624433e+00
2.5151515152e+00 -2.1212121212e-01 2.5966716584e+00
2.5151515152e+00 -1.5151515152e-01 2.6015860216e+00
2.5151515152e+00 -9.0909090909e-02 2.6048778646e+00
2.5151515152e+00 -3.0303030303e-02 2.6065284962e+00
2.5151515152e+00 3.0303030303e-02 2.6065284962e+00
2.5151515152e+00 9.0909090909e-02 2.6048778646e+00
2.5151515152e+00 1.5151515152e-01 2.6015860216e+00
2.5151515152e+00 2.1212121212e-01 2.5966716584e+00
2.5151515152e+00 2.7272727273e-01 2.5901624433e+00
2.5151515152e+00 3.3333333333e-01 2.5820945914e+00
2.5151515152e+00 3.9393939394e-01 2.5725123129e+00
2.5151515152e+00 4.5454545455e-01 2.5614671537e+00
2.5151515152e+00 5.1515151515e-01 2.5490172489e+00
2.5151515152e+00 5.7575757576e-01 2.5352265096e+00
2.5151515152e+00 6.3636363636e-01 2.5201637627e+00
2.5151515152e+00 6.9696969697e-01 2.5039018667e+00
2.5151515152e+00 7.5757575758e-01 2.4865168227e+00
2.5151515152e+00 8.1818181818e-01 2.4680868990e+00
2.5151515152e+00 8.7878787879e-01 2.4486917879e+00
2.5151515152e+00 9.3939393939e-01 2.4284118056e+00
2.5151515152e+00 1.0000000000e+00 2.4073271501e+00
2.5151515152e+00 1.0606060606e+00 2.3855172238e+00
2.5151515152e+00 1.1212121212e+00 2.3630600276e+00
2.5151515152e+00 1.1818181818e+00 2.3400316297e+00
2.5151515152e+00 1.2424242424e+00 2.3165057109e+00
2.5151515152e+00 1.3030303030e+00 2.2925531852e+00
2.5151515152e+00 1.3636363636e+00 2.2682418931e+00
2.5151515152e+00 1.4242424242e+00 2.2436363648e+00
2.5151515152e+00 1.4848484848e+00 2.2187976464e+00
2.5151515152e+00 1.5454545455e+00 2.1937831866e+00
2.5151515152e+00 1.6060606061e+00 2.1686467744e+00
2.5151515152e+00 1.6666666667e+00 2.1434385251e+00
2.5151515152e+00 1.7272727273e+00 2.1182049053e+00
2.5151515152e+00 1.7878787879e+00 2.0929887931e+00
2.5151515152e+00 1.8484848485e+00 2.0678295671e+00
2.5151515152e+00 1.9090909091e+00 2.0427632179e+00
2.5151515152e+00 1.9696969697e+00 2.0178224788e+00
2.5151515152e+00 2.0303030303e+00 1.9930369699e+00
2.5151515152e+00 2.0909090909e+00 1.9684333530e+00
2.5151515152e+00 2.1515151515e+00 1.9440354919e+00
2.5151515152e+00 2.2121212121e+00 1.9198646177e+00
2.5151515152e+00 2.2727272727e+00 1.8959394938e+00
2.5151515152e+00 2.3333333333e+00 1.8722765809e+00
2.5151515152e+00 2.3939393939e+00 1.8488901984e+00
2.5151515152e+00 2.4545454545e+00 1.8257926827e+00
2.5151515152e+00 2.5151515152e+00 1.8029945386e+00
2.5151515152e+00 2.5757575758e+00 1.7805045864e+00
2.5151515152e+00 2.6363636364e+00 1.7583301006e+00
2.5151515152e+00 2.6969696970e+00 1.7364769429e+00
2.5151515152e+00 2.7575757576e+00 1.7149496869e+00
2.5151515152e+00 2.8181818182e+00 1.6937517358e+00
2.5151515152e+00 2.8787878788e+00 1.6728854325e+00
2.5151515152e+00 2.9393939394e+00 1.6523521623e+00
2.5151515152e+00 3.0000000000e+00 1.6321524486e+00

2.5757575758e+00 -3.0000000000e+00 1.6154159310e+00
2.5757575758e+00 -2.9393939394e+00 1.6349927936e+00
2.5757575758e+00 -2.8787878788e+00 1.6548775119e+00
2.5757575758e+00 -2.8181818182e+00 1.6750686430e+00
2.5757575758e+00 -2.7575757576e+00 1.6955638835e+00
2.5757575758e+00 -2.6969696970e+00 1.7163599805e+00
2.5757575758e+00 -2.6363636364e+00 1.7374526356e+00
2.5757575758e+00 -2.5757575758e+00 1.7588364041e+00
2.5757575758e+00 -2.5151515152e+00 1.7805045864e+00
2.5757575758e+00 -2.4545454545e+00 1.8024491145e+00
2.5757575758e+00 -2.3939393939e+00 1.8246604323e+00
2.5757575758e+00 -2.3333333333e+00 1.8471273697e+00
2.5757575758e+00 -2.2727272727e+00 1.8698370125e+00
2.5757575758e+00 -2.2121212121e+00 1.8927745675e+00
2.5757575758e+00 -2.1515151515e+00 1.9159232241e+00
2.5757575758e+00 -2.0909090909e+00 1.9392640136e+00
2.5757575758e+00 -2.0303030303e+00 1.9627756673e+00
2.5757575758e+00 -1.9696969697e+00 1.9864344761e+00
2.5757575758e+00 -1.9090909091e+00 2.0102141515e+00
2.5757575758e+00 -1.8484848485e+00 2.0340856934e+00
2.5757575758e+00 -1.7878787879e+00 2.0580172643e+00
2.5757575758e+00 -1.7272727273e+00 2.0819740753e+00
2.5757575758e+00 -1.6666666667e+00 2.1059182863e+00
2.5757575758e+00 -1.6060606061e+00 2.1298089252e+00
2.5757575758e+00 -1.5454545455e+00 2.1536018288e+00
2.5757575758e+00 -1.4848484848e+00 2.1772496118e+00
2.5757575758e+00 -1.4242424242e+00 2.2007016679e+00
2.5757575758e+00 -1.3636363636e+00 2.2239042068e+00
2.5757575758e+00 -1.3030303030e+00 2.2468003352e+00
2.5757575758e+00 -1.2424242424e+00 2.2693301833e+00
2.5757575758e+00 -1.1818181818e+00 2.2914310836e+00
2.5757575758e+00 -1.1212121212e+00 2.3130378059e+00
2.5757575758e+00 -1.0606060606e+00 2.3340828511e+00
2.5757575758e+00 -1.0000000000e+00 2.3544968074e+00
2.5757575758e+00 -9.3939393939e-01 2.3742087698e+00
2.5757575758e+00 -8.7878787879e-01 2.3931468228e+00
2.5757575758e+00 -8.1818181818e-01 2.4112385838e+00
2.5757575758e+00 -7.5757575758e-01 2.4284118056e+00
2.5757575758e+00 -6.9696969697e-01 2.4445950292e+00
2.5757575758e+00 -6.3636363636e-01 2.4597182818e+00
2.5757575758e+00 -5.7575757576e-01 2.4737138080e+00
2.5757575758e+00 -5.1515151515e-01 2.4865168227e+00
2.5757575758e+00 -4.5454545455e-01 2.4980662720e+00
2.5757575758e+00 -3.9393939394e-01 2.5083055861e+00
2.5757575758e+00 -3.3333333333e-01 2.5171834072e+00
2.5757575758e+00 -2.7272727273e-01 2.5246542767e+00
2.5757575758e+00 -2.1212121212e-01 2.5306792620e+00
2.5757575758e+00 -1.5151515152e-01 2.5352265096e+00
2.5757575758e+00 -9.0909090909e-02 2.5382717066e+00
2.5757575758e+00 -3.0303030303e-02 2.5397984396e+00
2.5757575758e+00 3.0303030303e-02 2.5397984396e+00
2.5757575758e+00 9.0909090909e-02 2.5382717066e+00
2.5757575758e+00 1.5151515152e-01 2.5352265096e+00
2.5757575758e+00 2.1212121212e-01 2.5306792620e+00
2.5757575758e+00 2.7272727273e-01 2.5246542767e+00
2.5757575758e+00 3.3333333333e-01 2.5171834072e+00
2.5757575758e+00 3.9393939394e-01 2.5083055861e+00
2.5757575758e+00 4.5454545455e-01 2.4980662720e+00
2.5757575758e+00 5.1515151515e-01 2.4865168227e+00
2.5757575758e+00 5.7575757576e-01 2.4737138080e+00
2.5757575758e+00 6.3636363636e-01 2.4597182818e+00
2.5757575758e+00 6.9696969697e-01 2.4445950292e+00
2.5757575758e+00 7.5757575758e-01 2.4284118056e+00
2.5757575758e+00 8.1818181818e-01 2.4112385838e+00
2.5757575758e+00 8.7878787879e-01 2.3931468228e+00
2.5757575758e+00 9.3939393939e-01 2.3742087698e+00
2.5757575758e+00 1.0000000000e+00 2.3544968074e+00
2.5757575758e+00 1.0606060606e+00 2.3340828511e+00
2.5757575758e+00 1.1212121212e+00 2.3130378059e+00
2.5757575758e+00 1.1818181818e+00 2.2914310836e+00
2.5757575758e+00 1.2424242424e+00 2.2693301833e+00
2.5757575758e+00 1.3030303030e+00 2.2468003352e+00
2.5757575758e+00 1.3636363636e+00 2.2239042068e+00
2.5757575758e+00 1.4242424242e+00 2.2007016679e+00
2.5757575758e+00 1.4848484848e+00 2.1772496118e+00
2.5757575758e+00 1.5454545455e+00 2.1536018288e+00
2.5757575758e+00 1.6060606061e+00 2.1298089252e+00
2.5757575758e+00 1.6666666667e+00 2.1059182863e+00
2.5757575758e+00 1.7272727273e+00 2.0819740753e+00
2.5757575758e+00 1.7878787879e+00 2.0580172643e+00
2.5757575758e+00 1.8484848485e+00 2.0340856934e+00
2.5757575758e+00 1.9090909091e+00 2.0102141515e+00
2.5757575758e+00 1.9696969697e+00 1.9864344761e+00
2.5757575758e+00 2.0303030303e+00 1.9627756673e+00
2.5757575758e+00 2.0909090909e+00 1.9392640136e+00
2.5757575758e+00 2.1515151515e+00 1.9159232241e+00
2.5757575758e+00 2.2121212121e+00 1.8927745675e+00
2.5757575758e+00 2.2727272727e+00 1.8698370125e+00
2.5757575758e+00 2.3333333333e+00 1.8471273697e+00
2.5757575758e+00 2.3939393939e+00 1.8246604323e+00
2.5757575758e+00 2.4545454545e+00 1.8024491145e+00
2.5757575758e+00 2.5151515152e+00 1.7805045864e+00
2.5757575758e+00 2.5757575758e+00 1.7588364041e+00
2.5757575758e+00 2.6363636364e+00 1.7374526356e+00
2.5757575758e+00 2.6969696970e+00 1.7163599805e+00
2.5757575758e+00 2.7575757576e+00 1.6955638835e+00
2.5757575758e+00 2.8181818182e+00 1.6750686430e+00
2.5757575758e+00 2.8787878788e+00 1.6548775119e+00
2.5757575758e+00 2.9393939394e+00 1.6349927936e+00
2.5757575758e+00 3.0000000000e+00 1.6154159310e+00

2.6363636364e+00 -3.0000000000e+00 1.5988036789e+00
2.6363636364e+00 -2.9393939394e+00 1.6177753538e+00
2.6363636364e+00 -2.8787878788e+00 1.6370307196e+00
2.6363636364e+00 -2.8181818182e+00 1.6565675290e+00
2.6363636364e+00 -2.7575757576e+00 1.6763826818e+00
2.6363636364e+00 -2.6969696970e+00 1.6964721427e+00
2.6363636364e+00 -2.6363636364e+00 1.7168308526e+00
2.6363636364e+00 -2.5757575758e+00 1.7374526356e+00
2.6363636364e+00 -2.5151515152e+00 1.7583301006e+00
2.6363636364e+00 -2.4545454545e+00 1.7794545375e+00
2.6363636364e+00 -2.3939393939e+00 1.8008158098e+00
2.6363636364e+00 -2.3333333333e+00 1.8224022421e+00
2.6363636364e+00 -2.2727272727e+00 1.8442005041e+00
2.6363636364e+00 -2.2121212121e+00 1.8661954920e+00
2.6363636364e+00 -2.1515151515e+00 1.8883702075e+00
2.6363636364e+00 -2.0909090909e+00 1.9107056363e+00
2.6363636364e+00 -2.0303030303e+00 1.9331806265e+00
2.6363636364e+00 -1.9696969697e+00 1.9557717700e+00
2.6363636364e+00 -1.9090909091e+00 1.9784532870e+00
2.6363636364e+00 -1.8484848485e+00 2.0011969171e+00
2.6363636364e+00 -1.7878787879e+00 2.0239718193e+00
2.6363636364e+00 -1.7272727273e+00 2.0467444835e+00
2.6363636364e+00 -1.6666666667e+00 2.0694786561e+00
2.6363636364e+00 -1.6060606061e+00 2.0921352843e+00
2.6363636364e+00 -1.5454545455e+00 2.1146724818e+00
2.6363636364e+00 -1.4848484848e+00 2.1370455206e+00
2.6363636364e+00 -1.4242424242e+00 2.1592068512e+00
2.6363636364e+00 -1.3636363636e+00 2.1811061582e+00
2.6363636364e+00 -1.3030303030e+00 2.2026904528e+00
2.6363636364e+00 -1.2424242424e+00 2.2239042068e+00
2.6363636364e+00 -1.1818181818e+00 2.2446895329e+00
2.6363636364e+00 -1.1212121212e+00 2.2649864128e+00
2.6363636364e+00 -1.0606060606e+00 2.2847329762e+00
2.6363636364e+00 -1.0000000000e+00 2.3038658332e+00
2.6363636364e+00 -9.3939393939e-01 2.3223204586e+00
2.6363636364e+00 -8.7878787879e-01 2.3400316297e+00
2.6363636364e+00 -8.1818181818e-01 2.3569339140e+00
2.6363636364e+00 -7.5757575758e-01 2.3729622031e+00
2.6363636364e+00 -6.9696969697e-01 2.3880522886e+00
2.6363636364e+00 -6.3636363636e-01 2.4021414717e+00
2.6363636364e+00 -5.7575757576e-01 2.4151691977e+00
2.6363636364e+00 -5.1515151515e-01 2.4270777062e+00
2.6363636364e+00 -4.5454545455e-01 2.4378126839e+00
2.6363636364e+00 -3.9393939394e-01 2.4473239074e+00
2.6363636364e+00 -3.3333333333e-01 2.4555658629e+00
2.6363636364e+00 -2.7272727273e-01 2.4624983273e+00
2.6363636364e+00 -2.1212121212e-01 2.4680868990e+00
2.6363636364e+00 -1.5151515152e-01 2.4723034626e+00
2.6363636364e+00 -9.0909090909e-02 2.4751265770e+00
2.6363636364e+00 -3.0303030303e-02 2.4765417766e+00
2.6363636364e+00 3.0303030303e-02 2.4765417766e+00
2.6363636364e+00 9.0909090909e-02 2.4751265770e+00
2.6363636364e+00 1.5151515152e-01 2.4723034626e+00
2.6363636364e+00 2.1212121212e-01 2.4680868990e+00
2.6363636364e+00 2.7272727273e-01 2.4624983273e+00
2.6363636364e+00 3.3333333333e-01 2.4555658629e+00
2.6363636364e+00 3.9393939394e-01 2.4473239074e+00
2.6363636364e+00 4.5454545455e-01 2.4378126839e+00
2.6363636364e+00 5.1515151515e-01 2.4270777062e+00
2.6363636364e+00 5.7575757576e-01 2.4151691977e+00
2.6363636364e+00 6.3636363636e-01 2.4021414717e+00
2.6363636364e+00 6.9696969697e-01 2.3880522886e+00
2.6363636364e+00 7.5757575758e-01 2.3729622031e+00
2.6363636364e+00 8.1818181818e-01 2.3569339140e+00
2.6363636364e+00 8.7878787879e-01 2.3400316297e+00
2.6363636364e+00 9.3939393939e-01 2.3223204586e+00
2.6363636364e+00 1.0000000000e+00 2.3038658332e+00
2.6363636364e+00 1.0606060606e+00 2.2847329762e+00
2.6363636364e+00 1.1212121212e+00 2.2649864128e+00
2.6363636364e+00 1.1818181818e+00 2.2446895329e+00
2.6363636364e+00 1.2424242424e+00 2.2239042068e+00
2.6363636364e+00 1.3030303030e+00 2.2026904528e+00
2.6363636364e+00 1.3636363636e+00 2.1811061582e+00
2.6363636364e+00 1.4242424242e+00 2.1592068512e+00
2.6363636364e+00 1.4848484848e+00 2.1370455206e+00
2.6363636364e+00 1.5454545455e+00 2.1146724818e+00
2.6363636364e+00 1.6060606061e+00 2.0921352843e+00
2.6363636364e+00 1.6666666667e+00 2.0694786561e+00
2.6363636364e+00 1.7272727273e+00 2.0467444835e+00
2.6363636364e+00 1.7878787879e+00 2.0239718193e+00
2.6363636364e+00 1.8484848485e+00 2.0011969171e+00
2.6363636364e+00 1.9090909091e+00 1.9784532870e+00
2.6363636364e+00 1.9696969697e+00 1.9557717700e+00
2.6363636364e+00 2.0303030303e+00 1.9331806265e+00
2.6363636364e+00 2.0909090909e+00 1.9107056363e+00
2.6363636364e+00 2.1515151515e+00 1.8883702075e+00
2.6363636364e+00 2.2121212121e+00 1.8661954920e+00
2.6363636364e+00 2.2727272727e+00 1.8442005041e+00
2.6363636364e+00 2.3333333333e+00 1.8224022421e+00
2.6363636364e+00 2.3939393939e+00 1.8008158098e+00
2.6363636364e+00 2.4545454545e+00 1.7794545375e+00
2.6363636364e+00 2.5151515152e+00 1.7583301006e+00
2.6363636364e+00 2.5757575758e+00 1.7374526356e+00
2.6363636364e+00 2.6363636364e+00 1.7168308526e+00
2.6363636364e+00 2.6969696970e+00 1.6964721427e+00
2.6363636364e+00 2.7575757576e+00 1.6763826818e+00
2.6363636364e+00 2.8181818182e+00 1.6565675290e+00
2.6363636364e+00 2.8787878788e+00 1.6370307196e+00
2.6363636364e+00 2.9393939394e+00 1.6177753538e+00
2.6363636364e+00 3.0000000000e+00 1.5988036789e+00

2.6969696970e+00 -3.0000000000e+00 1.5823249908e+00
2.6969696970e+00 -2.9393939394e+00 1.6007090285e+00
2.6969696970e+00 -2.8787878788e+00 1.6193540611e+00
2.6969696970e+00 -2.8181818182e+00 1.6382571413e+00
2.6969696970e+00 -2.7575757576e+00 1.6574144827e+00
2.6969696970e+00 -2.6969696970e+00 1.6768213829e+00
2.6969696970e+00 -2.6363636364e+00 1.6964721427e+00
2.6969696970e+00 -2.5757575758e+00 1.7163599805e+00
2.6969696970e+00 -2.5151515152e+00 1.7364769429e+00
2.6969696970e+00 -2.4545454545e+00 1.7568138114e+00
2.6969696970e+00 -2.3939393939e+00 1.7773600055e+00
2.6969696970e+00 -2.3333333333e+00 1.7981034827e+00
2.6969696970e+00 -2.2727272727e+00 1.8190306360e+00
2.6969696970e+00 -2.2121212121e+00 1.8401261897e+00
2.6969696970e+00 -2.1515151515e+00 1.8613730947e+00
2.6969696970e+00 -2.0909090909e+00 1.8827524233e+00
2.6969696970e+00 -2.0303030303e+00 1.9042432665e+00
2.6969696970e+00 -1.9696969697e+00 1.9258226343e+00
2.6969696970e+00 -1.9090909091e+00 1.9474653601e+00
2.6969696970e+00 -1.8484848485e+00 1.9691440132e+00
2.6969696970e+00 -1.7878787879e+00 1.9908288197e+00
2.6969696970e+00 -1.7272727273e+00 2.0124875955e+00
2.6969696970e+00 -1.6666666667e+00 2.0340856934e+00
2.6969696970e+00 -1.6060606061e+00 2.0555859681e+00
2.6969696970e+00 -1.5454545455e+00 2.0769487610e+00
2.6969696970e+00 -1.4848484848e+00 2.0981319100e+00
2.6969696970e+00 -1.4242424242e+00 2.1190907850e+00
2.6969696970e+00 -1.3636363636e+00 2.1397783554e+00
2.6969696970e+00 -1.3030303030e+00 2.1601452905e+00
2.6969696970e+00 -1.2424242424e+00 2.1801400972e+00
2.6969696970e+00 -1.1818181818e+00 2.1997092972e+00
2.6969696970e+00 -1.1212121212e+00 2.2187976464e+00
2.6969696970e+00 -1.0606060606e+00 2.2373483981e+00
2.6969696970e+00 -1.0000000000e+00 2.2553036100e+00
2.6969696970e+00 -9.3939393939e-01 2.2726044968e+00
2.6969696970e+00 -8.7878787879e-01 2.2891918255e+00
2.6969696970e+00 -8.1818181818e-01 2.3050063523e+00
2.6969696970e+00 -7.5757575758e-01 2.3199892973e+00
2.6969696970e+00 -6.9696969697e-01 2.3340828511e+00
2.6969696970e+00 -6.3636363636e-01 2.3472307090e+00
2.6969696970e+00 -5.7575757576e-01 2.3593786229e+00
2.6969696970e+00 -5.1515151515e-01 2.3704749636e+00
2.6969696970e+00 -4.5454545455e-01 2.3804712827e+00
2.6969696970e+00 -3.9393939394e-01 2.3893228634e+00
2.6969696970e+00 -3.3333333333e-01 2.3969892497e+00
2.6969696970e+00 -2.7272727273e-01 2.4034347406e+00
2.6969696970e+00 -2.1212121212e-01 2.4086288399e+00
2.6969696970e+00 -1.5151515152e-01 2.4125466496e+00
2.6969696970e+00 -9.0909090909e-02 2.4151691977e+00
2.6969696970e+00 -3.0303030303e-02 2.4164836918e+00
2.6969696970e+00 3.0303030303e-02 2.4164836918e+00
2.6969696970e+00 9.0909090909e-02 2.4151691977e+00
2.6969696970e+00 1.5151515152e-01 2.4125466496e+00
2.6969696970e+00 2.1212121212e-01 2.4086288399e+00
2.6969696970e+00 2.7272727273e-01 2.4034347406e+00
2.6969696970e+00 3.3333333333e-01 2.3969892497e+00
2.6969696970e+00 3.9393939394e-01 2.3893228634e+00
2.6969696970e+00 4.5454545455e-01 2.3804712827e+00
2.6969696970e+00 5.1515151515e-01 2.3704749636e+00
2.6969696970e+00 5.7575757576e-01 2.3593786229e+00
2.6969696970e+00 6.3636363636e-01 2.3472307090e+00
2.6969696970e+00 6.9696969697e-01 2.3340828511e+00
2.6969696970e+00 7.5757575758e-01 2.3199892973e+00
2.6969696970e+00 8.1818181818e-01 2.3050063523e+00
2.6969696970e+00 8.7878787879e-01 2.2891918255e+00
2.6969696970e+00 9.3939393939e-01 2.2726044968e+00
2.6969696970e+00 1.0000000000e+00 2.2553036100e+00
2.6969696970e+00 1.0606060606e+00 2.2373483981e+00
2.6969696970e+00 1.1212121212e+00 2.2187976464e+00
2.6969696970e+00 1.1818181818e+00 2.1997092972e+00
2.6969696970e+00 1.2424242424e+00 2.1801400972e+00
2.6969696970e+00 1.3030303030e+00 2.1601452905e+00
2.6969696970e+00 1.3636363636e+00 2.1397783554e+00
2.6969696970e+00 1.4242424242e+00 2.1190907850e+00
2.6969696970e+00 1.4848484848e+00 2.0981319100e+00
2.6969696970e+00 1.5454545455e+00 2.0769487610e+00
2.6969696970e+00 1.6060606061e+00 2.0555859681e+00
2.6969696970e+00 1.6666666667e+00 2.0340856934e+00
2.6969696970e+00 1.7272727273e+00 2.0124875955e+00
2.6969696970e+00 1.7878787879e+00 1.9908288197e+00
2.6969696970e+00 1.8484848485e+00 1.9691440132e+00
2.6969696970e+00 1.9090909091e+00 1.9474653601e+00
2.6969696970e+00 1.9696969697e+00 1.9258226343e+00
2.6969696970e+00 2.0303030303e+00 1.9042432665e+00
2.6969696970e+00 2.0909090909e+00 1.8827524233e+00
2.6969696970e+00 2.1515151515e+00 1.8613730947e+00
2.6969696970e+00 2.2121212121e+00 1.8401261897e+00
2.6969696970e+00 2.2727272727e+00 1.8190306360e+00
2.6969696970e+00 2.3333333333e+00 1.7981034827e+00
2.6969696970e+00 2.3939393939e+00 1.7773600055e+00
2.6969696970e+00 2.4545454545e+00 1.7568138114e+00
2.6969696970e+00 2.5151515152e+00 1.7364769429e+00
2.6969696970e+00 2.5757575758e+00 1.7163599805e+00
2.6969696970e+00 2.6363636364e+00 1.6964721427e+00
2.6969696970e+00 2.6969696970e+00 1.6768213829e+00
2.6969696970e+00 2.7575757576e+00 1.6574144827e+00
2.6969696970e+00 2.8181818182e+00 1.6382571413e+00
2.6969696970e+00 2.8787878788e+00 1.6193540611e+00
2.6969696970e+00 2.9393939394e+00 1.6007090285e+00
2.6969696970e+00 3.0000000000e+00 1.5823249908e+00

2.7575757576e+00 -3.0000000000e+00 1.5659882397e+00
2.7575757576e+00 -2.9393939394e+00 1.5838020274e+00
2.7575757576e+00 -2.8787878788e+00 1.6018555150e+00
2.7575757576e+00 -2.8181818182e+00 1.6201451508e+00
2.7575757576e+00 -2.7575757576e+00 1.6386665618e+00
2.7575757576e+00 -2.6969696970e+00 1.6574144827e+00
2.7575757576e+00 -2.6363636364e+00 1.6763826818e+00
2.7575757576e+00 -2.5757575758e+00 1.6955638835e+00
2.7575757576e+00 -2.5151515152e+00 1.7149496869e+00
2.7575757576e+00 -2.4545454545e+00 1.7345304820e+00
2.7575757576e+00 -2.3939393939e+00 1.7542953631e+00
2.7575757576e+00 -2.3333333333e+00 1.7742320403e+00
2.7575757576e+00 -2.2727272727e+00 1.7943267490e+00
2.7575757576e+00 -2.2121212121e+00 1.8145641591e+00
2.7575757576e+00 -2.1515151515e+00 1.8349272845e+00
2.7575757576e+00 -2.0909090909e+00 1.8553973934e+00
2.7575757576e+00 -2.0303030303e+00 1.8759539214e+00
2.7575757576e+00 -1.9696969697e+00 1.8965743883e+00
2.7575757576e+00 -1.9090909091e+00 1.9172343207e+00
2.7575757576e+00 -1.8484848485e+00 1.9379071817e+00
2.7575757576e+00 -1.7878787879e+00 1.9585643104e+00
2.7575757576e+00 -1.7272727273e+00 1.9791748724e+00
2.7575757576e+00 -1.6666666667e+00 1.9997058250e+00
2.7575757576e+00 -1.6060606061e+00 2.0201218986e+00
2.7575757576e+00 -1.5454545455e+00 2.0403855969e+00
2.7575757576e+00 -1.4848484848e+00 2.0604572205e+00
2.7575757576e+00 -1.4242424242e+00 2.0802949136e+00
2.7575757576e+00 -1.3636363636e+00 2.0998547393e+00
2.7575757576e+00 -1.3030303030e+00 2.1190907850e+00
2.7575757576e+00 -1.2424242424e+00 2.1379552998e+00
2.7575757576e+00 -1.1818181818e+00 2.1563988672e+00
2.7575757576e+00 -1.1212121212e+00 2.1743706135e+00
2.7575757576e+00 -1.0606060606e+00 2.1918184541e+00
2.7575757576e+00 -1.0000000000e+00 2.2086893771e+00
2.7575757576e+00 -9.3939393939e-01 2.2249297647e+00
2.7575757576e+00 -8.7878787879e-01 2.2404857504e+00
2.7575757576e+00 -8.1818181818e-01 2.2553036100e+00
2.7575757576e+00 -7.5757575758e-01 2.2693301833e+00
2.7575757576e+00 -6.9696969697e-01 2.2825133212e+00
2.7575757576e+00 -6.3636363636e-01 2.2948023536e+00
2.7575757576e+00 -5.7575757576e-01 2.3061485708e+00
2.7575757576e+00 -5.1515151515e-01 2.3165057109e+00
2.7575757576e+00 -4.5454545455e-01 2.3258304451e+00
2.7575757576e+00 -3.9393939394e-01 2.3340828511e+00
2.7575757576e+00 -3.3333333333e-01 2.3412268660e+00
2.7575757576e+00 -2.7272727273e-01 2.3472307090e+00
2.7575757576e+00 -2.1212121212e-01 2.3520672637e+00
2.7575757576e+00 -1.5151515152e-01 2.3557144129e+00
2.7575757576e+00 -9.0909090909e-02 2.3581553157e+00
2.7575757576e+00 -3.0303030303e-02 2.3593786229e+00
2.7575757576e+00 3.0303030303e-02 2.3593786229e+00
2.7575757576e+00 9.0909090909e-02 2.3581553157e+00
2.7575757576e+00 1.5151515152e-01 2.3557144129e+00
2.7575757576e+00 2.1212121212e-01 2.3520672637e+00
2.7575757576e+00 2.7272727273e-01 2.3472307090e+00
2.7575757576e+00 3.3333333333e-01 2.3412268660e+00
2.7575757576e+00 3.9393939394e-01 2.3340828511e+00
2.7575757576e+00 4.5454545455e-01 2.3258304451e+00
2.7575757576e+00 5.1515151515e-01 2.3165057109e+00
2.7575757576e+00 5.7575757576e-01 2.3061485708e+00
2.7575757576e+00 6.3636363636e-01 2.2948023536e+00
2.7575757576e+00 6.9696969697e-01 2.2825133212e+00
2.7575757576e+00 7.5757575758e-01 2.2693301833e+00
2.7575757576e+00 8.1818181818e-01 2.2553036100e+00
2.7575757576e+00 8.7878787879e-01 2.2404857504e+00
2.7575757576e+00 9.3939393939e-01 2.2249297647e+00
2.7575757576e+00 1.0000000000e+00 2.2086893771e+00
2.7575757576e+00 1.0606060606e+00 2.1918184541e+00
2.7575757576e+00 1.1212121212e+00 2.1743706135e+00
2.7575757576e+00 1.1818181818e+00 2.1563988672e+00
2.7575757576e+00 1.2424242424e+00 2.1379552998e+00
2.7575757576e+00 1.3030303030e+00 2.1190907850e+00
2.7575757576e+00 1.3636363636e+00 2.0998547393e+00
2.7575757576e+00 1.4242424242e+00 2.0802949136e+00
2.7575757576e+00 1.4848484848e+00 2.0604572205e+00
2.7575757576e+00 1.5454545455e+00 2.0403855969e+00
2.7575757576e+00 1.6060606061e+00 2.0201218986e+00
2.7575757576e+00 1.6666666667e+00 1.9997058250e+00
2.7575757576e+00 1.7272727273e+00 1.9791748724e+00
2.7575757576e+00 1.7878787879e+00 1.9585643104e+00
2.7575757576e+00 1.8484848485e+00 1.9379071817e+00
2.7575757576e+00 1.9090909091e+00 1.9172343207e+00
2.7575757576e+00 1.9696969697e+00 1.8965743883e+00
2.7575757576e+00 2.0303030303e+00 1.8759539214e+00
2.7575757576e+00 2.0909090909e+00 1.8553973934e+00
2.7575757576e+00 2.1515151515e+00 1.8349272845e+00
2.7575757576e+00 2.2121212121e+00 1.8145641591e+00
2.7575757576e+00 2.2727272727e+00 1.7943267490e+00
2.7575757576e+00 2.3333333333e+00 1.7742320403e+00
2.7575757576e+00 2.3939393939e+00 1.7542953631e+00
2.7575757576e+00 2.4545454545e+00 1.7345304820e+00
2.7575757576e+00 2.5151515152e+00 1.7149496869e+00
2.7575757576e+00 2.5757575758e+00 1.6955638835e+00
2.7575757576e+00 2.6363636364e+00 1.6763826818e+00
2.7575757576e+00 2.6969696970e+00 1.6574144827e+00
2.7575757576e+00 2.7575757576e+00 1.6386665618e+00
2.7575757576e+00 2.8181818182e+00 1.6201451508e+00
2.7575757576e+00 2.8787878788e+00 1.6018555150e+00
2.7575757576e+00 2.9393939394e+00 1.5838020274e+00
2.7575757576e+00 3.0000000000e+00 1.5659882397e+00

2.8181818182e+00 -3.0000000000e+00 1.5498009247e+00
2.8181818182e+00 -2.9393939394e+00 1.5670616426e+00
2.8181818182e+00 -2.8787878788e+00 1.5845420992e+00
2.8181818182e+00 -2.8181818182e+00 1.6022382252e+00
2.8181818182e+00 -2.7575757576e+00 1.6201451508e+00
2.8181818182e+00 -2.6969696970e+00 1.6382571413e+00
2.8181818182e+00 -2.6363636364e+00 1.6565675290e+00
2.8181818182e+00 -2.5757575758e+00 1.6750686430e+00
2.8181818182e+00 -2.5151515152e+00 1.6937517358e+00
2.8181818182e+00 -2.4545454545e+00 1.7126069086e+00
2.8181818182e+00 -2.3939393939e+00 1.7316230335e+00
2.8181818182e+00 -2.3333333333e+00 1.7507876758e+00
2.8181818182e+00 -2.2727272727e+00 1.7700870147e+00
2.8181818182e+00 -2.2121212121e+00 1.7895057646e+00
2.8181818182e+00 -2.1515151515e+00 1.8090270970e+00
2.8181818182e+00 -2.0909090909e+00 1.8286325644e+00
2.8181818182e+00 -2.0303030303e+00 1.8483020277e+00
2.8181818182e+00 -1.9696969697e+00 1.8680135876e+00
2.8181818182e+00 -1.9090909091e+00 1.8877435223e+00
2.8181818182e+00 -1.8484848485e+00 1.9074662324e+00
2.8181818182e+00 -1.7878787879e+00 1.9271541957e+00
2.8181818182e+00 -1.7272727273e+00 1.9467779325e+00
2.8181818182e+00 -1.6666666667e+00 1.9663059854e+00
2.8181818182e+00 -1.6060606061e+00 1.9857049142e+00
2.8181818182e+00 -1.5454545455e+00 2.0049393082e+00
2.8181818182e+00 -1.4848484848e+00 2.0239718193e+00
2.8181818182e+00 -1.4242424242e+00 2.0427632179e+00
2.8181818182e+00 -1.3636363636e+00 2.0612724726e+00
2.8181818182e+00 -1.3030303030e+00 2.0794568572e+00
2.8181818182e+00 -1.2424242424e+00 2.0972720864e+00
2.8181818182e+00 -1.1818181818e+00 2.1146724818e+00
2.8181818182e+00 -1.1212121212e+00 2.1316111686e+00
2.8181818182e+00 -1.0606060606e+00 2.1480403050e+00
2.8181818182e+00 -1.0000000000e+00 2.1639113429e+00
2.8181818182e+00 -9.3939393939e-01 2.1791753210e+00
2.8181818182e+00 -8.7878787879e-01 2.1937831866e+00
2.8181818182e+00 -8.1818181818e-01 2.2076861457e+00
2.8181818182e+00 -7.5757575758e-01 2.2208360378e+00
2.8181818182e+00 -6.9696969697e-01 2.2331857312e+00
2.8181818182e+00 -6.3636363636e-01 2.2446895329e+00
2.8181818182e+00 -5.7575757576e-01 2.2553036100e+00
2.8181818182e+00 -5.1515151515e-01 2.2649864128e+00
2.8181818182e+00 -4.5454545455e-01 2.2736990950e+00
2.8181818182e+00 -3.9393939394e-01 2.2814059221e+00
2.8181818182e+00 -3.3333333333e-01 2.2880746608e+00
2.8181818182e+00 -2.7272727273e-01 2.2936769405e+00
2.8181818182e+00 -2.1212121212e-01 2.2981885807e+00
2.8181818182e+00 -1.5151515152e-01 2.3015898762e+00
2.8181818182e+00 -9.0909090909e-02 2.3038658332e+00
2.8181818182e+00 -3.0303030303e-02 2.3050063523e+00
2.8181818182e+00 3.0303030303e-02 2.3050063523e+00
2.8181818182e+00 9.0909090909e-02 2.3038658332e+00
2.8181818182e+00 1.5151515152e-01 2.3015898762e+00
2.8181818182e+00 2.1212121212e-01 2.2981885807e+00
2.8181818182e+00 2.7272727273e-01 2.2936769405e+00
2.8181818182e+00 3.3333333333e-01 2.2880746608e+00
2.8181818182e+00 3.9393939394e-01 2.2814059221e+00
2.8181818182e+00 4.5454545455e-01 2.2736990950e+00
2.8181818182e+00 5.1515151515e-01 2.2649864128e+00
2.8181818182e+00 5.7575757576e-01 2.2553036100e+00
2.8181818182e+00 6.3636363636e-01 2.2446895329e+00
2.8181818182e+00 6.9696969697e-01 2.2331857312e+00
2.8181818182e+00 7.5757575758e-01 2.2208360378e+00
2.8181818182e+00 8.1818181818e-01 2.2076861457e+00
2.8181818182e+00 8.7878787879e-01 2.1937831866e+00
2.8181818182e+00 9.3939393939e-01 2.1791753210e+00
2.8181818182e+00 1.0000000000e+00 2.1639113429e+00
2.8181818182e+00 1.0606060606e+00 2.1480403050e+00
2.8181818182e+00 1.1212121212e+00 2.1316111686e+00
2.8181818182e+00 1.1818181818e+00 2.1146724818e+00
2.8181818182e+00 1.2424242424e+00 2.0972720864e+00
2.8181818182e+00 1.3030303030e+00 2.0794568572e+00
2.8181818182e+00 1.3636363636e+00 2.0612724726e+00
2.8181818182e+00 1.4242424242e+00 2.0427632179e+00
2.8181818182e+00 1.4848484848e+00 2.0239718193e+00
2.8181818182e+00 1.5454545455e+00 2.0049393082e+00
2.8181818182e+00 1.6060606061e+00 1.9857049142e+00
2.8181818182e+00 1.6666666667e+00 1.9663059854e+00
2.8181818182e+00 1.7272727273e+00 1.9467779325e+00
2.8181818182e+00 1.7878787879e+00 1.9271541957e+00
2.8181818182e+00 1.8484848485e+00 1.9074662324e+00
2.8181818182e+00 1.9090909091e+00 1.8877435223e+00
2.8181818182e+00 1.9696969697e+00 1.8680135876e+00
2.8181818182e+00 2.0303030303e+00 1.8483020277e+00
2.8181818182e+00 2.0909090909e+00 1.8286325644e+00
2.8181818182e+00 2.1515151515e+00 1.8090270970e+00
2.8181818182e+00 2.2121212121e+00 1.7895057646e+00
2.8181818182e+00 2.2727272727e+00 1.7700870147e+00
2.8181818182e+00 2.3333333333e+00 1.7507876758e+00
2.8181818182e+00 2.3939393939e+00 1.7316230335e+00
2.8181818182e+00 2.4545454545e+00 1.7126069086e+00
2.8181818182e+00 2.5151515152e+00 1.6937517358e+00
2.8181818182e+00 2.5757575758e+00 1.6750686430e+00
2.8181818182e+00 2.6363636364e+00 1.6565675290e+00
2.8181818182e+00 2.6969696970e+00 1.6382571413e+00
2.8181818182e+00 2.7575757576e+00 1.6201451508e+00
2.8181818182e+00 2.8181818182e+00 1.6022382252e+00
2.8181818182e+00 2.8787878788e+00 1.5845420992e+00
2.8181818182e+00 2.9393939394e+00 1.5670616426e+00
2.8181818182e+00 3.0000000000e+00 1.5498009247e+00

2.8787878788e+00 -3.0000000000e+00 1.5337697234e+00
2.8787878788e+00 -2.9393939394e+00 1.5504943063e+00
2.8787878788e+00 -2.8787878788e+00 1.5674199346e+00
2.8787878788e+00 -2.8181818182e+00 1.5845420992e+00
2.8787878788e+00 -2.7575757576e+00 1.6018555150e+00
2.8787878788e+00 -2.6969696970e+00 1.6193540611e+00
2.8787878788e+00 -2.6363636364e+00 1.6370307196e+00
2.8787878788e+00 -2.5757575758e+00 1.6548775119e+00
2.8787878788e+00 -2.5151515152e+00 1.6728854325e+00
2.8787878788e+00 -2.4545454545e+00 1.6910443828e+00
2.8787878788e+00 -2.3939393939e+00 1.7093431017e+00
2.8787878788e+00 -2.3333333333e+00 1.7277690978e+00
2.8787878788e+00 -2.2727272727e+00 1.7463085797e+00
2.8787878788e+00 -2.2121212121e+00 1.7649463884e+00
2.8787878788e+00 -2.1515151515e+00 1.7836659307e+00
2.8787878788e+00 -2.0909090909e+00 1.8024491145e+00
2.8787878788e+00 -2.0303030303e+00 1.8212762893e+00
2.8787878788e+00 -1.9696969697e+00 1.8401261897e+00
2.8787878788e+00 -1.9090909091e+00 1.8589758864e+00
2.8787878788e+00 -1.8484848485e+00 1.8778007440e+00
2.8787878788e+00 -1.7878787879e+00 1.8965743883e+00
2.8787878788e+00 -1.7272727273e+00 1.9152686848e+00
2.8787878788e+00 -1.6666666667e+00 1.9338537294e+00
2.8787878788e+00 -1.6060606061e+00 1.9522978540e+00
2.8787878788e+00 -1.5454545455e+00 1.9705676487e+00
2.8787878788e+00 -1.4848484848e+00 1.9886280020e+00
2.8787878788e+00 -1.4242424242e+00 2.0064421620e+00
2.8787878788e+00 -1.3636363636e+00 2.0239718193e+00
2.8787878788e+00 -1.3030303030e+00 2.0411772133e+00
2.8787878788e+00 -1.2424242424e+00 2.0580172643e+00
2.8787878788e+00 -1.1818181818e+00 2.0744497318e+00
2.8787878788e+00 -1.1212121212e+00 2.0904313991e+00
2.8787878788e+00 -1.0606060606e+00 2.1059182863e+00
2.8787878788e+00 -1.0000000000e+00 2.1208658895e+00
2.8787878788e+00 -9.3939393939e-01 2.1352294467e+00
2.8787878788e+00 -8.7878787879e-01 2.1489642288e+00
2.8787878788e+00 -8.1818181818e-01 2.1620258524e+00
2.8787878788e+00 -7.5757575758e-01 2.1743706135e+00
2.8787878788e+00 -6.9696969697e-01 2.1859558365e+00
2.8787878788e+00 -6.3636363636e-01 2.1967402357e+00
2.8787878788e+00 -5.7575757576e-01 2.2066842827e+00
2.8787878788e+00 -5.1515151515e-01 2.2157505763e+00
2.8787878788e+00 -4.5454545455e-01 2.2239042068e+00
2.8787878788e+00 -3.9393939394e-01 2.2311131090e+00
2.8787878788e+00 -3.3333333333e-01 2.2373483981e+00
2.8787878788e+00 -2.7272727273e-01 2.2425846806e+00
2.8787878788e+00 -2.1212121212e-01 2.2468003352e+00
2.8787878788e+00 -1.5151515152e-01 2.2499777565e+00
2.8787878788e+00 -9.0909090909e-02 2.2521035573e+00
2.8787878788e+00 -3.0303030303e-02 2.2531687244e+00
2.8787878788e+00 3.0303030303e-02 2.2531687244e+00
2.8787878788e+00 9.0909090909e-02 2.2521035573e+00
2.8787878788e+00 1.5151515152e-01 2.2499777565e+00
2.8787878788e+00 2.1212121212e-01 2.2468003352e+00
2.8787878788e+00 2.7272727273e-01 2.2425846806e+00
2.8787878788e+00 3.3333333333e-01 2.2373483981e+00
2.8787878788e+00 3.9393939394e-01 2.2311131090e+00
2.8787878788e+00 4.5454545455e-01 2.2239042068e+00
2.8787878788e+00 5.1515151515e-01 2.2157505763e+00
2.8787878788e+00 5.7575757576e-01 2.2066842827e+00
2.8787878788e+00 6.3636363636e-01 2.1967402357e+00
2.8787878788e+00 6.9696969697e-01 2.1859558365e+00
2.8787878788e+00 7.5757575758e-01 2.1743706135e+00
2.8787878788e+00 8.1818181818e-01 2.1620258524e+00
2.8787878788e+00 8.7878787879e-01 2.1489642288e+00
2.8787878788e+00 9.3939393939e-01 2.1352294467e+00
2.8787878788e+00 1.0000000000e+00 2.1208658895e+00
2.8787878788e+00 1.0606060606e+00 2.1059182863e+00
2.8787878788e+00 1.1212121212e+00 2.0904313991e+00
2.8787878788e+00 1.1818181818e+00 2.0744497318e+00
2.8787878788e+00 1.2424242424e+00 2.0580172643e+00
2.8787878788e+00 1.3030303030e+00 2.0411772133e+00
2.8787878788e+00 1.3636363636e+00 2.0239718193e+00
2.8787878788e+00 1.4242424242e+00 2.0064421620e+00
2.8787878788e+00 1.4848484848e+00 1.9886280020e+00
2.8787878788e+00 1.5454545455e+00 1.9705676487e+00
2.8787878788e+00 1.6060606061e+00 1.9522978540e+00
2.8787878788e+00 1.6666666667e+00 1.9338537294e+00
2.8787878788e+00 1.7272727273e+00 1.9152686848e+00
2.8787878788e+00 1.7878787879e+00 1.8965743883e+00
2.8787878788e+00 1.8484848485e+00 1.8778007440e+00
2.8787878788e+00 1.9090909091e+00 1.8589758864e+00
2.8787878788e+00 1.9696969697e+00 1.8401261897e+00
2.8787878788e+00 2.0303030303e+00 1.8212762893e+00
2.8787878788e+00 2.0909090909e+00 1.8024491145e+00
2.8787878788e+00 2.1515151515e+00 1.7836659307e+00
2.8787878788e+00 2.2121212121e+00 1.7649463884e+00
2.8787878788e+00 2.2727272727e+00 1.7463085797e+00
2.8787878788e+00 2.3333333333e+00 1.7277690978e+00
2.8787878788e+00 2.3939393939e+00 1.7093431017e+00
2.8787878788e+00 2.4545454545e+00 1.6910443828e+00
2.8787878788e+00 2.5151515152e+00 1.6728854325e+00
2.8787878788e+00 2.5757575758e+00 1.6548775119e+00
2.8787878788e+00 2.6363636364e+00 1.6370307196e+00
2.8787878788e+00 2.6969696970e+00 1.6193540611e+00
2.8787878788e+00 2.7575757576e+00 1.6018555150e+00
2.8787878788e+00 2.8181818182e+00 1.5845420992e+00
2.8787878788e+00 2.8787878788e+00 1.5674199346e+00
2.8787878788e+00 2.9393939394e+00 1.5504943063e+00
2.8787878788e+00 3.0000000000e+00 1.5337697234e+00

2.9393939394e+00 -3.0000000000e+00 1.5179005418e+00
2.9393939394e+00 -2.9393939394e+00 1.5341056467e+00
2.9393939394e+00 -2.8787878788e+00 1.5504943063e+00
2.9393939394e+00 -2.8181818182e+00 1.5670616426e+00
2.9393939394e+00 -2.7575757576e+00 1.5838020274e+00
2.9393939394e+00 -2.6969696970e+00 1.6007090285e+00
2.9393939394e+00 -2.6363636364e+00 1.6177753538e+00
2.9393939394e+00 -2.5757575758e+00 1.6349927936e+00
2.9393939394e+00 -2.5151515152e+00 1.6523521623e+00
2.9393939394e+00 -2.4545454545e+00 1.6698432385e+00
2.9393939394e+00 -2.3939393939e+00 1.6874547048e+00
2.9393939394e+00 -2.3333333333e+00 1.7051740872e+00
2.9393939394e+00 -2.2727272727e+00 1.7229876960e+00
2.9393939394e+00 -2.2121212121e+00 1.7408805667e+00
2.9393939394e+00 -2.1515151515e+00 1.7588364041e+00
2.9393939394e+00 -2.0909090909e+00 1.7768375281e+00
2.9393939394e+00 -2.0303030303e+00 1.7948648244e+00
2.9393939394e+00 -1.9696969697e+00 1.8128977000e+00
2.9393939394e+00 -1.9090909091e+00 1.8309140443e+00
2.9393939394e+00 -1.8484848485e+00 1.8488901984e+00
2.9393939394e+00 -1.7878787879e+00 1.8668009333e+00
2.9393939394e+00 -1.7272727273e+00 1.8846194378e+00
2.9393939394e+00 -1.6666666667e+00 1.9023173194e+00
2.9393939394e+00 -1.6060606061e+00 1.9198646177e+00
2.9393939394e+00 -1.5454545455e+00 1.9372298341e+00
2.9393939394e+00 -1.4848484848e+00 1.9543799770e+00
2.9393939394e+00 -1.4242424242e+00 1.9712806267e+00
2.9393939394e+00 -1.3636363636e+00 1.9878960185e+00
2.9393939394e+00 -1.3030303030e+00 2.0041891481e+00
2.9393939394e+00 -1.2424242424e+00 2.0201218986e+00
2.9393939394e+00 -1.1818181818e+00 2.0356551896e+00
2.9393939394e+00 -1.1212121212e+00 2.0507491512e+00
2.9393939394e+00 -1.0606060606e+00 2.0653633197e+00
2.9393939394e+00 -1.0000000000e+00 2.0794568572e+00
2.9393939394e+00 -9.3939393939e-01 2.0929887931e+00
2.9393939394e+00 -8.7878787879e-01 2.1059182863e+00
2.9393939394e+00 -8.1818181818e-01 2.1182049053e+00
2.9393939394e+00 -7.5757575758e-01 2.1298089252e+00
2.9393939394e+00 -6.9696969697e-01 2.1406916368e+00
2.9393939394e+00 -6.3636363636e-01 2.1508156648e+00
2.9393939394e+00 -5.7575757576e-01 2.1601452905e+00
2.9393939394e+00 -5.1515151515e-01 2.1686467744e+00
2.9393939394e+00 -4.5454545455e-01 2.1762886732e+00
2.9393939394e+00 -3.9393939394e-01 2.1830421463e+00
2.9393939394e+00 -3.3333333333e-01 2.1888812462e+00
2.9393939394e+00 -2.7272727273e-01 2.1937831866e+00
2.9393939394e+00 -2.1212121212e-01 2.1977285841e+00
2.9393939394e+00 -1.5151515152e-01 2.2007016679e+00
2.9393939394e+00 -9.0909090909e-02 2.2026904528e+00
2.9393939394e+00 -3.0303030303e-02 2.2036868731e+00
2.9393939394e+00 3.0303030303e-02 2.2036868731e+00
2.9393939394e+00 9.0909090909e-02 2.2026904528e+00
2.9393939394e+00 1.5151515152e-01 2.2007016679e+00
2.9393939394e+00 2.1212121212e-01 2.1977285841e+00
2.9393939394e+00 2.7272727273e-01 2.1937831866e+00
2.9393939394e+00 3.3333333333e-01 2.1888812462e+00
2.9393939394e+00 3.9393939394e-01 2.1830421463e+00
2.9393939394e+00 4.5454545455e-01 2.1762886732e+00
2.9393939394e+00 5.1515151515e-01 2.1686467744e+00
2.9393939394e+00 5.7575757576e-01 2.1601452905e+00
2.9393939394e+00 6.3636363636e-01 2.1508156648e+00
2.9393939394e+00 6.9696969697e-01 2.1406916368e+00
2.9393939394e+00 7.5757575758e-01 2.1298089252e+00
2.9393939394e+00 8.1818181818e-01 2.1182049053e+00
2.9393939394e+00 8.7878787879e-01 2.1059182863e+00
2.9393939394e+00 9.3939393939e-01 2.0929887931e+00
2.9393939394e+00 1.0000000000e+00 2.0794568572e+00
2.9393939394e+00 1.0606060606e+00 2.0653633197e+00
2.9393939394e+00 1.1212121212e+00 2.0507491512e+00
2.9393939394e+00 1.1818181818e+00 2.0356551896e+00
2.9393939394e+00 1.2424242424e+00 2.0201218986e+00
2.9393939394e+00 1.3030303030e+00 2.0041891481e+00
2.9393939394e+00 1.3636363636e+00 1.9878960185e+00
2.9393939394e+00 1.4242424242e+00 1.9712806267e+00
2.9393939394e+00 1.4848484848e+00 1.9543799770e+00
2.9393939394e+00 1.5454545455e+00 1.9372298341e+00
2.9393939394e+00 1.6060606061e+00 1.9198646177e+00
2.9393939394e+00 1.6666666667e+00 1.9023173194e+00
2.9393939394e+00 1.7272727273e+00 1.8846194378e+00
2.9393939394e+00 1.7878787879e+00 1.8668009333e+00
2.9393939394e+00 1.8484848485e+00 1.8488901984e+00
2.9393939394e+00 1.9090909091e+00 1.8309140443e+00
2.9393939394e+00 1.9696969697e+00 1.8128977000e+00
2.9393939394e+00 2.0303030303e+00 1.7948648244e+00
2.9393939394e+00 2.0909090909e+00 1.7768375281e+00
2.9393939394e+00 2.1515151515e+00 1.7588364041e+00
2.9393939394e+00 2.2121212121e+00 1.7408805667e+00
2.9393939394e+00 2.2727272727e+00 1.7229876960e+00
2.9393939394e+00 2.3333333333e+00 1.7051740872e+00
2.9393939394e+00 2.3939393939e+00 1.6874547048e+00
2.9393939394e+00 2.4545454545e+00 1.6698432385e+00
2.9393939394e+00 2.5151515152e+00 1.6523521623e+00
2.9393939394e+00 2.5757575758e+00 1.6349927936e+00
2.9393939394e+00 2.6363636364e+00 1.6177753538e+00
2.9393939394e+00 2.6969696970e+00 1.6007090285e+00
2.9393939394e+00 2.7575757576e+00 1.5838020274e+00
2.9393939394e+00 2.8181818182e+00 1.5670616426e+00
2.9393939394e+00 2.8787878788e+00 1.5504943063e+00
2.9393939394e+00 2.9393939394e+00 1.5341056467e+00
2.9393939394e+00 3.0000000000e+00 1.5179005418e+00

3.0000000000e+00 -3.0000000000e+00 1.5021985632e+00
3.0000000000e+00 -2.9393939394e+00 1.5179005418e+00
3.0000000000e+00 -2.8787878788e+00 1.5337697234e+00
3.0000000000e+00 -2.8181818182e+00 1.5498009247e+00
3.0000000000e+00 -2.7575757576e+00 1.5659882397e+00
3.0000000000e+00 -2.6969696970e+00 1.5823249908e+00
3.0000000000e+00 -2.6363636364e+00 1.5988036789e+00
3.0000000000e+00 -2.5757575758e+00 1.6154159310e+00
3.0000000000e+00 -2.5151515152e+00 1.6321524486e+00
3.0000000000e+00 -2.4545454545e+00 1.6490029543e+00
3.0000000000e+00 -2.3939393939e+00 1.6659561394e+00
3.0000000000e+00 -2.3333333333e+00 1.6829996108e+00
3.0000000000e+00 -2.2727272727e+00 1.7001198400e+00
3.0000000000e+00 -2.2121212121e+00 1.7173021128e+00
3.0000000000e+00 -2.1515151515e+00 1.7345304820e+00
3.0000000000e+00 -2.0909090909e+00 1.7517877229e+00
3.0000000000e+00 -2.0303030303e+00 1.7690552932e+00
3.0000000000e+00 -1.9696969697e+00 1.7863132975e+00
3.0000000000e+00 -1.9090909091e+00 1.8035404586e+00
3.0000000000e+00 -1.8484848485e+00 1.8207140957e+00
3.0000000000e+00 -1.7878787879e+00 1.8378101109e+00
3.0000000000e+00 -1.7272727273e+00 1.8548029866e+00
3.0000000000e+00 -1.6666666667e+00 1.8716657928e+00
3.0000000000e+00 -1.6060606061e+00 1.8883702075e+00
3.0000000000e+00 -1.5454545455e+00 1.9048865514e+00
3.0000000000e+00 -1.4848484848e+00 1.9211838368e+00
3.0000000000e+00 -1.4242424242e+00 1.9372298341e+00
3.0000000000e+00 -1.3636363636e+00 1.9529911546e+00
3.0000000000e+00 -1.3030303030e+00 1.9684333530e+00
3.0000000000e+00 -1.2424242424e+00 1.9835210483e+00
3.0000000000e+00 -1.1818181818e+00 1.9982180653e+00
3.0000000000e+00 -1.1212121212e+00 2.0124875955e+00
3.0000000000e+00 -1.0606060606e+00 2.0262923784e+00
3.0000000000e+00 -1.0000000000e+00 2.0395949022e+00
3.0000000000e+00 -9.3939393939e-01 2.0523576224e+00
3.0000000000e+00 -8.7878787879e-01 2.0645431989e+00
3.0000000000e+00 -8.1818181818e-01 2.0761147466e+00
3.0000000000e+00 -7.5757575758e-01 2.0870360997e+00
3.0000000000e+00 -6.9696969697e-01 2.0972720864e+00
3.0000000000e+00 -6.3636363636e-01 2.1067888091e+00
3.0000000000e+00 -5.7575757576e-01 2.1155539280e+00
3.0000000000e+00 -5.1515151515e-01 2.1235369438e+00
3.0000000000e+00 -4.5454545455e-01 2.1307094743e+00
3.0000000000e+00 -3.9393939394e-01 2.1370455206e+00
3.0000000000e+00 -3.3333333333e-01 2.1425217191e+00
3.0000000000e+00 -2.7272727273e-01 2.1471175738e+00
3.0000000000e+00 -2.1212121212e-01 2.1508156648e+00
3.0000000000e+00 -1.5151515152e-01 2.1536018288e+00
3.0000000000e+00 -9.0909090909e-02 2.1554653084e+00
3.0000000000e+00 -3.0303030303e-02 2.1563988672e+00
3.0000000000e+00 3.0303030303e-02 2.1563988672e+00
3.0000000000e+00 9.0909090909e-02 2.1554653084e+00
3.0000000000e+00 1.5151515152e-01 2.1536018288e+00
3.0000000000e+00 2.1212121212e-01 2.1508156648e+00
3.0000000000e+00 2.7272727273e-01 2.1471175738e+00
3.0000000000e+00 3.3333333333e-01 2.1425217191e+00
3.0000000000e+00 3.9393939394e-01 2.1370455206e+00
3.0000000000e+00 4.5454545455e-01 2.1307094743e+00
3.0000000000e+00 5.1515151515e-01 2.1235369438e+00
3.0000000000e+00 5.7575757576e-01 2.1155539280e+00
3.0000000000e+00 6.3636363636e-01 2.1067888091e+00
3.0000000000e+00 6.9696969697e-01 2.0972720864e+00
3.0000000000e+00 7.5757575758e-01 2.0870360997e+00
3.0000000000e+00 8.1818181818e-01 2.0761147466e+00
3.0000000000e+00 8.7878787879e-01 2.0645431989e+00
3.0000000000e+00 9.3939393939e-01 2.0523576224e+00
3.0000000000e+00 1.0000000000e+00 2.0395949022e+00
3.0000000000e+00 1.0606060606e+00 2.0262923784e+00
3.0000000000e+00 1.1212121212e+00 2.0124875955e+00
3.0000000000e+00 1.1818181818e+00 1.9982180653e+00
3.0000000000e+00 1.2424242424e+00 1.9835210483e+00
3.0000000000e+00 1.3030303030e+00 1.9684333530e+00
3.0000000000e+00 1.3636363636e+00 1.9529911546e+00
3.0000000000e+00 1.4242424242e+00 1.9372298341e+00
3.0000000000e+00 1.4848484848e+00 1.9211838368e+00
3.0000000000e+00 1.5454545455e+00 1.9048865514e+00
3.0000000000e+00 1.6060606061e+00 1.8883702075e+00
3.0000000000e+00 1.6666666667e+00 1.8716657928e+00
3.0000000000e+00 1.7272727273e+00 1.8548029866e+00
3.0000000000e+00 1.7878787879e+00 1.8378101109e+00
3.0000000000e+00 1.8484848485e+00 1.8207140957e+00
3.0000000000e+00 1.9090909091e+00 1.8035404586e+00
3.0000000000e+00 1.9696969697e+00 1.7863132975e+00
3.0000000000e+00 2.0303030303e+00 1.7690552932e+00
3.0000000000e+00 2.0909090909e+00 1.7517877229e+00
3.0000000000e+00 2.1515151515e+00 1.7345304820e+00
3.0000000000e+00 2.2121212121e+00 1.7173021128e+00
3.0000000000e+00 2.2727272727e+00 1.7001198400e+00
3.0000000000e+00 2.3333333333e+00 1.6829996108e+00
3.0000000000e+00 2.3939393939e+00 1.6659561394e+00
3.0000000000e+00 2.4545454545e+00 1.6490029543e+00
3.0000000000e+00 2.5151515152e+00 1.6321524486e+00
3.0000000000e+00 2.5757575758e+00 1.6154159310e+00
3.0000000000e+00 2.6363636364e+00 1.5988036789e+00
3.0000000000e+00 2.6969696970e+00 1.5823249908e+00
3.0000000000e+00 2.7575757576e+00 1.5659882397e+00
3.0000000000e+00 2.8181818182e+00 1.5498009247e+00
3.0000000000e+00 2.8787878788e+00 1.5337697234e+00
3.0000000000e+00 2.9393939394e+00 1.5179005418e+00
3.0000000000e+00 3.0000000000e+00 1.5021985632e+00

