-3.0000000000e+00 -3.0000000000e+00 7.4307188515e-01
-3.0000000000e+00 -2.9393939394e+00 7.5066902188e-01
-3.0000000000e+00 -2.8787878788e+00 7.5834169325e-01
-3.0000000000e+00 -2.8181818182e+00 7.6608716937e-01
-3.0000000000e+00 -2.7575757576e+00 7.7390237373e-01
-3.0000000000e+00 -2.6969696970e+00 7.8178386118e-01
-3.0000000000e+00 -2.6363636364e+00 7.8972779539e-01
-3.0000000000e+00 -2.5757575758e+00 7.9772992597e-01
-3.0000000000e+00 -2.5151515152e+00 8.0578556546e-01
-3.0000000000e+00 -2.4545454545e+00 8.1388956614e-01
-3.0000000000e+00 -2.3939393939e+00 8.2203629718e-01
-3.0000000000e+00 -2.3333333333e+00 8.3021962211e-01
-3.0000000000e+00 -2.2727272727e+00 8.3843287698e-01
-3.0000000000e+00 -2.2121212121e+00 8.4666884950e-01
-3.0000000000e+00 -2.1515151515e+00 8.5491975956e-01
-3.0000000000e+00 -2.0909090909e+00 8.6317724135e-01
-3.0000000000e+00 -2.0303030303e+00 8.7143232766e-01
-3.0000000000e+00 -1.9696969697e+00 8.7967543668e-01
-3.0000000000e+00 -1.9090909091e+00 8.8789636188e-01
-3.0000000000e+00 -1.8484848485e+00 8.9608426536e-01
-3.0000000000e+00 -1.7878787879e+00 9.0422767531e-01
-3.0000000000e+00 -1.7272727273e+00 9.1231448809e-01
-3.0000000000e+00 -1.6666666667e+00 9.2033197542e-01
-3.0000000000e+00 -1.6060606061e+00 9.2826679740e-01
-3.0000000000e+00 -1.5454545455e+00 9.3610502173e-01
-3.0000000000e+00 -1.4848484848e+00 9.4383214981e-01
-3.0000000000e+00 -1.4242424242e+00 9.5143315011e-01
-3.0000000000e+00 -1.3636363636e+00 9.5889249926e-01
-3.0000000000e+00 -1.3030303030e+00 9.6619423126e-01
-3.0000000000e+00 -1.2424242424e+00 9.7332199503e-01
-3.0000000000e+00 -1.1818181818e+00 9.8025912048e-01
-3.0000000000e+00 -1.1212121212e+00 9.8698869308e-01
-3.0000000000e+00 -1.0606060606e+00 9.9349363686e-01
-3.0000000000e+00 -1.0000000000e+00 9.9975680548e-01
-3.0000000000e+00 -9.3939393939e-01 1.0057610809e+00
-3.0000000000e+00 -8.7878787879e-01 1.0114894792e+00
-3.0000000000e+00 -8.1818181818e-01 1.0169252619e+00
-3.0000000000e+00 -7.5757575758e-01 1.0220520533e+00
-3.0000000000e+00 -6.9696969697e-01 1.0268539602e+00
-3.0000000000e+00 -6.3636363636e-01 1.0313156954e+00
-3.0000000000e+00 -5.7575757576e-01 1.0354227007e+00
-3.0000000000e+00 -5.1515151515e-01 1.0391612694e+00
-3.0000000000e+00 -4.5454545455e-01 1.0425186659e+00
-3.0000000000e+00 -3.9393939394e-01 1.0454832404e+00
-3.0000000000e+00 -3.3333333333e-01 1.0480445370e+00
-3.0000000000e+00 -2.7272727273e-01 1.0501933931e+00
-3.0000000000e+00 -2.1212121212e-01 1.0519220282e+00
-3.0000000000e+00 -1.5151515152e-01 1.0532241216e+00
-3.0000000000e+00 -9.0909090909e-02 1.0540948751e+00
-3.0000000000e+00 -3.0303030303e-02 1.0545310627e+00
-3.0000000000e+00 3.0303030303e-02 1.0545310627e+00
-3.0000000000e+00 9.0909090909e-02 1.0540948751e+00
-3.0000000000e+00 1.5151515152e-01 1.0532241216e+00
-3.0000000000e+00 2.1212121212e-01 1.0519220282e+00
-3.0000000000e+00 2.7272727273e-01 1.0501933931e+00
-3.0000000000e+00 3.3333333333e-01 1.0480445370e+00
-3.0000000000e+00 3.9393939394e-01 1.0454832404e+00
-3.0000000000e+00 4.5454545455e-01 1.0425186659e+00
-3.0000000000e+00 5.1515151515e-01 1.0391612694e+00
-3.0000000000e+00 5.7575757576e-01 1.0354227007e+00
-3.0000000000e+00 6.3636363636e-01 1.0313156954e+00
-3.0000000000e+00 6.9696969697e-01 1.0268539602e+00
-3.0000000000e+00 7.5757575758e-01 1.0220520533e+00
-3.0000000000e+00 8.1818181818e-01 1.0169252619e+00
-3.0000000000e+00 8.7878787879e-01 1.0114894792e+00
-3.0000000000e+00 9.3939393939e-01 1.0057610809e+00
-3.0000000000e+00 1.0000000000e+00 9.9975680548e-01
-3.0000000000e+00 1.0606060606e+00 9.9349363686e-01
-3.0000000000e+00 1.1212121212e+00 9.8698869308e-01
-3.0000000000e+00 1.1818181818e+00 9.8025912048e-01
-3.0000000000e+00 1.2424242424e+00 9.7332199503e-01
-3.0000000000e+00 1.3030303030e+00 9.6619423126e-01
-3.0000000000e+00 1.3636363636e+00 9.5889249926e-01
-3.0000000000e+00 1.4242424242e+00 9.5143315011e-01
-3.0000000000e+00 1.4848484848e+00 9.4383214981e-01
-3.0000000000e+00 1.5454545455e+00 9.3610502173e-01
-3.0000000000e+00 1.6060606061e+00 9.2826679740e-01
-3.0000000000e+00 1.6666666667e+00 9.2033197542e-01
-3.0000000000e+00 1.7272727273e+00 9.1231448809e-01
-3.0000000000e+00 1.7878787879e+00 9.0422767531e-01
-3.0000000000e+00 1.8484848485e+00 8.9608426536e-01
-3.0000000000e+00 1.9090909091e+00 8.8789636188e-01
-3.0000000000e+00 1.9696969697e+00 8.7967543668e-01
-3.0000000000e+00 2.0303030303e+00 8.7143232766e-01
-3.0000000000e+00 2.0909090909e+00 8.6317724135e-01
-3.0000000000e+00 2.1515151515e+00 8.5491975956e-01
-3.0000000000e+00 2.2121212121e+00 8.4666884950e-01
-3.0000000000e+00 2.2727272727e+00 8.3843287698e-01
-3.0000000000e+00 2.3333333333e+00 8.3021962211e-01
-3.0000000000e+00 2.3939393939e+00 8.2203629718e-01
-3.0000000000e+00 2.4545454545e+00 8.1388956614e-01
-3.0000000000e+00 2.5151515152e+00 8.0578556546e-01
-3.0000000000e+00 2.5757575758e+00 7.9772992597e-01
-3.0000000000e+00 2.6363636364e+00 7.8972779539e-01
-3.0000000000e+00 2.6969696970e+00 7.8178386118e-01
-3.0000000000e+00 2.7575757576e+00 7.7390237373e-01
-3.0000000000e+00 2.8181818182e+00 7.6608716937e-01
-3.0000000000e+00 2.8787878788e+00 7.5834169325e-01
-3.0000000000e+00 2.9393939394e+00 7.5066902188e-01
-3.0000000000e+00 3.0000000000e+00 7.4307188515e-01

-2.9393939394e+00 -3.0000000000e+00 7.5066902188e-01
-2.9393939394e+00 -2.9393939394e+00 7.5850405184e-01
-2.9393939394e+00 -2.8787878788e+00 7.6642205046e-01
-2.9393939394e+00 -2.8181818182e+00 7.7442040674e-01
-2.9393939394e+00 -2.7575757576e+00 7.8249614889e-01
-2.9393939394e+00 -2.6969696970e+00 7.9064592008e-01
-2.9393939394e+00 -2.6363636364e+00 7.9886595339e-01
-2.9393939394e+00 -2.5757575758e+00 8.0715204632e-01
-2.9393939394e+00 -2.5151515152e+00 8.1549953489e-01
-2.9393939394e+00 -2.4545454545e+00 8.2390326748e-01
-2.9393939394e+00 -2.3939393939e+00 8.3235757869e-01
-2.9393939394e+00 -2.3333333333e+00 8.4085626344e-01
-2.9393939394e+00 -2.2727272727e+00 8.4939255161e-01
-2.9393939394e+00 -2.2121212121e+00 8.5795908347e-01
-2.9393939394e+00 -2.1515151515e+00 8.6654788636e-01
-2.9393939394e+00 -2.0909090909e+00 8.7515035299e-01
-2.9393939394e+00 -2.0303030303e+00 8.8375722177e-01
-2.9393939394e+00 -1.9696969697e+00 8.9235855979e-01
-2.9393939394e+00 -1.9090909091e+00 9.0094374874e-01
-2.9393939394e+00 -1.8484848485e+00 9.0950147468e-01
-2.9393939394e+00 -1.7878787879e+00 9.1801972195e-01
-2.9393939394e+00 -1.7272727273e+00 9.2648577207e-01
-2.9393939394e+00 -1.6666666667e+00 9.3488620820e-01
-2.9393939394e+00 -1.6060606061e+00 9.4320692578e-01
-2.9393939394e+00 -1.5454545455e+00 9.5143315011e-01
-2.9393939394e+00 -1.4848484848e+00 9.5954946146e-01
-2.9393939394e+00 -1.4242424242e+00 9.6753982828e-01
-2.9393939394e+00 -1.3636363636e+00 9.7538764914e-01
-2.9393939394e+00 -1.3030303030e+00 9.8307580375e-01
-2.9393939394e+00 -1.2424242424e+00 9.9058671357e-01
-2.9393939394e+00 -1.1818181818e+00 9.9790241219e-01
-2.9393939394e+00 -1.1212121212e+00 1.0050046255e+00
-2.9393939394e+00 -1.0606060606e+00 1.0118748617e+00
-2.9393939394e+00 -1.0000000000e+00 1.0184945109e+00
-2.9393939394e+00 -9.3939393939e-01 1.0248449536e+00
-2.9393939394e+00 -8.7878787879e-01 1.0309076777e+00
-2.9393939394e+00 -8.1818181818e-01 1.0366644029e+00
-2.9393939394e+00 -7.5757575758e-01 1.0420972108e+00
-2.9393939394e+00 -6.9696969697e-01 1.0471886808e+00
-2.9393939394e+00 -6.3636363636e-01 1.0519220282e+00
-2.9393939394e+00 -5.7575757576e-01 1.0562812440e+00
-2.9393939394e+00 -5.1515151515e-01 1.0602512339e+00
-2.9393939394e+00 -4.5454545455e-01 1.0638179548e+00
-2.9393939394e+00 -3.9393939394e-01 1.0669685455e+00
-2.9393939394e+00 -3.3333333333e-01 1.0696914506e+00
-2.9393939394e+00 -2.7272727273e-01 1.0719765347e+00
-2.9393939394e+00 -2.1212121212e-01 1.0738151846e+00
-2.9393939394e+00 -1.5151515152e-01 1.0752003983e+00
-2.9393939394e+00 -9.0909090909e-02 1.0761268582e+00
-2.9393939394e+00 -3.0303030303e-02 1.0765909872e+00
-2.9393939394e+00 3.0303030303e-02 1.0765909872e+00
-2.9393939394e+00 9.0909090909e-02 1.0761268582e+00
-2.9393939394e+00 1.5151515152e-01 1.0752003983e+00
-2.9393939394e+00 2.1212121212e-01 1.0738151846e+00
-2.9393939394e+00 2.7272727273e-01 1.0719765347e+00
-2.9393939394e+00 3.3333333333e-01 1.0696914506e+00
-2.9393939394e+00 3.9393939394e-01 1.0669685455e+00
-2.9393939394e+00 4.5454545455e-01 1.0638179548e+00
-2.9393939394e+00 5.1515151515e-01 1.0602512339e+00
-2.9393939394e+00 5.7575757576e-01 1.0562812440e+00
-2.9393939394e+00 6.3636363636e-01 1.0519220282e+00
-2.9393939394e+00 6.9696969697e-01 1.0471886808e+00
-2.9393939394e+00 7.5757575758e-01 1.0420972108e+00
-2.9393939394e+00 8.1818181818e-01 1.0366644029e+00
-2.9393939394e+00 8.7878787879e-01 1.0309076777e+00
-2.9393939394e+00 9.3939393939e-01 1.0248449536e+00
-2.9393939394e+00 1.0000000000e+00 1.0184945109e+00
-2.9393939394e+00 1.0606060606e+00 1.0118748617e+00
-2.9393939394e+00 1.1212121212e+00 1.0050046255e+00
-2.9393939394e+00 1.1818181818e+00 9.9790241219e-01
-2.9393939394e+00 1.2424242424e+00 9.9058671357e-01
-2.9393939394e+00 1.3030303030e+00 9.8307580375e-01
-2.9393939394e+00 1.3636363636e+00 9.7538764914e-01
-2.9393939394e+00 1.4242424242e+00 9.6753982828e-01
-2.9393939394e+00 1.4848484848e+00 9.5954946146e-01
-2.9393939394e+00 1.5454545455e+00 9.5143315011e-01
-2.9393939394e+00 1.6060606061e+00 9.4320692578e-01
-2.9393939394e+00 1.6666666667e+00 9.3488620820e-01
-2.9393939394e+00 1.7272727273e+00 9.2648577207e-01
-2.9393939394e+00 1.7878787879e+00 9.1801972195e-01
-2.9393939394e+00 1.8484848485e+00 9.0950147468e-01
-2.9393939394e+00 1.9090909091e+00 9.0094374874e-01
-2.9393939394e+00 1.9696969697e+00 8.9235855979e-01
-2.9393939394e+00 2.0303030303e+00 8.8375722177e-01
-2.9393939394e+00 2.0909090909e+00 8.7515035299e-01
-2.9393939394e+00 2.1515151515e+00 8.6654788636e-01
-2.9393939394e+00 2.2121212121e+00 8.5795908347e-01
-2.9393939394e+00 2.2727272727e+00 8.4939255161e-01
-2.9393939394e+00 2.3333333333e+00 8.4085626344e-01
-2.9393939394e+00 2.3939393939e+00 8.3235757869e-01
-2.9393939394e+00 2.4545454545e+00 8.2390326748e-01
-2.9393939394e+00 2.5151515152e+00 8.1549953489e-01
-2.9393939394e+00 2.5757575758e+00 8.0715204632e-01
-2.9393939394e+00 2.6363636364e+00 7.9886595339e-01
-2.9393939394e+00 2.6969696970e+00 7.9064592008e-01
-2.9393939394e+00 2.7575757576e+00 7.8249614889e-01
-2.9393939394e+00 2.8181818182e+00 7.7442040674e-01
-2.9393939394e+00 2.8787878788e+00 7.6642205046e-01
-2.9393939394e+00 2.9393939394e+00 7.5850405184e-01
-2.9393939394e+00 3.0000000000e+00 7.5066902188e-01

-2.8787878788e+00 -3.0000000000e+00 7.5834169325e-01
-2.8787878788e+00 -2.9393939394e+00 7.6642205046e-01
-2.8787878788e+00 -2.8787878788e+00 7.7459331572e-01
-2.8787878788e+00 -2.8181818182e+00 7.8285302364e-01
-2.8787878788e+00 -2.7575757576e+00 7.9119833438e-01
-2.8787878788e+00 -2.6969696970e+00 7.9962600696e-01
-2.8787878788e+00 -2.6363636364e+00 8.0813237157e-01
-2.8787878788e+00 -2.5757575758e+00 8.1671330127e-01
-2.8787878788e+00 -2.5151515152e+00 8.2536418293e-01
-2.8787878788e+00 -2.4545454545e+00 8.3407988778e-01
-2.8787878788e+00 -2.3939393939e+00 8.4285474175e-01
-2.8787878788e+00 -2.3333333333e+00 8.5168249581e-01
-2.8787878788e+00 -2.2727272727e+00 8.6055629661e-01
-2.8787878788e+00 -2.2121212121e+00 8.6946865781e-01
-2.8787878788e+00 -2.1515151515e+00 8.7841143246e-01
-2.8787878788e+00 -2.0909090909e+00 8.8737578684e-01
-2.8787878788e+00 -2.0303030303e+00 8.9635217633e-01
-2.8787878788e+00 -1.9696969697e+00 9.0533032378e-01
-2.8787878788e+00 -1.9090909091e+00 9.1429920100e-01
-2.8787878788e+00 -1.8484848485e+00 9.2324701408e-01
-2.8787878788e+00 -1.7878787879e+00 9.3216119312e-01
-2.8787878788e+00 -1.7272727273e+00 9.4102838721e-01
-2.8787878788e+00 -1.6666666667e+00 9.4983446527e-01
-2.8787878788e+00 -1.6060606061e+00 9.5856452380e-01
-2.8787878788e+00 -1.5454545455e+00 9.6720290199e-01
-2.8787878788e+00 -1.4848484848e+00 9.7573320521e-01
-2.8787878788e+00 -1.4242424242e+00 9.8413833752e-01
-2.8787878788e+00 -1.3636363636e+00 9.9240054396e-01
-2.8787878788e+00 -1.3030303030e+00 1.0005014631e+00
-2.8787878788e+00 -1.2424242424e+00 1.0084221903e+00
-2.8787878788e+00 -1.1818181818e+00 1.0161433529e+00
-2.8787878788e+00 -1.1212121212e+00 1.0236451954e+00
-2.8787878788e+00 -1.0606060606e+00 1.0309076777e+00
-2.8787878788e+00 -1.0000000000e+00 1.0379105834e+00
-2.8787878788e+00 -9.3939393939e-01 1.0446336392e+00
-2.8787878788e+00 -8.7878787879e-01 1.0510566444e+00
-2.8787878788e+00 -8.1818181818e-01 1.0571596091e+00
-2.8787878788e+00 -7.5757575758e-01 1.0629229006e+00
-2.8787878788e+00 -6.9696969697e-01 1.0683273953e+00
-2.8787878788e+00 -6.3636363636e-01 1.0733546352e+00
-2.8787878788e+00 -5.7575757576e-01 1.0779869862e+00
-2.8787878788e+00 -5.1515151515e-01 1.0822077968e+00
-2.8787878788e+00 -4.5454545455e-01 1.0860015531e+00
-2.8787878788e+00 -3.9393939394e-01 1.0893540292e+00
-2.8787878788e+00 -3.3333333333e-01 1.0922524291e+00
-2.8787878788e+00 -2.7272727273e-01 1.0946855184e+00
-2.8787878788e+00 -2.1212121212e-01 1.0966437418e+00
-2.8787878788e+00 -1.5151515152e-01 1.0981193262e+00
-2.8787878788e+00 -9.0909090909e-02 1.0991063650e+00
-2.8787878788e+00 -3.0303030303e-02 1.0996008837e+00
-2.8787878788e+00 3.0303030303e-02 1.0996008837e+00
-2.8787878788e+00 9.0909090909e-02 1.0991063650e+00
-2.8787878788e+00 1.5151515152e-01 1.0981193262e+00
-2.8787878788e+00 2.1212121212e-01 1.0966437418e+00
-2.8787878788e+00 2.7272727273e-01 1.0946855184e+00
-2.8787878788e+00 3.3333333333e-01 1.0922524291e+00
-2.8787878788e+00 3.9393939394e-01 1.0893540292e+00
-2.8787878788e+00 4.5454545455e-01 1.0860015531e+00
-2.8787878788e+00 5.1515151515e-01 1.0822077968e+00
-2.8787878788e+00 5.7575757576e-01 1.0779869862e+00
-2.8787878788e+00 6.3636363636e-01 1.0733546352e+00
-2.8787878788e+00 6.9696969697e-01 1.0683273953e+00
-2.8787878788e+00 7.5757575758e-01 1.0629229006e+00
-2.8787878788e+00 8.1818181818e-01 1.0571596091e+00
-2.8787878788e+00 8.7878787879e-01 1.0510566444e+00
-2.8787878788e+00 9.3939393939e-01 1.0446336392e+00
-2.8787878788e+00 1.0000000000e+00 1.0379105834e+00
-2.8787878788e+00 1.0606060606e+00 1.0309076777e+00
-2.8787878788e+00 1.1212121212e+00 1.0236451954e+00
-2.8787878788e+00 1.1818181818e+00 1.0161433529e+00
-2.8787878788e+00 1.2424242424e+00 1.0084221903e+00
-2.8787878788e+00 1.3030303030e+00 1.0005014631e+00
-2.8787878788e+00 1.3636363636e+00 9.9240054396e-01
-2.8787878788e+00 1.4242424242e+00 9.8413833752e-01
-2.8787878788e+00 1.4848484848e+00 9.7573320521e-01
-2.8787878788e+00 1.5454545455e+00 9.6720290199e-01
-2.8787878788e+00 1.6060606061e+00 9.5856452380e-01
-2.8787878788e+00 1.6666666667e+00 9.4983446527e-01
-2.8787878788e+00 1.7272727273e+00 9.4102838721e-01
-2.8787878788e+00 1.7878787879e+00 9.3216119312e-01
-2.8787878788e+00 1.8484848485e+00 9.2324701408e-01
-2.8787878788e+00 1.9090909091e+00 9.1429920100e-01
-2.8787878788e+00 1.9696969697e+00 9.0533032378e-01
-2.8787878788e+00 2.0303030303e+00 8.9635217633e-01
-2.8787878788e+00 2.0909090909e+00 8.8737578684e-01
-2.8787878788e+00 2.1515151515e+00 8.7841143246e-01
-2.8787878788e+00 2.2121212121e+00 8.6946865781e-01
-2.8787878788e+00 2.2727272727e+00 8.6055629661e-01
-2.8787878788e+00 2.3333333333e+00 8.5168249581e-01
-2.8787878788e+00 2.3939393939e+00 8.4285474175e-01
-2.8787878788e+00 2.4545454545e+00 8.3407988778e-01
-2.8787878788e+00 2.5151515152e+00 8.2536418293e-01
-2.8787878788e+00 2.5757575758e+00 8.1671330127e-01
-2.8787878788e+00 2.6363636364e+00 8.0813237157e-01
-2.8787878788e+00 2.6969696970e+00 7.9962600696e-01
-2.8787878788e+00 2.7575757576e+00 7.9119833438e-01
-2.8787878788e+00 2.8181818182e+00 7.8285302364e-01
-2.8787878788e+00 2.8787878788e+00 7.7459331572e-01
-2.8787878788e+00 2.9393939394e+00 7.6642205046e-01
-2.8787878788e+00 3.0000000000e+00 7.5834169325e-01

-2.8181818182e+00 -3.0000000000e+00 7.6608716937e-01
-2.8181818182e+00 -2.9393939394e+00 7.7442040674e-01
-2.8181818182e+00 -2.8787878788e+00 7.8285302364e-01
-2.8181818182e+00 -2.8181818182e+00 7.9138272996e-01
-2.8181818182e+00 -2.7575757576e+00 8.0000684819e-01
-2.8181818182e+00 -2.6969696970e+00 8.0872228410e-01
-2.8181818182e+00 -2.6363636364e+00 8.1752549635e-01
-2.8181818182e+00 -2.5757575758e+00 8.2641246499e-01
-2.8181818182e+00 -2.5151515152e+00 8.3537865914e-01
-2.8181818182e+00 -2.4545454545e+00 8.4441900395e-01
-2.8181818182e+00 -2.3939393939e+00 8.5352784699e-01
-2.8181818182e+00 -2.3333333333e+00 8.6269892449e-01
-2.8181818182e+00 -2.2727272727e+00 8.7192532760e-01
-2.8181818182e+00 -2.2121212121e+00 8.8119946904e-01
-2.8181818182e+00 -2.1515151515e+00 8.9051305068e-01
-2.8181818182e+00 -2.0909090909e+00 8.9985703230e-01
-2.8181818182e+00 -2.0303030303e+00 9.0922160235e-01
-2.8181818182e+00 -1.9696969697e+00 9.1859615101e-01
-2.8181818182e+00 -1.9090909091e+00 9.2796924645e-01
-2.8181818182e+00 -1.8484848485e+00 9.3732861492e-01
-2.8181818182e+00 -1.7878787879e+00 9.4666112546e-01
-2.8181818182e+00 -1.7272727273e+00 9.5595278000e-01
-2.8181818182e+00 -1.6666666667e+00 9.6518870992e-01
-2.8181818182e+00 -1.6060606061e+00 9.7435317975e-01
-2.8181818182e+00 -1.5454545455e+00 9.8342959916e-01
-2.8181818182e+00 -1.4848484848e+00 9.9240054396e-01
-2.8181818182e+00 -1.4242424242e+00 1.0012477872e+00
-2.8181818182e+00 -1.3636363636e+00 1.0099523411e+00
-2.8181818182e+00 -1.3030303030e+00 1.0184945109e+00
-2.8181818182e+00 -1.2424242424e+00 1.0268539602e+00
-2.8181818182e+00 -1.1818181818e+00 1.0350097905e+00
-2.8181818182e+00 -1.1212121212e+00 1.0429406328e+00
-2.8181818182e+00 -1.0606060606e+00 1.0506247527e+00
-2.8181818182e+00 -1.0000000000e+00 1.0580401694e+00
-2.8181818182e+00 -9.3939393939e-01 1.0651647863e+00
-2.8181818182e+00 -8.7878787879e-01 1.0719765347e+00
-2.8181818182e+00 -8.1818181818e-01 1.0784535275e+00
-2.8181818182e+00 -7.5757575758e-01 1.0845742232e+00
-2.8181818182e+00 -6.9696969697e-01 1.0903175970e+00
-2.8181818182e+00 -6.3636363636e-01 1.0956633175e+00
-2.8181818182e+00 -5.7575757576e-01 1.1005919272e+00
-2.8181818182e+00 -5.1515151515e-01 1.1050850226e+00
-2.8181818182e+00 -4.5454545455e-01 1.1091254323e+00
-2.8181818182e+00 -3.9393939394e-01 1.1126973894e+00
-2.8181818182e+00 -3.3333333333e-01 1.1157866947e+00
-2.8181818182e+00 -2.7272727273e-01 1.1183808688e+00
-2.8181818182e+00 -2.1212121212e-01 1.1204692882e+00
-2.8181818182e+00 -1.5151515152e-01 1.1220433043e+00
-2.8181818182e+00 -9.0909090909e-02 1.1230963416e+00
-2.8181818182e+00 -3.0303030303e-02 1.1236239734e+00
-2.8181818182e+00 3.0303030303e-02 1.1236239734e+00
-2.8181818182e+00 9.0909090909e-02 1.1230963416e+00
-2.8181818182e+00 1.5151515152e-01 1.1220433043e+00
-2.8181818182e+00 2.1212121212e-01 1.1204692882e+00
-2.8181818182e+00 2.7272727273e-01 1.1183808688e+00
-2.8181818182e+00 3.3333333333e-01 1.1157866947e+00
-2.8181818182e+00 3.9393939394e-01 1.1126973894e+00
-2.8181818182e+00 4.5454545455e-01 1.1091254323e+00
-2.8181818182e+00 5.1515151515e-01 1.1050850226e+00
-2.8181818182e+00 5.7575757576e-01 1.1005919272e+00
-2.8181818182e+00 6.3636363636e-01 1.0956633175e+00
-2.8181818182e+00 6.9696969697e-01 1.0903175970e+00
-2.8181818182e+00 7.5757575758e-01 1.0845742232e+00
-2.8181818182e+00 8.1818181818e-01 1.0784535275e+00
-2.8181818182e+00 8.7878787879e-01 1.0719765347e+00
-2.8181818182e+00 9.3939393939e-01 1.0651647863e+00
-2.8181818182e+00 1.0000000000e+00 1.0580401694e+00
-2.8181818182e+00 1.0606060606e+00 1.0506247527e+00
-2.8181818182e+00 1.1212121212e+00 1.0429406328e+00
-2.8181818182e+00 1.1818181818e+00 1.0350097905e+00
-2.8181818182e+00 1.2424242424e+00 1.0268539602e+00
-2.8181818182e+00 1.3030303030e+00 1.0184945109e+00
-2.8181818182e+00 1.3636363636e+00 1.0099523411e+00
-2.8181818182e+00 1.4242424242e+00 1.0012477872e+00
-2.8181818182e+00 1.4848484848e+00 9.9240054396e-01
-2.8181818182e+00 1.5454545455e+00 9.8342959916e-01
-2.8181818182e+00 1.6060606061e+00 9.7435317975e-01
-2.8181818182e+00 1.6666666667e+00 9.6518870992e-01
-2.8181818182e+00 1.7272727273e+00 9.5595278000e-01
-2.8181818182e+00 1.7878787879e+00 9.4666112546e-01
-2.8181818182e+00 1.8484848485e+00 9.3732861492e-01
-2.8181818182e+00 1.9090909091e+00 9.2796924645e-01
-2.8181818182e+00 1.9696969697e+00 9.1859615101e-01
-2.8181818182e+00 2.0303030303e+00 9.0922160235e-01
-2.8181818182e+00 2.0909090909e+00 8.9985703230e-01
-2.8181818182e+00 2.1515151515e+00 8.9051305068e-01
-2.8181818182e+00 2.2121212121e+00 8.8119946904e-01
-2.8181818182e+00 2.2727272727e+00 8.7192532760e-01
-2.8181818182e+00 2.3333333333e+00 8.6269892449e-01
-2.8181818182e+00 2.3939393939e+00 8.5352784699e-01
-2.8181818182e+00 2.4545454545e+00 8.4441900395e-01
-2.8181818182e+00 2.5151515152e+00 8.3537865914e-01
-2.8181818182e+00 2.5757575758e+00 8.2641246499e-01
-2.8181818182e+00 2.6363636364e+00 8.1752549635e-01
-2.8181818182e+00 2.6969696970e+00 8.0872228410e-01
-2.8181818182e+00 2.7575757576e+00 8.0000684819e-01
-2.8181818182e+00 2.8181818182e+00 7.9138272996e-01
-2.8181818182e+00 2.8787878788e+00 7.8285302364e-01
-2.8181818182e+00 2.9393939394e+00 7.7442040674e-01
-2.8181818182e+00 3.0000000000e+00 7.6608716937e-01

-2.7575757576e+00 -3.0000000000e+00 7.7390237373e-01
-2.7575757576e+00 -2.9393939394e+00 7.8249614889e-01
-2.7575757576e+00 -2.8787878788e+00 7.9119833438e-01
-2.7575757576e+00 -2.8181818182e+00 8.0000684819e-01
-2.7575757576e+00 -2.7575757576e+00 8.0891920889e-01
-2.7575757576e+00 -2.6969696970e+00 8.1793250364e-01
-2.7575757576e+00 -2.6363636364e+00 8.2704335477e-01
-2.7575757576e+00 -2.5757575758e+00 8.3624788505e-01
-2.7575757576e+00 -2.5151515152e+00 8.4554168172e-01
-2.7575757576e+00 -2.4545454545e+00 8.5491975956e-01
-2.7575757576e+00 -2.3939393939e+00 8.6437652310e-01
-2.7575757576e+00 -2.3333333333e+00 8.7390572825e-01
-2.7575757576e+00 -2.2727272727e+00 8.8350044372e-01
-2.7575757576e+00 -2.2121212121e+00 8.9315301252e-01
-2.7575757576e+00 -2.1515151515e+00 9.0285501407e-01
-2.7575757576e+00 -2.0909090909e+00 9.1259722730e-01
-2.7575757576e+00 -2.0303030303e+00 9.2236959545e-01
-2.7575757576e+00 -1.9696969697e+00 9.3216119312e-01
-2.7575757576e+00 -1.9090909091e+00 9.4196019643e-01
-2.7575757576e+00 -1.8484848485e+00 9.5175385691e-01
-2.7575757576e+00 -1.7878787879e+00 9.6152848018e-01
-2.7575757576e+00 -1.7272727273e+00 9.7126941030e-01
-2.7575757576e+00 -1.6666666667e+00 9.8096102082e-01
-2.7575757576e+00 -1.6060606061e+00 9.9058671357e-01
-2.7575757576e+00 -1.5454545455e+00 1.0001289263e+00
-2.7575757576e+00 -1.4848484848e+00 1.0095691505e+00
-2.7575757576e+00 -1.4242424242e+00 1.0188879596e+00
-2.7575757576e+00 -1.3636363636e+00 1.0280650506e+00
-2.7575757576e+00 -1.3030303030e+00 1.0370792975e+00
-2.7575757576e+00 -1.2424242424e+00 1.0459088192e+00
-2.7575757576e+00 -1.1818181818e+00 1.0545310627e+00
-2.7575757576e+00 -1.1212121212e+00 1.0629229006e+00
-2.7575757576e+00 -1.0606060606e+00 1.0710607448e+00
-2.7575757576e+00 -1.0000000000e+00 1.0789206751e+00
-2.7575757576e+00 -9.3939393939e-01 1.0864785836e+00
-2.7575757576e+00 -8.7878787879e-01 1.0937103327e+00
-2.7575757576e+00 -8.1818181818e-01 1.1005919272e+00
-2.7575757576e+00 -7.5757575758e-01 1.1070996972e+00
-2.7575757576e+00 -6.9696969697e-01 1.1132104917e+00
-2.7575757576e+00 -6.3636363636e-01 1.1189018786e+00
-2.7575757576e+00 -5.7575757576e-01 1.1241523496e+00
-2.7575757576e+00 -5.1515151515e-01 1.1289415268e+00
-2.7575757576e+00 -4.5454545455e-01 1.1332503661e+00
-2.7575757576e+00 -3.9393939394e-01 1.1370613562e+00
-2.7575757576e+00 -3.3333333333e-01 1.1403587070e+00
-2.7575757576e+00 -2.7272727273e-01 1.1431285252e+00
-2.7575757576e+00 -2.1212121212e-01 1.1453589724e+00
-2.7575757576e+00 -1.5151515152e-01 1.1470404036e+00
-2.7575757576e+00 -9.0909090909e-02 1.1481654811e+00
-2.7575757576e+00 -3.0303030303e-02 1.1487292629e+00
-2.7575757576e+00 3.0303030303e-02 1.1487292629e+00
-2.7575757576e+00 9.0909090909e-02 1.1481654811e+00
-2.7575757576e+00 1.5151515152e-01 1.1470404036e+00
-2.7575757576e+00 2.1212121212e-01 1.1453589724e+00
-2.7575757576e+00 2.7272727273e-01 1.1431285252e+00
-2.7575757576e+00 3.3333333333e-01 1.1403587070e+00
-2.7575757576e+00 3.9393939394e-01 1.1370613562e+00
-2.7575757576e+00 4.5454545455e-01 1.1332503661e+00
-2.7575757576e+00 5.1515151515e-01 1.1289415268e+00
-2.7575757576e+00 5.7575757576e-01 1.1241523496e+00
-2.7575757576e+00 6.3636363636e-01 1.1189018786e+00
-2.7575757576e+00 6.9696969697e-01 1.1132104917e+00
-2.7575757576e+00 7.5757575758e-01 1.1070996972e+00
-2.7575757576e+00 8.1818181818e-01 1.1005919272e+00
-2.7575757576e+00 8.7878787879e-01 1.0937103327e+00
-2.7575757576e+00 9.3939393939e-01 1.0864785836e+00
-2.7575757576e+00 1.0000000000e+00 1.0789206751e+00
-2.7575757576e+00 1.0606060606e+00 1.0710607448e+00
-2.7575757576e+00 1.1212121212e+00 1.0629229006e+00
-2.7575757576e+00 1.1818181818e+00 1.0545310627e+00
-2.7575757576e+00 1.2424242424e+00 1.0459088192e+00
-2.7575757576e+00 1.3030303030e+00 1.0370792975e+00
-2.7575757576e+00 1.3636363636e+00 1.0280650506e+00
-2.7575757576e+00 1.4242424242e+00 1.0188879596e+00
-2.7575757576e+00 1.4848484848e+00 1.0095691505e+00
-2.7575757576e+00 1.5454545455e+00 1.0001289263e+00
-2.7575757576e+00 1.6060606061e+00 9.9058671357e-01
-2.7575757576e+00 1.6666666667e+00 9.8096102082e-01
-2.7575757576e+00 1.7272727273e+00 9.7126941030e-01
-2.7575757576e+00 1.7878787879e+00 9.6152848018e-01
-2.7575757576e+00 1.8484848485e+00 9.5175385691e-01
-2.7575757576e+00 1.9090909091e+00 9.4196019643e-01
-2.7575757576e+00 1.9696969697e+00 9.3216119312e-01
-2.7575757576e+00 2.0303030303e+00 9.2236959545e-01
-2.7575757576e+00 2.0909090909e+00 9.1259722730e-01
-2.7575757576e+00 2.1515151515e+00 9.0285501407e-01
-2.7575757576e+00 2.2121212121e+00 8.9315301252e-01
-2.7575757576e+00 2.2727272727e+00 8.8350044372e-01
-2.7575757576e+00 2.3333333333e+00 8.7390572825e-01
-2.7575757576e+00 2.3939393939e+00 8.6437652310e-01
-2.7575757576e+00 2.4545454545e+00 8.5491975956e-01
-2.7575757576e+00 2.5151515152e+00 8.4554168172e-01
-2.7575757576e+00 2.5757575758e+00 8.3624788505e-01
-2.7575757576e+00 2.6363636364e+00 8.2704335477e-01
-2.7575757576e+00 2.6969696970e+00 8.1793250364e-01
-2.7575757576e+00 2.7575757576e+00 8.0891920889e-01
-2.7575757576e+00 2.8181818182e+00 8.0000684819e-01
-2.7575757576e+00 2.8787878788e+00 7.9119833438e-01
-2.7575757576e+00 2.9393939394e+00 7.8249614889e-01
-2.7575757576e+00 3.0000000000e+00 7.7390237373e-01

-2.6969696970e+00 -3.0000000000e+00 7.8178386118e-01
-2.6969696970e+00 -2.9393939394e+00 7.9064592008e-01
-2.6969696970e+00 -2.8787878788e+00 7.9962600696e-01
-2.6969696970e+00 -2.8181818182e+00 8.0872228410e-01
-2.6969696970e+00 -2.7575757576e+00 8.1793250364e-01
-2.6969696970e+00 -2.6969696970e+00 8.2725397268e-01
-2.6969696970e+00 -2.6363636364e+00 8.3668351678e-01
-2.6969696970e+00 -2.5757575758e+00 8.4621744167e-01
-2.6969696970e+00 -2.5151515152e+00 8.5585149353e-01
-2.6969696970e+00 -2.4545454545e+00 8.6558081778e-01
-2.6969696970e+00 -2.3939393939e+00 8.7539991671e-01
-2.6969696970e+00 -2.3333333333e+00 8.8530260616e-01
-2.6969696970e+00 -2.2727272727e+00 8.9528197158e-01
-2.6969696970e+00 -2.2121212121e+00 9.0533032378e-01
-2.6969696970e+00 -2.1515151515e+00 9.1543915495e-01
-2.6969696970e+00 -2.0909090909e+00 9.2559909538e-01
-2.6969696970e+00 -2.0303030303e+00 9.3579987147e-01
-2.6969696970e+00 -1.9696969697e+00 9.4603026596e-01
-2.6969696970e+00 -1.9090909091e+00 9.5627808082e-01
-2.6969696970e+00 -1.8484848485e+00 9.6653010409e-01
-2.6969696970e+00 -1.7878787879e+00 9.7677208135e-01
-2.6969696970e+00 -1.7272727273e+00 9.8698869308e-01
-2.6969696970e+00 -1.6666666667e+00 9.9716353902e-01
-2.6969696970e+00 -1.6060606061e+00 1.0072791308e+00
-2.6969696970e+00 -1.5454545455e+00 1.0173168940e+00
-2.6969696970e+00 -1.4848484848e+00 1.0272571813e+00
-2.6969696970e+00 -1.4242424242e+00 1.0370792975e+00
-2.6969696970e+00 -1.3636363636e+00 1.0467615383e+00
-2.6969696970e+00 -1.3030303030e+00 1.0562812440e+00
-2.6969696970e+00 -1.2424242424e+00 1.0656148683e+00
-2.6969696970e+00 -1.1818181818e+00 1.0747380649e+00
-2.6969696970e+00 -1.1212121212e+00 1.0836257910e+00
-2.6969696970e+00 -1.0606060606e+00 1.0922524291e+00
-2.6969696970e+00 -1.0000000000e+00 1.1005919272e+00
-2.6969696970e+00 -9.3939393939e-01 1.1086179561e+00
-2.6969696970e+00 -8.7878787879e-01 1.1163040852e+00
-2.6969696970e+00 -8.1818181818e-01 1.1236239734e+00
-2.6969696970e+00 -7.5757575758e-01 1.1305515747e+00
-2.6969696970e+00 -6.9696969697e-01 1.1370613562e+00
-2.6969696970e+00 -6.3636363636e-01 1.1431285252e+00
-2.6969696970e+00 -5.7575757576e-01 1.1487292629e+00
-2.6969696970e+00 -5.1515151515e-01 1.1538409605e+00
-2.6969696970e+00 -4.5454545455e-01 1.1584424537e+00
-2.6969696970e+00 -3.9393939394e-01 1.1625142519e+00
-2.6969696970e+00 -3.3333333333e-01 1.1660387560e+00
-2.6969696970e+00 -2.7272727273e-01 1.1690004628e+00
-2.6969696970e+00 -2.1212121212e-01 1.1713861487e+00
-2.6969696970e+00 -1.5151515152e-01 1.1731850309e+00
-2.6969696970e+00 -9.0909090909e-02 1.1743889009e+00
-2.6969696970e+00 -3.0303030303e-02 1.1749922275e+00
-2.6969696970e+00 3.0303030303e-02 1.1749922275e+00
-2.6969696970e+00 9.0909090909e-02 1.1743889009e+00
-2.6969696970e+00 1.5151515152e-01 1.1731850309e+00
-2.6969696970e+00 2.1212121212e-01 1.1713861487e+00
-2.6969696970e+00 2.7272727273e-01 1.1690004628e+00
-2.6969696970e+00 3.3333333333e-01 1.1660387560e+00
-2.6969696970e+00 3.9393939394e-01 1.1625142519e+00
-2.6969696970e+00 4.5454545455e-01 1.1584424537e+00
-2.6969696970e+00 5.1515151515e-01 1.1538409605e+00
-2.6969696970e+00 5.7575757576e-01 1.1487292629e+00
-2.6969696970e+00 6.3636363636e-01 1.1431285252e+00
-2.6969696970e+00 6.9696969697e-01 1.1370613562e+00
-2.6969696970e+00 7.5757575758e-01 1.1305515747e+00
-2.6969696970e+00 8.1818181818e-01 1.1236239734e+00
-2.6969696970e+00 8.7878787879e-01 1.1163040852e+00
-2.6969696970e+00 9.3939393939e-01 1.1086179561e+00
-2.6969696970e+00 1.0000000000e+00 1.1005919272e+00
-2.6969696970e+00 1.0606060606e+00 1.0922524291e+00
-2.6969696970e+00 1.1212121212e+00 1.0836257910e+00
-2.6969696970e+00 1.1818181818e+00 1.0747380649e+00
-2.6969696970e+00 1.2424242424e+00 1.0656148683e+00
-2.6969696970e+00 1.3030303030e+00 1.0562812440e+00
-2.6969696970e+00 1.3636363636e+00 1.0467615383e+00
-2.6969696970e+00 1.4242424242e+00 1.0370792975e+00
-2.6969696970e+00 1.4848484848e+00 1.0272571813e+00
-2.6969696970e+00 1.5454545455e+00 1.0173168940e+00
-2.6969696970e+00 1.6060606061e+00 1.0072791308e+00
-2.6969696970e+00 1.6666666667e+00 9.9716353902e-01
-2.6969696970e+00 1.7272727273e+00 9.8698869308e-01
-2.6969696970e+00 1.7878787879e+00 9.7677208135e-01
-2.6969696970e+00 1.8484848485e+00 9.6653010409e-01
-2.6969696970e+00 1.9090909091e+00 9.5627808082e-01
-2.6969696970e+00 1.9696969697e+00 9.4603026596e-01
-2.6969696970e+00 2.0303030303e+00 9.3579987147e-01
-2.6969696970e+00 2.0909090909e+00 9.2559909538e-01
-2.6969696970e+00 2.1515151515e+00 9.1543915495e-01
-2.6969696970e+00 2.2121212121e+00 9.0533032378e-01
-2.6969696970e+00 2.2727272727e+00 8.9528197158e-01
-2.6969696970e+00 2.3333333333e+00 8.8530260616e-01
-2.6969696970e+00 2.3939393939e+00 8.7539991671e-01
-2.6969696970e+00 2.4545454545e+00 8.6558081778e-01
-2.6969696970e+00 2.5151515152e+00 8.5585149353e-01
-2.6969696970e+00 2.5757575758e+00 8.4621744167e-01
-2.6969696970e+00 2.6363636364e+00 8.3668351678e-01
-2.6969696970e+00 2.6969696970e+00 8.2725397268e-01
-2.6969696970e+00 2.7575757576e+00 8.1793250364e-01
-2.6969696970e+00 2.8181818182e+00 8.0872228410e-01
-2.6969696970e+00 2.8787878788e+00 7.9962600696e-01
-2.6969696970e+00 2.9393939394e+00 7.9064592008e-01
-2.6969696970e+00 3.0000000000e+00 7.8178386118e-01

-2.6363636364e+00 -3.0000000000e+00 7.8972779539e-01
-2.6363636364e+00 -2.9393939394e+00 7.9886595339e-01
-2.6363636364e+00 -2.8787878788e+00 8.0813237157e-01
-2.6363636364e+00 -2.8181818182e+00 8.1752549635e-01
-2.6363636364e+00 -2.7575757576e+00 8.2704335477e-01
-2.6363636364e+00 -2.6969696970e+00 8.3668351678e-01
-2.6363636364e+00 -2.6363636364e+00 8.4644305531e-01
-2.6363636364e+00 -2.5757575758e+00 8.5631850440e-01
-2.6363636364e+00 -2.5151515152e+00 8.6630581535e-01
-2.6363636364e+00 -2.4545454545e+00 8.7640031098e-01
-2.6363636364e+00 -2.3939393939e+00 8.8659663836e-01
-2.6363636364e+00 -2.3333333333e+00 8.9688872002e-01
-2.6363636364e+00 -2.2727272727e+00 9.0726970415e-01
-2.6363636364e+00 -2.2121212121e+00 9.1773191407e-01
-2.6363636364e+00 -2.1515151515e+00 9.2826679740e-01
-2.6363636364e+00 -2.0909090909e+00 9.3886487557e-01
-2.6363636364e+00 -2.0303030303e+00 9.4951569434e-01
-2.6363636364e+00 -1.9696969697e+00 9.6020777591e-01
-2.6363636364e+00 -1.9090909091e+00 9.7092857381e-01
-2.6363636364e+00 -1.8484848485e+00 9.8166443119e-01
-2.6363636364e+00 -1.7878787879e+00 9.9240054396e-01
-2.6363636364e+00 -1.7272727273e+00 1.0031209297e+00
-2.6363636364e+00 -1.6666666667e+00 1.0138084041e+00
-2.6363636364e+00 -1.6060606061e+00 1.0244445655e+00
-2.6363636364e+00 -1.5454545455e+00 1.0350097905e+00
-2.6363636364e+00 -1.4848484848e+00 1.0454832404e+00
-2.6363636364e+00 -1.4242424242e+00 1.0558428817e+00
-2.6363636364e+00 -1.3636363636e+00 1.0660655213e+00
-2.6363636364e+00 -1.3030303030e+00 1.0761268582e+00
-2.6363636364e+00 -1.2424242424e+00 1.0860015531e+00
-2.6363636364e+00 -1.1818181818e+00 1.0956633175e+00
-2.6363636364e+00 -1.1212121212e+00 1.1050850226e+00
-2.6363636364e+00 -1.0606060606e+00 1.1142388297e+00
-2.6363636364e+00 -1.0000000000e+00 1.1230963416e+00
-2.6363636364e+00 -9.3939393939e-01 1.1316287754e+00
-2.6363636364e+00 -8.7878787879e-01 1.1398071559e+00
-2.6363636364e+00 -8.1818181818e-01 1.1476025287e+00
-2.6363636364e+00 -7.5757575758e-01 1.1549861907e+00
-2.6363636364e+00 -6.9696969697e-01 1.1619299364e+00
-2.6363636364e+00 -6.3636363636e-01 1.1684063157e+00
-2.6363636364e+00 -5.7575757576e-01 1.1743889009e+00
-2.6363636364e+00 -5.1515151515e-01 1.1798525572e+00
-2.6363636364e+00 -4.5454545455e-01 1.1847737137e+00
-2.6363636364e+00 -3.9393939394e-01 1.1891306277e+00
-2.6363636364e+00 -3.3333333333e-01 1.1929036383e+00
-2.6363636364e+00 -2.7272727273e-01 1.1960754037e+00
-2.6363636364e+00 -2.1212121212e-01 1.1986311160e+00
-2.6363636364e+00 -1.5151515152e-01 1.2005586897e+00
-2.6363636364e+00 -9.0909090909e-02 1.2018489181e+00
-2.6363636364e+00 -3.0303030303e-02 1.2024955944e+00
-2.6363636364e+00 3.0303030303e-02 1.2024955944e+00
-2.6363636364e+00 9.0909090909e-02 1.2018489181e+00
-2.6363636364e+00 1.5151515152e-01 1.2005586897e+00
-2.6363636364e+00 2.1212121212e-01 1.1986311160e+00
-2.6363636364e+00 2.7272727273e-01 1.1960754037e+00
-2.6363636364e+00 3.3333333333e-01 1.1929036383e+00
-2.6363636364e+00 3.9393939394e-01 1.1891306277e+00
-2.6363636364e+00 4.5454545455e-01 1.1847737137e+00
-2.6363636364e+00 5.1515151515e-01 1.1798525572e+00
-2.6363636364e+00 5.7575757576e-01 1.1743889009e+00
-2.6363636364e+00 6.3636363636e-01 1.1684063157e+00
-2.6363636364e+00 6.9696969697e-01 1.1619299364e+00
-2.6363636364e+00 7.5757575758e-01 1.1549861907e+00
-2.6363636364e+00 8.1818181818e-01 1.1476025287e+00
-2.6363636364e+00 8.7878787879e-01 1.1398071559e+00
-2.6363636364e+00 9.3939393939e-01 1.1316287754e+00
-2.6363636364e+00 1.0000000000e+00 1.1230963416e+00
-2.6363636364e+00 1.0606060606e+00 1.1142388297e+00
-2.6363636364e+00 1.1212121212e+00 1.1050850226e+00
-2.6363636364e+00 1.1818181818e+00 1.0956633175e+00
-2.6363636364e+00 1.2424242424e+00 1.0860015531e+00
-2.6363636364e+00 1.3030303030e+00 1.0761268582e+00
-2.6363636364e+00 1.3636363636e+00 1.0660655213e+00
-2.6363636364e+00 1.4242424242e+00 1.0558428817e+00
-2.6363636364e+00 1.4848484848e+00 1.0454832404e+00
-2.6363636364e+00 1.5454545455e+00 1.0350097905e+00
-2.6363636364e+00 1.6060606061e+00 1.0244445655e+00
-2.6363636364e+00 1.6666666667e+00 1.0138084041e+00
-2.6363636364e+00 1.7272727273e+00 1.0031209297e+00
-2.6363636364e+00 1.7878787879e+00 9.9240054396e-01
-2.6363636364e+00 1.8484848485e+00 9.8166443119e-01
-2.6363636364e+00 1.9090909091e+00 9.7092857381e-01
-2.6363636364e+00 1.9696969697e+00 9.6020777591e-01
-2.6363636364e+00 2.0303030303e+00 9.4951569434e-01
-2.6363636364e+00 2.0909090909e+00 9.3886487557e-01
-2.6363636364e+00 2.1515151515e+00 9.2826679740e-01
-2.6363636364e+00 2.2121212121e+00 9.1773191407e-01
-2.6363636364e+00 2.2727272727e+00 9.0726970415e-01
-2.6363636364e+00 2.3333333333e+00 8.9688872002e-01
-2.6363636364e+00 2.3939393939e+00 8.8659663836e-01
-2.6363636364e+00 2.4545454545e+00 8.7640031098e-01
-2.6363636364e+00 2.5151515152e+00 8.6630581535e-01
-2.6363636364e+00 2.5757575758e+00 8.5631850440e-01
-2.6363636364e+00 2.6363636364e+00 8.4644305531e-01
-2.6363636364e+00 2.6969696970e+00 8.3668351678e-01
-2.6363636364e+00 2.7575757576e+00 8.2704335477e-01
-2.6363636364e+00 2.8181818182e+00 8.1752549635e-01
-2.6363636364e+00 2.8787878788e+00 8.0813237157e-01
-2.6363636364e+00 2.9393939394e+00 7.9886595339e-01
-2.6363636364e+00 3.0000000000e+00 7.8972779539e-01

-2.5757575758e+00 -3.0000000000e+00 7.9772992597e-01
-2.5757575758e+00 -2.9393939394e+00 8.0715204632e-01
-2.5757575758e+00 -2.8787878788e+00 8.1671330127e-01
-2.5757575758e+00 -2.8181818182e+00 8.2641246499e-01
-2.5757575758e+00 -2.7575757576e+00 8.3624788505e-01
-2.5757575758e+00 -2.6969696970e+00 8.4621744167e-01
-2.5757575758e+00 -2.6363636364e+00 8.5631850440e-01
-2.5757575758e+00 -2.5757575758e+00 8.6654788636e-01
-2.5757575758e+00 -2.5151515152e+00 8.7690179604e-01
-2.5757575758e+00 -2.4545454545e+00 8.8737578684e-01
-2.5757575758e+00 -2.3939393939e+00 8.9796470440e-01
-2.5757575758e+00 -2.3333333333e+00 9.0866263197e-01
-2.5757575758e+00 -2.2727272727e+00 9.1946283427e-01
-2.5757575758e+00 -2.2121212121e+00 9.3035769986e-01
-2.5757575758e+00 -2.1515151515e+00 9.4133868294e-01
-2.5757575758e+00 -2.0909090909e+00 9.5239624470e-01
-2.5757575758e+00 -2.0303030303e+00 9.6351979532e-01
-2.5757575758e+00 -1.9696969697e+00 9.7469763706e-01
-2.5757575758e+00 -1.9090909091e+00 9.8591690967e-01
-2.5757575758e+00 -1.8484848485e+00 9.9716353902e-01
-2.5757575758e+00 -1.7878787879e+00 1.0084221903e+00
-2.5757575758e+00 -1.7272727273e+00 1.0196762271e+00
-2.5757575758e+00 -1.6666666667e+00 1.0309076777e+00
-2.5757575758e+00 -1.6060606061e+00 1.0420972108e+00
-2.5757575758e+00 -1.5454545455e+00 1.0532241216e+00
-2.5757575758e+00 -1.4848484848e+00 1.0642663308e+00
-2.5757575758e+00 -1.4242424242e+00 1.0752003983e+00
-2.5757575758e+00 -1.3636363636e+00 1.0860015531e+00
-2.5757575758e+00 -1.3030303030e+00 1.0966437418e+00
-2.5757575758e+00 -1.2424242424e+00 1.1070996972e+00
-2.5757575758e+00 -1.1818181818e+00 1.1173410293e+00
-2.5757575758e+00 -1.1212121212e+00 1.1273383389e+00
-2.5757575758e+00 -1.0606060606e+00 1.1370613562e+00
-2.5757575758e+00 -1.0000000000e+00 1.1464791039e+00
-2.5757575758e+00 -9.3939393939e-01 1.1555600863e+00
-2.5757575758e+00 -8.7878787879e-01 1.1642725023e+00
-2.5757575758e+00 -8.1818181818e-01 1.1725844829e+00
-2.5757575758e+00 -7.5757575758e-01 1.1804643494e+00
-2.5757575758e+00 -6.9696969697e-01 1.1878808922e+00
-2.5757575758e+00 -6.3636363636e-01 1.1948036637e+00
-2.5757575758e+00 -5.7575757576e-01 1.2012032841e+00
-2.5757575758e+00 -5.1515151515e-01 1.2070517520e+00
-2.5757575758e+00 -4.5454545455e-01 1.2123227577e+00
-2.5757575758e+00 -3.9393939394e-01 1.2169919895e+00
-2.5757575758e+00 -3.3333333333e-01 1.2210374293e+00
-2.5757575758e+00 -2.7272727273e-01 1.2244396295e+00
-2.5757575758e+00 -2.1212121212e-01 1.2271819650e+00
-2.5757575758e+00 -1.5151515152e-01 1.2292508537e+00
-2.5757575758e+00 -9.0909090909e-02 1.2306359413e+00
-2.5757575758e+00 -3.0303030303e-02 1.2313302435e+00
-2.5757575758e+00 3.0303030303e-02 1.2313302435e+00
-2.5757575758e+00 9.0909090909e-02 1.2306359413e+00
-2.5757575758e+00 1.5151515152e-01 1.2292508537e+00
-2.5757575758e+00 2.1212121212e-01 1.2271819650e+00
-2.5757575758e+00 2.7272727273e-01 1.2244396295e+00
-2.5757575758e+00 3.3333333333e-01 1.2210374293e+00
-2.5757575758e+00 3.9393939394e-01 1.2169919895e+00
-2.5757575758e+00 4.5454545455e-01 1.2123227577e+00
-2.5757575758e+00 5.1515151515e-01 1.2070517520e+00
-2.5757575758e+00 5.7575757576e-01 1.2012032841e+00
-2.5757575758e+00 6.3636363636e-01 1.1948036637e+00
-2.5757575758e+00 6.9696969697e-01 1.1878808922e+00
-2.5757575758e+00 7.5757575758e-01 1.1804643494e+00
-2.5757575758e+00 8.1818181818e-01 1.1725844829e+00
-2.5757575758e+00 8.7878787879e-01 1.1642725023e+00
-2.5757575758e+00 9.3939393939e-01 1.1555600863e+00
-2.5757575758e+00 1.0000000000e+00 1.1464791039e+00
-2.5757575758e+00 1.0606060606e+00 1.1370613562e+00
-2.5757575758e+00 1.1212121212e+00 1.1273383389e+00
-2.5757575758e+00 1.1818181818e+00 1.1173410293e+00
-2.5757575758e+00 1.2424242424e+00 1.1070996972e+00
-2.5757575758e+00 1.3030303030e+00 1.0966437418e+00
-2.5757575758e+00 1.3636363636e+00 1.0860015531e+00
-2.5757575758e+00 1.4242424242e+00 1.0752003983e+00
-2.5757575758e+00 1.4848484848e+00 1.0642663308e+00
-2.5757575758e+00 1.5454545455e+00 1.0532241216e+00
-2.5757575758e+00 1.6060606061e+00 1.0420972108e+00
-2.5757575758e+00 1.6666666667e+00 1.0309076777e+00
-2.5757575758e+00 1.7272727273e+00 1.0196762271e+00
-2.5757575758e+00 1.7878787879e+00 1.0084221903e+00
-2.5757575758e+00 1.8484848485e+00 9.9716353902e-01
-2.5757575758e+00 1.9090909091e+00 9.8591690967e-01
-2.5757575758e+00 1.9696969697e+00 9.7469763706e-01
-2.5757575758e+00 2.0303030303e+00 9.6351979532e-01
-2.5757575758e+00 2.0909090909e+00 9.5239624470e-01
-2.5757575758e+00 2.1515151515e+00 9.4133868294e-01
-2.5757575758e+00 2.2121212121e+00 9.3035769986e-01
-2.5757575758e+00 2.2727272727e+00 9.1946283427e-01
-2.5757575758e+00 2.3333333333e+00 9.0866263197e-01
-2.5757575758e+00 2.3939393939e+00 8.9796470440e-01
-2.5757575758e+00 2.4545454545e+00 8.8737578684e-01
-2.5757575758e+00 2.5151515152e+00 8.7690179604e-01
-2.5757575758e+00 2.5757575758e+00 8.6654788636e-01
-2.5757575758e+00 2.6363636364e+00 8.5631850440e-01
-2.5757575758e+00 2.6969696970e+00 8.4621744167e-01
-2.5757575758e+00 2.7575757576e+00 8.3624788505e-01
-2.5757575758e+00 2.8181818182e+00 8.2641246499e-01
-2.5757575758e+00 2.8787878788e+00 8.1671330127e-01
-2.5757575758e+00 2.9393939394e+00 8.0715204632e-01
-2.5757575758e+00 3.0000000000e+00 7.9772992597e-01

-2.5151515152e+00 -3.0000000000e+00 8.0578556546e-01
-2.5151515152e+00 -2.9393939394e+00 8.1549953489e-01
-2.5151515152e+00 -2.8787878788e+00 8.2536418293e-01
-2.5151515152e+00 -2.8181818182e+00 8.3537865914e-01
-2.5151515152e+00 -2.7575757576e+00 8.4554168172e-01
-2.5151515152e+00 -2.6969696970e+00 8.5585149353e-01
-2.5151515152e+00 -2.6363636364e+00 8.6630581535e-01
-2.5151515152e+00 -2.5757575758e+00 8.7690179604e-01
-2.5151515152e+00 -2.5151515152e+00 8.8763595987e-01
-2.5151515152e+00 -2.4545454545e+00 8.9850415089e-01
-2.5151515152e+00 -2.3939393939e+00 9.0950147468e-01
-2.5151515152e+00 -2.3333333333e+00 9.2062223735e-01
-2.5151515152e+00 -2.2727272727e+00 9.3185988245e-01
-2.5151515152e+00 -2.2121212121e+00 9.4320692578e-01
-2.5151515152e+00 -2.1515151515e+00 9.5465488884e-01
-2.5151515152e+00 -2.0909090909e+00 9.6619423126e-01
-2.5151515152e+00 -2.0303030303e+00 9.7781428313e-01
-2.5151515152e+00 -1.9696969697e+00 9.8950317795e-01
-2.5151515152e+00 -1.9090909091e+00 1.0012477872e+00
-2.5151515152e+00 -1.8484848485e+00 1.0130336578e+00
-2.5151515152e+00 -1.7878787879e+00 1.0248449536e+00
-2.5151515152e+00 -1.7272727273e+00 1.0366644029e+00
-2.5151515152e+00 -1.6666666667e+00 1.0484732529e+00
-2.5151515152e+00 -1.6060606061e+00 1.0602512339e+00
-2.5151515152e+00 -1.5454545455e+00 1.0719765347e+00
-2.5151515152e+00 -1.4848484848e+00 1.0836257910e+00
-2.5151515152e+00 -1.4242424242e+00 1.0951740905e+00
-2.5151515152e+00 -1.3636363636e+00 1.1065949955e+00
-2.5151515152e+00 -1.3030303030e+00 1.1178605863e+00
-2.5151515152e+00 -1.2424242424e+00 1.1289415268e+00
-2.5151515152e+00 -1.1818181818e+00 1.1398071559e+00
-2.5151515152e+00 -1.1212121212e+00 1.1504256050e+00
-2.5151515152e+00 -1.0606060606e+00 1.1607639444e+00
-2.5151515152e+00 -1.0000000000e+00 1.1707883579e+00
-2.5151515152e+00 -9.3939393939e-01 1.1804643494e+00
-2.5151515152e+00 -8.7878787879e-01 1.1897569767e+00
-2.5151515152e+00 -8.1818181818e-01 1.1986311160e+00
-2.5151515152e+00 -7.5757575758e-01 1.2070517520e+00
-2.5151515152e+00 -6.9696969697e-01 1.2149842925e+00
-2.5151515152e+00 -6.3636363636e-01 1.2223949025e+00
-2.5151515152e+00 -5.7575757576e-01 1.2292508537e+00
-2.5151515152e+00 -5.1515151515e-01 1.2355208840e+00
-2.5151515152e+00 -4.5454545455e-01 1.2411755585e+00
-2.5151515152e+00 -3.9393939394e-01 1.2461876270e+00
-2.5151515152e+00 -3.3333333333e-01 1.2505323686e+00
-2.5151515152e+00 -2.7272727273e-01 1.2541879166e+00
-2.5151515152e+00 -2.1212121212e-01 1.2571355542e+00
-2.5151515152e+00 -1.5151515152e-01 1.2593599748e+00
-2.5151515152e+00 -9.0909090909e-02 1.2608495000e+00
-2.5151515152e+00 -3.0303030303e-02 1.2615962477e+00
-2.5151515152e+00 3.0303030303e-02 1.2615962477e+00
-2.5151515152e+00 9.0909090909e-02 1.2608495000e+00
-2.5151515152e+00 1.5151515152e-01 1.2593599748e+00
-2.5151515152e+00 2.1212121212e-01 1.2571355542e+00
-2.5151515152e+00 2.7272727273e-01 1.2541879166e+00
-2.5151515152e+00 3.3333333333e-01 1.2505323686e+00
-2.5151515152e+00 3.9393939394e-01 1.2461876270e+00
-2.5151515152e+00 4.5454545455e-01 1.2411755585e+00
-2.5151515152e+00 5.1515151515e-01 1.2355208840e+00
-2.5151515152e+00 5.7575757576e-01 1.2292508537e+00
-2.5151515152e+00 6.3636363636e-01 1.2223949025e+00
-2.5151515152e+00 6.9696969697e-01 1.2149842925e+00
-2.5151515152e+00 7.5757575758e-01 1.2070517520e+00
-2.5151515152e+00 8.1818181818e-01 1.1986311160e+00
-2.5151515152e+00 8.7878787879e-01 1.1897569767e+00
-2.5151515152e+00 9.3939393939e-01 1.1804643494e+00
-2.5151515152e+00 1.0000000000e+00 1.1707883579e+00
-2.5151515152e+00 1.0606060606e+00 1.1607639444e+00
-2.5151515152e+00 1.1212121212e+00 1.1504256050e+00
-2.5151515152e+00 1.1818181818e+00 1.1398071559e+00
-2.5151515152e+00 1.2424242424e+00 1.1289415268e+00
-2.5151515152e+00 1.3030303030e+00 1.1178605863e+00
-2.5151515152e+00 1.3636363636e+00 1.1065949955e+00
-2.5151515152e+00 1.4242424242e+00 1.0951740905e+00
-2.5151515152e+00 1.4848484848e+00 1.0836257910e+00
-2.5151515152e+00 1.5454545455e+00 1.0719765347e+00
-2.5151515152e+00 1.6060606061e+00 1.0602512339e+00
-2.5151515152e+00 1.6666666667e+00 1.0484732529e+00
-2.5151515152e+00 1.7272727273e+00 1.0366644029e+00
-2.5151515152e+00 1.7878787879e+00 1.0248449536e+00
-2.5151515152e+00 1.8484848485e+00 1.0130336578e+00
-2.5151515152e+00 1.9090909091e+00 1.0012477872e+00
-2.5151515152e+00 1.9696969697e+00 9.8950317795e-01
-2.5151515152e+00 2.0303030303e+00 9.7781428313e-01
-2.5151515152e+00 2.0909090909e+00 9.6619423126e-01
-2.5151515152e+00 2.1515151515e+00 9.5465488884e-01
-2.5151515152e+00 2.2121212121e+00 9.4320692578e-01
-2.5151515152e+00 2.2727272727e+00 9.3185988245e-01
-2.5151515152e+00 2.3333333333e+00 9.2062223735e-01
-2.5151515152e+00 2.3939393939e+00 9.0950147468e-01
-2.5151515152e+00 2.4545454545e+00 8.9850415089e-01
-2.5151515152e+00 2.5151515152e+00 8.8763595987e-01
-2.5151515152e+00 2.5757575758e+00 8.7690179604e-01
-2.5151515152e+00 2.6363636364e+00 8.6630581535e-01
-2.5151515152e+00 2.6969696970e+00 8.5585149353e-01
-2.5151515152e+00 2.7575757576e+00 8.4554168172e-01
-2.5151515152e+00 2.8181818182e+00 8.3537865914e-01
-2.5151515152e+00 2.8787878788e+00 8.2536418293e-01
-2.5151515152e+00 2.9393939394e+00 8.1549953489e-01
-2.5151515152e+00 3.0000000000e+00 8.0578556546e-01

-2.4545454545e+00 -3.0000000000e+00 8.1388956614e-01
-2.4545454545e+00 -2.9393939394e+00 8.2390326748e-01
-2.4545454545e+00 -2.8787878788e+00 8.3407988778e-01
-2.4545454545e+00 -2.8181818182e+00 8.4441900395e-01
-2.4545454545e+00 -2.7575757576e+00 8.5491975956e-01
-2.4545454545e+00 -2.6969696970e+00 8.6558081778e-01
-2.4545454545e+00 -2.6363636364e+00 8.7640031098e-01
-2.4545454545e+00 -2.5757575758e+00 8.8737578684e-01
-2.4545454545e+00 -2.5151515152e+00 8.9850415089e-01
-2.4545454545e+00 -2.4545454545e+00 9.0978160562e-01
-2.4545454545e+00 -2.3939393939e+00 9.2120358611e-01
-2.4545454545e+00 -2.3333333333e+00 9.3276469242e-01
-2.4545454545e+00 -2.2727272727e+00 9.4445861890e-01
-2.4545454545e+00 -2.2121212121e+00 9.5627808082e-01
-2.4545454545e+00 -2.1515151515e+00 9.6821473861e-01
-2.4545454545e+00 -2.0909090909e+00 9.8025912048e-01
-2.4545454545e+00 -2.0303030303e+00 9.9240054396e-01
-2.4545454545e+00 -1.9696969697e+00 1.0046270373e+00
-2.4545454545e+00 -1.9090909091e+00 1.0169252619e+00
-2.4545454545e+00 -1.8484848485e+00 1.0292804367e+00
-2.4545454545e+00 -1.7878787879e+00 1.0416762665e+00
-2.4545454545e+00 -1.7272727273e+00 1.0540948751e+00
-2.4545454545e+00 -1.6666666667e+00 1.0665167467e+00
-2.4545454545e+00 -1.6060606061e+00 1.0789206751e+00
-2.4545454545e+00 -1.5454545455e+00 1.0912837265e+00
-2.4545454545e+00 -1.4848484848e+00 1.1035812147e+00
-2.4545454545e+00 -1.4242424242e+00 1.1157866947e+00
-2.4545454545e+00 -1.3636363636e+00 1.1278719756e+00
-2.4545454545e+00 -1.3030303030e+00 1.1398071559e+00
-2.4545454545e+00 -1.2424242424e+00 1.1515606843e+00
-2.4545454545e+00 -1.1818181818e+00 1.1630994498e+00
-2.4545454545e+00 -1.1212121212e+00 1.1743889009e+00
-2.4545454545e+00 -1.0606060606e+00 1.1853931985e+00
-2.4545454545e+00 -1.0000000000e+00 1.1960754037e+00
-2.4545454545e+00 -9.3939393939e-01 1.2063976999e+00
-2.4545454545e+00 -8.7878787879e-01 1.2163216515e+00
-2.4545454545e+00 -8.1818181818e-01 1.2258084962e+00
-2.4545454545e+00 -7.5757575758e-01 1.2348194716e+00
-2.4545454545e+00 -6.9696969697e-01 1.2433161701e+00
-2.4545454545e+00 -6.3636363636e-01 1.2512609206e+00
-2.4545454545e+00 -5.7575757576e-01 1.2586171895e+00
-2.4545454545e+00 -5.1515151515e-01 1.2653499952e+00
-2.4545454545e+00 -4.5454545455e-01 1.2714263275e+00
-2.4545454545e+00 -3.9393939394e-01 1.2768155651e+00
-2.4545454545e+00 -3.3333333333e-01 1.2814898787e+00
-2.4545454545e+00 -2.7272727273e-01 1.2854246132e+00
-2.4545454545e+00 -2.1212121212e-01 1.2885986365e+00
-2.4545454545e+00 -1.5151515152e-01 1.2909946480e+00
-2.4545454545e+00 -9.0909090909e-02 1.2925994358e+00
-2.4545454545e+00 -3.0303030303e-02 1.2934040777e+00
-2.4545454545e+00 3.0303030303e-02 1.2934040777e+00
-2.4545454545e+00 9.0909090909e-02 1.2925994358e+00
-2.4545454545e+00 1.5151515152e-01 1.2909946480e+00
-2.4545454545e+00 2.1212121212e-01 1.2885986365e+00
-2.4545454545e+00 2.7272727273e-01 1.2854246132e+00
-2.4545454545e+00 3.3333333333e-01 1.2814898787e+00
-2.4545454545e+00 3.9393939394e-01 1.2768155651e+00
-2.4545454545e+00 4.5454545455e-01 1.2714263275e+00
-2.4545454545e+00 5.1515151515e-01 1.2653499952e+00
-2.4545454545e+00 5.7575757576e-01 1.2586171895e+00
-2.4545454545e+00 6.3636363636e-01 1.2512609206e+00
-2.4545454545e+00 6.9696969697e-01 1.2433161701e+00
-2.4545454545e+00 7.5757575758e-01 1.2348194716e+00
-2.4545454545e+00 8.1818181818e-01 1.2258084962e+00
-2.4545454545e+00 8.7878787879e-01 1.2163216515e+00
-2.4545454545e+00 9.3939393939e-01 1.2063976999e+00
-2.4545454545e+00 1.0000000000e+00 1.1960754037e+00
-2.4545454545e+00 1.0606060606e+00 1.1853931985e+00
-2.4545454545e+00 1.1212121212e+00 1.1743889009e+00
-2.4545454545e+00 1.1818181818e+00 1.1630994498e+00
-2.4545454545e+00 1.2424242424e+00 1.1515606843e+00
-2.4545454545e+00 1.3030303030e+00 1.1398071559e+00
-2.4545454545e+00 1.3636363636e+00 1.1278719756e+00
-2.4545454545e+00 1.4242424242e+00 1.1157866947e+00
-2.4545454545e+00 1.4848484848e+00 1.1035812147e+00
-2.4545454545e+00 1.5454545455e+00 1.0912837265e+00
-2.4545454545e+00 1.6060606061e+00 1.0789206751e+00
-2.4545454545e+00 1.6666666667e+00 1.0665167467e+00
-2.4545454545e+00 1.7272727273e+00 1.0540948751e+00
-2.4545454545e+00 1.7878787879e+00 1.0416762665e+00
-2.4545454545e+00 1.8484848485e+00 1.0292804367e+00
-2.4545454545e+00 1.9090909091e+00 1.0169252619e+00
-2.4545454545e+00 1.9696969697e+00 1.0046270373e+00
-2.4545454545e+00 2.0303030303e+00 9.9240054396e-01
-2.4545454545e+00 2.0909090909e+00 9.8025912048e-01
-2.4545454545e+00 2.1515151515e+00 9.6821473861e-01
-2.4545454545e+00 2.2121212121e+00 9.5627808082e-01
-2.4545454545e+00 2.2727272727e+00 9.4445861890e-01
-2.4545454545e+00 2.3333333333e+00 9.3276469242e-01
-2.4545454545e+00 2.3939393939e+00 9.2120358611e-01
-2.4545454545e+00 2.4545454545e+00 9.0978160562e-01
-2.4545454545e+00 2.5151515152e+00 8.9850415089e-01
-2.4545454545e+00 2.5757575758e+00 8.8737578684e-01
-2.4545454545e+00 2.6363636364e+00 8.7640031098e-01
-2.4545454545e+00 2.6969696970e+00 8.6558081778e-01
-2.4545454545e+00 2.7575757576e+00 8.5491975956e-01
-2.4545454545e+00 2.8181818182e+00 8.4441900395e-01
-2.4545454545e+00 2.8787878788e+00 8.3407988778e-01
-2.4545454545e+00 2.9393939394e+00 8.2390326748e-01
-2.4545454545e+00 3.0000000000e+00 8.1388956614e-01

-2.3939393939e+00 -3.0000000000e+00 8.2203629718e-01
-2.3939393939e+00 -2.9393939394e+00 8.3235757869e-01
-2.3939393939e+00 -2.8787878788e+00 8.4285474175e-01
-2.3939393939e+00 -2.8181818182e+00 8.5352784699e-01
-2.3939393939e+00 -2.7575757576e+00 8.6437652310e-01
-2.3939393939e+00 -2.6969696970e+00 8.7539991671e-01
-2.3939393939e+00 -2.6363636364e+00 8.8659663836e-01
-2.3939393939e+00 -2.5757575758e+00 8.9796470440e-01
-2.3939393939e+00 -2.5151515152e+00 9.0950147468e-01
-2.3939393939e+00 -2.4545454545e+00 9.2120358611e-01
-2.3939393939e+00 -2.3939393939e+00 9.3306688198e-01
-2.3939393939e+00 -2.3333333333e+00 9.4508633719e-01
-2.3939393939e+00 -2.2727272727e+00 9.5725597956e-01
-2.3939393939e+00 -2.2121212121e+00 9.6956880750e-01
-2.3939393939e+00 -2.1515151515e+00 9.8201670433e-01
-2.3939393939e+00 -2.0909090909e+00 9.9459035003e-01
-2.3939393939e+00 -2.0303030303e+00 1.0072791308e+00
-2.3939393939e+00 -1.9696969697e+00 1.0200710476e+00
-2.3939393939e+00 -1.9090909091e+00 1.0329526247e+00
-2.3939393939e+00 -1.8484848485e+00 1.0459088192e+00
-2.3939393939e+00 -1.7878787879e+00 1.0589229339e+00
-2.3939393939e+00 -1.7272727273e+00 1.0719765347e+00
-2.3939393939e+00 -1.6666666667e+00 1.0850493743e+00
-2.3939393939e+00 -1.6060606061e+00 1.0981193262e+00
-2.3939393939e+00 -1.5454545455e+00 1.1111623295e+00
-2.3939393939e+00 -1.4848484848e+00 1.1241523496e+00
-2.3939393939e+00 -1.4242424242e+00 1.1370613562e+00
-2.3939393939e+00 -1.3636363636e+00 1.1498593228e+00
-2.3939393939e+00 -1.3030303030e+00 1.1625142519e+00
-2.3939393939e+00 -1.2424242424e+00 1.1749922275e+00
-2.3939393939e+00 -1.1818181818e+00 1.1872575004e+00
-2.3939393939e+00 -1.1212121212e+00 1.1992726084e+00
-2.3939393939e+00 -1.0606060606e+00 1.2109985338e+00
-2.3939393939e+00 -1.0000000000e+00 1.2223949025e+00
-2.3939393939e+00 -9.3939393939e-01 1.2334202236e+00
-2.3939393939e+00 -8.7878787879e-01 1.2440321727e+00
-2.3939393939e+00 -8.1818181818e-01 1.2541879166e+00
-2.3939393939e+00 -7.5757575758e-01 1.2638444786e+00
-2.3939393939e+00 -6.9696969697e-01 1.2729591406e+00
-2.3939393939e+00 -6.3636363636e-01 1.2814898787e+00
-2.3939393939e+00 -5.7575757576e-01 1.2893958238e+00
-2.3939393939e+00 -5.1515151515e-01 1.2966377412e+00
-2.3939393939e+00 -4.5454545455e-01 1.3031785193e+00
-2.3939393939e+00 -3.9393939394e-01 1.3089836574e+00
-2.3939393939e+00 -3.3333333333e-01 1.3140217397e+00
-2.3939393939e+00 -2.7272727273e-01 1.3182648863e+00
-2.3939393939e+00 -2.1212121212e-01 1.3216891667e+00
-2.3939393939e+00 -1.5151515152e-01 1.3242749652e+00
-2.3939393939e+00 -9.0909090909e-02 1.3260072885e+00
-2.3939393939e+00 -3.0303030303e-02 1.3268760040e+00
-2.3939393939e+00 3.0303030303e-02 1.3268760040e+00
-2.3939393939e+00 9.0909090909e-02 1.3260072885e+00
-2.3939393939e+00 1.5151515152e-01 1.3242749652e+00
-2.3939393939e+00 2.1212121212e-01 1.3216891667e+00
-2.3939393939e+00 2.7272727273e-01 1.3182648863e+00
-2.3939393939e+00 3.3333333333e-01 1.3140217397e+00
-2.3939393939e+00 3.9393939394e-01 1.3089836574e+00
-2.3939393939e+00 4.5454545455e-01 1.3031785193e+00
-2.3939393939e+00 5.1515151515e-01 1.2966377412e+00
-2.3939393939e+00 5.7575757576e-01 1.2893958238e+00
-2.3939393939e+00 6.3636363636e-01 1.2814898787e+00
-2.3939393939e+00 6.9696969697e-01 1.2729591406e+00
-2.3939393939e+00 7.5757575758e-01 1.2638444786e+00
-2.3939393939e+00 8.1818181818e-01 1.2541879166e+00
-2.3939393939e+00 8.7878787879e-01 1.2440321727e+00
-2.3939393939e+00 9.3939393939e-01 1.2334202236e+00
-2.3939393939e+00 1.0000000000e+00 1.2223949025e+00
-2.3939393939e+00 1.0606060606e+00 1.2109985338e+00
-2.3939393939e+00 1.1212121212e+00 1.1992726084e+00
-2.3939393939e+00 1.1818181818e+00 1.1872575004e+00
-2.3939393939e+00 1.2424242424e+00 1.1749922275e+00
-2.3939393939e+00 1.3030303030e+00 1.1625142519e+00
-2.3939393939e+00 1.3636363636e+00 1.1498593228e+00
-2.3939393939e+00 1.4242424242e+00 1.1370613562e+00
-2.3939393939e+00 1.4848484848e+00 1.1241523496e+00
-2.3939393939e+00 1.5454545455e+00 1.1111623295e+00
-2.3939393939e+00 1.6060606061e+00 1.0981193262e+00
-2.3939393939e+00 1.6666666667e+00 1.0850493743e+00
-2.3939393939e+00 1.7272727273e+00 1.0719765347e+00
-2.3939393939e+00 1.7878787879e+00 1.0589229339e+00
-2.3939393939e+00 1.8484848485e+00 1.0459088192e+00
-2.3939393939e+00 1.9090909091e+00 1.0329526247e+00
-2.3939393939e+00 1.9696969697e+00 1.0200710476e+00
-2.3939393939e+00 2.0303030303e+00 1.0072791308e+00
-2.3939393939e+00 2.0909090909e+00 9.9459035003e-01
-2.3939393939e+00 2.1515151515e+00 9.8201670433e-01
-2.3939393939e+00 2.2121212121e+00 9.6956880750e-01
-2.3939393939e+00 2.2727272727e+00 9.5725597956e-01
-2.3939393939e+00 2.3333333333e+00 9.4508633719e-01
-2.3939393939e+00 2.3939393939e+00 9.3306688198e-01
-2.3939393939e+00 2.4545454545e+00 9.2120358611e-01
-2.3939393939e+00 2.5151515152e+00 9.0950147468e-01
-2.3939393939e+00 2.5757575758e+00 8.9796470440e-01
-2.3939393939e+00 2.6363636364e+00 8.8659663836e-01
-2.3939393939e+00 2.6969696970e+00 8.7539991671e-01
-2.3939393939e+00 2.7575757576e+00 8.6437652310e-01
-2.3939393939e+00 2.8181818182e+00 8.5352784699e-01
-2.3939393939e+00 2.8787878788e+00 8.4285474175e-01
-2.3939393939e+00 2.9393939394e+00 8.3235757869e-01
-2.3939393939e+00 3.0000000000e+00 8.2203629718e-01

-2.3333333333e+00 -3.0000000000e+00 8.3021962211e-01
-2.3333333333e+00 -2.9393939394e+00 8.4085626344e-01
-2.3333333333e+00 -2.8787878788e+00 8.5168249581e-01
-2.3333333333e+00 -2.8181818182e+00 8.6269892449e-01
-2.3333333333e+00 -2.7575757576e+00 8.7390572825e-01
-2.3333333333e+00 -2.6969696970e+00 8.8530260616e-01
-2.3333333333e+00 -2.6363636364e+00 8.9688872002e-01
-2.3333333333e+00 -2.5757575758e+00 9.0866263197e-01
-2.3333333333e+00 -2.5151515152e+00 9.2062223735e-01
-2.3333333333e+00 -2.4545454545e+00 9.3276469242e-01
-2.3333333333e+00 -2.3939393939e+00 9.4508633719e-01
-2.3333333333e+00 -2.3333333333e+00 9.5758261313e-01
-2.3333333333e+00 -2.2727272727e+00 9.7024797598e-01
-2.3333333333e+00 -2.2121212121e+00 9.8307580375e-01
-2.3333333333e+00 -2.1515151515e+00 9.9605830041e-01
-2.3333333333e+00 -2.0909090909e+00 1.0091863956e+00
-2.3333333333e+00 -2.0303030303e+00 1.0224496413e+00
-2.3333333333e+00 -1.9696969697e+00 1.0358361055e+00
-2.3333333333e+00 -1.9090909091e+00 1.0493322655e+00
-2.3333333333e+00 -1.8484848485e+00 1.0629229006e+00
-2.3333333333e+00 -1.7878787879e+00 1.0765909872e+00
-2.3333333333e+00 -1.7272727273e+00 1.0903175970e+00
-2.3333333333e+00 -1.6666666667e+00 1.1040818015e+00
-2.3333333333e+00 -1.6060606061e+00 1.1178605863e+00
-2.3333333333e+00 -1.5454545455e+00 1.1316287754e+00
-2.3333333333e+00 -1.4848484848e+00 1.1453589724e+00
-2.3333333333e+00 -1.4242424242e+00 1.1590215202e+00
-2.3333333333e+00 -1.3636363636e+00 1.1725844829e+00
-2.3333333333e+00 -1.3030303030e+00 1.1860136562e+00
-2.3333333333e+00 -1.2424242424e+00 1.1992726084e+00
-2.3333333333e+00 -1.1818181818e+00 1.2123227577e+00
-2.3333333333e+00 -1.1212121212e+00 1.2251234892e+00
-2.3333333333e+00 -1.0606060606e+00 1.2376323162e+00
-2.3333333333e+00 -1.0000000000e+00 1.2498050881e+00
-2.3333333333e+00 -9.3939393939e-01 1.2615962477e+00
-2.3333333333e+00 -8.7878787879e-01 1.2729591406e+00
-2.3333333333e+00 -8.1818181818e-01 1.2838463736e+00
-2.3333333333e+00 -7.5757575758e-01 1.2942102245e+00
-2.3333333333e+00 -6.9696969697e-01 1.3040030970e+00
-2.3333333333e+00 -6.3636363636e-01 1.3131780177e+00
-2.3333333333e+00 -5.7575757576e-01 1.3216891667e+00
-2.3333333333e+00 -5.1515151515e-01 1.3294924334e+00
-2.3333333333e+00 -4.5454545455e-01 1.3365459871e+00
-2.3333333333e+00 -3.9393939394e-01 1.3428108487e+00
-2.3333333333e+00 -3.3333333333e-01 1.3482514507e+00
-2.3333333333e+00 -2.7272727273e-01 1.3528361705e+00
-2.3333333333e+00 -2.1212121212e-01 1.3565378226e+00
-2.3333333333e+00 -1.5151515152e-01 1.3593340944e+00
-2.3333333333e+00 -9.0909090909e-02 1.3612079137e+00
-2.3333333333e+00 -3.0303030303e-02 1.3621477347e+00
-2.3333333333e+00 3.0303030303e-02 1.3621477347e+00
-2.3333333333e+00 9.0909090909e-02 1.3612079137e+00
-2.3333333333e+00 1.5151515152e-01 1.3593340944e+00
-2.3333333333e+00 2.1212121212e-01 1.3565378226e+00
-2.3333333333e+00 2.7272727273e-01 1.3528361705e+00
-2.3333333333e+00 3.3333333333e-01 1.3482514507e+00
-2.3333333333e+00 3.9393939394e-01 1.3428108487e+00
-2.3333333333e+00 4.5454545455e-01 1.3365459871e+00
-2.3333333333e+00 5.1515151515e-01 1.3294924334e+00
-2.3333333333e+00 5.7575757576e-01 1.3216891667e+00
-2.3333333333e+00 6.3636363636e-01 1.3131780177e+00
-2.3333333333e+00 6.9696969697e-01 1.3040030970e+00
-2.3333333333e+00 7.5757575758e-01 1.2942102245e+00
-2.3333333333e+00 8.1818181818e-01 1.2838463736e+00
-2.3333333333e+00 8.7878787879e-01 1.2729591406e+00
-2.3333333333e+00 9.3939393939e-01 1.2615962477e+00
-2.3333333333e+00 1.0000000000e+00 1.2498050881e+00
-2.3333333333e+00 1.0606060606e+00 1.2376323162e+00
-2.3333333333e+00 1.1212121212e+00 1.2251234892e+00
-2.3333333333e+00 1.1818181818e+00 1.2123227577e+00
-2.3333333333e+00 1.2424242424e+00 1.1992726084e+00
-2.3333333333e+00 1.3030303030e+00 1.1860136562e+00
-2.3333333333e+00 1.3636363636e+00 1.1725844829e+00
-2.3333333333e+00 1.4242424242e+00 1.1590215202e+00
-2.3333333333e+00 1.4848484848e+00 1.1453589724e+00
-2.3333333333e+00 1.5454545455e+00 1.1316287754e+00
-2.3333333333e+00 1.6060606061e+00 1.1178605863e+00
-2.3333333333e+00 1.6666666667e+00 1.1040818015e+00
-2.3333333333e+00 1.7272727273e+00 1.0903175970e+00
-2.3333333333e+00 1.7878787879e+00 1.0765909872e+00
-2.3333333333e+00 1.8484848485e+00 1.0629229006e+00
-2.3333333333e+00 1.9090909091e+00 1.0493322655e+00
-2.3333333333e+00 1.9696969697e+00 1.0358361055e+00
-2.3333333333e+00 2.0303030303e+00 1.0224496413e+00
-2.3333333333e+00 2.0909090909e+00 1.0091863956e+00
-2.3333333333e+00 2.1515151515e+00 9.9605830041e-01
-2.3333333333e+00 2.2121212121e+00 9.8307580375e-01
-2.3333333333e+00 2.2727272727e+00 9.7024797598e-01
-2.3333333333e+00 2.3333333333e+00 9.5758261313e-01
-2.3333333333e+00 2.3939393939e+00 9.4508633719e-01
-2.3333333333e+00 2.4545454545e+00 9.3276469242e-01
-2.3333333333e+00 2.5151515152e+00 9.2062223735e-01
-2.3333333333e+00 2.5757575758e+00 9.0866263197e-01
-2.3333333333e+00 2.6363636364e+00 8.9688872002e-01
-2.3333333333e+00 2.6969696970e+00 8.8530260616e-01
-2.3333333333e+00 2.7575757576e+00 8.7390572825e-01
-2.3333333333e+00 2.8181818182e+00 8.6269892449e-01
-2.3333333333e+00 2.8787878788e+00 8.5168249581e-01
-2.3333333333e+00 2.9393939394e+00 8.4085626344e-01
-2.3333333333e+00 3.0000000000e+00 8.3021962211e-01

-2.2727272727e+00 -3.0000000000e+00 8.3843287698e-01
-2.2727272727e+00 -2.9393939394e+00 8.4939255161e-01
-2.2727272727e+00 -2.8787878788e+00 8.6055629661e-01
-2.2727272727e+00 -2.8181818182e+00 8.7192532760e-01
-2.2727272727e+00 -2.7575757576e+00 8.8350044372e-01
-2.2727272727e+00 -2.6969696970e+00 8.9528197158e-01
-2.2727272727e+00 -2.6363636364e+00 9.0726970415e-01
-2.2727272727e+00 -2.5757575758e+00 9.1946283427e-01
-2.2727272727e+00 -2.5151515152e+00 9.3185988245e-01
-2.2727272727e+00 -2.4545454545e+00 9.4445861890e-01
-2.2727272727e+00 -2.3939393939e+00 9.5725597956e-01
-2.2727272727e+00 -2.3333333333e+00 9.7024797598e-01
-2.2727272727e+00 -2.2727272727e+00 9.8342959916e-01
-2.2727272727e+00 -2.2121212121e+00 9.9679471743e-01
-2.2727272727e+00 -2.1515151515e+00 1.0103359685e+00
-2.2727272727e+00 -2.0909090909e+00 1.0240446464e+00
-2.2727272727e+00 -2.0303030303e+00 1.0379105834e+00
-2.2727272727e+00 -1.9696969697e+00 1.0519220282e+00
-2.2727272727e+00 -1.9090909091e+00 1.0660655213e+00
-2.2727272727e+00 -1.8484848485e+00 1.0803257692e+00
-2.2727272727e+00 -1.7878787879e+00 1.0946855184e+00
-2.2727272727e+00 -1.7272727273e+00 1.1091254323e+00
-2.2727272727e+00 -1.6666666667e+00 1.1236239734e+00
-2.2727272727e+00 -1.6060606061e+00 1.1381572925e+00
-2.2727272727e+00 -1.5454545455e+00 1.1526991306e+00
-2.2727272727e+00 -1.4848484848e+00 1.1672207348e+00
-2.2727272727e+00 -1.4242424242e+00 1.1816907948e+00
-2.2727272727e+00 -1.3636363636e+00 1.1960754037e+00
-2.2727272727e+00 -1.3030303030e+00 1.2103380473e+00
-2.2727272727e+00 -1.2424242424e+00 1.2244396295e+00
-2.2727272727e+00 -1.1818181818e+00 1.2383385366e+00
-2.2727272727e+00 -1.1212121212e+00 1.2519907477e+00
-2.2727272727e+00 -1.0606060606e+00 1.2653499952e+00
-2.2727272727e+00 -1.0000000000e+00 1.2783679805e+00
-2.2727272727e+00 -9.3939393939e-01 1.2909946480e+00
-2.2727272727e+00 -8.7878787879e-01 1.3031785193e+00
-2.2727272727e+00 -8.1818181818e-01 1.3148670904e+00
-2.2727272727e+00 -7.5757575758e-01 1.3260072885e+00
-2.2727272727e+00 -6.9696969697e-01 1.3365459871e+00
-2.2727272727e+00 -6.3636363636e-01 1.3464305736e+00
-2.2727272727e+00 -5.7575757576e-01 1.3556095608e+00
-2.2727272727e+00 -5.1515151515e-01 1.3640332332e+00
-2.2727272727e+00 -4.5454545455e-01 1.3716543137e+00
-2.2727272727e+00 -3.9393939394e-01 1.3784286368e+00
-2.2727272727e+00 -3.3333333333e-01 1.3843158118e+00
-2.2727272727e+00 -2.7272727273e-01 1.3892798563e+00
-2.2727272727e+00 -2.1212121212e-01 1.3932897842e+00
-2.2727272727e+00 -1.5151515152e-01 1.3963201281e+00
-2.2727272727e+00 -9.0909090909e-02 1.3983513801e+00
-2.2727272727e+00 -3.0303030303e-02 1.3993703370e+00
-2.2727272727e+00 3.0303030303e-02 1.3993703370e+00
-2.2727272727e+00 9.0909090909e-02 1.3983513801e+00
-2.2727272727e+00 1.5151515152e-01 1.3963201281e+00
-2.2727272727e+00 2.1212121212e-01 1.3932897842e+00
-2.2727272727e+00 2.7272727273e-01 1.3892798563e+00
-2.2727272727e+00 3.3333333333e-01 1.3843158118e+00
-2.2727272727e+00 3.9393939394e-01 1.3784286368e+00
-2.2727272727e+00 4.5454545455e-01 1.3716543137e+00
-2.2727272727e+00 5.1515151515e-01 1.3640332332e+00
-2.2727272727e+00 5.7575757576e-01 1.3556095608e+00
-2.2727272727e+00 6.3636363636e-01 1.3464305736e+00
-2.2727272727e+00 6.9696969697e-01 1.3365459871e+00
-2.2727272727e+00 7.5757575758e-01 1.3260072885e+00
-2.2727272727e+00 8.1818181818e-01 1.3148670904e+00
-2.2727272727e+00 8.7878787879e-01 1.3031785193e+00
-2.2727272727e+00 9.3939393939e-01 1.2909946480e+00
-2.2727272727e+00 1.0000000000e+00 1.2783679805e+00
-2.2727272727e+00 1.0606060606e+00 1.2653499952e+00
-2.2727272727e+00 1.1212121212e+00 1.2519907477e+00
-2.2727272727e+00 1.1818181818e+00 1.2383385366e+00
-2.2727272727e+00 1.2424242424e+00 1.2244396295e+00
-2.2727272727e+00 1.3030303030e+00 1.2103380473e+00
-2.2727272727e+00 1.3636363636e+00 1.1960754037e+00
-2.2727272727e+00 1.4242424242e+00 1.1816907948e+00
-2.2727272727e+00 1.4848484848e+00 1.1672207348e+00
-2.2727272727e+00 1.5454545455e+00 1.1526991306e+00
-2.2727272727e+00 1.6060606061e+00 1.1381572925e+00
-2.2727272727e+00 1.6666666667e+00 1.1236239734e+00
-2.2727272727e+00 1.7272727273e+00 1.1091254323e+00
-2.2727272727e+00 1.7878787879e+00 1.0946855184e+00
-2.2727272727e+00 1.8484848485e+00 1.0803257692e+00
-2.2727272727e+00 1.9090909091e+00 1.0660655213e+00
-2.2727272727e+00 1.9696969697e+00 1.0519220282e+00
-2.2727272727e+00 2.0303030303e+00 1.0379105834e+00
-2.2727272727e+00 2.0909090909e+00 1.0240446464e+00
-2.2727272727e+00 2.1515151515e+00 1.0103359685e+00
-2.2727272727e+00 2.2121212121e+00 9.9679471743e-01
-2.2727272727e+00 2.2727272727e+00 9.8342959916e-01
-2.2727272727e+00 2.3333333333e+00 9.7024797598e-01
-2.2727272727e+00 2.3939393939e+00 9.5725597956e-01
-2.2727272727e+00 2.4545454545e+00 9.4445861890e-01
-2.2727272727e+00 2.5151515152e+00 9.3185988245e-01
-2.2727272727e+00 2.5757575758e+00 9.1946283427e-01
-2.2727272727e+00 2.6363636364e+00 9.0726970415e-01
-2.2727272727e+00 2.6969696970e+00 8.9528197158e-01
-2.2727272727e+00 2.7575757576e+00 8.8350044372e-01
-2.2727272727e+00 2.8181818182e+00 8.7192532760e-01
-2.2727272727e+00 2.8787878788e+00 8.6055629661e-01
-2.2727272727e+00 2.9393939394e+00 8.4939255161e-01
-2.2727272727e+00 3.0000000000e+00 8.3843287698e-01

-2.2121212121e+00 -3.0000000000e+00 8.4666884950e-01
-2.2121212121e+00 -2.9393939394e+00 8.5795908347e-01
-2.2121212121e+00 -2.8787878788e+00 8.6946865781e-01
-2.2121212121e+00 -2.8181818182e+00 8.8119946904e-01
-2.2121212121e+00 -2.7575757576e+00 8.9315301252e-01
-2.2121212121e+00 -2.6969696970e+00 9.0533032378e-01
-2.2121212121e+00 -2.6363636364e+00 9.1773191407e-01
-2.2121212121e+00 -2.5757575758e+00 9.3035769986e-01
-2.2121212121e+00 -2.5151515152e+00 9.4320692578e-01
-2.2121212121e+00 -2.4545454545e+00 9.5627808082e-01
-2.2121212121e+00 -2.3939393939e+00 9.6956880750e-01
-2.2121212121e+00 -2.3333333333e+00 9.8307580375e-01
-2.2121212121e+00 -2.2727272727e+00 9.9679471743e-01
-2.2121212121e+00 -2.2121212121e+00 1.0107200334e+00
-2.2121212121e+00 -2.1515151515e+00 1.0248449536e+00
-2.2121212121e+00 -2.0909090909e+00 1.0391612694e+00
-2.2121212121e+00 -2.0303030303e+00 1.0536592285e+00
-2.2121212121e+00 -1.9696969697e+00 1.0683273953e+00
-2.2121212121e+00 -1.9090909091e+00 1.0831525070e+00
-2.2121212121e+00 -1.8484848485e+00 1.0981193262e+00
-2.2121212121e+00 -1.7878787879e+00 1.1132104917e+00
-2.2121212121e+00 -1.7272727273e+00 1.1284063710e+00
-2.2121212121e+00 -1.6666666667e+00 1.1436849150e+00
-2.2121212121e+00 -1.6060606061e+00 1.1590215202e+00
-2.2121212121e+00 -1.5454545455e+00 1.1743889009e+00
-2.2121212121e+00 -1.4848484848e+00 1.1897569767e+00
-2.2121212121e+00 -1.4242424242e+00 1.2050927796e+00
-2.2121212121e+00 -1.3636363636e+00 1.2203603867e+00
-2.2121212121e+00 -1.3030303030e+00 1.2355208840e+00
-2.2121212121e+00 -1.2424242424e+00 1.2505323686e+00
-2.2121212121e+00 -1.1818181818e+00 1.2653499952e+00
-2.2121212121e+00 -1.1212121212e+00 1.2799260735e+00
-2.2121212121e+00 -1.0606060606e+00 1.2942102245e+00
-2.2121212121e+00 -1.0000000000e+00 1.3081495991e+00
-2.2121212121e+00 -9.3939393939e-01 1.3216891667e+00
-2.2121212121e+00 -8.7878787879e-01 1.3347720757e+00
-2.2121212121e+00 -8.1818181818e-01 1.3473400890e+00
-2.2121212121e+00 -7.5757575758e-01 1.3593340944e+00
-2.2121212121e+00 -6.9696969697e-01 1.3706946860e+00
-2.2121212121e+00 -6.3636363636e-01 1.3813628128e+00
-2.2121212121e+00 -5.7575757576e-01 1.3912804850e+00
-2.2121212121e+00 -5.1515151515e-01 1.4003915254e+00
-2.2121212121e+00 -4.5454545455e-01 1.4086423518e+00
-2.2121212121e+00 -3.9393939394e-01 1.4159827721e+00
-2.2121212121e+00 -3.3333333333e-01 1.4223667714e+00
-2.2121212121e+00 -2.7272727273e-01 1.4277532689e+00
-2.2121212121e+00 -2.1212121212e-01 1.4321068228e+00
-2.2121212121e+00 -1.5151515152e-01 1.4353982592e+00
-2.2121212121e+00 -9.0909090909e-02 1.4376052043e+00
-2.2121212121e+00 -3.0303030303e-02 1.4387125024e+00
-2.2121212121e+00 3.0303030303e-02 1.4387125024e+00
-2.2121212121e+00 9.0909090909e-02 1.4376052043e+00
-2.2121212121e+00 1.5151515152e-01 1.4353982592e+00
-2.2121212121e+00 2.1212121212e-01 1.4321068228e+00
-2.2121212121e+00 2.7272727273e-01 1.4277532689e+00
-2.2121212121e+00 3.3333333333e-01 1.4223667714e+00
-2.2121212121e+00 3.9393939394e-01 1.4159827721e+00
-2.2121212121e+00 4.5454545455e-01 1.4086423518e+00
-2.2121212121e+00 5.1515151515e-01 1.4003915254e+00
-2.2121212121e+00 5.7575757576e-01 1.3912804850e+00
-2.2121212121e+00 6.3636363636e-01 1.3813628128e+00
-2.2121212121e+00 6.9696969697e-01 1.3706946860e+00
-2.2121212121e+00 7.5757575758e-01 1.3593340944e+00
-2.2121212121e+00 8.1818181818e-01 1.3473400890e+00
-2.2121212121e+00 8.7878787879e-01 1.3347720757e+00
-2.2121212121e+00 9.3939393939e-01 1.3216891667e+00
-2.2121212121e+00 1.0000000000e+00 1.3081495991e+00
-2.2121212121e+00 1.0606060606e+00 1.2942102245e+00
-2.2121212121e+00 1.1212121212e+00 1.2799260735e+00
-2.2121212121e+00 1.1818181818e+00 1.2653499952e+00
-2.2121212121e+00 1.2424242424e+00 1.2505323686e+00
-2.2121212121e+00 1.3030303030e+00 1.2355208840e+00
-2.2121212121e+00 1.3636363636e+00 1.2203603867e+00
-2.2121212121e+00 1.4242424242e+00 1.2050927796e+00
-2.2121212121e+00 1.4848484848e+00 1.1897569767e+00
-2.2121212121e+00 1.5454545455e+00 1.1743889009e+00
-2.2121212121e+00 1.6060606061e+00 1.1590215202e+00
-2.2121212121e+00 1.6666666667e+00 1.1436849150e+00
-2.2121212121e+00 1.7272727273e+00 1.1284063710e+00
-2.2121212121e+00 1.7878787879e+00 1.1132104917e+00
-2.2121212121e+00 1.8484848485e+00 1.0981193262e+00
-2.2121212121e+00 1.9090909091e+00 1.0831525070e+00
-2.2121212121e+00 1.9696969697e+00 1.0683273953e+00
-2.2121212121e+00 2.0303030303e+00 1.0536592285e+00
-2.2121212121e+00 2.0909090909e+00 1.0391612694e+00
-2.2121212121e+00 2.1515151515e+00 1.0248449536e+00
-2.2121212121e+00 2.2121212121e+00 1.0107200334e+00
-2.2121212121e+00 2.2727272727e+00 9.9679471743e-01
-2.2121212121e+00 2.3333333333e+00 9.8307580375e-01
-2.2121212121e+00 2.3939393939e+00 9.6956880750e-01
-2.2121212121e+00 2.4545454545e+00 9.5627808082e-01
-2.2121212121e+00 2.5151515152e+00 9.4320692578e-01
-2.2121212121e+00 2.5757575758e+00 9.3035769986e-01
-2.2121212121e+00 2.6363636364e+00 9.1773191407e-01
-2.2121212121e+00 2.6969696970e+00 9.0533032378e-01
-2.2121212121e+00 2.7575757576e+00 8.9315301252e-01
-2.2121212121e+00 2.8181818182e+00 8.8119946904e-01
-2.2121212121e+00 2.8787878788e+00 8.6946865781e-01
-2.2121212121e+00 2.9393939394e+00 8.5795908347e-01
-2.2121212121e+00 3.0000000000e+00 8.4666884950e-01

-2.1515151515e+00 -3.0000000000e+00 8.5491975956e-01
-2.1515151515e+00 -2.9393939394e+00 8.6654788636e-01
-2.1515151515e+00 -2.8787878788e+00 8.7841143246e-01
-2.1515151515e+00 -2.8181818182e+00 8.9051305068e-01
-2.1515151515e+00 -2.7575757576e+00 9.0285501407e-01
-2.1515151515e+00 -2.6969696970e+00 9.1543915495e-01
-2.1515151515e+00 -2.6363636364e+00 9.2826679740e-01
-2.1515151515e+00 -2.5757575758e+00 9.4133868294e-01
-2.1515151515e+00 -2.5151515152e+00 9.5465488884e-01
-2.1515151515e+00 -2.4545454545e+00 9.6821473861e-01
-2.1515151515e+00 -2.3939393939e+00 9.8201670433e-01
-2.1515151515e+00 -2.3333333333e+00 9.9605830041e-01
-2.1515151515e+00 -2.2727272727e+00 1.0103359685e+00
-2.1515151515e+00 -2.2121212121e+00 1.0248449536e+00
-2.1515151515e+00 -2.1515151515e+00 1.0395791706e+00
-2.1515151515e+00 -2.0909090909e+00 1.0545310627e+00
-2.1515151515e+00 -2.0303030303e+00 1.0696914506e+00
-2.1515151515e+00 -1.9696969697e+00 1.0850493743e+00
-2.1515151515e+00 -1.9090909091e+00 1.1005919272e+00
-2.1515151515e+00 -1.8484848485e+00 1.1163040852e+00
-2.1515151515e+00 -1.7878787879e+00 1.1321685318e+00
-2.1515151515e+00 -1.7272727273e+00 1.1481654811e+00
-2.1515151515e+00 -1.6666666667e+00 1.1642725023e+00
-2.1515151515e+00 -1.6060606061e+00 1.1804643494e+00
-2.1515151515e+00 -1.5454545455e+00 1.1967127986e+00
-2.1515151515e+00 -1.4848484848e+00 1.2129865010e+00
-2.1515151515e+00 -1.4242424242e+00 1.2292508537e+00
-2.1515151515e+00 -1.3636363636e+00 1.2454678976e+00
-2.1515151515e+00 -1.3030303030e+00 1.2615962477e+00
-2.1515151515e+00 -1.2424242424e+00 1.2775910653e+00
-2.1515151515e+00 -1.1818181818e+00 1.2934040777e+00
-2.1515151515e+00 -1.1212121212e+00 1.3089836574e+00
-2.1515151515e+00 -1.0606060606e+00 1.3242749652e+00
-2.1515151515e+00 -1.0000000000e+00 1.3392201689e+00
-2.1515151515e+00 -9.3939393939e-01 1.3537587412e+00
-2.1515151515e+00 -8.7878787879e-01 1.3678278459e+00
-2.1515151515e+00 -8.1818181818e-01 1.3813628128e+00
-2.1515151515e+00 -7.5757575758e-01 1.3942977050e+00
-2.1515151515e+00 -6.9696969697e-01 1.4065659755e+00
-2.1515151515e+00 -6.3636363636e-01 1.4181012082e+00
-2.1515151515e+00 -5.7575757576e-01 1.4288379330e+00
-2.1515151515e+00 -5.1515151515e-01 1.4387125024e+00
-2.1515151515e+00 -4.5454545455e-01 1.4476640118e+00
-2.1515151515e+00 -3.9393939394e-01 1.4556352405e+00
-2.1515151515e+00 -3.3333333333e-01 1.4625735907e+00
-2.1515151515e+00 -2.7272727273e-01 1.4684319950e+00
-2.1515151515e+00 -2.1212121212e-01 1.4731697651e+00
-2.1515151515e+00 -1.5151515152e-01 1.4767533531e+00
-2.1515151515e+00 -9.0909090909e-02 1.4791569974e+00
-2.1515151515e+00 -3.0303030303e-02 1.4803632310e+00
-2.1515151515e+00 3.0303030303e-02 1.4803632310e+00
-2.1515151515e+00 9.0909090909e-02 1.4791569974e+00
-2.1515151515e+00 1.5151515152e-01 1.4767533531e+00
-2.1515151515e+00 2.1212121212e-01 1.4731697651e+00
-2.1515151515e+00 2.7272727273e-01 1.4684319950e+00
-2.1515151515e+00 3.3333333333e-01 1.4625735907e+00
-2.1515151515e+00 3.9393939394e-01 1.4556352405e+00
-2.1515151515e+00 4.5454545455e-01 1.4476640118e+00
-2.1515151515e+00 5.1515151515e-01 1.4387125024e+00
-2.1515151515e+00 5.7575757576e-01 1.4288379330e+00
-2.1515151515e+00 6.3636363636e-01 1.4181012082e+00
-2.1515151515e+00 6.9696969697e-01 1.4065659755e+00
-2.1515151515e+00 7.5757575758e-01 1.3942977050e+00
-2.1515151515e+00 8.1818181818e-01 1.3813628128e+00
-2.1515151515e+00 8.7878787879e-01 1.3678278459e+00
-2.1515151515e+00 9.3939393939e-01 1.3537587412e+00
-2.1515151515e+00 1.0000000000e+00 1.3392201689e+00
-2.1515151515e+00 1.0606060606e+00 1.3242749652e+00
-2.1515151515e+00 1.1212121212e+00 1.3089836574e+00
-2.1515151515e+00 1.1818181818e+00 1.2934040777e+00
-2.1515151515e+00 1.2424242424e+00 1.2775910653e+00
-2.1515151515e+00 1.3030303030e+00 1.2615962477e+00
-2.1515151515e+00 1.3636363636e+00 1.2454678976e+00
-2.1515151515e+00 1.4242424242e+00 1.2292508537e+00
-2.1515151515e+00 1.4848484848e+00 1.2129865010e+00
-2.1515151515e+00 1.5454545455e+00 1.1967127986e+00
-2.1515151515e+00 1.6060606061e+00 1.1804643494e+00
-2.1515151515e+00 1.6666666667e+00 1.1642725023e+00
-2.1515151515e+00 1.7272727273e+00 1.1481654811e+00
-2.1515151515e+00 1.7878787879e+00 1.1321685318e+00
-2.1515151515e+00 1.8484848485e+00 1.1163040852e+00
-2.1515151515e+00 1.9090909091e+00 1.1005919272e+00
-2.1515151515e+00 1.9696969697e+00 1.0850493743e+00
-2.1515151515e+00 2.0303030303e+00 1.0696914506e+00
-2.1515151515e+00 2.0909090909e+00 1.0545310627e+00
-2.1515151515e+00 2.1515151515e+00 1.0395791706e+00
-2.1515151515e+00 2.2121212121e+00 1.0248449536e+00
-2.1515151515e+00 2.2727272727e+00 1.0103359685e+00
-2.1515151515e+00 2.3333333333e+00 9.9605830041e-01
-2.1515151515e+00 2.3939393939e+00 9.8201670433e-01
-2.1515151515e+00 2.4545454545e+00 9.6821473861e-01
-2.1515151515e+00 2.5151515152e+00 9.5465488884e-01
-2.1515151515e+00 2.5757575758e+00 9.4133868294e-01
-2.1515151515e+00 2.6363636364e+00 9.2826679740e-01
-2.1515151515e+00 2.6969696970e+00 9.1543915495e-01
-2.1515151515e+00 2.7575757576e+00 9.0285501407e-01
-2.1515151515e+00 2.8181818182e+00 8.9051305068e-01
-2.1515151515e+00 2.8787878788e+00 8.7841143246e-01
-2.1515151515e+00 2.9393939394e+00 8.6654788636e-01
-2.1515151515e+00 3.0000000000e+00 8.5491975956e-01

-2.0909090909e+00 -3.0000000000e+00 8.6317724135e-01
-2.0909090909e+00 -2.9393939394e+00 8.7515035299e-01
-2.0909090909e+00 -2.8787878788e+00 8.8737578684e-01
-2.0909090909e+00 -2.8181818182e+00 8.9985703230e-01
-2.0909090909e+00 -2.7575757576e+00 9.1259722730e-01
-2.0909090909e+00 -2.6969696970e+00 9.2559909538e-01
-2.0909090909e+00 -2.6363636364e+00 9.3886487557e-01
-2.0909090909e+00 -2.5757575758e+00 9.5239624470e-01
-2.0909090909e+00 -2.5151515152e+00 9.6619423126e-01
-2.0909090909e+00 -2.4545454545e+00 9.8025912048e-01
-2.0909090909e+00 -2.3939393939e+00 9.9459035003e-01
-2.0909090909e+00 -2.3333333333e+00 1.0091863956e+00
-2.0909090909e+00 -2.2727272727e+00 1.0240446464e+00
-2.0909090909e+00 -2.2121212121e+00 1.0391612694e+00
-2.0909090909e+00 -2.1515151515e+00 1.0545310627e+00
-2.0909090909e+00 -2.0909090909e+00 1.0701472983e+00
-2.0909090909e+00 -2.0303030303e+00 1.0860015531e+00
-2.0909090909e+00 -1.9696969697e+00 1.1020835300e+00
-2.0909090909e+00 -1.9090909091e+00 1.1183808688e+00
-2.0909090909e+00 -1.8484848485e+00 1.1348789488e+00
-2.0909090909e+00 -1.7878787879e+00 1.1515606843e+00
-2.0909090909e+00 -1.7272727273e+00 1.1684063157e+00
-2.0909090909e+00 -1.6666666667e+00 1.1853931985e+00
-2.0909090909e+00 -1.6060606061e+00 1.2024955944e+00
-2.0909090909e+00 -1.5454545455e+00 1.2196844693e+00
-2.0909090909e+00 -1.4848484848e+00 1.2369273030e+00
-2.0909090909e+00 -1.4242424242e+00 1.2541879166e+00
-2.0909090909e+00 -1.3636363636e+00 1.2714263275e+00
-2.0909090909e+00 -1.3030303030e+00 1.2885986365e+00
-2.0909090909e+00 -1.2424242424e+00 1.3056569602e+00
-2.0909090909e+00 -1.1818181818e+00 1.3225494154e+00
-2.0909090909e+00 -1.1212121212e+00 1.3392201689e+00
-2.0909090909e+00 -1.0606060606e+00 1.3556095608e+00
-2.0909090909e+00 -1.0000000000e+00 1.3716543137e+00
-2.0909090909e+00 -9.3939393939e-01 1.3872878360e+00
-2.0909090909e+00 -8.7878787879e-01 1.4024406291e+00
-2.0909090909e+00 -8.1818181818e-01 1.4170408022e+00
-2.0909090909e+00 -7.5757575758e-01 1.4310147005e+00
-2.0909090909e+00 -6.9696969697e-01 1.4442876442e+00
-2.0909090909e+00 -6.3636363636e-01 1.4567847743e+00
-2.0909090909e+00 -5.7575757576e-01 1.4684319950e+00
-2.0909090909e+00 -5.1515151515e-01 1.4791569974e+00
-2.0909090909e+00 -4.5454545455e-01 1.4888903440e+00
-2.0909090909e+00 -3.9393939394e-01 1.4975665872e+00
-2.0909090909e+00 -3.3333333333e-01 1.5051253930e+00
-2.0909090909e+00 -2.7272727273e-01 1.5115126338e+00
-2.0909090909e+00 -2.1212121212e-01 1.5166814159e+00
-2.0909090909e+00 -1.5151515152e-01 1.5205930049e+00
-2.0909090909e+00 -9.0909090909e-02 1.5232176147e+00
-2.0909090909e+00 -3.0303030303e-02 1.5245350286e+00
-2.0909090909e+00 3.0303030303e-02 1.5245350286e+00
-2.0909090909e+00 9.0909090909e-02 1.5232176147e+00
-2.0909090909e+00 1.5151515152e-01 1.5205930049e+00
-2.0909090909e+00 2.1212121212e-01 1.5166814159e+00
-2.0909090909e+00 2.7272727273e-01 1.5115126338e+00
-2.0909090909e+00 3.3333333333e-01 1.5051253930e+00
-2.0909090909e+00 3.9393939394e-01 1.4975665872e+00
-2.0909090909e+00 4.5454545455e-01 1.4888903440e+00
-2.0909090909e+00 5.1515151515e-01 1.4791569974e+00
-2.0909090909e+00 5.7575757576e-01 1.4684319950e+00
-2.0909090909e+00 6.3636363636e-01 1.4567847743e+00
-2.0909090909e+00 6.9696969697e-01 1.4442876442e+00
-2.0909090909e+00 7.5757575758e-01 1.4310147005e+00
-2.0909090909e+00 8.1818181818e-01 1.4170408022e+00
-2.0909090909e+00 8.7878787879e-01 1.4024406291e+00
-2.0909090909e+00 9.3939393939e-01 1.3872878360e+00
-2.0909090909e+00 1.0000000000e+00 1.3716543137e+00
-2.0909090909e+00 1.0606060606e+00 1.3556095608e+00
-2.0909090909e+00 1.1212121212e+00 1.3392201689e+00
-2.0909090909e+00 1.1818181818e+00 1.3225494154e+00
-2.0909090909e+00 1.2424242424e+00 1.3056569602e+00
-2.0909090909e+00 1.3030303030e+00 1.2885986365e+00
-2.0909090909e+00 1.3636363636e+00 1.2714263275e+00
-2.0909090909e+00 1.4242424242e+00 1.2541879166e+00
-2.0909090909e+00 1.4848484848e+00 1.2369273030e+00
-2.0909090909e+00 1.5454545455e+00 1.2196844693e+00
-2.0909090909e+00 1.6060606061e+00 1.2024955944e+00
-2.0909090909e+00 1.6666666667e+00 1.1853931985e+00
-2.0909090909e+00 1.7272727273e+00 1.1684063157e+00
-2.0909090909e+00 1.7878787879e+00 1.1515606843e+00
-2.0909090909e+00 1.8484848485e+00 1.1348789488e+00
-2.0909090909e+00 1.9090909091e+00 1.1183808688e+00
-2.0909090909e+00 1.9696969697e+00 1.1020835300e+00
-2.0909090909e+00 2.0303030303e+00 1.0860015531e+00
-2.0909090909e+00 2.0909090909e+00 1.0701472983e+00
-2.0909090909e+00 2.1515151515e+00 1.0545310627e+00
-2.0909090909e+00 2.2121212121e+00 1.0391612694e+00
-2.0909090909e+00 2.2727272727e+00 1.0240446464e+00
-2.0909090909e+00 2.3333333333e+00 1.0091863956e+00
-2.0909090909e+00 2.3939393939e+00 9.9459035003e-01
-2.0909090909e+00 2.4545454545e+00 9.8025912048e-01
-2.0909090909e+00 2.5151515152e+00 9.6619423126e-01
-2.0909090909e+00 2.5757575758e+00 9.5239624470e-01
-2.0909090909e+00 2.6363636364e+00 9.3886487557e-01
-2.0909090909e+00 2.6969696970e+00 9.2559909538e-01
-2.0909090909e+00 2.7575757576e+00 9.1259722730e-01
-2.0909090909e+00 2.8181818182e+00 8.9985703230e-01
-2.0909090909e+00 2.8787878788e+00 8.8737578684e-01
-2.0909090909e+00 2.9393939394e+00 8.7515035299e-01
-2.0909090909e+00 3.0000000000e+00 8.6317724135e-01

-2.0303030303e+00 -3.0000000000e+00 8.7143232766e-01
-2.0303030303e+00 -2.9393939394e+00 8.8375722177e-01
-2.0303030303e+00 -2.8787878788e+00 8.9635217633e-01
-2.0303030303e+00 -2.8181818182e+00 9.0922160235e-01
-2.0303030303e+00 -2.7575757576e+00 9.2236959545e-01
-2.0303030303e+00 -2.6969696970e+00 9.3579987147e-01
-2.0303030303e+00 -2.6363636364e+00 9.4951569434e-01
-2.0303030303e+00 -2.5757575758e+00 9.6351979532e-01
-2.0303030303e+00 -2.5151515152e+00 9.7781428313e-01
-2.0303030303e+00 -2.4545454545e+00 9.9240054396e-01
-2.0303030303e+00 -2.3939393939e+00 1.0072791308e+00
-2.0303030303e+00 -2.3333333333e+00 1.0224496413e+00
-2.0303030303e+00 -2.2727272727e+00 1.0379105834e+00
-2.0303030303e+00 -2.2121212121e+00 1.0536592285e+00
-2.0303030303e+00 -2.1515151515e+00 1.0696914506e+00
-2.0303030303e+00 -2.0909090909e+00 1.0860015531e+00
-2.0303030303e+00 -2.0303030303e+00 1.1025820804e+00
-2.0303030303e+00 -1.9696969697e+00 1.1194236173e+00
-2.0303030303e+00 -1.9090909091e+00 1.1365145740e+00
-2.0303030303e+00 -1.8484848485e+00 1.1538409605e+00
-2.0303030303e+00 -1.7878787879e+00 1.1713861487e+00
-2.0303030303e+00 -1.7272727273e+00 1.1891306277e+00
-2.0303030303e+00 -1.6666666667e+00 1.2070517520e+00
-2.0303030303e+00 -1.6060606061e+00 1.2251234892e+00
-2.0303030303e+00 -1.5454545455e+00 1.2433161701e+00
-2.0303030303e+00 -1.4848484848e+00 1.2615962477e+00
-2.0303030303e+00 -1.4242424242e+00 1.2799260735e+00
-2.0303030303e+00 -1.3636363636e+00 1.2982636967e+00
-2.0303030303e+00 -1.3030303030e+00 1.3165626992e+00
-2.0303030303e+00 -1.2424242424e+00 1.3347720757e+00
-2.0303030303e+00 -1.1818181818e+00 1.3528361705e+00
-2.0303030303e+00 -1.1212121212e+00 1.3706946860e+00
-2.0303030303e+00 -1.0606060606e+00 1.3882827740e+00
-2.0303030303e+00 -1.0000000000e+00 1.4055312257e+00
-2.0303030303e+00 -9.3939393939e-01 1.4223667714e+00
-2.0303030303e+00 -8.7878787879e-01 1.4387125024e+00
-2.0303030303e+00 -8.1818181818e-01 1.4544884247e+00
-2.0303030303e+00 -7.5757575758e-01 1.4696121494e+00
-2.0303030303e+00 -6.9696969697e-01 1.4839997221e+00
-2.0303030303e+00 -6.3636363636e-01 1.4975665872e+00
-2.0303030303e+00 -5.7575757576e-01 1.5102286777e+00
-2.0303030303e+00 -5.1515151515e-01 1.5219036117e+00
-2.0303030303e+00 -4.5454545455e-01 1.5325119745e+00
-2.0303030303e+00 -3.9393939394e-01 1.5419786516e+00
-2.0303030303e+00 -3.3333333333e-01 1.5502341791e+00
-2.0303030303e+00 -2.7272727273e-01 1.5572160654e+00
-2.0303030303e+00 -2.1212121212e-01 1.5628700415e+00
-2.0303030303e+00 -1.5151515152e-01 1.5671511925e+00
-2.0303030303e+00 -9.0909090909e-02 1.5700249259e+00
-2.0303030303e+00 -3.0303030303e-02 1.5714677366e+00
-2.0303030303e+00 3.0303030303e-02 1.5714677366e+00
-2.0303030303e+00 9.0909090909e-02 1.5700249259e+00
-2.0303030303e+00 1.5151515152e-01 1.5671511925e+00
-2.0303030303e+00 2.1212121212e-01 1.5628700415e+00
-2.0303030303e+00 2.7272727273e-01 1.5572160654e+00
-2.0303030303e+00 3.3333333333e-01 1.5502341791e+00
-2.0303030303e+00 3.9393939394e-01 1.5419786516e+00
-2.0303030303e+00 4.5454545455e-01 1.5325119745e+00
-2.0303030303e+00 5.1515151515e-01 1.5219036117e+00
-2.0303030303e+00 5.7575757576e-01 1.5102286777e+00
-2.0303030303e+00 6.3636363636e-01 1.4975665872e+00
-2.0303030303e+00 6.9696969697e-01 1.4839997221e+00
-2.0303030303e+00 7.5757575758e-01 1.4696121494e+00
-2.0303030303e+00 8.1818181818e-01 1.4544884247e+00
-2.0303030303e+00 8.7878787879e-01 1.4387125024e+00
-2.0303030303e+00 9.3939393939e-01 1.4223667714e+00
-2.0303030303e+00 1.0000000000e+00 1.4055312257e+00
-2.0303030303e+00 1.0606060606e+00 1.3882827740e+00
-2.0303030303e+00 1.1212121212e+00 1.3706946860e+00
-2.0303030303e+00 1.1818181818e+00 1.3528361705e+00
-2.0303030303e+00 1.2424242424e+00 1.3347720757e+00
-2.0303030303e+00 1.3030303030e+00 1.3165626992e+00
-2.0303030303e+00 1.3636363636e+00 1.2982636967e+00
-2.0303030303e+00 1.4242424242e+00 1.2799260735e+00
-2.0303030303e+00 1.4848484848e+00 1.2615962477e+00
-2.0303030303e+00 1.5454545455e+00 1.2433161701e+00
-2.0303030303e+00 1.6060606061e+00 1.2251234892e+00
-2.0303030303e+00 1.6666666667e+00 1.2070517520e+00
-2.0303030303e+00 1.7272727273e+00 1.1891306277e+00
-2.0303030303e+00 1.7878787879e+00 1.1713861487e+00
-2.0303030303e+00 1.8484848485e+00 1.1538409605e+00
-2.0303030303e+00 1.9090909091e+00 1.1365145740e+00
-2.0303030303e+00 1.9696969697e+00 1.1194236173e+00
-2.0303030303e+00 2.0303030303e+00 1.1025820804e+00
-2.0303030303e+00 2.0909090909e+00 1.0860015531e+00
-2.0303030303e+00 2.1515151515e+00 1.0696914506e+00
-2.0303030303e+00 2.2121212121e+00 1.0536592285e+00
-2.0303030303e+00 2.2727272727e+00 1.0379105834e+00
-2.0303030303e+00 2.3333333333e+00 1.0224496413e+00
-2.0303030303e+00 2.3939393939e+00 1.0072791308e+00
-2.0303030303e+00 2.4545454545e+00 9.9240054396e-01
-2.0303030303e+00 2.5151515152e+00 9.7781428313e-01
-2.0303030303e+00 2.5757575758e+00 9.6351979532e-01
-2.0303030303e+00 2.6363636364e+00 9.4951569434e-01
-2.0303030303e+00 2.6969696970e+00 9.3579987147e-01
-2.0303030303e+00 2.7575757576e+00 9.2236959545e-01
-2.0303030303e+00 2.8181818182e+00 9.0922160235e-01
-2.0303030303e+00 2.8787878788e+00 8.9635217633e-01
-2.0303030303e+00 2.9393939394e+00 8.8375722177e-01
-2.0303030303e+00 3.0000000000e+00 8.7143232766e-01

-1.9696969697e+00 -3.0000000000e+00 8.7967543668e-01
-1.9696969697e+00 -2.9393939394e+00 8.9235855979e-01
-1.9696969697e+00 -2.8787878788e+00 9.0533032378e-01
-1.9696969697e+00 -2.8181818182e+00 9.1859615101e-01
-1.9696969697e+00 -2.7575757576e+00 9.3216119312e-01
-1.9696969697e+00 -2.6969696970e+00 9.4603026596e-01
-1.9696969697e+00 -2.6363636364e+00 9.6020777591e-01
-1.9696969697e+00 -2.5757575758e+00 9.7469763706e-01
-1.9696969697e+00 -2.5151515152e+00 9.8950317795e-01
-1.9696969697e+00 -2.4545454545e+00 1.0046270373e+00
-1.9696969697e+00 -2.3939393939e+00 1.0200710476e+00
-1.9696969697e+00 -2.3333333333e+00 1.0358361055e+00
-1.9696969697e+00 -2.2727272727e+00 1.0519220282e+00
-1.9696969697e+00 -2.2121212121e+00 1.0683273953e+00
-1.9696969697e+00 -2.1515151515e+00 1.0850493743e+00
-1.9696969697e+00 -2.0909090909e+00 1.1020835300e+00
-1.9696969697e+00 -2.0303030303e+00 1.1194236173e+00
-1.9696969697e+00 -1.9696969697e+00 1.1370613562e+00
-1.9696969697e+00 -1.9090909091e+00 1.1549861907e+00
-1.9696969697e+00 -1.8484848485e+00 1.1731850309e+00
-1.9696969697e+00 -1.7878787879e+00 1.1916419798e+00
-1.9696969697e+00 -1.7272727273e+00 1.2103380473e+00
-1.9696969697e+00 -1.6666666667e+00 1.2292508537e+00
-1.9696969697e+00 -1.6060606061e+00 1.2483543262e+00
-1.9696969697e+00 -1.5454545455e+00 1.2676183942e+00
-1.9696969697e+00 -1.4848484848e+00 1.2870086888e+00
-1.9696969697e+00 -1.4242424242e+00 1.3064862555e+00
-1.9696969697e+00 -1.3636363636e+00 1.3260072885e+00
-1.9696969697e+00 -1.3030303030e+00 1.3455228980e+00
-1.9696969697e+00 -1.2424242424e+00 1.3649789242e+00
-1.9696969697e+00 -1.1818181818e+00 1.3843158118e+00
-1.9696969697e+00 -1.1212121212e+00 1.4034685609e+00
-1.9696969697e+00 -1.0606060606e+00 1.4223667714e+00
-1.9696969697e+00 -1.0000000000e+00 1.4409347990e+00
-1.9696969697e+00 -9.3939393939e-01 1.4590920387e+00
-1.9696969697e+00 -8.7878787879e-01 1.4767533531e+00
-1.9696969697e+00 -8.1818181818e-01 1.4938296583e+00
-1.9696969697e+00 -7.5757575758e-01 1.5102286777e+00
-1.9696969697e+00 -6.9696969697e-01 1.5258558681e+00
-1.9696969697e+00 -6.3636363636e-01 1.5406155172e+00
-1.9696969697e+00 -5.7575757576e-01 1.5544120025e+00
-1.9696969697e+00 -5.1515151515e-01 1.5671511925e+00
-1.9696969697e+00 -4.5454545455e-01 1.5787419647e+00
-1.9696969697e+00 -3.9393939394e-01 1.5890978005e+00
-1.9696969697e+00 -3.3333333333e-01 1.5981384130e+00
-1.9696969697e+00 -2.7272727273e-01 1.6057913548e+00
-1.9696969697e+00 -2.1212121212e-01 1.6119935466e+00
-1.9696969697e+00 -1.5151515152e-01 1.6166926685e+00
-1.9696969697e+00 -9.0909090909e-02 1.6198483563e+00
-1.9696969697e+00 -3.0303030303e-02 1.6214331495e+00
-1.9696969697e+00 3.0303030303e-02 1.6214331495e+00
-1.9696969697e+00 9.0909090909e-02 1.6198483563e+00
-1.9696969697e+00 1.5151515152e-01 1.6166926685e+00
-1.9696969697e+00 2.1212121212e-01 1.6119935466e+00
-1.9696969697e+00 2.7272727273e-01 1.6057913548e+00
-1.9696969697e+00 3.3333333333e-01 1.5981384130e+00
-1.9696969697e+00 3.9393939394e-01 1.5890978005e+00
-1.9696969697e+00 4.5454545455e-01 1.5787419647e+00
-1.9696969697e+00 5.1515151515e-01 1.5671511925e+00
-1.9696969697e+00 5.7575757576e-01 1.5544120025e+00
-1.9696969697e+00 6.3636363636e-01 1.5406155172e+00
-1.9696969697e+00 6.9696969697e-01 1.5258558681e+00
-1.9696969697e+00 7.5757575758e-01 1.5102286777e+00
-1.9696969697e+00 8.1818181818e-01 1.4938296583e+00
-1.9696969697e+00 8.7878787879e-01 1.4767533531e+00
-1.9696969697e+00 9.3939393939e-01 1.4590920387e+00
-1.9696969697e+00 1.0000000000e+00 1.4409347990e+00
-1.9696969697e+00 1.0606060606e+00 1.4223667714e+00
-1.9696969697e+00 1.1212121212e+00 1.4034685609e+00
-1.9696969697e+00 1.1818181818e+00 1.3843158118e+00
-1.9696969697e+00 1.2424242424e+00 1.3649789242e+00
-1.9696969697e+00 1.3030303030e+00 1.3455228980e+00
-1.9696969697e+00 1.3636363636e+00 1.3260072885e+00
-1.9696969697e+00 1.4242424242e+00 1.3064862555e+00
-1.9696969697e+00 1.4848484848e+00 1.2870086888e+00
-1.9696969697e+00 1.5454545455e+00 1.2676183942e+00
-1.9696969697e+00 1.6060606061e+00 1.2483543262e+00
-1.9696969697e+00 1.6666666667e+00 1.2292508537e+00
-1.9696969697e+00 1.7272727273e+00 1.2103380473e+00
-1.9696969697e+00 1.7878787879e+00 1.1916419798e+00
-1.9696969697e+00 1.8484848485e+00 1.1731850309e+00
-1.9696969697e+00 1.9090909091e+00 1.1549861907e+00
-1.9696969697e+00 1.9696969697e+00 1.1370613562e+00
-1.9696969697e+00 2.0303030303e+00 1.1194236173e+00
-1.9696969697e+00 2.0909090909e+00 1.1020835300e+00
-1.9696969697e+00 2.1515151515e+00 1.0850493743e+00
-1.9696969697e+00 2.2121212121e+00 1.0683273953e+00
-1.9696969697e+00 2.2727272727e+00 1.0519220282e+00
-1.9696969697e+00 2.3333333333e+00 1.0358361055e+00
-1.9696969697e+00 2.3939393939e+00 1.0200710476e+00
-1.9696969697e+00 2.4545454545e+00 1.0046270373e+00
-1.9696969697e+00 2.5151515152e+00 9.8950317795e-01
-1.9696969697e+00 2.5757575758e+00 9.7469763706e-01
-1.9696969697e+00 2.6363636364e+00 9.6020777591e-01
-1.9696969697e+00 2.6969696970e+00 9.4603026596e-01
-1.9696969697e+00 2.7575757576e+00 9.3216119312e-01
-1.9696969697e+00 2.8181818182e+00 9.1859615101e-01
-1.9696969697e+00 2.8787878788e+00 9.0533032378e-01
-1.9696969697e+00 2.9393939394e+00 8.9235855979e-01
-1.9696969697e+00 3.0000000000e+00 8.7967543668e-01

-1.9090909091e+00 -3.0000000000e+00 8.8789636188e-01
-1.9090909091e+00 -2.9393939394e+00 9.0094374874e-01
-1.9090909091e+00 -2.8787878788e+00 9.1429920100e-01
-1.9090909091e+00 -2.8181818182e+00 9.2796924645e-01
-1.9090909091e+00 -2.7575757576e+00 9.4196019643e-01
-1.9090909091e+00 -2.6969696970e+00 9.5627808082e-01
-1.9090909091e+00 -2.6363636364e+00 9.7092857381e-01
-1.9090909091e+00 -2.5757575758e+00 9.8591690967e-01
-1.9090909091e+00 -2.5151515152e+00 1.0012477872e+00
-1.9090909091e+00 -2.4545454545e+00 1.0169252619e+00
-1.9090909091e+00 -2.3939393939e+00 1.0329526247e+00
-1.9090909091e+00 -2.3333333333e+00 1.0493322655e+00
-1.9090909091e+00 -2.2727272727e+00 1.0660655213e+00
-1.9090909091e+00 -2.2121212121e+00 1.0831525070e+00
-1.9090909091e+00 -2.1515151515e+00 1.1005919272e+00
-1.9090909091e+00 -2.0909090909e+00 1.1183808688e+00
-1.9090909091e+00 -2.0303030303e+00 1.1365145740e+00
-1.9090909091e+00 -1.9696969697e+00 1.1549861907e+00
-1.9090909091e+00 -1.9090909091e+00 1.1737865028e+00
-1.9090909091e+00 -1.8484848485e+00 1.1929036383e+00
-1.9090909091e+00 -1.7878787879e+00 1.2123227577e+00
-1.9090909091e+00 -1.7272727273e+00 1.2320257224e+00
-1.9090909091e+00 -1.6666666667e+00 1.2519907477e+00
-1.9090909091e+00 -1.6060606061e+00 1.2721920413e+00
-1.9090909091e+00 -1.5454545455e+00 1.2925994358e+00
-1.9090909091e+00 -1.4848484848e+00 1.3131780177e+00
-1.9090909091e+00 -1.4242424242e+00 1.3338877652e+00
-1.9090909091e+00 -1.3636363636e+00 1.3546832025e+00
-1.9090909091e+00 -1.3030303030e+00 1.3755130847e+00
-1.9090909091e+00 -1.2424242424e+00 1.3963201281e+00
-1.9090909091e+00 -1.1818181818e+00 1.4170408022e+00
-1.9090909091e+00 -1.1212121212e+00 1.4376052043e+00
-1.9090909091e+00 -1.0606060606e+00 1.4579370367e+00
-1.9090909091e+00 -1.0000000000e+00 1.4779537088e+00
-1.9090909091e+00 -9.3939393939e-01 1.4975665872e+00
-1.9090909091e+00 -8.7878787879e-01 1.5166814159e+00
-1.9090909091e+00 -8.1818181818e-01 1.5351989244e+00
-1.9090909091e+00 -7.5757575758e-01 1.5530156422e+00
-1.9090909091e+00 -6.9696969697e-01 1.5700249259e+00
-1.9090909091e+00 -6.3636363636e-01 1.5861182046e+00
-1.9090909091e+00 -5.7575757576e-01 1.6011864318e+00
-1.9090909091e+00 -5.1515151515e-01 1.6151217288e+00
-1.9090909091e+00 -4.5454545455e-01 1.6278191845e+00
-1.9090909091e+00 -3.9393939394e-01 1.6391787696e+00
-1.9090909091e+00 -3.3333333333e-01 1.6491073088e+00
-1.9090909091e+00 -2.7272727273e-01 1.6575204433e+00
-1.9090909091e+00 -2.1212121212e-01 1.6643445122e+00
-1.9090909091e+00 -1.5151515152e-01 1.6695182733e+00
-1.9090909091e+00 -9.0909090909e-02 1.6729943903e+00
-1.9090909091e+00 -3.0303030303e-02 1.6747406161e+00
-1.9090909091e+00 3.0303030303e-02 1.6747406161e+00
-1.9090909091e+00 9.0909090909e-02 1.6729943903e+00
-1.9090909091e+00 1.5151515152e-01 1.6695182733e+00
-1.9090909091e+00 2.1212121212e-01 1.6643445122e+00
-1.9090909091e+00 2.7272727273e-01 1.6575204433e+00
-1.9090909091e+00 3.3333333333e-01 1.6491073088e+00
-1.9090909091e+00 3.9393939394e-01 1.6391787696e+00
-1.9090909091e+00 4.5454545455e-01 1.6278191845e+00
-1.9090909091e+00 5.1515151515e-01 1.6151217288e+00
-1.9090909091e+00 5.7575757576e-01 1.6011864318e+00
-1.9090909091e+00 6.3636363636e-01 1.5861182046e+00
-1.9090909091e+00 6.9696969697e-01 1.5700249259e+00
-1.9090909091e+00 7.5757575758e-01 1.5530156422e+00
-1.9090909091e+00 8.1818181818e-01 1.5351989244e+00
-1.9090909091e+00 8.7878787879e-01 1.5166814159e+00
-1.9090909091e+00 9.3939393939e-01 1.4975665872e+00
-1.9090909091e+00 1.0000000000e+00 1.4779537088e+00
-1.9090909091e+00 1.0606060606e+00 1.4579370367e+00
-1.9090909091e+00 1.1212121212e+00 1.4376052043e+00
-1.9090909091e+00 1.1818181818e+00 1.4170408022e+00
-1.9090909091e+00 1.2424242424e+00 1.3963201281e+00
-1.9090909091e+00 1.3030303030e+00 1.3755130847e+00
-1.9090909091e+00 1.3636363636e+00 1.3546832025e+00
-1.9090909091e+00 1.4242424242e+00 1.3338877652e+00
-1.9090909091e+00 1.4848484848e+00 1.3131780177e+00
-1.9090909091e+00 1.5454545455e+00 1.2925994358e+00
-1.9090909091e+00 1.6060606061e+00 1.2721920413e+00
-1.9090909091e+00 1.6666666667e+00 1.2519907477e+00
-1.9090909091e+00 1.7272727273e+00 1.2320257224e+00
-1.9090909091e+00 1.7878787879e+00 1.2123227577e+00
-1.9090909091e+00 1.8484848485e+00 1.1929036383e+00
-1.9090909091e+00 1.9090909091e+00 1.1737865028e+00
-1.9090909091e+00 1.9696969697e+00 1.1549861907e+00
-1.9090909091e+00 2.0303030303e+00 1.1365145740e+00
-1.9090909091e+00 2.0909090909e+00 1.1183808688e+00
-1.9090909091e+00 2.1515151515e+00 1.1005919272e+00
-1.9090909091e+00 2.2121212121e+00 1.0831525070e+00
-1.9090909091e+00 2.2727272727e+00 1.0660655213e+00
-1.9090909091e+00 2.3333333333e+00 1.0493322655e+00
-1.9090909091e+00 2.3939393939e+00 1.0329526247e+00
-1.9090909091e+00 2.4545454545e+00 1.0169252619e+00
-1.9090909091e+00 2.5151515152e+00 1.0012477872e+00
-1.9090909091e+00 2.5757575758e+00 9.8591690967e-01
-1.9090909091e+00 2.6363636364e+00 9.7092857381e-01
-1.9090909091e+00 2.6969696970e+00 9.5627808082e-01
-1.9090909091e+00 2.7575757576e+00 9.4196019643e-01
-1.9090909091e+00 2.8181818182e+00 9.2796924645e-01
-1.9090909091e+00 2.8787878788e+00 9.1429920100e-01
-1.9090909091e+00 2.9393939394e+00 9.0094374874e-01
-1.9090909091e+00 3.0000000000e+00 8.8789636188e-01

-1.8484848485e+00 -3.0000000000e+00 8.9608426536e-01
-1.8484848485e+00 -2.9393939394e+00 9.0950147468e-01
-1.8484848485e+00 -2.8787878788e+00 9.2324701408e-01
-1.8484848485e+00 -2.8181818182e+00 9.3732861492e-01
-1.8484848485e+00 -2.7575757576e+00 9.5175385691e-01
-1.8484848485e+00 -2.6969696970e+00 9.6653010409e-01
-1.8484848485e+00 -2.6363636364e+00 9.8166443119e-01
-1.8484848485e+00 -2.5757575758e+00 9.9716353902e-01
-1.8484848485e+00 -2.5151515152e+00 1.0130336578e+00
-1.8484848485e+00 -2.4545454545e+00 1.0292804367e+00
-1.8484848485e+00 -2.3939393939e+00 1.0459088192e+00
-1.8484848485e+00 -2.3333333333e+00 1.0629229006e+00
-1.8484848485e+00 -2.2727272727e+00 1.0803257692e+00
-1.8484848485e+00 -2.2121212121e+00 1.0981193262e+00
-1.8484848485e+00 -2.1515151515e+00 1.1163040852e+00
-1.8484848485e+00 -2.0909090909e+00 1.1348789488e+00
-1.8484848485e+00 -2.0303030303e+00 1.1538409605e+00
-1.8484848485e+00 -1.9696969697e+00 1.1731850309e+00
-1.8484848485e+00 -1.9090909091e+00 1.1929036383e+00
-1.8484848485e+00 -1.8484848485e+00 1.2129865010e+00
-1.8484848485e+00 -1.7878787879e+00 1.2334202236e+00
-1.8484848485e+00 -1.7272727273e+00 1.2541879166e+00
-1.8484848485e+00 -1.6666666667e+00 1.2752687928e+00
-1.8484848485e+00 -1.6060606061e+00 1.2966377412e+00
-1.8484848485e+00 -1.5454545455e+00 1.3182648863e+00
-1.8484848485e+00 -1.4848484848e+00 1.3401151371e+00
-1.8484848485e+00 -1.4242424242e+00 1.3621477347e+00
-1.8484848485e+00 -1.3636363636e+00 1.3843158118e+00
-1.8484848485e+00 -1.3030303030e+00 1.4065659755e+00
-1.8484848485e+00 -1.2424242424e+00 1.4288379330e+00
-1.8484848485e+00 -1.1818181818e+00 1.4510641783e+00
-1.8484848485e+00 -1.1212121212e+00 1.4731697651e+00
-1.8484848485e+00 -1.0606060606e+00 1.4950721900e+00
-1.8484848485e+00 -1.0000000000e+00 1.5166814159e+00
-1.8484848485e+00 -9.3939393939e-01 1.5379000636e+00
-1.8484848485e+00 -8.7878787879e-01 1.5586238022e+00
-1.8484848485e+00 -8.1818181818e-01 1.5787419647e+00
-1.8484848485e+00 -7.5757575758e-01 1.5981384130e+00
-1.8484848485e+00 -6.9696969697e-01 1.6166926685e+00
-1.8484848485e+00 -6.3636363636e-01 1.6342813165e+00
-1.8484848485e+00 -5.7575757576e-01 1.6507796809e+00
-1.8484848485e+00 -5.1515151515e-01 1.6660637478e+00
-1.8484848485e+00 -4.5454545455e-01 1.6800123062e+00
-1.8484848485e+00 -3.9393939394e-01 1.6925092516e+00
-1.8484848485e+00 -3.3333333333e-01 1.7034459843e+00
-1.8484848485e+00 -2.7272727273e-01 1.7127238194e+00
-1.8484848485e+00 -2.1212121212e-01 1.7202563133e+00
-1.8484848485e+00 -1.5151515152e-01 1.7259714078e+00
-1.8484848485e+00 -9.0909090909e-02 1.7298132909e+00
-1.8484848485e+00 -3.0303030303e-02 1.7317438852e+00
-1.8484848485e+00 3.0303030303e-02 1.7317438852e+00
-1.8484848485e+00 9.0909090909e-02 1.7298132909e+00
-1.8484848485e+00 1.5151515152e-01 1.7259714078e+00
-1.8484848485e+00 2.1212121212e-01 1.7202563133e+00
-1.8484848485e+00 2.7272727273e-01 1.7127238194e+00
-1.8484848485e+00 3.3333333333e-01 1.7034459843e+00
-1.8484848485e+00 3.9393939394e-01 1.6925092516e+00
-1.8484848485e+00 4.5454545455e-01 1.6800123062e+00
-1.8484848485e+00 5.1515151515e-01 1.6660637478e+00
-1.8484848485e+00 5.7575757576e-01 1.6507796809e+00
-1.8484848485e+00 6.3636363636e-01 1.6342813165e+00
-1.8484848485e+00 6.9696969697e-01 1.6166926685e+00
-1.8484848485e+00 7.5757575758e-01 1.5981384130e+00
-1.8484848485e+00 8.1818181818e-01 1.5787419647e+00
-1.8484848485e+00 8.7878787879e-01 1.5586238022e+00
-1.8484848485e+00 9.3939393939e-01 1.5379000636e+00
-1.8484848485e+00 1.0000000000e+00 1.5166814159e+00
-1.8484848485e+00 1.0606060606e+00 1.4950721900e+00
-1.8484848485e+00 1.1212121212e+00 1.4731697651e+00
-1.8484848485e+00 1.1818181818e+00 1.4510641783e+00
-1.8484848485e+00 1.2424242424e+00 1.4288379330e+00
-1.8484848485e+00 1.3030303030e+00 1.4065659755e+00
-1.8484848485e+00 1.3636363636e+00 1.3843158118e+00
-1.8484848485e+00 1.4242424242e+00 1.3621477347e+00
-1.8484848485e+00 1.4848484848e+00 1.3401151371e+00
-1.8484848485e+00 1.5454545455e+00 1.3182648863e+00
-1.8484848485e+00 1.6060606061e+00 1.2966377412e+00
-1.8484848485e+00 1.6666666667e+00 1.2752687928e+00
-1.8484848485e+00 1.7272727273e+00 1.2541879166e+00
-1.8484848485e+00 1.7878787879e+00 1.2334202236e+00
-1.8484848485e+00 1.8484848485e+00 1.2129865010e+00
-1.8484848485e+00 1.9090909091e+00 1.1929036383e+00
-1.8484848485e+00 1.9696969697e+00 1.1731850309e+00
-1.8484848485e+00 2.0303030303e+00 1.1538409605e+00
-1.8484848485e+00 2.0909090909e+00 1.1348789488e+00
-1.8484848485e+00 2.1515151515e+00 1.1163040852e+00
-1.8484848485e+00 2.2121212121e+00 1.0981193262e+00
-1.8484848485e+00 2.2727272727e+00 1.0803257692e+00
-1.8484848485e+00 2.3333333333e+00 1.0629229006e+00
-1.8484848485e+00 2.3939393939e+00 1.0459088192e+00
-1.8484848485e+00 2.4545454545e+00 1.0292804367e+00
-1.8484848485e+00 2.5151515152e+00 1.0130336578e+00
-1.8484848485e+00 2.5757575758e+00 9.9716353902e-01
-1.8484848485e+00 2.6363636364e+00 9.8166443119e-01
-1.8484848485e+00 2.6969696970e+00 9.6653010409e-01
-1.8484848485e+00 2.7575757576e+00 9.5175385691e-01
-1.8484848485e+00 2.8181818182e+00 9.3732861492e-01
-1.8484848485e+00 2.8787878788e+00 9.2324701408e-01
-1.8484848485e+00 2.9393939394e+00 9.0950147468e-01
-1.8484848485e+00 3.0000000000e+00 8.9608426536e-01

-1.7878787879e+00 -3.0000000000e+00 9.0422767531e-01
-1.7878787879e+00 -2.9393939394e+00 9.1801972195e-01
-1.7878787879e+00 -2.8787878788e+00 9.3216119312e-01
-1.7878787879e+00 -2.8181818182e+00 9.4666112546e-01
-1.7878787879e+00 -2.7575757576e+00 9.6152848018e-01
-1.7878787879e+00 -2.6969696970e+00 9.7677208135e-01
-1.7878787879e+00 -2.6363636364e+00 9.9240054396e-01
-1.7878787879e+00 -2.5757575758e+00 1.0084221903e+00
-1.7878787879e+00 -2.5151515152e+00 1.0248449536e+00
-1.7878787879e+00 -2.4545454545e+00 1.0416762665e+00
-1.7878787879e+00 -2.3939393939e+00 1.0589229339e+00
-1.7878787879e+00 -2.3333333333e+00 1.0765909872e+00
-1.7878787879e+00 -2.2727272727e+00 1.0946855184e+00
-1.7878787879e+00 -2.2121212121e+00 1.1132104917e+00
-1.7878787879e+00 -2.1515151515e+00 1.1321685318e+00
-1.7878787879e+00 -2.0909090909e+00 1.1515606843e+00
-1.7878787879e+00 -2.0303030303e+00 1.1713861487e+00
-1.7878787879e+00 -1.9696969697e+00 1.1916419798e+00
-1.7878787879e+00 -1.9090909091e+00 1.2123227577e+00
-1.7878787879e+00 -1.8484848485e+00 1.2334202236e+00
-1.7878787879e+00 -1.7878787879e+00 1.2549228814e+00
-1.7878787879e+00 -1.7272727273e+00 1.2768155651e+00
-1.7878787879e+00 -1.6666666667e+00 1.2990789721e+00
-1.7878787879e+00 -1.6060606061e+00 1.3216891667e+00
-1.7878787879e+00 -1.5454545455e+00 1.3446170560e+00
-1.7878787879e+00 -1.4848484848e+00 1.3678278459e+00
-1.7878787879e+00 -1.4242424242e+00 1.3912804850e+00
-1.7878787879e+00 -1.3636363636e+00 1.4149271093e+00
-1.7878787879e+00 -1.3030303030e+00 1.4387125024e+00
-1.7878787879e+00 -1.2424242424e+00 1.4625735907e+00
-1.7878787879e+00 -1.1818181818e+00 1.4864389966e+00
-1.7878787879e+00 -1.1212121212e+00 1.5102286777e+00
-1.7878787879e+00 -1.0606060606e+00 1.5338536836e+00
-1.7878787879e+00 -1.0000000000e+00 1.5572160654e+00
-1.7878787879e+00 -9.3939393939e-01 1.5802089758e+00
-1.7878787879e+00 -8.7878787879e-01 1.6027169992e+00
-1.7878787879e+00 -8.1818181818e-01 1.6246167485e+00
-1.7878787879e+00 -7.5757575758e-01 1.6457777652e+00
-1.7878787879e+00 -6.9696969697e-01 1.6660637478e+00
-1.7878787879e+00 -6.3636363636e-01 1.6853341262e+00
-1.7878787879e+00 -5.7575757576e-01 1.7034459843e+00
-1.7878787879e+00 -5.1515151515e-01 1.7202563133e+00
-1.7878787879e+00 -4.5454545455e-01 1.7356245597e+00
-1.7878787879e+00 -3.9393939394e-01 1.7494154054e+00
-1.7878787879e+00 -3.3333333333e-01 1.7615016975e+00
-1.7878787879e+00 -2.7272727273e-01 1.7717674220e+00
-1.7878787879e+00 -2.1212121212e-01 1.7801106001e+00
-1.7878787879e+00 -1.5151515152e-01 1.7864459757e+00
-1.7878787879e+00 -9.0909090909e-02 1.7907073639e+00
-1.7878787879e+00 -3.0303030303e-02 1.7928495351e+00
-1.7878787879e+00 3.0303030303e-02 1.7928495351e+00
-1.7878787879e+00 9.0909090909e-02 1.7907073639e+00
-1.7878787879e+00 1.5151515152e-01 1.7864459757e+00
-1.7878787879e+00 2.1212121212e-01 1.7801106001e+00
-1.7878787879e+00 2.7272727273e-01 1.7717674220e+00
-1.7878787879e+00 3.3333333333e-01 1.7615016975e+00
-1.7878787879e+00 3.9393939394e-01 1.7494154054e+00
-1.7878787879e+00 4.5454545455e-01 1.7356245597e+00
-1.7878787879e+00 5.1515151515e-01 1.7202563133e+00
-1.7878787879e+00 5.7575757576e-01 1.7034459843e+00
-1.7878787879e+00 6.3636363636e-01 1.6853341262e+00
-1.7878787879e+00 6.9696969697e-01 1.6660637478e+00
-1.7878787879e+00 7.5757575758e-01 1.6457777652e+00
-1.7878787879e+00 8.1818181818e-01 1.6246167485e+00
-1.7878787879e+00 8.7878787879e-01 1.6027169992e+00
-1.7878787879e+00 9.3939393939e-01 1.5802089758e+00
-1.7878787879e+00 1.0000000000e+00 1.5572160654e+00
-1.7878787879e+00 1.0606060606e+00 1.5338536836e+00
-1.7878787879e+00 1.1212121212e+00 1.5102286777e+00
-1.7878787879e+00 1.1818181818e+00 1.4864389966e+00
-1.7878787879e+00 1.2424242424e+00 1.4625735907e+00
-1.7878787879e+00 1.3030303030e+00 1.4387125024e+00
-1.7878787879e+00 1.3636363636e+00 1.4149271093e+00
-1.7878787879e+00 1.4242424242e+00 1.3912804850e+00
-1.7878787879e+00 1.4848484848e+00 1.3678278459e+00
-1.7878787879e+00 1.5454545455e+00 1.3446170560e+00
-1.7878787879e+00 1.6060606061e+00 1.3216891667e+00
-1.7878787879e+00 1.6666666667e+00 1.2990789721e+00
-1.7878787879e+00 1.7272727273e+00 1.2768155651e+00
-1.7878787879e+00 1.7878787879e+00 1.2549228814e+00
-1.7878787879e+00 1.8484848485e+00 1.2334202236e+00
-1.7878787879e+00 1.9090909091e+00 1.2123227577e+00
-1.7878787879e+00 1.9696969697e+00 1.1916419798e+00
-1.7878787879e+00 2.0303030303e+00 1.1713861487e+00
-1.7878787879e+00 2.0909090909e+00 1.1515606843e+00
-1.7878787879e+00 2.1515151515e+00 1.1321685318e+00
-1.7878787879e+00 2.2121212121e+00 1.1132104917e+00
-1.7878787879e+00 2.2727272727e+00 1.0946855184e+00
-1.7878787879e+00 2.3333333333e+00 1.0765909872e+00
-1.7878787879e+00 2.3939393939e+00 1.0589229339e+00
-1.7878787879e+00 2.4545454545e+00 1.0416762665e+00
-1.7878787879e+00 2.5151515152e+00 1.0248449536e+00
-1.7878787879e+00 2.5757575758e+00 1.0084221903e+00
-1.7878787879e+00 2.6363636364e+00 9.9240054396e-01
-1.7878787879e+00 2.6969696970e+00 9.7677208135e-01
-1.7878787879e+00 2.7575757576e+00 9.6152848018e-01
-1.7878787879e+00 2.8181818182e+00 9.4666112546e-01
-1.7878787879e+00 2.8787878788e+00 9.3216119312e-01
-1.7878787879e+00 2.9393939394e+00 9.1801972195e-01
-1.7878787879e+00 3.0000000000e+00 9.0422767531e-01

-1.7272727273e+00 -3.0000000000e+00 9.1231448809e-01
-1.7272727273e+00 -2.9393939394e+00 9.2648577207e-01
-1.7272727273e+00 -2.8787878788e+00 9.4102838721e-01
-1.7272727273e+00 -2.8181818182e+00 9.5595278000e-01
-1.7272727273e+00 -2.7575757576e+00 9.7126941030e-01
-1.7272727273e+00 -2.6969696970e+00 9.8698869308e-01
-1.7272727273e+00 -2.6363636364e+00 1.0031209297e+00
-1.7272727273e+00 -2.5757575758e+00 1.0196762271e+00
-1.7272727273e+00 -2.5151515152e+00 1.0366644029e+00
-1.7272727273e+00 -2.4545454545e+00 1.0540948751e+00
-1.7272727273e+00 -2.3939393939e+00 1.0719765347e+00
-1.7272727273e+00 -2.3333333333e+00 1.0903175970e+00
-1.7272727273e+00 -2.2727272727e+00 1.1091254323e+00
-1.7272727273e+00 -2.2121212121e+00 1.1284063710e+00
-1.7272727273e+00 -2.1515151515e+00 1.1481654811e+00
-1.7272727273e+00 -2.0909090909e+00 1.1684063157e+00
-1.7272727273e+00 -2.0303030303e+00 1.1891306277e+00
-1.7272727273e+00 -1.9696969697e+00 1.2103380473e+00
-1.7272727273e+00 -1.9090909091e+00 1.2320257224e+00
-1.7272727273e+00 -1.8484848485e+00 1.2541879166e+00
-1.7272727273e+00 -1.7878787879e+00 1.2768155651e+00
-1.7272727273e+00 -1.7272727273e+00 1.2998957857e+00
-1.7272727273e+00 -1.6666666667e+00 1.3234113464e+00
-1.7272727273e+00 -1.6060606061e+00 1.3473400890e+00
-1.7272727273e+00 -1.5454545455e+00 1.3716543137e+00
-1.7272727273e+00 -1.4848484848e+00 1.3963201281e+00
-1.7272727273e+00 -1.4242424242e+00 1.4212967717e+00
-1.7272727273e+00 -1.3636363636e+00 1.4465359253e+00
-1.7272727273e+00 -1.3030303030e+00 1.4719810229e+00
-1.7272727273e+00 -1.2424242424e+00 1.4975665872e+00
-1.7272727273e+00 -1.1818181818e+00 1.5232176147e+00
-1.7272727273e+00 -1.1212121212e+00 1.5488490428e+00
-1.7272727273e+00 -1.0606060606e+00 1.5743653373e+00
-1.7272727273e+00 -1.0000000000e+00 1.5996602434e+00
-1.7272727273e+00 -9.3939393939e-01 1.6246167485e+00
-1.7272727273e+00 -8.7878787879e-01 1.6491073088e+00
-1.7272727273e+00 -8.1818181818e-01 1.6729943903e+00
-1.7272727273e+00 -7.5757575758e-01 1.6961313744e+00
-1.7272727273e+00 -6.9696969697e-01 1.7183638696e+00
-1.7272727273e+00 -6.3636363636e-01 1.7395314595e+00
-1.7272727273e+00 -5.7575757576e-01 1.7594698995e+00
-1.7272727273e+00 -5.1515151515e-01 1.7780137514e+00
-1.7272727273e+00 -4.5454545455e-01 1.7949994190e+00
-1.7272727273e+00 -3.9393939394e-01 1.8102685122e+00
-1.7272727273e+00 -3.3333333333e-01 1.8236714407e+00
-1.7272727273e+00 -2.7272727273e-01 1.8350711035e+00
-1.7272727273e+00 -2.1212121212e-01 1.8443465168e+00
-1.7272727273e+00 -1.5151515152e-01 1.8513962093e+00
-1.7272727273e+00 -9.0909090909e-02 1.8561412070e+00
-1.7272727273e+00 -3.0303030303e-02 1.8585274411e+00
-1.7272727273e+00 3.0303030303e-02 1.8585274411e+00
-1.7272727273e+00 9.0909090909e-02 1.8561412070e+00
-1.7272727273e+00 1.5151515152e-01 1.8513962093e+00
-1.7272727273e+00 2.1212121212e-01 1.8443465168e+00
-1.7272727273e+00 2.7272727273e-01 1.8350711035e+00
-1.7272727273e+00 3.3333333333e-01 1.8236714407e+00
-1.7272727273e+00 3.9393939394e-01 1.8102685122e+00
-1.7272727273e+00 4.5454545455e-01 1.7949994190e+00
-1.7272727273e+00 5.1515151515e-01 1.7780137514e+00
-1.7272727273e+00 5.7575757576e-01 1.7594698995e+00
-1.7272727273e+00 6.3636363636e-01 1.7395314595e+00
-1.7272727273e+00 6.9696969697e-01 1.7183638696e+00
-1.7272727273e+00 7.5757575758e-01 1.6961313744e+00
-1.7272727273e+00 8.1818181818e-01 1.6729943903e+00
-1.7272727273e+00 8.7878787879e-01 1.6491073088e+00
-1.7272727273e+00 9.3939393939e-01 1.6246167485e+00
-1.7272727273e+00 1.0000000000e+00 1.5996602434e+00
-1.7272727273e+00 1.0606060606e+00 1.5743653373e+00
-1.7272727273e+00 1.1212121212e+00 1.5488490428e+00
-1.7272727273e+00 1.1818181818e+00 1.5232176147e+00
-1.7272727273e+00 1.2424242424e+00 1.4975665872e+00
-1.7272727273e+00 1.3030303030e+00 1.4719810229e+00
-1.7272727273e+00 1.3636363636e+00 1.4465359253e+00
-1.7272727273e+00 1.4242424242e+00 1.4212967717e+00
-1.7272727273e+00 1.4848484848e+00 1.3963201281e+00
-1.7272727273e+00 1.5454545455e+00 1.3716543137e+00
-1.7272727273e+00 1.6060606061e+00 1.3473400890e+00
-1.7272727273e+00 1.6666666667e+00 1.3234113464e+00
-1.7272727273e+00 1.7272727273e+00 1.2998957857e+00
-1.7272727273e+00 1.7878787879e+00 1.2768155651e+00
-1.7272727273e+00 1.8484848485e+00 1.2541879166e+00
-1.7272727273e+00 1.9090909091e+00 1.2320257224e+00
-1.7272727273e+00 1.9696969697e+00 1.2103380473e+00
-1.7272727273e+00 2.0303030303e+00 1.1891306277e+00
-1.7272727273e+00 2.0909090909e+00 1.1684063157e+00
-1.7272727273e+00 2.1515151515e+00 1.1481654811e+00
-1.7272727273e+00 2.2121212121e+00 1.1284063710e+00
-1.7272727273e+00 2.2727272727e+00 1.1091254323e+00
-1.7272727273e+00 2.3333333333e+00 1.0903175970e+00
-1.7272727273e+00 2.3939393939e+00 1.0719765347e+00
-1.7272727273e+00 2.4545454545e+00 1.0540948751e+00
-1.7272727273e+00 2.5151515152e+00 1.0366644029e+00
-1.7272727273e+00 2.5757575758e+00 1.0196762271e+00
-1.7272727273e+00 2.6363636364e+00 1.0031209297e+00
-1.7272727273e+00 2.6969696970e+00 9.8698869308e-01
-1.7272727273e+00 2.7575757576e+00 9.7126941030e-01
-1.7272727273e+00 2.8181818182e+00 9.5595278000e-01
-1.7272727273e+00 2.8787878788e+00 9.4102838721e-01
-1.7272727273e+00 2.9393939394e+00 9.2648577207e-01
-1.7272727273e+00 3.0000000000e+00 9.1231448809e-01

-1.6666666667e+00 -3.0000000000e+00 9.2033197542e-01
-1.6666666667e+00 -2.9393939394e+00 9.3488620820e-01
-1.6666666667e+00 -2.8787878788e+00 9.4983446527e-01
-1.6666666667e+00 -2.8181818182e+00 9.6518870992e-01
-1.6666666667e+00 -2.7575757576e+00 9.8096102082e-01
-1.6666666667e+00 -2.6969696970e+00 9.9716353902e-01
-1.6666666667e+00 -2.6363636364e+00 1.0138084041e+00
-1.6666666667e+00 -2.5757575758e+00 1.0309076777e+00
-1.6666666667e+00 -2.5151515152e+00 1.0484732529e+00
-1.6666666667e+00 -2.4545454545e+00 1.0665167467e+00
-1.6666666667e+00 -2.3939393939e+00 1.0850493743e+00
-1.6666666667e+00 -2.3333333333e+00 1.1040818015e+00
-1.6666666667e+00 -2.2727272727e+00 1.1236239734e+00
-1.6666666667e+00 -2.2121212121e+00 1.1436849150e+00
-1.6666666667e+00 -2.1515151515e+00 1.1642725023e+00
-1.6666666667e+00 -2.0909090909e+00 1.1853931985e+00
-1.6666666667e+00 -2.0303030303e+00 1.2070517520e+00
-1.6666666667e+00 -1.9696969697e+00 1.2292508537e+00
-1.6666666667e+00 -1.9090909091e+00 1.2519907477e+00
-1.6666666667e+00 -1.8484848485e+00 1.2752687928e+00
-1.6666666667e+00 -1.7878787879e+00 1.2990789721e+00
-1.6666666667e+00 -1.7272727273e+00 1.3234113464e+00
-1.6666666667e+00 -1.6666666667e+00 1.3482514507e+00
-1.6666666667e+00 -1.6060606061e+00 1.3735796329e+00
-1.6666666667e+00 -1.5454545455e+00 1.3993703370e+00
-1.6666666667e+00 -1.4848484848e+00 1.4255913332e+00
-1.6666666667e+00 -1.4242424242e+00 1.4522029042e+00
-1.6666666667e+00 -1.3636363636e+00 1.4791569974e+00
-1.6666666667e+00 -1.3030303030e+00 1.5063963608e+00
-1.6666666667e+00 -1.2424242424e+00 1.5338536836e+00
-1.6666666667e+00 -1.1818181818e+00 1.5614507728e+00
-1.6666666667e+00 -1.1212121212e+00 1.5890978005e+00
-1.6666666667e+00 -1.0606060606e+00 1.6166926685e+00
-1.6666666667e+00 -1.0000000000e+00 1.6441205427e+00
-1.6666666667e+00 -9.3939393939e-01 1.6712536188e+00
-1.6666666667e+00 -8.7878787879e-01 1.6979511841e+00
-1.6666666667e+00 -8.1818181818e-01 1.7240600475e+00
-1.6666666667e+00 -7.5757575758e-01 1.7494154054e+00
-1.6666666667e+00 -6.9696969697e-01 1.7738422057e+00
-1.6666666667e+00 -6.3636363636e-01 1.7971570620e+00
-1.6666666667e+00 -5.7575757576e-01 1.8191707458e+00
-1.6666666667e+00 -5.1515151515e-01 1.8396912573e+00
-1.6666666667e+00 -4.5454545455e-01 1.8585274411e+00
-1.6666666667e+00 -3.9393939394e-01 1.8754930674e+00
-1.6666666667e+00 -3.3333333333e-01 1.8904112575e+00
-1.6666666667e+00 -2.7272727273e-01 1.9031190862e+00
-1.6666666667e+00 -2.1212121212e-01 1.9134721586e+00
-1.6666666667e+00 -1.5151515152e-01 1.9213489307e+00
-1.6666666667e+00 -9.0909090909e-02 1.9266545362e+00
-1.6666666667e+00 -3.0303030303e-02 1.9293238928e+00
-1.6666666667e+00 3.0303030303e-02 1.9293238928e+00
-1.6666666667e+00 9.0909090909e-02 1.9266545362e+00
-1.6666666667e+00 1.5151515152e-01 1.9213489307e+00
-1.6666666667e+00 2.1212121212e-01 1.9134721586e+00
-1.6666666667e+00 2.7272727273e-01 1.9031190862e+00
-1.6666666667e+00 3.3333333333e-01 1.8904112575e+00
-1.6666666667e+00 3.9393939394e-01 1.8754930674e+00
-1.6666666667e+00 4.5454545455e-01 1.8585274411e+00
-1.6666666667e+00 5.1515151515e-01 1.8396912573e+00
-1.6666666667e+00 5.7575757576e-01 1.8191707458e+00
-1.6666666667e+00 6.3636363636e-01 1.7971570620e+00
-1.6666666667e+00 6.9696969697e-01 1.7738422057e+00
-1.6666666667e+00 7.5757575758e-01 1.7494154054e+00
-1.6666666667e+00 8.1818181818e-01 1.7240600475e+00
-1.6666666667e+00 8.7878787879e-01 1.6979511841e+00
-1.6666666667e+00 9.3939393939e-01 1.6712536188e+00
-1.6666666667e+00 1.0000000000e+00 1.6441205427e+00
-1.6666666667e+00 1.0606060606e+00 1.6166926685e+00
-1.6666666667e+00 1.1212121212e+00 1.5890978005e+00
-1.6666666667e+00 1.1818181818e+00 1.5614507728e+00
-1.6666666667e+00 1.2424242424e+00 1.5338536836e+00
-1.6666666667e+00 1.3030303030e+00 1.5063963608e+00
-1.6666666667e+00 1.3636363636e+00 1.4791569974e+00
-1.6666666667e+00 1.4242424242e+00 1.4522029042e+00
-1.6666666667e+00 1.4848484848e+00 1.4255913332e+00
-1.6666666667e+00 1.5454545455e+00 1.3993703370e+00
-1.6666666667e+00 1.6060606061e+00 1.3735796329e+00
-1.6666666667e+00 1.6666666667e+00 1.3482514507e+00
-1.6666666667e+00 1.7272727273e+00 1.3234113464e+00
-1.6666666667e+00 1.7878787879e+00 1.2990789721e+00
-1.6666666667e+00 1.8484848485e+00 1.2752687928e+00
-1.6666666667e+00 1.9090909091e+00 1.2519907477e+00
-1.6666666667e+00 1.9696969697e+00 1.2292508537e+00
-1.6666666667e+00 2.0303030303e+00 1.2070517520e+00
-1.6666666667e+00 2.0909090909e+00 1.1853931985e+00
-1.6666666667e+00 2.1515151515e+00 1.1642725023e+00
-1.6666666667e+00 2.2121212121e+00 1.1436849150e+00
-1.6666666667e+00 2.2727272727e+00 1.1236239734e+00
-1.6666666667e+00 2.3333333333e+00 1.1040818015e+00
-1.6666666667e+00 2.3939393939e+00 1.0850493743e+00
-1.6666666667e+00 2.4545454545e+00 1.0665167467e+00
-1.6666666667e+00 2.5151515152e+00 1.0484732529e+00
-1.6666666667e+00 2.5757575758e+00 1.0309076777e+00
-1.6666666667e+00 2.6363636364e+00 1.0138084041e+00
-1.6666666667e+00 2.6969696970e+00 9.9716353902e-01
-1.6666666667e+00 2.7575757576e+00 9.8096102082e-01
-1.6666666667e+00 2.8181818182e+00 9.6518870992e-01
-1.6666666667e+00 2.8787878788e+00 9.4983446527e-01
-1.6666666667e+00 2.9393939394e+00 9.3488620820e-01
-1.6666666667e+00 3.0000000000e+00 9.2033197542e-01

-1.6060606061e+00 -3.0000000000e+00 9.2826679740e-01
-1.6060606061e+00 -2.9393939394e+00 9.4320692578e-01
-1.6060606061e+00 -2.8787878788e+00 9.5856452380e-01
-1.6060606061e+00 -2.8181818182e+00 9.7435317975e-01
-1.6060606061e+00 -2.7575757576e+00 9.9058671357e-01
-1.6060606061e+00 -2.6969696970e+00 1.0072791308e+00
-1.6060606061e+00 -2.6363636364e+00 1.0244445655e+00
-1.6060606061e+00 -2.5757575758e+00 1.0420972108e+00
-1.6060606061e+00 -2.5151515152e+00 1.0602512339e+00
-1.6060606061e+00 -2.4545454545e+00 1.0789206751e+00
-1.6060606061e+00 -2.3939393939e+00 1.0981193262e+00
-1.6060606061e+00 -2.3333333333e+00 1.1178605863e+00
-1.6060606061e+00 -2.2727272727e+00 1.1381572925e+00
-1.6060606061e+00 -2.2121212121e+00 1.1590215202e+00
-1.6060606061e+00 -2.1515151515e+00 1.1804643494e+00
-1.6060606061e+00 -2.0909090909e+00 1.2024955944e+00
-1.6060606061e+00 -2.0303030303e+00 1.2251234892e+00
-1.6060606061e+00 -1.9696969697e+00 1.2483543262e+00
-1.6060606061e+00 -1.9090909091e+00 1.2721920413e+00
-1.6060606061e+00 -1.8484848485e+00 1.2966377412e+00
-1.6060606061e+00 -1.7878787879e+00 1.3216891667e+00
-1.6060606061e+00 -1.7272727273e+00 1.3473400890e+00
-1.6060606061e+00 -1.6666666667e+00 1.3735796329e+00
-1.6060606061e+00 -1.6060606061e+00 1.4003915254e+00
-1.6060606061e+00 -1.5454545455e+00 1.4277532689e+00
-1.6060606061e+00 -1.4848484848e+00 1.4556352405e+00
-1.6060606061e+00 -1.4242424242e+00 1.4839997221e+00
-1.6060606061e+00 -1.3636363636e+00 1.5127998716e+00
-1.6060606061e+00 -1.3030303030e+00 1.5419786516e+00
-1.6060606061e+00 -1.2424242424e+00 1.5714677366e+00
-1.6060606061e+00 -1.1818181818e+00 1.6011864318e+00
-1.6060606061e+00 -1.1212121212e+00 1.6310406441e+00
-1.6060606061e+00 -1.0606060606e+00 1.6609219574e+00
-1.6060606061e+00 -1.0000000000e+00 1.6907068763e+00
-1.6060606061e+00 -9.3939393939e-01 1.7202563133e+00
-1.6060606061e+00 -8.7878787879e-01 1.7494154054e+00
-1.6060606061e+00 -8.1818181818e-01 1.7780137514e+00
-1.6060606061e+00 -7.5757575758e-01 1.8058661680e+00
-1.6060606061e+00 -6.9696969697e-01 1.8327740535e+00
-1.6060606061e+00 -6.3636363636e-01 1.8585274411e+00
-1.6060606061e+00 -5.7575757576e-01 1.8829077957e+00
-1.6060606061e+00 -5.1515151515e-01 1.9056915759e+00
-1.6060606061e+00 -4.5454545455e-01 1.9266545362e+00
-1.6060606061e+00 -3.9393939394e-01 1.9455766858e+00
-1.6060606061e+00 -3.3333333333e-01 1.9622477599e+00
-1.6060606061e+00 -2.7272727273e-01 1.9764729944e+00
-1.6060606061e+00 -2.1212121212e-01 1.9880789385e+00
-1.6060606061e+00 -1.5151515152e-01 1.9969189994e+00
-1.6060606061e+00 -9.0909090909e-02 2.0028783943e+00
-1.6060606061e+00 -3.0303030303e-02 2.0058781954e+00
-1.6060606061e+00 3.0303030303e-02 2.0058781954e+00
-1.6060606061e+00 9.0909090909e-02 2.0028783943e+00
-1.6060606061e+00 1.5151515152e-01 1.9969189994e+00
-1.6060606061e+00 2.1212121212e-01 1.9880789385e+00
-1.6060606061e+00 2.7272727273e-01 1.9764729944e+00
-1.6060606061e+00 3.3333333333e-01 1.9622477599e+00
-1.6060606061e+00 3.9393939394e-01 1.9455766858e+00
-1.6060606061e+00 4.5454545455e-01 1.9266545362e+00
-1.6060606061e+00 5.1515151515e-01 1.9056915759e+00
-1.6060606061e+00 5.7575757576e-01 1.8829077957e+00
-1.6060606061e+00 6.3636363636e-01 1.8585274411e+00
-1.6060606061e+00 6.9696969697e-01 1.8327740535e+00
-1.6060606061e+00 7.5757575758e-01 1.8058661680e+00
-1.6060606061e+00 8.1818181818e-01 1.7780137514e+00
-1.6060606061e+00 8.7878787879e-01 1.7494154054e+00
-1.6060606061e+00 9.3939393939e-01 1.7202563133e+00
-1.6060606061e+00 1.0000000000e+00 1.6907068763e+00
-1.6060606061e+00 1.0606060606e+00 1.6609219574e+00
-1.6060606061e+00 1.1212121212e+00 1.6310406441e+00
-1.6060606061e+00 1.1818181818e+00 1.6011864318e+00
-1.6060606061e+00 1.2424242424e+00 1.5714677366e+00
-1.6060606061e+00 1.3030303030e+00 1.5419786516e+00
-1.6060606061e+00 1.3636363636e+00 1.5127998716e+00
-1.6060606061e+00 1.4242424242e+00 1.4839997221e+00
-1.6060606061e+00 1.4848484848e+00 1.4556352405e+00
-1.6060606061e+00 1.5454545455e+00 1.4277532689e+00
-1.6060606061e+00 1.6060606061e+00 1.4003915254e+00
-1.6060606061e+00 1.6666666667e+00 1.3735796329e+00
-1.6060606061e+00 1.7272727273e+00 1.3473400890e+00
-1.6060606061e+00 1.7878787879e+00 1.3216891667e+00
-1.6060606061e+00 1.8484848485e+00 1.2966377412e+00
-1.6060606061e+00 1.9090909091e+00 1.2721920413e+00
-1.6060606061e+00 1.9696969697e+00 1.2483543262e+00
-1.6060606061e+00 2.0303030303e+00 1.2251234892e+00
-1.6060606061e+00 2.0909090909e+00 1.2024955944e+00
-1.6060606061e+00 2.1515151515e+00 1.1804643494e+00
-1.6060606061e+00 2.2121212121e+00 1.1590215202e+00
-1.6060606061e+00 2.2727272727e+00 1.1381572925e+00
-1.6060606061e+00 2.3333333333e+00 1.1178605863e+00
-1.6060606061e+00 2.3939393939e+00 1.0981193262e+00
-1.6060606061e+00 2.4545454545e+00 1.0789206751e+00
-1.6060606061e+00 2.5151515152e+00 1.0602512339e+00
-1.6060606061e+00 2.5757575758e+00 1.0420972108e+00
-1.6060606061e+00 2.6363636364e+00 1.0244445655e+00
-1.6060606061e+00 2.6969696970e+00 1.0072791308e+00
-1.6060606061e+00 2.7575757576e+00 9.9058671357e-01
-1.6060606061e+00 2.8181818182e+00 9.7435317975e-01
-1.6060606061e+00 2.8787878788e+00 9.5856452380e-01
-1.6060606061e+00 2.9393939394e+00 9.4320692578e-01
-1.6060606061e+00 3.0000000000e+00 9.2826679740e-01

-1.5454545455e+00 -3.0000000000e+00 9.3610502173e-01
-1.5454545455e+00 -2.9393939394e+00 9.5143315011e-01
-1.5454545455e+00 -2.8787878788e+00 9.6720290199e-01
-1.5454545455e+00 -2.8181818182e+00 9.8342959916e-01
-1.5454545455e+00 -2.7575757576e+00 1.0001289263e+00
-1.5454545455e+00 -2.6969696970e+00 1.0173168940e+00
-1.5454545455e+00 -2.6363636364e+00 1.0350097905e+00
-1.5454545455e+00 -2.5757575758e+00 1.0532241216e+00
-1.5454545455e+00 -2.5151515152e+00 1.0719765347e+00
-1.5454545455e+00 -2.4545454545e+00 1.0912837265e+00
-1.5454545455e+00 -2.3939393939e+00 1.1111623295e+00
-1.5454545455e+00 -2.3333333333e+00 1.1316287754e+00
-1.5454545455e+00 -2.2727272727e+00 1.1526991306e+00
-1.5454545455e+00 -2.2121212121e+00 1.1743889009e+00
-1.5454545455e+00 -2.1515151515e+00 1.1967127986e+00
-1.5454545455e+00 -2.0909090909e+00 1.2196844693e+00
-1.5454545455e+00 -2.0303030303e+00 1.2433161701e+00
-1.5454545455e+00 -1.9696969697e+00 1.2676183942e+00
-1.5454545455e+00 -1.9090909091e+00 1.2925994358e+00
-1.5454545455e+00 -1.8484848485e+00 1.3182648863e+00
-1.5454545455e+00 -1.7878787879e+00 1.3446170560e+00
-1.5454545455e+00 -1.7272727273e+00 1.3716543137e+00
-1.5454545455e+00 -1.6666666667e+00 1.3993703370e+00
-1.5454545455e+00 -1.6060606061e+00 1.4277532689e+00
-1.5454545455e+00 -1.5454545455e+00 1.4567847743e+00
-1.5454545455e+00 -1.4848484848e+00 1.4864389966e+00
-1.5454545455e+00 -1.4242424242e+00 1.5166814159e+00
-1.5454545455e+00 -1.3636363636e+00 1.5474676145e+00
-1.5454545455e+00 -1.3030303030e+00 1.5787419647e+00
-1.5454545455e+00 -1.2424242424e+00 1.6104362598e+00
-1.5454545455e+00 -1.1818181818e+00 1.6424683193e+00
-1.5454545455e+00 -1.1212121212e+00 1.6747406161e+00
-1.5454545455e+00 -1.0606060606e+00 1.7071389804e+00
-1.5454545455e+00 -1.0000000000e+00 1.7395314595e+00
-1.5454545455e+00 -9.3939393939e-01 1.7717674220e+00
-1.5454545455e+00 -8.7878787879e-01 1.8036770162e+00
-1.5454545455e+00 -8.1818181818e-01 1.8350711035e+00
-1.5454545455e+00 -7.5757575758e-01 1.8657417977e+00
-1.5454545455e+00 -6.9696969697e-01 1.8954637416e+00
-1.5454545455e+00 -6.3636363636e-01 1.9239962409e+00
-1.5454545455e+00 -5.7575757576e-01 1.9510863547e+00
-1.5454545455e+00 -5.1515151515e-01 1.9764729944e+00
-1.5454545455e+00 -4.5454545455e-01 1.9998920290e+00
-1.5454545455e+00 -3.9393939394e-01 2.0210823160e+00
-1.5454545455e+00 -3.3333333333e-01 2.0397924895e+00
-1.5454545455e+00 -2.7272727273e-01 2.0557882466e+00
-1.5454545455e+00 -2.1212121212e-01 2.0688597848e+00
-1.5454545455e+00 -1.5151515152e-01 2.0788289801e+00
-1.5454545455e+00 -9.0909090909e-02 2.0855558575e+00
-1.5454545455e+00 -3.0303030303e-02 2.0889439148e+00
-1.5454545455e+00 3.0303030303e-02 2.0889439148e+00
-1.5454545455e+00 9.0909090909e-02 2.0855558575e+00
-1.5454545455e+00 1.5151515152e-01 2.0788289801e+00
-1.5454545455e+00 2.1212121212e-01 2.0688597848e+00
-1.5454545455e+00 2.7272727273e-01 2.0557882466e+00
-1.5454545455e+00 3.3333333333e-01 2.0397924895e+00
-1.5454545455e+00 3.9393939394e-01 2.0210823160e+00
-1.5454545455e+00 4.5454545455e-01 1.9998920290e+00
-1.5454545455e+00 5.1515151515e-01 1.9764729944e+00
-1.5454545455e+00 5.7575757576e-01 1.9510863547e+00
-1.5454545455e+00 6.3636363636e-01 1.9239962409e+00
-1.5454545455e+00 6.9696969697e-01 1.8954637416e+00
-1.5454545455e+00 7.5757575758e-01 1.8657417977e+00
-1.5454545455e+00 8.1818181818e-01 1.8350711035e+00
-1.5454545455e+00 8.7878787879e-01 1.8036770162e+00
-1.5454545455e+00 9.3939393939e-01 1.7717674220e+00
-1.5454545455e+00 1.0000000000e+00 1.7395314595e+00
-1.5454545455e+00 1.0606060606e+00 1.7071389804e+00
-1.5454545455e+00 1.1212121212e+00 1.6747406161e+00
-1.5454545455e+00 1.1818181818e+00 1.6424683193e+00
-1.5454545455e+00 1.2424242424e+00 1.6104362598e+00
-1.5454545455e+00 1.3030303030e+00 1.5787419647e+00
-1.5454545455e+00 1.3636363636e+00 1.5474676145e+00
-1.5454545455e+00 1.4242424242e+00 1.5166814159e+00
-1.5454545455e+00 1.4848484848e+00 1.4864389966e+00
-1.5454545455e+00 1.5454545455e+00 1.4567847743e+00
-1.5454545455e+00 1.6060606061e+00 1.4277532689e+00
-1.5454545455e+00 1.6666666667e+00 1.3993703370e+00
-1.5454545455e+00 1.7272727273e+00 1.3716543137e+00
-1.5454545455e+00 1.7878787879e+00 1.3446170560e+00
-1.5454545455e+00 1.8484848485e+00 1.3182648863e+00
-1.5454545455e+00 1.9090909091e+00 1.2925994358e+00
-1.5454545455e+00 1.9696969697e+00 1.2676183942e+00
-1.5454545455e+00 2.0303030303e+00 1.2433161701e+00
-1.5454545455e+00 2.0909090909e+00 1.2196844693e+00
-1.5454545455e+00 2.1515151515e+00 1.1967127986e+00
-1.5454545455e+00 2.2121212121e+00 1.1743889009e+00
-1.5454545455e+00 2.2727272727e+00 1.1526991306e+00
-1.5454545455e+00 2.3333333333e+00 1.1316287754e+00
-1.5454545455e+00 2.3939393939e+00 1.1111623295e+00
-1.5454545455e+00 2.4545454545e+00 1.0912837265e+00
-1.5454545455e+00 2.5151515152e+00 1.0719765347e+00
-1.5454545455e+00 2.5757575758e+00 1.0532241216e+00
-1.5454545455e+00 2.6363636364e+00 1.0350097905e+00
-1.5454545455e+00 2.6969696970e+00 1.0173168940e+00
-1.5454545455e+00 2.7575757576e+00 1.0001289263e+00
-1.5454545455e+00 2.8181818182e+00 9.8342959916e-01
-1.5454545455e+00 2.8787878788e+00 9.6720290199e-01
-1.5454545455e+00 2.9393939394e+00 9.5143315011e-01
-1.5454545455e+00 3.0000000000e+00 9.3610502173e-01

-1.4848484848e+00 -3.0000000000e+00 9.4383214981e-01
-1.4848484848e+00 -2.9393939394e+00 9.5954946146e-01
-1.4848484848e+00 -2.8787878788e+00 9.7573320521e-01
-1.4848484848e+00 -2.8181818182e+00 9.9240054396e-01
-1.4848484848e+00 -2.7575757576e+00 1.0095691505e+00
-1.4848484848e+00 -2.6969696970e+00 1.0272571813e+00
-1.4848484848e+00 -2.6363636364e+00 1.0454832404e+00
-1.4848484848e+00 -2.5757575758e+00 1.0642663308e+00
-1.4848484848e+00 -2.5151515152e+00 1.0836257910e+00
-1.4848484848e+00 -2.4545454545e+00 1.1035812147e+00
-1.4848484848e+00 -2.3939393939e+00 1.1241523496e+00
-1.4848484848e+00 -2.3333333333e+00 1.1453589724e+00
-1.4848484848e+00 -2.2727272727e+00 1.1672207348e+00
-1.4848484848e+00 -2.2121212121e+00 1.1897569767e+00
-1.4848484848e+00 -2.1515151515e+00 1.2129865010e+00
-1.4848484848e+00 -2.0909090909e+00 1.2369273030e+00
-1.4848484848e+00 -2.0303030303e+00 1.2615962477e+00
-1.4848484848e+00 -1.9696969697e+00 1.2870086888e+00
-1.4848484848e+00 -1.9090909091e+00 1.3131780177e+00
-1.4848484848e+00 -1.8484848485e+00 1.3401151371e+00
-1.4848484848e+00 -1.7878787879e+00 1.3678278459e+00
-1.4848484848e+00 -1.7272727273e+00 1.3963201281e+00
-1.4848484848e+00 -1.6666666667e+00 1.4255913332e+00
-1.4848484848e+00 -1.6060606061e+00 1.4556352405e+00
-1.4848484848e+00 -1.5454545455e+00 1.4864389966e+00
-1.4848484848e+00 -1.4848484848e+00 1.5179819215e+00
-1.4848484848e+00 -1.4242424242e+00 1.5502341791e+00
-1.4848484848e+00 -1.3636363636e+00 1.5831553149e+00
-1.4848484848e+00 -1.3030303030e+00 1.6166926685e+00
-1.4848484848e+00 -1.2424242424e+00 1.6507796809e+00
-1.4848484848e+00 -1.1818181818e+00 1.6853341262e+00
-1.4848484848e+00 -1.1212121212e+00 1.7202563133e+00
-1.4848484848e+00 -1.0606060606e+00 1.7554273227e+00
-1.4848484848e+00 -1.0000000000e+00 1.7907073639e+00
-1.4848484848e+00 -9.3939393939e-01 1.8259343624e+00
-1.4848484848e+00 -8.7878787879e-01 1.8609229110e+00
-1.4848484848e+00 -8.1818181818e-01 1.8954637416e+00
-1.4848484848e+00 -7.5757575758e-01 1.9293238928e+00
-1.4848484848e+00 -6.9696969697e-01 1.9622477599e+00
-1.4848484848e+00 -6.3636363636e-01 1.9939592063e+00
-1.4848484848e+00 -5.7575757576e-01 2.0241648944e+00
-1.4848484848e+00 -5.1515151515e-01 2.0525589479e+00
-1.4848484848e+00 -4.5454545455e-01 2.0788289801e+00
-1.4848484848e+00 -3.9393939394e-01 2.1026634255e+00
-1.4848484848e+00 -3.3333333333e-01 2.1237599883e+00
-1.4848484848e+00 -2.7272727273e-01 2.1418348874e+00
-1.4848484848e+00 -2.1212121212e-01 2.1566324468e+00
-1.4848484848e+00 -1.5151515152e-01 2.1679344739e+00
-1.4848484848e+00 -9.0909090909e-02 2.1755688050e+00
-1.4848484848e+00 -3.0303030303e-02 2.1794163948e+00
-1.4848484848e+00 3.0303030303e-02 2.1794163948e+00
-1.4848484848e+00 9.0909090909e-02 2.1755688050e+00
-1.4848484848e+00 1.5151515152e-01 2.1679344739e+00
-1.4848484848e+00 2.1212121212e-01 2.1566324468e+00
-1.4848484848e+00 2.7272727273e-01 2.1418348874e+00
-1.4848484848e+00 3.3333333333e-01 2.1237599883e+00
-1.4848484848e+00 3.9393939394e-01 2.1026634255e+00
-1.4848484848e+00 4.5454545455e-01 2.0788289801e+00
-1.4848484848e+00 5.1515151515e-01 2.0525589479e+00
-1.4848484848e+00 5.7575757576e-01 2.0241648944e+00
-1.4848484848e+00 6.3636363636e-01 1.9939592063e+00
-1.4848484848e+00 6.9696969697e-01 1.9622477599e+00
-1.4848484848e+00 7.5757575758e-01 1.9293238928e+00
-1.4848484848e+00 8.1818181818e-01 1.8954637416e+00
-1.4848484848e+00 8.7878787879e-01 1.8609229110e+00
-1.4848484848e+00 9.3939393939e-01 1.8259343624e+00
-1.4848484848e+00 1.0000000000e+00 1.7907073639e+00
-1.4848484848e+00 1.0606060606e+00 1.7554273227e+00
-1.4848484848e+00 1.1212121212e+00 1.7202563133e+00
-1.4848484848e+00 1.1818181818e+00 1.6853341262e+00
-1.4848484848e+00 1.2424242424e+00 1.6507796809e+00
-1.4848484848e+00 1.3030303030e+00 1.6166926685e+00
-1.4848484848e+00 1.3636363636e+00 1.5831553149e+00
-1.4848484848e+00 1.4242424242e+00 1.5502341791e+00
-1.4848484848e+00 1.4848484848e+00 1.5179819215e+00
-1.4848484848e+00 1.5454545455e+00 1.4864389966e+00
-1.4848484848e+00 1.6060606061e+00 1.4556352405e+00
-1.4848484848e+00 1.6666666667e+00 1.4255913332e+00
-1.4848484848e+00 1.7272727273e+00 1.3963201281e+00
-1.4848484848e+00 1.7878787879e+00 1.3678278459e+00
-1.4848484848e+00 1.8484848485e+00 1.3401151371e+00
-1.4848484848e+00 1.9090909091e+00 1.3131780177e+00
-1.4848484848e+00 1.9696969697e+00 1.2870086888e+00
-1.4848484848e+00 2.0303030303e+00 1.2615962477e+00
-1.4848484848e+00 2.0909090909e+00 1.2369273030e+00
-1.4848484848e+00 2.1515151515e+00 1.2129865010e+00
-1.4848484848e+00 2.2121212121e+00 1.1897569767e+00
-1.4848484848e+00 2.2727272727e+00 1.1672207348e+00
-1.4848484848e+00 2.3333333333e+00 1.1453589724e+00
-1.4848484848e+00 2.3939393939e+00 1.1241523496e+00
-1.4848484848e+00 2.4545454545e+00 1.1035812147e+00
-1.4848484848e+00 2.5151515152e+00 1.0836257910e+00
-1.4848484848e+00 2.5757575758e+00 1.0642663308e+00
-1.4848484848e+00 2.6363636364e+00 1.0454832404e+00
-1.4848484848e+00 2.6969696970e+00 1.0272571813e+00
-1.4848484848e+00 2.7575757576e+00 1.0095691505e+00
-1.4848484848e+00 2.8181818182e+00 9.9240054396e-01
-1.4848484848e+00 2.8787878788e+00 9.7573320521e-01
-1.4848484848e+00 2.9393939394e+00 9.5954946146e-01
-1.4848484848e+00 3.0000000000e+00 9.4383214981e-01

-1.4242424242e+00 -3.0000000000e+00 9.5143315011e-01
-1.4242424242e+00 -2.9393939394e+00 9.6753982828e-01
-1.4242424242e+00 -2.8787878788e+00 9.8413833752e-01
-1.4242424242e+00 -2.8181818182e+00 1.0012477872e+00
-1.4242424242e+00 -2.7575757576e+00 1.0188879596e+00
-1.4242424242e+00 -2.6969696970e+00 1.0370792975e+00
-1.4242424242e+00 -2.6363636364e+00 1.0558428817e+00
-1.4242424242e+00 -2.5757575758e+00 1.0752003983e+00
-1.4242424242e+00 -2.5151515152e+00 1.0951740905e+00
-1.4242424242e+00 -2.4545454545e+00 1.1157866947e+00
-1.4242424242e+00 -2.3939393939e+00 1.1370613562e+00
-1.4242424242e+00 -2.3333333333e+00 1.1590215202e+00
-1.4242424242e+00 -2.2727272727e+00 1.1816907948e+00
-1.4242424242e+00 -2.2121212121e+00 1.2050927796e+00
-1.4242424242e+00 -2.1515151515e+00 1.2292508537e+00
-1.4242424242e+00 -2.0909090909e+00 1.2541879166e+00
-1.4242424242e+00 -2.0303030303e+00 1.2799260735e+00
-1.4242424242e+00 -1.9696969697e+00 1.3064862555e+00
-1.4242424242e+00 -1.9090909091e+00 1.3338877652e+00
-1.4242424242e+00 -1.8484848485e+00 1.3621477347e+00
-1.4242424242e+00 -1.7878787879e+00 1.3912804850e+00
-1.4242424242e+00 -1.7272727273e+00 1.4212967717e+00
-1.4242424242e+00 -1.6666666667e+00 1.4522029042e+00
-1.4242424242e+00 -1.6060606061e+00 1.4839997221e+00
-1.4242424242e+00 -1.5454545455e+00 1.5166814159e+00
-1.4242424242e+00 -1.4848484848e+00 1.5502341791e+00
-1.4242424242e+00 -1.4242424242e+00 1.5846346812e+00
-1.4242424242e+00 -1.3636363636e+00 1.6198483563e+00
-1.4242424242e+00 -1.3030303030e+00 1.6558275093e+00
-1.4242424242e+00 -1.2424242424e+00 1.6925092516e+00
-1.4242424242e+00 -1.1818181818e+00 1.7298132909e+00
-1.4242424242e+00 -1.1212121212e+00 1.7676396196e+00
-1.4242424242e+00 -1.0606060606e+00 1.8058661680e+00
-1.4242424242e+00 -1.0000000000e+00 1.8443465168e+00
-1.4242424242e+00 -9.3939393939e-01 1.8829077957e+00
-1.4242424242e+00 -8.7878787879e-01 1.9213489307e+00
-1.4242424242e+00 -8.1818181818e-01 1.9594394382e+00
-1.4242424242e+00 -7.5757575758e-01 1.9969189994e+00
-1.4242424242e+00 -6.9696969697e-01 2.0334980689e+00
-1.4242424242e+00 -6.3636363636e-01 2.0688597848e+00
-1.4242424242e+00 -5.7575757576e-01 2.1026634255e+00
-1.4242424242e+00 -5.1515151515e-01 2.1345496137e+00
-1.4242424242e+00 -4.5454545455e-01 2.1641473769e+00
-1.4242424242e+00 -3.9393939394e-01 2.1910830416e+00
-1.4242424242e+00 -3.3333333333e-01 2.2149907720e+00
-1.4242424242e+00 -2.7272727273e-01 2.2355243635e+00
-1.4242424242e+00 -2.1212121212e-01 2.2523697072e+00
-1.4242424242e+00 -1.5151515152e-01 2.2652571665e+00
-1.4242424242e+00 -9.0909090909e-02 2.2739729923e+00
-1.4242424242e+00 -3.0303030303e-02 2.2783688839e+00
-1.4242424242e+00 3.0303030303e-02 2.2783688839e+00
-1.4242424242e+00 9.0909090909e-02 2.2739729923e+00
-1.4242424242e+00 1.5151515152e-01 2.2652571665e+00
-1.4242424242e+00 2.1212121212e-01 2.2523697072e+00
-1.4242424242e+00 2.7272727273e-01 2.2355243635e+00
-1.4242424242e+00 3.3333333333e-01 2.2149907720e+00
-1.4242424242e+00 3.9393939394e-01 2.1910830416e+00
-1.4242424242e+00 4.5454545455e-01 2.1641473769e+00
-1.4242424242e+00 5.1515151515e-01 2.1345496137e+00
-1.4242424242e+00 5.7575757576e-01 2.1026634255e+00
-1.4242424242e+00 6.3636363636e-01 2.0688597848e+00
-1.4242424242e+00 6.9696969697e-01 2.0334980689e+00
-1.4242424242e+00 7.5757575758e-01 1.9969189994e+00
-1.4242424242e+00 8.1818181818e-01 1.9594394382e+00
-1.4242424242e+00 8.7878787879e-01 1.9213489307e+00
-1.4242424242e+00 9.3939393939e-01 1.8829077957e+00
-1.4242424242e+00 1.0000000000e+00 1.8443465168e+00
-1.4242424242e+00 1.0606060606e+00 1.8058661680e+00
-1.4242424242e+00 1.1212121212e+00 1.7676396196e+00
-1.4242424242e+00 1.1818181818e+00 1.7298132909e+00
-1.4242424242e+00 1.2424242424e+00 1.6925092516e+00
-1.4242424242e+00 1.3030303030e+00 1.6558275093e+00
-1.4242424242e+00 1.3636363636e+00 1.6198483563e+00
-1.4242424242e+00 1.4242424242e+00 1.5846346812e+00
-1.4242424242e+00 1.4848484848e+00 1.5502341791e+00
-1.4242424242e+00 1.5454545455e+00 1.5166814159e+00
-1.4242424242e+00 1.6060606061e+00 1.4839997221e+00
-1.4242424242e+00 1.6666666667e+00 1.4522029042e+00
-1.4242424242e+00 1.7272727273e+00 1.4212967717e+00
-1.4242424242e+00 1.7878787879e+00 1.3912804850e+00
-1.4242424242e+00 1.8484848485e+00 1.3621477347e+00
-1.4242424242e+00 1.9090909091e+00 1.3338877652e+00
-1.4242424242e+00 1.9696969697e+00 1.3064862555e+00
-1.4242424242e+00 2.0303030303e+00 1.2799260735e+00
-1.4242424242e+00 2.0909090909e+00 1.2541879166e+00
-1.4242424242e+00 2.1515151515e+00 1.2292508537e+00
-1.4242424242e+00 2.2121212121e+00 1.2050927796e+00
-1.4242424242e+00 2.2727272727e+00 1.1816907948e+00
-1.4242424242e+00 2.3333333333e+00 1.1590215202e+00
-1.4242424242e+00 2.3939393939e+00 1.1370613562e+00
-1.4242424242e+00 2.4545454545e+00 1.1157866947e+00
-1.4242424242e+00 2.5151515152e+00 1.0951740905e+00
-1.4242424242e+00 2.5757575758e+00 1.0752003983e+00
-1.4242424242e+00 2.6363636364e+00 1.0558428817e+00
-1.4242424242e+00 2.6969696970e+00 1.0370792975e+00
-1.4242424242e+00 2.7575757576e+00 1.0188879596e+00
-1.4242424242e+00 2.8181818182e+00 1.0012477872e+00
-1.4242424242e+00 2.8787878788e+00 9.8413833752e-01
-1.4242424242e+00 2.9393939394e+00 9.6753982828e-01
-1.4242424242e+00 3.0000000000e+00 9.5143315011e-01

-1.3636363636e+00 -3.0000000000e+00 9.5889249926e-01
-1.3636363636e+00 -2.9393939394e+00 9.7538764914e-01
-1.3636363636e+00 -2.8787878788e+00 9.9240054396e-01
-1.3636363636e+00 -2.8181818182e+00 1.0099523411e+00
-1.3636363636e+00 -2.7575757576e+00 1.0280650506e+00
-1.3636363636e+00 -2.6969696970e+00 1.0467615383e+00
-1.3636363636e+00 -2.6363636364e+00 1.0660655213e+00
-1.3636363636e+00 -2.5757575758e+00 1.0860015531e+00
-1.3636363636e+00 -2.5151515152e+00 1.1065949955e+00
-1.3636363636e+00 -2.4545454545e+00 1.1278719756e+00
-1.3636363636e+00 -2.3939393939e+00 1.1498593228e+00
-1.3636363636e+00 -2.3333333333e+00 1.1725844829e+00
-1.3636363636e+00 -2.2727272727e+00 1.1960754037e+00
-1.3636363636e+00 -2.2121212121e+00 1.2203603867e+00
-1.3636363636e+00 -2.1515151515e+00 1.2454678976e+00
-1.3636363636e+00 -2.0909090909e+00 1.2714263275e+00
-1.3636363636e+00 -2.0303030303e+00 1.2982636967e+00
-1.3636363636e+00 -1.9696969697e+00 1.3260072885e+00
-1.3636363636e+00 -1.9090909091e+00 1.3546832025e+00
-1.3636363636e+00 -1.8484848485e+00 1.3843158118e+00
-1.3636363636e+00 -1.7878787879e+00 1.4149271093e+00
-1.3636363636e+00 -1.7272727273e+00 1.4465359253e+00
-1.3636363636e+00 -1.6666666667e+00 1.4791569974e+00
-1.3636363636e+00 -1.6060606061e+00 1.5127998716e+00
-1.3636363636e+00 -1.5454545455e+00 1.5474676145e+00
-1.3636363636e+00 -1.4848484848e+00 1.5831553149e+00
-1.3636363636e+00 -1.4242424242e+00 1.6198483563e+00
-1.3636363636e+00 -1.3636363636e+00 1.6575204433e+00
-1.3636363636e+00 -1.3030303030e+00 1.6961313744e+00
-1.3636363636e+00 -1.2424242424e+00 1.7356245597e+00
-1.3636363636e+00 -1.1818181818e+00 1.7759243011e+00
-1.3636363636e+00 -1.1212121212e+00 1.8169328692e+00
-1.3636363636e+00 -1.0606060606e+00 1.8585274411e+00
-1.3636363636e+00 -1.0000000000e+00 1.9005569971e+00
-1.3636363636e+00 -9.3939393939e-01 1.9428393174e+00
-1.3636363636e+00 -8.7878787879e-01 1.9851582707e+00
-1.3636363636e+00 -8.1818181818e-01 2.0272616398e+00
-1.3636363636e+00 -7.5757575758e-01 2.0688597848e+00
-1.3636363636e+00 -6.9696969697e-01 2.1096254934e+00
-1.3636363636e+00 -6.3636363636e-01 2.1491953964e+00
-1.3636363636e+00 -5.7575757576e-01 2.1871733285e+00
-1.3636363636e+00 -5.1515151515e-01 2.2231359702e+00
-1.3636363636e+00 -4.5454545455e-01 2.2566410055e+00
-1.3636363636e+00 -3.9393939394e-01 2.2872378622e+00
-1.3636363636e+00 -3.3333333333e-01 2.3144808682e+00
-1.3636363636e+00 -2.7272727273e-01 2.3379443743e+00
-1.3636363636e+00 -2.1212121212e-01 2.3572390860e+00
-1.3636363636e+00 -1.5151515152e-01 2.3720285687e+00
-1.3636363636e+00 -9.0909090909e-02 2.3820446894e+00
-1.3636363636e+00 -3.0303030303e-02 2.3871006901e+00
-1.3636363636e+00 3.0303030303e-02 2.3871006901e+00
-1.3636363636e+00 9.0909090909e-02 2.3820446894e+00
-1.3636363636e+00 1.5151515152e-01 2.3720285687e+00
-1.3636363636e+00 2.1212121212e-01 2.3572390860e+00
-1.3636363636e+00 2.7272727273e-01 2.3379443743e+00
-1.3636363636e+00 3.3333333333e-01 2.3144808682e+00
-1.3636363636e+00 3.9393939394e-01 2.2872378622e+00
-1.3636363636e+00 4.5454545455e-01 2.2566410055e+00
-1.3636363636e+00 5.1515151515e-01 2.2231359702e+00
-1.3636363636e+00 5.7575757576e-01 2.1871733285e+00
-1.3636363636e+00 6.3636363636e-01 2.1491953964e+00
-1.3636363636e+00 6.9696969697e-01 2.1096254934e+00
-1.3636363636e+00 7.5757575758e-01 2.0688597848e+00
-1.3636363636e+00 8.1818181818e-01 2.0272616398e+00
-1.3636363636e+00 8.7878787879e-01 1.9851582707e+00
-1.3636363636e+00 9.3939393939e-01 1.9428393174e+00
-1.3636363636e+00 1.0000000000e+00 1.9005569971e+00
-1.3636363636e+00 1.0606060606e+00 1.8585274411e+00
-1.3636363636e+00 1.1212121212e+00 1.8169328692e+00
-1.3636363636e+00 1.1818181818e+00 1.7759243011e+00
-1.3636363636e+00 1.2424242424e+00 1.7356245597e+00
-1.3636363636e+00 1.3030303030e+00 1.6961313744e+00
-1.3636363636e+00 1.3636363636e+00 1.6575204433e+00
-1.3636363636e+00 1.4242424242e+00 1.6198483563e+00
-1.3636363636e+00 1.4848484848e+00 1.5831553149e+00
-1.3636363636e+00 1.5454545455e+00 1.5474676145e+00
-1.3636363636e+00 1.6060606061e+00 1.5127998716e+00
-1.3636363636e+00 1.6666666667e+00 1.4791569974e+00
-1.3636363636e+00 1.7272727273e+00 1.4465359253e+00
-1.3636363636e+00 1.7878787879e+00 1.4149271093e+00
-1.3636363636e+00 1.8484848485e+00 1.3843158118e+00
-1.3636363636e+00 1.9090909091e+00 1.3546832025e+00
-1.3636363636e+00 1.9696969697e+00 1.3260072885e+00
-1.3636363636e+00 2.0303030303e+00 1.2982636967e+00
-1.3636363636e+00 2.0909090909e+00 1.2714263275e+00
-1.3636363636e+00 2.1515151515e+00 1.2454678976e+00
-1.3636363636e+00 2.2121212121e+00 1.2203603867e+00
-1.3636363636e+00 2.2727272727e+00 1.1960754037e+00
-1.3636363636e+00 2.3333333333e+00 1.1725844829e+00
-1.3636363636e+00 2.3939393939e+00 1.1498593228e+00
-1.3636363636e+00 2.4545454545e+00 1.1278719756e+00
-1.3636363636e+00 2.5151515152e+00 1.1065949955e+00
-1.3636363636e+00 2.5757575758e+00 1.0860015531e+00
-1.3636363636e+00 2.6363636364e+00 1.0660655213e+00
-1.3636363636e+00 2.6969696970e+00 1.0467615383e+00
-1.3636363636e+00 2.7575757576e+00 1.0280650506e+00
-1.3636363636e+00 2.8181818182e+00 1.0099523411e+00
-1.3636363636e+00 2.8787878788e+00 9.9240054396e-01
-1.3636363636e+00 2.9393939394e+00 9.7538764914e-01
-1.3636363636e+00 3.0000000000e+00 9.5889249926e-01

-1.3030303030e+00 -3.0000000000e+00 9.6619423126e-01
-1.3030303030e+00 -2.9393939394e+00 9.8307580375e-01
-1.3030303030e+00 -2.8787878788e+00 1.0005014631e+00
-1.3030303030e+00 -2.8181818182e+00 1.0184945109e+00
-1.3030303030e+00 -2.7575757576e+00 1.0370792975e+00
-1.3030303030e+00 -2.6969696970e+00 1.0562812440e+00
-1.3030303030e+00 -2.6363636364e+00 1.0761268582e+00
-1.3030303030e+00 -2.5757575758e+00 1.0966437418e+00
-1.3030303030e+00 -2.5151515152e+00 1.1178605863e+00
-1.3030303030e+00 -2.4545454545e+00 1.1398071559e+00
-1.3030303030e+00 -2.3939393939e+00 1.1625142519e+00
-1.3030303030e+00 -2.3333333333e+00 1.1860136562e+00
-1.3030303030e+00 -2.2727272727e+00 1.2103380473e+00
-1.3030303030e+00 -2.2121212121e+00 1.2355208840e+00
-1.3030303030e+00 -2.1515151515e+00 1.2615962477e+00
-1.3030303030e+00 -2.0909090909e+00 1.2885986365e+00
-1.3030303030e+00 -2.0303030303e+00 1.3165626992e+00
-1.3030303030e+00 -1.9696969697e+00 1.3455228980e+00
-1.3030303030e+00 -1.9090909091e+00 1.3755130847e+00
-1.3030303030e+00 -1.8484848485e+00 1.4065659755e+00
-1.3030303030e+00 -1.7878787879e+00 1.4387125024e+00
-1.3030303030e+00 -1.7272727273e+00 1.4719810229e+00
-1.3030303030e+00 -1.6666666667e+00 1.5063963608e+00
-1.3030303030e+00 -1.6060606061e+00 1.5419786516e+00
-1.3030303030e+00 -1.5454545455e+00 1.5787419647e+00
-1.3030303030e+00 -1.4848484848e+00 1.6166926685e+00
-1.3030303030e+00 -1.4242424242e+00 1.6558275093e+00
-1.3030303030e+00 -1.3636363636e+00 1.6961313744e+00
-1.3030303030e+00 -1.3030303030e+00 1.7375747130e+00
-1.3030303030e+00 -1.2424242424e+00 1.7801106001e+00
-1.3030303030e+00 -1.1818181818e+00 1.8236714407e+00
-1.3030303030e+00 -1.1212121212e+00 1.8681653358e+00
-1.3030303030e+00 -1.0606060606e+00 1.9134721586e+00
-1.3030303030e+00 -1.0000000000e+00 1.9594394382e+00
-1.3030303030e+00 -9.3939393939e-01 2.0058781954e+00
-1.3030303030e+00 -8.7878787879e-01 2.0525589479e+00
-1.3030303030e+00 -8.1818181818e-01 2.0992081803e+00
-1.3030303030e+00 -7.5757575758e-01 2.1455056566e+00
-1.3030303030e+00 -6.9696969697e-01 2.1910830416e+00
-1.3030303030e+00 -6.3636363636e-01 2.2355243635e+00
-1.3030303030e+00 -5.7575757576e-01 2.2783688839e+00
-1.3030303030e+00 -5.1515151515e-01 2.3191169241e+00
-1.3030303030e+00 -4.5454545455e-01 2.3572390860e+00
-1.3030303030e+00 -3.9393939394e-01 2.3921891074e+00
-1.3030303030e+00 -3.3333333333e-01 2.4234202710e+00
-1.3030303030e+00 -2.7272727273e-01 2.4504048776e+00
-1.3030303030e+00 -2.1212121212e-01 2.4726558221e+00
-1.3030303030e+00 -1.5151515152e-01 2.4897488541e+00
-1.3030303030e+00 -9.0909090909e-02 2.5013437507e+00
-1.3030303030e+00 -3.0303030303e-02 2.5072024714e+00
-1.3030303030e+00 3.0303030303e-02 2.5072024714e+00
-1.3030303030e+00 9.0909090909e-02 2.5013437507e+00
-1.3030303030e+00 1.5151515152e-01 2.4897488541e+00
-1.3030303030e+00 2.1212121212e-01 2.4726558221e+00
-1.3030303030e+00 2.7272727273e-01 2.4504048776e+00
-1.3030303030e+00 3.3333333333e-01 2.4234202710e+00
-1.3030303030e+00 3.9393939394e-01 2.3921891074e+00
-1.3030303030e+00 4.5454545455e-01 2.3572390860e+00
-1.3030303030e+00 5.1515151515e-01 2.3191169241e+00
-1.3030303030e+00 5.7575757576e-01 2.2783688839e+00
-1.3030303030e+00 6.3636363636e-01 2.2355243635e+00
-1.3030303030e+00 6.9696969697e-01 2.1910830416e+00
-1.3030303030e+00 7.5757575758e-01 2.1455056566e+00
-1.3030303030e+00 8.1818181818e-01 2.0992081803e+00
-1.3030303030e+00 8.7878787879e-01 2.0525589479e+00
-1.3030303030e+00 9.3939393939e-01 2.0058781954e+00
-1.3030303030e+00 1.0000000000e+00 1.9594394382e+00
-1.3030303030e+00 1.0606060606e+00 1.9134721586e+00
-1.3030303030e+00 1.1212121212e+00 1.8681653358e+00
-1.3030303030e+00 1.1818181818e+00 1.8236714407e+00
-1.3030303030e+00 1.2424242424e+00 1.7801106001e+00
-1.3030303030e+00 1.3030303030e+00 1.7375747130e+00
-1.3030303030e+00 1.3636363636e+00 1.6961313744e+00
-1.3030303030e+00 1.4242424242e+00 1.6558275093e+00
-1.3030303030e+00 1.4848484848e+00 1.6166926685e+00
-1.3030303030e+00 1.5454545455e+00 1.5787419647e+00
-1.3030303030e+00 1.6060606061e+00 1.5419786516e+00
-1.3030303030e+00 1.6666666667e+00 1.5063963608e+00
-1.3030303030e+00 1.7272727273e+00 1.4719810229e+00
-1.3030303030e+00 1.7878787879e+00 1.4387125024e+00
-1.3030303030e+00 1.8484848485e+00 1.4065659755e+00
-1.3030303030e+00 1.9090909091e+00 1.3755130847e+00
-1.3030303030e+00 1.9696969697e+00 1.3455228980e+00
-1.3030303030e+00 2.0303030303e+00 1.3165626992e+00
-1.3030303030e+00 2.0909090909e+00 1.2885986365e+00
-1.3030303030e+00 2.1515151515e+00 1.2615962477e+00
-1.3030303030e+00 2.2121212121e+00 1.2355208840e+00
-1.3030303030e+00 2.2727272727e+00 1.2103380473e+00
-1.3030303030e+00 2.3333333333e+00 1.1860136562e+00
-1.3030303030e+00 2.3939393939e+00 1.1625142519e+00
-1.3030303030e+00 2.4545454545e+00 1.1398071559e+00
-1.3030303030e+00 2.5151515152e+00 1.1178605863e+00
-1.3030303030e+00 2.5757575758e+00 1.0966437418e+00
-1.3030303030e+00 2.6363636364e+00 1.0761268582e+00
-1.3030303030e+00 2.6969696970e+00 1.0562812440e+00
-1.3030303030e+00 2.7575757576e+00 1.0370792975e+00
-1.3030303030e+00 2.8181818182e+00 1.0184945109e+00
-1.3030303030e+00 2.8787878788e+00 1.0005014631e+00
-1.3030303030e+00 2.9393939394e+00 9.8307580375e-01
-1.3030303030e+00 3.0000000000e+00 9.6619423126e-01

-1.2424242424e+00 -3.0000000000e+00 9.7332199503e-01
-1.2424242424e+00 -2.9393939394e+00 9.9058671357e-01
-1.2424242424e+00 -2.8787878788e+00 1.0084221903e+00
-1.2424242424e+00 -2.8181818182e+00 1.0268539602e+00
-1.2424242424e+00 -2.7575757576e+00 1.0459088192e+00
-1.2424242424e+00 -2.6969696970e+00 1.0656148683e+00
-1.2424242424e+00 -2.6363636364e+00 1.0860015531e+00
-1.2424242424e+00 -2.5757575758e+00 1.1070996972e+00
-1.2424242424e+00 -2.5151515152e+00 1.1289415268e+00
-1.2424242424e+00 -2.4545454545e+00 1.1515606843e+00
-1.2424242424e+00 -2.3939393939e+00 1.1749922275e+00
-1.2424242424e+00 -2.3333333333e+00 1.1992726084e+00
-1.2424242424e+00 -2.2727272727e+00 1.2244396295e+00
-1.2424242424e+00 -2.2121212121e+00 1.2505323686e+00
-1.2424242424e+00 -2.1515151515e+00 1.2775910653e+00
-1.2424242424e+00 -2.0909090909e+00 1.3056569602e+00
-1.2424242424e+00 -2.0303030303e+00 1.3347720757e+00
-1.2424242424e+00 -1.9696969697e+00 1.3649789242e+00
-1.2424242424e+00 -1.9090909091e+00 1.3963201281e+00
-1.2424242424e+00 -1.8484848485e+00 1.4288379330e+00
-1.2424242424e+00 -1.7878787879e+00 1.4625735907e+00
-1.2424242424e+00 -1.7272727273e+00 1.4975665872e+00
-1.2424242424e+00 -1.6666666667e+00 1.5338536836e+00
-1.2424242424e+00 -1.6060606061e+00 1.5714677366e+00
-1.2424242424e+00 -1.5454545455e+00 1.6104362598e+00
-1.2424242424e+00 -1.4848484848e+00 1.6507796809e+00
-1.2424242424e+00 -1.4242424242e+00 1.6925092516e+00
-1.2424242424e+00 -1.3636363636e+00 1.7356245597e+00
-1.2424242424e+00 -1.3030303030e+00 1.7801106001e+00
-1.2424242424e+00 -1.2424242424e+00 1.8259343624e+00
-1.2424242424e+00 -1.1818181818e+00 1.8730409083e+00
-1.2424242424e+00 -1.1212121212e+00 1.9213489307e+00
-1.2424242424e+00 -1.0606060606e+00 1.9707458205e+00
-1.2424242424e+00 -1.0000000000e+00 2.0210823160e+00
-1.2424242424e+00 -9.3939393939e-01 2.0721668733e+00
-1.2424242424e+00 -8.7878787879e-01 2.1237599883e+00
-1.2424242424e+00 -8.1818181818e-01 2.1755688050e+00
-1.2424242424e+00 -7.5757575758e-01 2.2272424774e+00
-1.2424242424e+00 -6.9696969697e-01 2.2783688839e+00
-1.2424242424e+00 -6.3636363636e-01 2.3284734290e+00
-1.2424242424e+00 -5.7575757576e-01 2.3770207618e+00
-1.2424242424e+00 -5.1515151515e-01 2.4234202710e+00
-1.2424242424e+00 -4.5454545455e-01 2.4670361348e+00
-1.2424242424e+00 -3.9393939394e-01 2.5072024714e+00
-1.2424242424e+00 -3.3333333333e-01 2.5432437200e+00
-1.2424242424e+00 -2.7272727273e-01 2.5744997921e+00
-1.2424242424e+00 -2.1212121212e-01 2.6003548058e+00
-1.2424242424e+00 -1.5151515152e-01 2.6202674693e+00
-1.2424242424e+00 -9.0909090909e-02 2.6338005465e+00
-1.2424242424e+00 -3.0303030303e-02 2.6406465006e+00
-1.2424242424e+00 3.0303030303e-02 2.6406465006e+00
-1.2424242424e+00 9.0909090909e-02 2.6338005465e+00
-1.2424242424e+00 1.5151515152e-01 2.6202674693e+00
-1.2424242424e+00 2.1212121212e-01 2.6003548058e+00
-1.2424242424e+00 2.7272727273e-01 2.5744997921e+00
-1.2424242424e+00 3.3333333333e-01 2.5432437200e+00
-1.2424242424e+00 3.9393939394e-01 2.5072024714e+00
-1.2424242424e+00 4.5454545455e-01 2.4670361348e+00
-1.2424242424e+00 5.1515151515e-01 2.4234202710e+00
-1.2424242424e+00 5.7575757576e-01 2.3770207618e+00
-1.2424242424e+00 6.3636363636e-01 2.3284734290e+00
-1.2424242424e+00 6.9696969697e-01 2.2783688839e+00
-1.2424242424e+00 7.5757575758e-01 2.2272424774e+00
-1.2424242424e+00 8.1818181818e-01 2.1755688050e+00
-1.2424242424e+00 8.7878787879e-01 2.1237599883e+00
-1.2424242424e+00 9.3939393939e-01 2.0721668733e+00
-1.2424242424e+00 1.0000000000e+00 2.0210823160e+00
-1.2424242424e+00 1.0606060606e+00 1.9707458205e+00
-1.2424242424e+00 1.1212121212e+00 1.9213489307e+00
-1.2424242424e+00 1.1818181818e+00 1.8730409083e+00
-1.2424242424e+00 1.2424242424e+00 1.8259343624e+00
-1.2424242424e+00 1.3030303030e+00 1.7801106001e+00
-1.2424242424e+00 1.3636363636e+00 1.7356245597e+00
-1.2424242424e+00 1.4242424242e+00 1.6925092516e+00
-1.2424242424e+00 1.4848484848e+00 1.6507796809e+00
-1.2424242424e+00 1.5454545455e+00 1.6104362598e+00
-1.2424242424e+00 1.6060606061e+00 1.5714677366e+00
-1.2424242424e+00 1.6666666667e+00 1.5338536836e+00
-1.2424242424e+00 1.7272727273e+00 1.4975665872e+00
-1.2424242424e+00 1.7878787879e+00 1.4625735907e+00
-1.2424242424e+00 1.8484848485e+00 1.4288379330e+00
-1.2424242424e+00 1.9090909091e+00 1.3963201281e+00
-1.2424242424e+00 1.9696969697e+00 1.3649789242e+00
-1.2424242424e+00 2.0303030303e+00 1.3347720757e+00
-1.2424242424e+00 2.0909090909e+00 1.3056569602e+00
-1.2424242424e+00 2.1515151515e+00 1.2775910653e+00
-1.2424242424e+00 2.2121212121e+00 1.2505323686e+00
-1.2424242424e+00 2.2727272727e+00 1.2244396295e+00
-1.2424242424e+00 2.3333333333e+00 1.1992726084e+00
-1.2424242424e+00 2.3939393939e+00 1.1749922275e+00
-1.2424242424e+00 2.4545454545e+00 1.1515606843e+00
-1.2424242424e+00 2.5151515152e+00 1.1289415268e+00
-1.2424242424e+00 2.5757575758e+00 1.1070996972e+00
-1.2424242424e+00 2.6363636364e+00 1.0860015531e+00
-1.2424242424e+00 2.6969696970e+00 1.0656148683e+00
-1.2424242424e+00 2.7575757576e+00 1.0459088192e+00
-1.2424242424e+00 2.8181818182e+00 1.0268539602e+00
-1.2424242424e+00 2.8787878788e+00 1.0084221903e+00
-1.2424242424e+00 2.9393939394e+00 9.9058671357e-01
-1.2424242424e+00 3.0000000000e+00 9.7332199503e-01

-1.1818181818e+00 -3.0000000000e+00 9.8025912048e-01
-1.1818181818e+00 -2.9393939394e+00 9.9790241219e-01
-1.1818181818e+00 -2.8787878788e+00 1.0161433529e+00
-1.1818181818e+00 -2.8181818182e+00 1.0350097905e+00
-1.1818181818e+00 -2.7575757576e+00 1.0545310627e+00
-1.1818181818e+00 -2.6969696970e+00 1.0747380649e+00
-1.1818181818e+00 -2.6363636364e+00 1.0956633175e+00
-1.1818181818e+00 -2.5757575758e+00 1.1173410293e+00
-1.1818181818e+00 -2.5151515152e+00 1.1398071559e+00
-1.1818181818e+00 -2.4545454545e+00 1.1630994498e+00
-1.1818181818e+00 -2.3939393939e+00 1.1872575004e+00
-1.1818181818e+00 -2.3333333333e+00 1.2123227577e+00
-1.1818181818e+00 -2.2727272727e+00 1.2383385366e+00
-1.1818181818e+00 -2.2121212121e+00 1.2653499952e+00
-1.1818181818e+00 -2.1515151515e+00 1.2934040777e+00
-1.1818181818e+00 -2.0909090909e+00 1.3225494154e+00
-1.1818181818e+00 -2.0303030303e+00 1.3528361705e+00
-1.1818181818e+00 -1.9696969697e+00 1.3843158118e+00
-1.1818181818e+00 -1.9090909091e+00 1.4170408022e+00
-1.1818181818e+00 -1.8484848485e+00 1.4510641783e+00
-1.1818181818e+00 -1.7878787879e+00 1.4864389966e+00
-1.1818181818e+00 -1.7272727273e+00 1.5232176147e+00
-1.1818181818e+00 -1.6666666667e+00 1.5614507728e+00
-1.1818181818e+00 -1.6060606061e+00 1.6011864318e+00
-1.1818181818e+00 -1.5454545455e+00 1.6424683193e+00
-1.1818181818e+00 -1.4848484848e+00 1.6853341262e+00
-1.1818181818e+00 -1.4242424242e+00 1.7298132909e+00
-1.1818181818e+00 -1.3636363636e+00 1.7759243011e+00
-1.1818181818e+00 -1.3030303030e+00 1.8236714407e+00
-1.1818181818e+00 -1.2424242424e+00 1.8730409083e+00
-1.1818181818e+00 -1.1818181818e+00 1.9239962409e+00
-1.1818181818e+00 -1.1212121212e+00 1.9764729944e+00
-1.1818181818e+00 -1.0606060606e+00 2.0303726612e+00
-1.1818181818e+00 -1.0000000000e+00 2.0855558575e+00
-1.1818181818e+00 -9.3939393939e-01 2.1418348874e+00
-1.1818181818e+00 -8.7878787879e-01 2.1989659012e+00
-1.1818181818e+00 -8.1818181818e-01 2.2566410055e+00
-1.1818181818e+00 -7.5757575758e-01 2.3144808682e+00
-1.1818181818e+00 -6.9696969697e-01 2.3720285687e+00
-1.1818181818e+00 -6.3636363636e-01 2.4287456753e+00
-1.1818181818e+00 -5.7575757576e-01 2.4840117306e+00
-1.1818181818e+00 -5.1515151515e-01 2.5371284680e+00
-1.1818181818e+00 -4.5454545455e-01 2.5873300687e+00
-1.1818181818e+00 -3.9393939394e-01 2.6338005465e+00
-1.1818181818e+00 -3.3333333333e-01 2.6756988286e+00
-1.1818181818e+00 -2.7272727273e-01 2.7121912664e+00
-1.1818181818e+00 -2.1212121212e-01 2.7424901957e+00
-1.1818181818e+00 -1.5151515152e-01 2.7658959297e+00
-1.1818181818e+00 -9.0909090909e-02 2.7818384396e+00
-1.1818181818e+00 -3.0303030303e-02 2.7899142753e+00
-1.1818181818e+00 3.0303030303e-02 2.7899142753e+00
-1.1818181818e+00 9.0909090909e-02 2.7818384396e+00
-1.1818181818e+00 1.5151515152e-01 2.7658959297e+00
-1.1818181818e+00 2.1212121212e-01 2.7424901957e+00
-1.1818181818e+00 2.7272727273e-01 2.7121912664e+00
-1.1818181818e+00 3.3333333333e-01 2.6756988286e+00
-1.1818181818e+00 3.9393939394e-01 2.6338005465e+00
-1.1818181818e+00 4.5454545455e-01 2.5873300687e+00
-1.1818181818e+00 5.1515151515e-01 2.5371284680e+00
-1.1818181818e+00 5.7575757576e-01 2.4840117306e+00
-1.1818181818e+00 6.3636363636e-01 2.4287456753e+00
-1.1818181818e+00 6.9696969697e-01 2.3720285687e+00
-1.1818181818e+00 7.5757575758e-01 2.3144808682e+00
-1.1818181818e+00 8.1818181818e-01 2.2566410055e+00
-1.1818181818e+00 8.7878787879e-01 2.1989659012e+00
-1.1818181818e+00 9.3939393939e-01 2.1418348874e+00
-1.1818181818e+00 1.0000000000e+00 2.0855558575e+00
-1.1818181818e+00 1.0606060606e+00 2.0303726612e+00
-1.1818181818e+00 1.1212121212e+00 1.9764729944e+00
-1.1818181818e+00 1.1818181818e+00 1.9239962409e+00
-1.1818181818e+00 1.2424242424e+00 1.8730409083e+00
-1.1818181818e+00 1.3030303030e+00 1.8236714407e+00
-1.1818181818e+00 1.3636363636e+00 1.7759243011e+00
-1.1818181818e+00 1.4242424242e+00 1.7298132909e+00
-1.1818181818e+00 1.4848484848e+00 1.6853341262e+00
-1.1818181818e+00 1.5454545455e+00 1.6424683193e+00
-1.1818181818e+00 1.6060606061e+00 1.6011864318e+00
-1.1818181818e+00 1.6666666667e+00 1.5614507728e+00
-1.1818181818e+00 1.7272727273e+00 1.5232176147e+00
-1.1818181818e+00 1.7878787879e+00 1.4864389966e+00
-1.1818181818e+00 1.8484848485e+00 1.4510641783e+00
-1.1818181818e+00 1.9090909091e+00 1.4170408022e+00
-1.1818181818e+00 1.9696969697e+00 1.3843158118e+00
-1.1818181818e+00 2.0303030303e+00 1.3528361705e+00
-1.1818181818e+00 2.0909090909e+00 1.3225494154e+00
-1.1818181818e+00 2.1515151515e+00 1.2934040777e+00
-1.1818181818e+00 2.2121212121e+00 1.2653499952e+00
-1.1818181818e+00 2.2727272727e+00 1.2383385366e+00
-1.1818181818e+00 2.3333333333e+00 1.2123227577e+00
-1.1818181818e+00 2.3939393939e+00 1.1872575004e+00
-1.1818181818e+00 2.4545454545e+00 1.1630994498e+00
-1.1818181818e+00 2.5151515152e+00 1.1398071559e+00
-1.1818181818e+00 2.5757575758e+00 1.1173410293e+00
-1.1818181818e+00 2.6363636364e+00 1.0956633175e+00
-1.1818181818e+00 2.6969696970e+00 1.0747380649e+00
-1.1818181818e+00 2.7575757576e+00 1.0545310627e+00
-1.1818181818e+00 2.8181818182e+00 1.0350097905e+00
-1.1818181818e+00 2.8787878788e+00 1.0161433529e+00
-1.1818181818e+00 2.9393939394e+00 9.9790241219e-01
-1.1818181818e+00 3.0000000000e+00 9.8025912048e-01

-1.1212121212e+00 -3.0000000000e+00 9.8698869308e-01
-1.1212121212e+00 -2.9393939394e+00 1.0050046255e+00
-1.1212121212e+00 -2.8787878788e+00 1.0236451954e+00
-1.1212121212e+00 -2.8181818182e+00 1.0429406328e+00
-1.1212121212e+00 -2.7575757576e+00 1.0629229006e+00
-1.1212121212e+00 -2.6969696970e+00 1.0836257910e+00
-1.1212121212e+00 -2.6363636364e+00 1.1050850226e+00
-1.1212121212e+00 -2.5757575758e+00 1.1273383389e+00
-1.1212121212e+00 -2.5151515152e+00 1.1504256050e+00
-1.1212121212e+00 -2.4545454545e+00 1.1743889009e+00
-1.1212121212e+00 -2.3939393939e+00 1.1992726084e+00
-1.1212121212e+00 -2.3333333333e+00 1.2251234892e+00
-1.1212121212e+00 -2.2727272727e+00 1.2519907477e+00
-1.1212121212e+00 -2.2121212121e+00 1.2799260735e+00
-1.1212121212e+00 -2.1515151515e+00 1.3089836574e+00
-1.1212121212e+00 -2.0909090909e+00 1.3392201689e+00
-1.1212121212e+00 -2.0303030303e+00 1.3706946860e+00
-1.1212121212e+00 -1.9696969697e+00 1.4034685609e+00
-1.1212121212e+00 -1.9090909091e+00 1.4376052043e+00
-1.1212121212e+00 -1.8484848485e+00 1.4731697651e+00
-1.1212121212e+00 -1.7878787879e+00 1.5102286777e+00
-1.1212121212e+00 -1.7272727273e+00 1.5488490428e+00
-1.1212121212e+00 -1.6666666667e+00 1.5890978005e+00
-1.1212121212e+00 -1.6060606061e+00 1.6310406441e+00
-1.1212121212e+00 -1.5454545455e+00 1.6747406161e+00
-1.1212121212e+00 -1.4848484848e+00 1.7202563133e+00
-1.1212121212e+00 -1.4242424242e+00 1.7676396196e+00
-1.1212121212e+00 -1.3636363636e+00 1.8169328692e+00
-1.1212121212e+00 -1.3030303030e+00 1.8681653358e+00
-1.1212121212e+00 -1.2424242424e+00 1.9213489307e+00
-1.1212121212e+00 -1.1818181818e+00 1.9764729944e+00
-1.1212121212e+00 -1.1212121212e+00 2.0334980689e+00
-1.1212121212e+00 -1.0606060606e+00 2.0923485634e+00
-1.1212121212e+00 -1.0000000000e+00 2.1529042710e+00
-1.1212121212e+00 -9.3939393939e-01 2.2149907720e+00
-1.1212121212e+00 -8.7878787879e-01 2.2783688839e+00
-1.1212121212e+00 -8.1818181818e-01 2.3427234963e+00
-1.1212121212e+00 -7.5757575758e-01 2.4076523741e+00
-1.1212121212e+00 -6.9696969697e-01 2.4726558221e+00
-1.1212121212e+00 -6.3636363636e-01 2.5371284680e+00
-1.1212121212e+00 -5.7575757576e-01 2.6003548058e+00
-1.1212121212e+00 -5.1515151515e-01 2.6615104662e+00
-1.1212121212e+00 -4.5454545455e-01 2.7196713543e+00
-1.1212121212e+00 -3.9393939394e-01 2.7738326616e+00
-1.1212121212e+00 -3.3333333333e-01 2.8229391776e+00
-1.1212121212e+00 -2.7272727273e-01 2.8659271891e+00
-1.1212121212e+00 -2.1212121212e-01 2.9017765627e+00
-1.1212121212e+00 -1.5151515152e-01 2.9295695454e+00
-1.1212121212e+00 -9.0909090909e-02 2.9485507899e+00
-1.1212121212e+00 -3.0303030303e-02 2.9581816716e+00
-1.1212121212e+00 3.0303030303e-02 2.9581816716e+00
-1.1212121212e+00 9.0909090909e-02 2.9485507899e+00
-1.1212121212e+00 1.5151515152e-01 2.9295695454e+00
-1.1212121212e+00 2.1212121212e-01 2.9017765627e+00
-1.1212121212e+00 2.7272727273e-01 2.8659271891e+00
-1.1212121212e+00 3.3333333333e-01 2.8229391776e+00
-1.1212121212e+00 3.9393939394e-01 2.7738326616e+00
-1.1212121212e+00 4.5454545455e-01 2.7196713543e+00
-1.1212121212e+00 5.1515151515e-01 2.6615104662e+00
-1.1212121212e+00 5.7575757576e-01 2.6003548058e+00
-1.1212121212e+00 6.3636363636e-01 2.5371284680e+00
-1.1212121212e+00 6.9696969697e-01 2.4726558221e+00
-1.1212121212e+00 7.5757575758e-01 2.4076523741e+00
-1.1212121212e+00 8.1818181818e-01 2.3427234963e+00
-1.1212121212e+00 8.7878787879e-01 2.2783688839e+00
-1.1212121212e+00 9.3939393939e-01 2.2149907720e+00
-1.1212121212e+00 1.0000000000e+00 2.1529042710e+00
-1.1212121212e+00 1.0606060606e+00 2.0923485634e+00
-1.1212121212e+00 1.1212121212e+00 2.0334980689e+00
-1.1212121212e+00 1.1818181818e+00 1.9764729944e+00
-1.1212121212e+00 1.2424242424e+00 1.9213489307e+00
-1.1212121212e+00 1.3030303030e+00 1.8681653358e+00
-1.1212121212e+00 1.3636363636e+00 1.8169328692e+00
-1.1212121212e+00 1.4242424242e+00 1.7676396196e+00
-1.1212121212e+00 1.4848484848e+00 1.7202563133e+00
-1.1212121212e+00 1.5454545455e+00 1.6747406161e+00
-1.1212121212e+00 1.6060606061e+00 1.6310406441e+00
-1.1212121212e+00 1.6666666667e+00 1.5890978005e+00
-1.1212121212e+00 1.7272727273e+00 1.5488490428e+00
-1.1212121212e+00 1.7878787879e+00 1.5102286777e+00
-1.1212121212e+00 1.8484848485e+00 1.4731697651e+00
-1.1212121212e+00 1.9090909091e+00 1.4376052043e+00
-1.1212121212e+00 1.9696969697e+00 1.4034685609e+00
-1.1212121212e+00 2.0303030303e+00 1.3706946860e+00
-1.1212121212e+00 2.0909090909e+00 1.3392201689e+00
-1.1212121212e+00 2.1515151515e+00 1.3089836574e+00
-1.1212121212e+00 2.2121212121e+00 1.2799260735e+00
-1.1212121212e+00 2.2727272727e+00 1.2519907477e+00
-1.1212121212e+00 2.3333333333e+00 1.2251234892e+00
-1.1212121212e+00 2.3939393939e+00 1.1992726084e+00
-1.1212121212e+00 2.4545454545e+00 1.1743889009e+00
-1.1212121212e+00 2.5151515152e+00 1.1504256050e+00
-1.1212121212e+00 2.5757575758e+00 1.1273383389e+00
-1.1212121212e+00 2.6363636364e+00 1.1050850226e+00
-1.1212121212e+00 2.6969696970e+00 1.0836257910e+00
-1.1212121212e+00 2.7575757576e+00 1.0629229006e+00
-1.1212121212e+00 2.8181818182e+00 1.0429406328e+00
-1.1212121212e+00 2.8787878788e+00 1.0236451954e+00
-1.1212121212e+00 2.9393939394e+00 1.0050046255e+00
-1.1212121212e+00 3.0000000000e+00 9.8698869308e-01

-1.0606060606e+00 -3.0000000000e+00 9.9349363686e-01
-1.0606060606e+00 -2.9393939394e+00 1.0118748617e+00
-1.0606060606e+00 -2.8787878788e+00 1.0309076777e+00
-1.0606060606e+00 -2.8181818182e+00 1.0506247527e+00
-1.0606060606e+00 -2.7575757576e+00 1.0710607448e+00
-1.0606060606e+00 -2.6969696970e+00 1.0922524291e+00
-1.0606060606e+00 -2.6363636364e+00 1.1142388297e+00
-1.0606060606e+00 -2.5757575758e+00 1.1370613562e+00
-1.0606060606e+00 -2.5151515152e+00 1.1607639444e+00
-1.0606060606e+00 -2.4545454545e+00 1.1853931985e+00
-1.0606060606e+00 -2.3939393939e+00 1.2109985338e+00
-1.0606060606e+00 -2.3333333333e+00 1.2376323162e+00
-1.0606060606e+00 -2.2727272727e+00 1.2653499952e+00
-1.0606060606e+00 -2.2121212121e+00 1.2942102245e+00
-1.0606060606e+00 -2.1515151515e+00 1.3242749652e+00
-1.0606060606e+00 -2.0909090909e+00 1.3556095608e+00
-1.0606060606e+00 -2.0303030303e+00 1.3882827740e+00
-1.0606060606e+00 -1.9696969697e+00 1.4223667714e+00
-1.0606060606e+00 -1.9090909091e+00 1.4579370367e+00
-1.0606060606e+00 -1.8484848485e+00 1.4950721900e+00
-1.0606060606e+00 -1.7878787879e+00 1.5338536836e+00
-1.0606060606e+00 -1.7272727273e+00 1.5743653373e+00
-1.0606060606e+00 -1.6666666667e+00 1.6166926685e+00
-1.0606060606e+00 -1.6060606061e+00 1.6609219574e+00
-1.0606060606e+00 -1.5454545455e+00 1.7071389804e+00
-1.0606060606e+00 -1.4848484848e+00 1.7554273227e+00
-1.0606060606e+00 -1.4242424242e+00 1.8058661680e+00
-1.0606060606e+00 -1.3636363636e+00 1.8585274411e+00
-1.0606060606e+00 -1.3030303030e+00 1.9134721586e+00
-1.0606060606e+00 -1.2424242424e+00 1.9707458205e+00
-1.0606060606e+00 -1.1818181818e+00 2.0303726612e+00
-1.0606060606e+00 -1.1212121212e+00 2.0923485634e+00
-1.0606060606e+00 -1.0606060606e+00 2.1566324468e+00
-1.0606060606e+00 -1.0000000000e+00 2.2231359702e+00
-1.0606060606e+00 -9.3939393939e-01 2.2917114542e+00
-1.0606060606e+00 -8.7878787879e-01 2.3621380571e+00
-1.0606060606e+00 -8.1818181818e-01 2.4341064408e+00
-1.0606060606e+00 -7.5757575758e-01 2.5072024714e+00
-1.0606060606e+00 -6.9696969697e-01 2.5808909273e+00
-1.0606060606e+00 -6.3636363636e-01 2.6545007407e+00
-1.0606060606e+00 -5.7575757576e-01 2.7272139494e+00
-1.0606060606e+00 -5.1515151515e-01 2.7980612015e+00
-1.0606060606e+00 -4.5454545455e-01 2.8659271891e+00
-1.0606060606e+00 -3.9393939394e-01 2.9295695454e+00
-1.0606060606e+00 -3.3333333333e-01 2.9876542419e+00
-1.0606060606e+00 -2.7272727273e-01 3.0388090723e+00
-1.0606060606e+00 -2.1212121212e-01 3.0816942892e+00
-1.0606060606e+00 -1.5151515152e-01 3.1150860380e+00
-1.0606060606e+00 -9.0909090909e-02 3.1379645285e+00
-1.0606060606e+00 -3.0303030303e-02 3.1495959313e+00
-1.0606060606e+00 3.0303030303e-02 3.1495959313e+00
-1.0606060606e+00 9.0909090909e-02 3.1379645285e+00
-1.0606060606e+00 1.5151515152e-01 3.1150860380e+00
-1.0606060606e+00 2.1212121212e-01 3.0816942892e+00
-1.0606060606e+00 2.7272727273e-01 3.0388090723e+00
-1.0606060606e+00 3.3333333333e-01 2.9876542419e+00
-1.0606060606e+00 3.9393939394e-01 2.9295695454e+00
-1.0606060606e+00 4.5454545455e-01 2.8659271891e+00
-1.0606060606e+00 5.1515151515e-01 2.7980612015e+00
-1.0606060606e+00 5.7575757576e-01 2.7272139494e+00
-1.0606060606e+00 6.3636363636e-01 2.6545007407e+00
-1.0606060606e+00 6.9696969697e-01 2.5808909273e+00
-1.0606060606e+00 7.5757575758e-01 2.5072024714e+00
-1.0606060606e+00 8.1818181818e-01 2.4341064408e+00
-1.0606060606e+00 8.7878787879e-01 2.3621380571e+00
-1.0606060606e+00 9.3939393939e-01 2.2917114542e+00
-1.0606060606e+00 1.0000000000e+00 2.2231359702e+00
-1.0606060606e+00 1.0606060606e+00 2.1566324468e+00
-1.0606060606e+00 1.1212121212e+00 2.0923485634e+00
-1.0606060606e+00 1.1818181818e+00 2.0303726612e+00
-1.0606060606e+00 1.2424242424e+00 1.9707458205e+00
-1.0606060606e+00 1.3030303030e+00 1.9134721586e+00
-1.0606060606e+00 1.3636363636e+00 1.8585274411e+00
-1.0606060606e+00 1.4242424242e+00 1.8058661680e+00
-1.0606060606e+00 1.4848484848e+00 1.7554273227e+00
-1.0606060606e+00 1.5454545455e+00 1.7071389804e+00
-1.0606060606e+00 1.6060606061e+00 1.6609219574e+00
-1.0606060606e+00 1.6666666667e+00 1.6166926685e+00
-1.0606060606e+00 1.7272727273e+00 1.5743653373e+00
-1.0606060606e+00 1.7878787879e+00 1.5338536836e+00
-1.0606060606e+00 1.8484848485e+00 1.4950721900e+00
-1.0606060606e+00 1.9090909091e+00 1.4579370367e+00
-1.0606060606e+00 1.9696969697e+00 1.4223667714e+00
-1.0606060606e+00 2.0303030303e+00 1.3882827740e+00
-1.0606060606e+00 2.0909090909e+00 1.3556095608e+00
-1.0606060606e+00 2.1515151515e+00 1.3242749652e+00
-1.0606060606e+00 2.2121212121e+00 1.2942102245e+00
-1.0606060606e+00 2.2727272727e+00 1.2653499952e+00
-1.0606060606e+00 2.3333333333e+00 1.2376323162e+00
-1.0606060606e+00 2.3939393939e+00 1.2109985338e+00
-1.0606060606e+00 2.4545454545e+00 1.1853931985e+00
-1.0606060606e+00 2.5151515152e+00 1.1607639444e+00
-1.0606060606e+00 2.5757575758e+00 1.1370613562e+00
-1.0606060606e+00 2.6363636364e+00 1.1142388297e+00
-1.0606060606e+00 2.6969696970e+00 1.0922524291e+00
-1.0606060606e+00 2.7575757576e+00 1.0710607448e+00
-1.0606060606e+00 2.8181818182e+00 1.0506247527e+00
-1.0606060606e+00 2.8787878788e+00 1.0309076777e+00
-1.0606060606e+00 2.9393939394e+00 1.0118748617e+00
-1.0606060606e+00 3.0000000000e+00 9.9349363686e-01

-1.0000000000e+00 -3.0000000000e+00 9.9975680548e-01
-1.0000000000e+00 -2.9393939394e+00 1.0184945109e+00
-1.0000000000e+00 -2.8787878788e+00 1.0379105834e+00
-1.0000000000e+00 -2.8181818182e+00 1.0580401694e+00
-1.0000000000e+00 -2.7575757576e+00 1.0789206751e+00
-1.0000000000e+00 -2.6969696970e+00 1.1005919272e+00
-1.0000000000e+00 -2.6363636364e+00 1.1230963416e+00
-1.0000000000e+00 -2.5757575758e+00 1.1464791039e+00
-1.0000000000e+00 -2.5151515152e+00 1.1707883579e+00
-1.0000000000e+00 -2.4545454545e+00 1.1960754037e+00
-1.0000000000e+00 -2.3939393939e+00 1.2223949025e+00
-1.0000000000e+00 -2.3333333333e+00 1.2498050881e+00
-1.0000000000e+00 -2.2727272727e+00 1.2783679805e+00
-1.0000000000e+00 -2.2121212121e+00 1.3081495991e+00
-1.0000000000e+00 -2.1515151515e+00 1.3392201689e+00
-1.0000000000e+00 -2.0909090909e+00 1.3716543137e+00
-1.0000000000e+00 -2.0303030303e+00 1.4055312257e+00
-1.0000000000e+00 -1.9696969697e+00 1.4409347990e+00
-1.0000000000e+00 -1.9090909091e+00 1.4779537088e+00
-1.0000000000e+00 -1.8484848485e+00 1.5166814159e+00
-1.0000000000e+00 -1.7878787879e+00 1.5572160654e+00
-1.0000000000e+00 -1.7272727273e+00 1.5996602434e+00
-1.0000000000e+00 -1.6666666667e+00 1.6441205427e+00
-1.0000000000e+00 -1.6060606061e+00 1.6907068763e+00
-1.0000000000e+00 -1.5454545455e+00 1.7395314595e+00
-1.0000000000e+00 -1.4848484848e+00 1.7907073639e+00
-1.0000000000e+00 -1.4242424242e+00 1.8443465168e+00
-1.0000000000e+00 -1.3636363636e+00 1.9005569971e+00
-1.0000000000e+00 -1.3030303030e+00 1.9594394382e+00
-1.0000000000e+00 -1.2424242424e+00 2.0210823160e+00
-1.0000000000e+00 -1.1818181818e+00 2.0855558575e+00
-1.0000000000e+00 -1.1212121212e+00 2.1529042710e+00
-1.0000000000e+00 -1.0606060606e+00 2.2231359702e+00
-1.0000000000e+00 -1.0000000000e+00 2.2962114575e+00
-1.0000000000e+00 -9.3939393939e-01 2.3720285687e+00
-1.0000000000e+00 -8.7878787879e-01 2.4504048776e+00
-1.0000000000e+00 -8.1818181818e-01 2.5310572620e+00
-1.0000000000e+00 -7.5757575758e-01 2.6135789840e+00
-1.0000000000e+00 -6.9696969697e-01 2.6974151797e+00
-1.0000000000e+00 -6.3636363636e-01 2.7818384396e+00
-1.0000000000e+00 -5.7575757576e-01 2.8659271891e+00
-1.0000000000e+00 -5.1515151515e-01 2.9485507899e+00
-1.0000000000e+00 -4.5454545455e-01 3.0283664959e+00
-1.0000000000e+00 -3.9393939394e-01 3.1038342503e+00
-1.0000000000e+00 -3.3333333333e-01 3.1732552770e+00
-1.0000000000e+00 -2.7272727273e-01 3.2348388575e+00
-1.0000000000e+00 -2.1212121212e-01 3.2867980923e+00
-1.0000000000e+00 -1.5151515152e-01 3.3274698040e+00
-1.0000000000e+00 -9.0909090909e-02 3.3554469097e+00
-1.0000000000e+00 -3.0303030303e-02 3.3697054502e+00
-1.0000000000e+00 3.0303030303e-02 3.3697054502e+00
-1.0000000000e+00 9.0909090909e-02 3.3554469097e+00
-1.0000000000e+00 1.5151515152e-01 3.3274698040e+00
-1.0000000000e+00 2.1212121212e-01 3.2867980923e+00
-1.0000000000e+00 2.7272727273e-01 3.2348388575e+00
-1.0000000000e+00 3.3333333333e-01 3.1732552770e+00
-1.0000000000e+00 3.9393939394e-01 3.1038342503e+00
-1.0000000000e+00 4.5454545455e-01 3.0283664959e+00
-1.0000000000e+00 5.1515151515e-01 2.9485507899e+00
-1.0000000000e+00 5.7575757576e-01 2.8659271891e+00
-1.0000000000e+00 6.3636363636e-01 2.7818384396e+00
-1.0000000000e+00 6.9696969697e-01 2.6974151797e+00
-1.0000000000e+00 7.5757575758e-01 2.6135789840e+00
-1.0000000000e+00 8.1818181818e-01 2.5310572620e+00
-1.0000000000e+00 8.7878787879e-01 2.4504048776e+00
-1.0000000000e+00 9.3939393939e-01 2.3720285687e+00
-1.0000000000e+00 1.0000000000e+00 2.2962114575e+00
-1.0000000000e+00 1.0606060606e+00 2.2231359702e+00
-1.0000000000e+00 1.1212121212e+00 2.1529042710e+00
-1.0000000000e+00 1.1818181818e+00 2.0855558575e+00
-1.0000000000e+00 1.2424242424e+00 2.0210823160e+00
-1.0000000000e+00 1.3030303030e+00 1.9594394382e+00
-1.0000000000e+00 1.3636363636e+00 1.9005569971e+00
-1.0000000000e+00 1.4242424242e+00 1.8443465168e+00
-1.0000000000e+00 1.4848484848e+00 1.7907073639e+00
-1.0000000000e+00 1.5454545455e+00 1.7395314595e+00
-1.0000000000e+00 1.6060606061e+00 1.6907068763e+00
-1.0000000000e+00 1.6666666667e+00 1.6441205427e+00
-1.0000000000e+00 1.7272727273e+00 1.5996602434e+00
-1.0000000000e+00 1.7878787879e+00 1.5572160654e+00
-1.0000000000e+00 1.8484848485e+00 1.5166814159e+00
-1.0000000000e+00 1.9090909091e+00 1.4779537088e+00
-1.0000000000e+00 1.9696969697e+00 1.4409347990e+00
-1.0000000000e+00 2.0303030303e+00 1.4055312257e+00
-1.0000000000e+00 2.0909090909e+00 1.3716543137e+00
-1.0000000000e+00 2.1515151515e+00 1.3392201689e+00
-1.0000000000e+00 2.2121212121e+00 1.3081495991e+00
-1.0000000000e+00 2.2727272727e+00 1.2783679805e+00
-1.0000000000e+00 2.3333333333e+00 1.2498050881e+00
-1.0000000000e+00 2.3939393939e+00 1.2223949025e+00
-1.0000000000e+00 2.4545454545e+00 1.1960754037e+00
-1.0000000000e+00 2.5151515152e+00 1.1707883579e+00
-1.0000000000e+00 2.5757575758e+00 1.1464791039e+00
-1.0000000000e+00 2.6363636364e+00 1.1230963416e+00
-1.0000000000e+00 2.6969696970e+00 1.1005919272e+00
-1.0000000000e+00 2.7575757576e+00 1.0789206751e+00
-1.0000000000e+00 2.8181818182e+00 1.0580401694e+00
-1.0000000000e+00 2.8787878788e+00 1.0379105834e+00
-1.0000000000e+00 2.9393939394e+00 1.0184945109e+00
-1.0000000000e+00 3.0000000000e+00 9.9975680548e-01

-9.3939393939e-01 -3.0000000000e+00 1.0057610809e+00
-9.3939393939e-01 -2.9393939394e+00 1.0248449536e+00
-9.3939393939e-01 -2.8787878788e+00 1.0446336392e+00
-9.3939393939e-01 -2.8181818182e+00 1.0651647863e+00
-9.3939393939e-01 -2.7575757576e+00 1.0864785836e+00
-9.3939393939e-01 -2.6969696970e+00 1.1086179561e+00
-9.3939393939e-01 -2.6363636364e+00 1.1316287754e+00
-9.3939393939e-01 -2.5757575758e+00 1.1555600863e+00
-9.3939393939e-01 -2.5151515152e+00 1.1804643494e+00
-9.3939393939e-01 -2.4545454545e+00 1.2063976999e+00
-9.3939393939e-01 -2.3939393939e+00 1.2334202236e+00
-9.3939393939e-01 -2.3333333333e+00 1.2615962477e+00
-9.3939393939e-01 -2.2727272727e+00 1.2909946480e+00
-9.3939393939e-01 -2.2121212121e+00 1.3216891667e+00
-9.3939393939e-01 -2.1515151515e+00 1.3537587412e+00
-9.3939393939e-01 -2.0909090909e+00 1.3872878360e+00
-9.3939393939e-01 -2.0303030303e+00 1.4223667714e+00
-9.3939393939e-01 -1.9696969697e+00 1.4590920387e+00
-9.3939393939e-01 -1.9090909091e+00 1.4975665872e+00
-9.3939393939e-01 -1.8484848485e+00 1.5379000636e+00
-9.3939393939e-01 -1.7878787879e+00 1.5802089758e+00
-9.3939393939e-01 -1.7272727273e+00 1.6246167485e+00
-9.3939393939e-01 -1.6666666667e+00 1.6712536188e+00
-9.3939393939e-01 -1.6060606061e+00 1.7202563133e+00
-9.3939393939e-01 -1.5454545455e+00 1.7717674220e+00
-9.3939393939e-01 -1.4848484848e+00 1.8259343624e+00
-9.3939393939e-01 -1.4242424242e+00 1.8829077957e+00
-9.3939393939e-01 -1.3636363636e+00 1.9428393174e+00
-9.3939393939e-01 -1.3030303030e+00 2.0058781954e+00
-9.3939393939e-01 -1.2424242424e+00 2.0721668733e+00
-9.3939393939e-01 -1.1818181818e+00 2.1418348874e+00
-9.3939393939e-01 -1.1212121212e+00 2.2149907720e+00
-9.3939393939e-01 -1.0606060606e+00 2.2917114542e+00
-9.3939393939e-01 -1.0000000000e+00 2.3720285687e+00
-9.3939393939e-01 -9.3939393939e-01 2.4559110925e+00
-9.3939393939e-01 -8.7878787879e-01 2.5432437200e+00
-9.3939393939e-01 -8.1818181818e-01 2.6338005465e+00
-9.3939393939e-01 -7.5757575758e-01 2.7272139494e+00
-9.3939393939e-01 -6.9696969697e-01 2.8229391776e+00
-9.3939393939e-01 -6.3636363636e-01 2.9202161602e+00
-9.3939393939e-01 -5.7575757576e-01 3.0180315508e+00
-9.3939393939e-01 -5.1515151515e-01 3.1150860380e+00
-9.3939393939e-01 -4.5454545455e-01 3.2097743396e+00
-9.3939393939e-01 -3.9393939394e-01 3.3001875970e+00
-9.3939393939e-01 -3.3333333333e-01 3.3841492282e+00
-9.3939393939e-01 -2.7272727273e-01 3.4592943718e+00
-9.3939393939e-01 -2.1212121212e-01 3.5231984599e+00
-9.3939393939e-01 -1.5151515152e-01 3.5735513860e+00
-9.3939393939e-01 -9.0909090909e-02 3.6083610434e+00
-9.3939393939e-01 -3.0303030303e-02 3.6261569967e+00
-9.3939393939e-01 3.0303030303e-02 3.6261569967e+00
-9.3939393939e-01 9.0909090909e-02 3.6083610434e+00
-9.3939393939e-01 1.5151515152e-01 3.5735513860e+00
-9.3939393939e-01 2.1212121212e-01 3.5231984599e+00
-9.3939393939e-01 2.7272727273e-01 3.4592943718e+00
-9.3939393939e-01 3.3333333333e-01 3.3841492282e+00
-9.3939393939e-01 3.9393939394e-01 3.3001875970e+00
-9.3939393939e-01 4.5454545455e-01 3.2097743396e+00
-9.3939393939e-01 5.1515151515e-01 3.1150860380e+00
-9.3939393939e-01 5.7575757576e-01 3.0180315508e+00
-9.3939393939e-01 6.3636363636e-01 2.9202161602e+00
-9.3939393939e-01 6.9696969697e-01 2.8229391776e+00
-9.3939393939e-01 7.5757575758e-01 2.7272139494e+00
-9.3939393939e-01 8.1818181818e-01 2.6338005465e+00
-9.3939393939e-01 8.7878787879e-01 2.5432437200e+00
-9.3939393939e-01 9.3939393939e-01 2.4559110925e+00
-9.3939393939e-01 1.0000000000e+00 2.3720285687e+00
-9.3939393939e-01 1.0606060606e+00 2.2917114542e+00
-9.3939393939e-01 1.1212121212e+00 2.2149907720e+00
-9.3939393939e-01 1.1818181818e+00 2.1418348874e+00
-9.3939393939e-01 1.2424242424e+00 2.0721668733e+00
-9.3939393939e-01 1.3030303030e+00 2.0058781954e+00
-9.3939393939e-01 1.3636363636e+00 1.9428393174e+00
-9.3939393939e-01 1.4242424242e+00 1.8829077957e+00
-9.3939393939e-01 1.4848484848e+00 1.8259343624e+00
-9.3939393939e-01 1.5454545455e+00 1.7717674220e+00
-9.3939393939e-01 1.6060606061e+00 1.7202563133e+00
-9.3939393939e-01 1.6666666667e+00 1.6712536188e+00
-9.3939393939e-01 1.7272727273e+00 1.6246167485e+00
-9.3939393939e-01 1.7878787879e+00 1.5802089758e+00
-9.3939393939e-01 1.8484848485e+00 1.5379000636e+00
-9.3939393939e-01 1.9090909091e+00 1.4975665872e+00
-9.3939393939e-01 1.9696969697e+00 1.4590920387e+00
-9.3939393939e-01 2.0303030303e+00 1.4223667714e+00
-9.3939393939e-01 2.0909090909e+00 1.3872878360e+00
-9.3939393939e-01 2.1515151515e+00 1.3537587412e+00
-9.3939393939e-01 2.2121212121e+00 1.3216891667e+00
-9.3939393939e-01 2.2727272727e+00 1.2909946480e+00
-9.3939393939e-01 2.3333333333e+00 1.2615962477e+00
-9.3939393939e-01 2.3939393939e+00 1.2334202236e+00
-9.3939393939e-01 2.4545454545e+00 1.2063976999e+00
-9.3939393939e-01 2.5151515152e+00 1.1804643494e+00
-9.3939393939e-01 2.5757575758e+00 1.1555600863e+00
-9.3939393939e-01 2.6363636364e+00 1.1316287754e+00
-9.3939393939e-01 2.6969696970e+00 1.1086179561e+00
-9.3939393939e-01 2.7575757576e+00 1.0864785836e+00
-9.3939393939e-01 2.8181818182e+00 1.0651647863e+00
-9.3939393939e-01 2.8787878788e+00 1.0446336392e+00
-9.3939393939e-01 2.9393939394e+00 1.0248449536e+00
-9.3939393939e-01 3.0000000000e+00 1.0057610809e+00

-8.7878787879e-01 -3.0000000000e+00 1.0114894792e+00
-8.7878787879e-01 -2.9393939394e+00 1.0309076777e+00
-8.7878787879e-01 -2.8787878788e+00 1.0510566444e+00
-8.7878787879e-01 -2.8181818182e+00 1.0719765347e+00
-8.7878787879e-01 -2.7575757576e+00 1.0937103327e+00
-8.7878787879e-01 -2.6969696970e+00 1.1163040852e+00
-8.7878787879e-01 -2.6363636364e+00 1.1398071559e+00
-8.7878787879e-01 -2.5757575758e+00 1.1642725023e+00
-8.7878787879e-01 -2.5151515152e+00 1.1897569767e+00
-8.7878787879e-01 -2.4545454545e+00 1.2163216515e+00
-8.7878787879e-01 -2.3939393939e+00 1.2440321727e+00
-8.7878787879e-01 -2.3333333333e+00 1.2729591406e+00
-8.7878787879e-01 -2.2727272727e+00 1.3031785193e+00
-8.7878787879e-01 -2.2121212121e+00 1.3347720757e+00
-8.7878787879e-01 -2.1515151515e+00 1.3678278459e+00
-8.7878787879e-01 -2.0909090909e+00 1.4024406291e+00
-8.7878787879e-01 -2.0303030303e+00 1.4387125024e+00
-8.7878787879e-01 -1.9696969697e+00 1.4767533531e+00
-8.7878787879e-01 -1.9090909091e+00 1.5166814159e+00
-8.7878787879e-01 -1.8484848485e+00 1.5586238022e+00
-8.7878787879e-01 -1.7878787879e+00 1.6027169992e+00
-8.7878787879e-01 -1.7272727273e+00 1.6491073088e+00
-8.7878787879e-01 -1.6666666667e+00 1.6979511841e+00
-8.7878787879e-01 -1.6060606061e+00 1.7494154054e+00
-8.7878787879e-01 -1.5454545455e+00 1.8036770162e+00
-8.7878787879e-01 -1.4848484848e+00 1.8609229110e+00
-8.7878787879e-01 -1.4242424242e+00 1.9213489307e+00
-8.7878787879e-01 -1.3636363636e+00 1.9851582707e+00
-8.7878787879e-01 -1.3030303030e+00 2.0525589479e+00
-8.7878787879e-01 -1.2424242424e+00 2.1237599883e+00
-8.7878787879e-01 -1.1818181818e+00 2.1989659012e+00
-8.7878787879e-01 -1.1212121212e+00 2.2783688839e+00
-8.7878787879e-01 -1.0606060606e+00 2.3621380571e+00
-8.7878787879e-01 -1.0000000000e+00 2.4504048776e+00
-8.7878787879e-01 -9.3939393939e-01 2.5432437200e+00
-8.7878787879e-01 -8.7878787879e-01 2.6406465006e+00
-8.7878787879e-01 -8.1818181818e-01 2.7424901957e+00
-8.7878787879e-01 -7.5757575758e-01 2.8484962839e+00
-8.7878787879e-01 -6.9696969697e-01 2.9581816716e+00
-8.7878787879e-01 -6.3636363636e-01 3.0708017670e+00
-8.7878787879e-01 -5.7575757576e-01 3.1852883089e+00
-8.7878787879e-01 -5.1515151515e-01 3.3001875970e+00
-8.7878787879e-01 -4.5454545455e-01 3.4136089767e+00
-8.7878787879e-01 -3.9393939394e-01 3.5231984599e+00
-8.7878787879e-01 -3.3333333333e-01 3.6261569967e+00
-8.7878787879e-01 -2.7272727273e-01 3.7193248056e+00
-8.7878787879e-01 -2.1212121212e-01 3.7993489178e+00
-8.7878787879e-01 -1.5151515152e-01 3.8629374737e+00
-8.7878787879e-01 -9.0909090909e-02 3.9071808105e+00
-8.7878787879e-01 -3.0303030303e-02 3.9298911328e+00
-8.7878787879e-01 3.0303030303e-02 3.9298911328e+00
-8.7878787879e-01 9.0909090909e-02 3.9071808105e+00
-8.7878787879e-01 1.5151515152e-01 3.8629374737e+00
-8.7878787879e-01 2.1212121212e-01 3.7993489178e+00
-8.7878787879e-01 2.7272727273e-01 3.7193248056e+00
-8.7878787879e-01 3.3333333333e-01 3.6261569967e+00
-8.7878787879e-01 3.9393939394e-01 3.5231984599e+00
-8.7878787879e-01 4.5454545455e-01 3.4136089767e+00
-8.7878787879e-01 5.1515151515e-01 3.3001875970e+00
-8.7878787879e-01 5.7575757576e-01 3.1852883089e+00
-8.7878787879e-01 6.3636363636e-01 3.0708017670e+00
-8.7878787879e-01 6.9696969697e-01 2.9581816716e+00
-8.7878787879e-01 7.5757575758e-01 2.8484962839e+00
-8.7878787879e-01 8.1818181818e-01 2.7424901957e+00
-8.7878787879e-01 8.7878787879e-01 2.6406465006e+00
-8.7878787879e-01 9.3939393939e-01 2.5432437200e+00
-8.7878787879e-01 1.0000000000e+00 2.4504048776e+00
-8.7878787879e-01 1.0606060606e+00 2.3621380571e+00
-8.7878787879e-01 1.1212121212e+00 2.2783688839e+00
-8.7878787879e-01 1.1818181818e+00 2.1989659012e+00
-8.7878787879e-01 1.2424242424e+00 2.1237599883e+00
-8.7878787879e-01 1.3030303030e+00 2.0525589479e+00
-8.7878787879e-01 1.3636363636e+00 1.9851582707e+00
-8.7878787879e-01 1.4242424242e+00 1.9213489307e+00
-8.7878787879e-01 1.4848484848e+00 1.8609229110e+00
-8.7878787879e-01 1.5454545455e+00 1.8036770162e+00
-8.7878787879e-01 1.6060606061e+00 1.7494154054e+00
-8.7878787879e-01 1.6666666667e+00 1.6979511841e+00
-8.7878787879e-01 1.7272727273e+00 1.6491073088e+00
-8.7878787879e-01 1.7878787879e+00 1.6027169992e+00
-8.7878787879e-01 1.8484848485e+00 1.5586238022e+00
-8.7878787879e-01 1.9090909091e+00 1.5166814159e+00
-8.7878787879e-01 1.9696969697e+00 1.4767533531e+00
-8.7878787879e-01 2.0303030303e+00 1.4387125024e+00
-8.7878787879e-01 2.0909090909e+00 1.4024406291e+00
-8.7878787879e-01 2.1515151515e+00 1.3678278459e+00
-8.7878787879e-01 2.2121212121e+00 1.3347720757e+00
-8.7878787879e-01 2.2727272727e+00 1.3031785193e+00
-8.7878787879e-01 2.3333333333e+00 1.2729591406e+00
-8.7878787879e-01 2.3939393939e+00 1.2440321727e+00
-8.7878787879e-01 2.4545454545e+00 1.2163216515e+00
-8.7878787879e-01 2.5151515152e+00 1.1897569767e+00
-8.7878787879e-01 2.5757575758e+00 1.1642725023e+00
-8.7878787879e-01 2.6363636364e+00 1.1398071559e+00
-8.7878787879e-01 2.6969696970e+00 1.1163040852e+00
-8.7878787879e-01 2.7575757576e+00 1.0937103327e+00
-8.7878787879e-01 2.8181818182e+00 1.0719765347e+00
-8.7878787879e-01 2.8787878788e+00 1.0510566444e+00
-8.7878787879e-01 2.9393939394e+00 1.0309076777e+00
-8.7878787879e-01 3.0000000000e+00 1.0114894792e+00

-8.1818181818e-01 -3.0000000000e+00 1.0169252619e+00
-8.1818181818e-01 -2.9393939394e+00 1.0366644029e+00
-8.1818181818e-01 -2.8787878788e+00 1.0571596091e+00
-8.1818181818e-01 -2.8181818182e+00 1.0784535275e+00
-8.1818181818e-01 -2.7575757576e+00 1.1005919272e+00
-8.1818181818e-01 -2.6969696970e+00 1.1236239734e+00
-8.1818181818e-01 -2.6363636364e+00 1.1476025287e+00
-8.1818181818e-01 -2.5757575758e+00 1.1725844829e+00
-8.1818181818e-01 -2.5151515152e+00 1.1986311160e+00
-8.1818181818e-01 -2.4545454545e+00 1.2258084962e+00
-8.1818181818e-01 -2.3939393939e+00 1.2541879166e+00
-8.1818181818e-01 -2.3333333333e+00 1.2838463736e+00
-8.1818181818e-01 -2.2727272727e+00 1.3148670904e+00
-8.1818181818e-01 -2.2121212121e+00 1.3473400890e+00
-8.1818181818e-01 -2.1515151515e+00 1.3813628128e+00
-8.1818181818e-01 -2.0909090909e+00 1.4170408022e+00
-8.1818181818e-01 -2.0303030303e+00 1.4544884247e+00
-8.1818181818e-01 -1.9696969697e+00 1.4938296583e+00
-8.1818181818e-01 -1.9090909091e+00 1.5351989244e+00
-8.1818181818e-01 -1.8484848485e+00 1.5787419647e+00
-8.1818181818e-01 -1.7878787879e+00 1.6246167485e+00
-8.1818181818e-01 -1.7272727273e+00 1.6729943903e+00
-8.1818181818e-01 -1.6666666667e+00 1.7240600475e+00
-8.1818181818e-01 -1.6060606061e+00 1.7780137514e+00
-8.1818181818e-01 -1.5454545455e+00 1.8350711035e+00
-8.1818181818e-01 -1.4848484848e+00 1.8954637416e+00
-8.1818181818e-01 -1.4242424242e+00 1.9594394382e+00
-8.1818181818e-01 -1.3636363636e+00 2.0272616398e+00
-8.1818181818e-01 -1.3030303030e+00 2.0992081803e+00
-8.1818181818e-01 -1.2424242424e+00 2.1755688050e+00
-8.1818181818e-01 -1.1818181818e+00 2.2566410055e+00
-8.1818181818e-01 -1.1212121212e+00 2.3427234963e+00
-8.1818181818e-01 -1.0606060606e+00 2.4341064408e+00
-8.1818181818e-01 -1.0000000000e+00 2.5310572620e+00
-8.1818181818e-01 -9.3939393939e-01 2.6338005465e+00
-8.1818181818e-01 -8.7878787879e-01 2.7424901957e+00
-8.1818181818e-01 -8.1818181818e-01 2.8571716466e+00
-8.1818181818e-01 -7.5757575758e-01 2.9777317773e+00
-8.1818181818e-01 -6.9696969697e-01 3.1038342503e+00
-8.1818181818e-01 -6.3636363636e-01 3.2348388575e+00
-8.1818181818e-01 -5.7575757576e-01 3.3697054502e+00
-8.1818181818e-01 -5.1515151515e-01 3.5068869622e+00
-8.1818181818e-01 -4.5454545455e-01 3.6442225906e+00
-8.1818181818e-01 -3.9393939394e-01 3.7788517279e+00
-8.1818181818e-01 -3.3333333333e-01 3.9071808105e+00
-8.1818181818e-01 -2.7272727273e-01 4.0249453891e+00
-8.1818181818e-01 -2.1212121212e-01 4.1274113816e+00
-8.1818181818e-01 -1.5151515152e-01 4.2097428898e+00
-8.1818181818e-01 -9.0909090909e-02 4.2675218775e+00
-8.1818181818e-01 -3.0303030303e-02 4.2973422687e+00
-8.1818181818e-01 3.0303030303e-02 4.2973422687e+00
-8.1818181818e-01 9.0909090909e-02 4.2675218775e+00
-8.1818181818e-01 1.5151515152e-01 4.2097428898e+00
-8.1818181818e-01 2.1212121212e-01 4.1274113816e+00
-8.1818181818e-01 2.7272727273e-01 4.0249453891e+00
-8.1818181818e-01 3.3333333333e-01 3.9071808105e+00
-8.1818181818e-01 3.9393939394e-01 3.7788517279e+00
-8.1818181818e-01 4.5454545455e-01 3.6442225906e+00
-8.1818181818e-01 5.1515151515e-01 3.5068869622e+00
-8.1818181818e-01 5.7575757576e-01 3.3697054502e+00
-8.1818181818e-01 6.3636363636e-01 3.2348388575e+00
-8.1818181818e-01 6.9696969697e-01 3.1038342503e+00
-8.1818181818e-01 7.5757575758e-01 2.9777317773e+00
-8.1818181818e-01 8.1818181818e-01 2.8571716466e+00
-8.1818181818e-01 8.7878787879e-01 2.7424901957e+00
-8.1818181818e-01 9.3939393939e-01 2.6338005465e+00
-8.1818181818e-01 1.0000000000e+00 2.5310572620e+00
-8.1818181818e-01 1.0606060606e+00 2.4341064408e+00
-8.1818181818e-01 1.1212121212e+00 2.3427234963e+00
-8.1818181818e-01 1.1818181818e+00 2.2566410055e+00
-8.1818181818e-01 1.2424242424e+00 2.1755688050e+00
-8.1818181818e-01 1.3030303030e+00 2.0992081803e+00
-8.1818181818e-01 1.3636363636e+00 2.0272616398e+00
-8.1818181818e-01 1.4242424242e+00 1.9594394382e+00
-8.1818181818e-01 1.4848484848e+00 1.8954637416e+00
-8.1818181818e-01 1.5454545455e+00 1.8350711035e+00
-8.1818181818e-01 1.6060606061e+00 1.7780137514e+00
-8.1818181818e-01 1.6666666667e+00 1.7240600475e+00
-8.1818181818e-01 1.7272727273e+00 1.6729943903e+00
-8.1818181818e-01 1.7878787879e+00 1.6246167485e+00
-8.1818181818e-01 1.8484848485e+00 1.5787419647e+00
-8.1818181818e-01 1.9090909091e+00 1.5351989244e+00
-8.1818181818e-01 1.9696969697e+00 1.4938296583e+00
-8.1818181818e-01 2.0303030303e+00 1.4544884247e+00
-8.1818181818e-01 2.0909090909e+00 1.4170408022e+00
-8.1818181818e-01 2.1515151515e+00 1.3813628128e+00
-8.1818181818e-01 2.2121212121e+00 1.3473400890e+00
-8.1818181818e-01 2.2727272727e+00 1.3148670904e+00
-8.1818181818e-01 2.3333333333e+00 1.2838463736e+00
-8.1818181818e-01 2.3939393939e+00 1.2541879166e+00
-8.1818181818e-01 2.4545454545e+00 1.2258084962e+00
-8.1818181818e-01 2.5151515152e+00 1.1986311160e+00
-8.1818181818e-01 2.5757575758e+00 1.1725844829e+00
-8.1818181818e-01 2.6363636364e+00 1.1476025287e+00
-8.1818181818e-01 2.6969696970e+00 1.1236239734e+00
-8.1818181818e-01 2.7575757576e+00 1.1005919272e+00
-8.1818181818e-01 2.8181818182e+00 1.0784535275e+00
-8.1818181818e-01 2.8787878788e+00 1.0571596091e+00
-8.1818181818e-01 2.9393939394e+00 1.0366644029e+00
-8.1818181818e-01 3.0000000000e+00 1.0169252619e+00

-7.5757575758e-01 -3.0000000000e+00 1.0220520533e+00
-7.5757575758e-01 -2.9393939394e+00 1.0420972108e+00
-7.5757575758e-01 -2.8787878788e+00 1.0629229006e+00
-7.5757575758e-01 -2.8181818182e+00 1.0845742232e+00
-7.5757575758e-01 -2.7575757576e+00 1.1070996972e+00
-7.5757575758e-01 -2.6969696970e+00 1.1305515747e+00
-7.5757575758e-01 -2.6363636364e+00 1.1549861907e+00
-7.5757575758e-01 -2.5757575758e+00 1.1804643494e+00
-7.5757575758e-01 -2.5151515152e+00 1.2070517520e+00
-7.5757575758e-01 -2.4545454545e+00 1.2348194716e+00
-7.5757575758e-01 -2.3939393939e+00 1.2638444786e+00
-7.5757575758e-01 -2.3333333333e+00 1.2942102245e+00
-7.5757575758e-01 -2.2727272727e+00 1.3260072885e+00
-7.5757575758e-01 -2.2121212121e+00 1.3593340944e+00
-7.5757575758e-01 -2.1515151515e+00 1.3942977050e+00
-7.5757575758e-01 -2.0909090909e+00 1.4310147005e+00
-7.5757575758e-01 -2.0303030303e+00 1.4696121494e+00
-7.5757575758e-01 -1.9696969697e+00 1.5102286777e+00
-7.5757575758e-01 -1.9090909091e+00 1.5530156422e+00
-7.5757575758e-01 -1.8484848485e+00 1.5981384130e+00
-7.5757575758e-01 -1.7878787879e+00 1.6457777652e+00
-7.5757575758e-01 -1.7272727273e+00 1.6961313744e+00
-7.5757575758e-01 -1.6666666667e+00 1.7494154054e+00
-7.5757575758e-01 -1.6060606061e+00 1.8058661680e+00
-7.5757575758e-01 -1.5454545455e+00 1.8657417977e+00
-7.5757575758e-01 -1.4848484848e+00 1.9293238928e+00
-7.5757575758e-01 -1.4242424242e+00 1.9969189994e+00
-7.5757575758e-01 -1.3636363636e+00 2.0688597848e+00
-7.5757575758e-01 -1.3030303030e+00 2.1455056566e+00
-7.5757575758e-01 -1.2424242424e+00 2.2272424774e+00
-7.5757575758e-01 -1.1818181818e+00 2.3144808682e+00
-7.5757575758e-01 -1.1212121212e+00 2.4076523741e+00
-7.5757575758e-01 -1.0606060606e+00 2.5072024714e+00
-7.5757575758e-01 -1.0000000000e+00 2.6135789840e+00
-7.5757575758e-01 -9.3939393939e-01 2.7272139494e+00
-7.5757575758e-01 -8.7878787879e-01 2.8484962839e+00
-7.5757575758e-01 -8.1818181818e-01 2.9777317773e+00
-7.5757575758e-01 -7.5757575758e-01 3.1150860380e+00
-7.5757575758e-01 -6.9696969697e-01 3.2605052088e+00
-7.5757575758e-01 -6.3636363636e-01 3.4136089767e+00
-7.5757575758e-01 -5.7575757576e-01 3.5735513860e+00
-7.5757575758e-01 -5.1515151515e-01 3.7388485762e+00
-7.5757575758e-01 -4.5454545455e-01 3.9071808105e+00
-7.5757575758e-01 -3.9393939394e-01 4.0751914571e+00
-7.5757575758e-01 -3.3333333333e-01 4.2383295013e+00
-7.5757575758e-01 -2.7272727273e-01 4.3908123833e+00
-7.5757575758e-01 -2.1212121212e-01 4.5258111633e+00
-7.5757575758e-01 -1.5151515152e-01 4.6359558194e+00
-7.5757575758e-01 -9.0909090909e-02 4.7141928500e+00
-7.5757575758e-01 -3.0303030303e-02 4.7548867592e+00
-7.5757575758e-01 3.0303030303e-02 4.7548867592e+00
-7.5757575758e-01 9.0909090909e-02 4.7141928500e+00
-7.5757575758e-01 1.5151515152e-01 4.6359558194e+00
-7.5757575758e-01 2.1212121212e-01 4.5258111633e+00
-7.5757575758e-01 2.7272727273e-01 4.3908123833e+00
-7.5757575758e-01 3.3333333333e-01 4.2383295013e+00
-7.5757575758e-01 3.9393939394e-01 4.0751914571e+00
-7.5757575758e-01 4.5454545455e-01 3.9071808105e+00
-7.5757575758e-01 5.1515151515e-01 3.7388485762e+00
-7.5757575758e-01 5.7575757576e-01 3.5735513860e+00
-7.5757575758e-01 6.3636363636e-01 3.4136089767e+00
-7.5757575758e-01 6.9696969697e-01 3.2605052088e+00
-7.5757575758e-01 7.5757575758e-01 3.1150860380e+00
-7.5757575758e-01 8.1818181818e-01 2.9777317773e+00
-7.5757575758e-01 8.7878787879e-01 2.8484962839e+00
-7.5757575758e-01 9.3939393939e-01 2.7272139494e+00
-7.5757575758e-01 1.0000000000e+00 2.6135789840e+00
-7.5757575758e-01 1.0606060606e+00 2.5072024714e+00
-7.5757575758e-01 1.1212121212e+00 2.4076523741e+00
-7.5757575758e-01 1.1818181818e+00 2.3144808682e+00
-7.5757575758e-01 1.2424242424e+00 2.2272424774e+00
-7.5757575758e-01 1.3030303030e+00 2.1455056566e+00
-7.5757575758e-01 1.3636363636e+00 2.0688597848e+00
-7.5757575758e-01 1.4242424242e+00 1.9969189994e+00
-7.5757575758e-01 1.4848484848e+00 1.9293238928e+00
-7.5757575758e-01 1.5454545455e+00 1.8657417977e+00
-7.5757575758e-01 1.6060606061e+00 1.8058661680e+00
-7.5757575758e-01 1.6666666667e+00 1.7494154054e+00
-7.5757575758e-01 1.7272727273e+00 1.6961313744e+00
-7.5757575758e-01 1.7878787879e+00 1.6457777652e+00
-7.5757575758e-01 1.8484848485e+00 1.5981384130e+00
-7.5757575758e-01 1.9090909091e+00 1.5530156422e+00
-7.5757575758e-01 1.9696969697e+00 1.5102286777e+00
-7.5757575758e-01 2.0303030303e+00 1.4696121494e+00
-7.5757575758e-01 2.0909090909e+00 1.4310147005e+00
-7.5757575758e-01 2.1515151515e+00 1.3942977050e+00
-7.5757575758e-01 2.2121212121e+00 1.3593340944e+00
-7.5757575758e-01 2.2727272727e+00 1.3260072885e+00
-7.5757575758e-01 2.3333333333e+00 1.2942102245e+00
-7.5757575758e-01 2.3939393939e+00 1.2638444786e+00
-7.5757575758e-01 2.4545454545e+00 1.2348194716e+00
-7.5757575758e-01 2.5151515152e+00 1.2070517520e+00
-7.5757575758e-01 2.5757575758e+00 1.1804643494e+00
-7.5757575758e-01 2.6363636364e+00 1.1549861907e+00
-7.5757575758e-01 2.6969696970e+00 1.1305515747e+00
-7.5757575758e-01 2.7575757576e+00 1.1070996972e+00
-7.5757575758e-01 2.8181818182e+00 1.0845742232e+00
-7.5757575758e-01 2.8787878788e+00 1.0629229006e+00
-7.5757575758e-01 2.9393939394e+00 1.0420972108e+00
-7.5757575758e-01 3.0000000000e+00 1.0220520533e+00

-6.9696969697e-01 -3.0000000000e+00 1.0268539602e+00
-6.9696969697e-01 -2.9393939394e+00 1.0471886808e+00
-6.9696969697e-01 -2.8787878788e+00 1.0683273953e+00
-6.9696969697e-01 -2.8181818182e+00 1.0903175970e+00
-6.9696969697e-01 -2.7575757576e+00 1.1132104917e+00
-6.9696969697e-01 -2.6969696970e+00 1.1370613562e+00
-6.9696969697e-01 -2.6363636364e+00 1.1619299364e+00
-6.9696969697e-01 -2.5757575758e+00 1.1878808922e+00
-6.9696969697e-01 -2.5151515152e+00 1.2149842925e+00
-6.9696969697e-01 -2.4545454545e+00 1.2433161701e+00
-6.9696969697e-01 -2.3939393939e+00 1.2729591406e+00
-6.9696969697e-01 -2.3333333333e+00 1.3040030970e+00
-6.9696969697e-01 -2.2727272727e+00 1.3365459871e+00
-6.9696969697e-01 -2.2121212121e+00 1.3706946860e+00
-6.9696969697e-01 -2.1515151515e+00 1.4065659755e+00
-6.9696969697e-01 -2.0909090909e+00 1.4442876442e+00
-6.9696969697e-01 -2.0303030303e+00 1.4839997221e+00
-6.9696969697e-01 -1.9696969697e+00 1.5258558681e+00
-6.9696969697e-01 -1.9090909091e+00 1.5700249259e+00
-6.9696969697e-01 -1.8484848485e+00 1.6166926685e+00
-6.9696969697e-01 -1.7878787879e+00 1.6660637478e+00
-6.9696969697e-01 -1.7272727273e+00 1.7183638696e+00
-6.9696969697e-01 -1.6666666667e+00 1.7738422057e+00
-6.9696969697e-01 -1.6060606061e+00 1.8327740535e+00
-6.9696969697e-01 -1.5454545455e+00 1.8954637416e+00
-6.9696969697e-01 -1.4848484848e+00 1.9622477599e+00
-6.9696969697e-01 -1.4242424242e+00 2.0334980689e+00
-6.9696969697e-01 -1.3636363636e+00 2.1096254934e+00
-6.9696969697e-01 -1.3030303030e+00 2.1910830416e+00
-6.9696969697e-01 -1.2424242424e+00 2.2783688839e+00
-6.9696969697e-01 -1.1818181818e+00 2.3720285687e+00
-6.9696969697e-01 -1.1212121212e+00 2.4726558221e+00
-6.9696969697e-01 -1.0606060606e+00 2.5808909273e+00
-6.9696969697e-01 -1.0000000000e+00 2.6974151797e+00
-6.9696969697e-01 -9.3939393939e-01 2.8229391776e+00
-6.9696969697e-01 -8.7878787879e-01 2.9581816716e+00
-6.9696969697e-01 -8.1818181818e-01 3.1038342503e+00
-6.9696969697e-01 -7.5757575758e-01 3.2605052088e+00
-6.9696969697e-01 -6.9696969697e-01 3.4286335142e+00
-6.9696969697e-01 -6.3636363636e-01 3.6083610434e+00
-6.9696969697e-01 -5.7575757576e-01 3.7993489178e+00
-6.9696969697e-01 -5.1515151515e-01 4.0005234884e+00
-6.9696969697e-01 -4.5454545455e-01 4.2097428898e+00
-6.9696969697e-01 -3.9393939394e-01 4.4233924313e+00
-6.9696969697e-01 -3.3333333333e-01 4.6359558194e+00
-6.9696969697e-01 -2.7272727273e-01 4.8396782168e+00
-6.9696969697e-01 -2.1212121212e-01 5.0245323670e+00
-6.9696969697e-01 -1.5151515152e-01 5.1787776750e+00
-6.9696969697e-01 -9.0909090909e-02 5.2903590525e+00
-6.9696969697e-01 -3.0303030303e-02 5.3490981136e+00
-6.9696969697e-01 3.0303030303e-02 5.3490981136e+00
-6.9696969697e-01 9.0909090909e-02 5.2903590525e+00
-6.9696969697e-01 1.5151515152e-01 5.1787776750e+00
-6.9696969697e-01 2.1212121212e-01 5.0245323670e+00
-6.9696969697e-01 2.7272727273e-01 4.8396782168e+00
-6.9696969697e-01 3.3333333333e-01 4.6359558194e+00
-6.9696969697e-01 3.9393939394e-01 4.4233924313e+00
-6.9696969697e-01 4.5454545455e-01 4.2097428898e+00
-6.9696969697e-01 5.1515151515e-01 4.0005234884e+00
-6.9696969697e-01 5.7575757576e-01 3.7993489178e+00
-6.9696969697e-01 6.3636363636e-01 3.6083610434e+00
-6.9696969697e-01 6.9696969697e-01 3.4286335142e+00
-6.9696969697e-01 7.5757575758e-01 3.2605052088e+00
-6.9696969697e-01 8.1818181818e-01 3.1038342503e+00
-6.9696969697e-01 8.7878787879e-01 2.9581816716e+00
-6.9696969697e-01 9.3939393939e-01 2.8229391776e+00
-6.9696969697e-01 1.0000000000e+00 2.6974151797e+00
-6.9696969697e-01 1.0606060606e+00 2.5808909273e+00
-6.9696969697e-01 1.1212121212e+00 2.4726558221e+00
-6.9696969697e-01 1.1818181818e+00 2.3720285687e+00
-6.9696969697e-01 1.2424242424e+00 2.2783688839e+00
-6.9696969697e-01 1.3030303030e+00 2.1910830416e+00
-6.9696969697e-01 1.3636363636e+00 2.1096254934e+00
-6.9696969697e-01 1.4242424242e+00 2.0334980689e+00
-6.9696969697e-01 1.4848484848e+00 1.9622477599e+00
-6.9696969697e-01 1.5454545455e+00 1.8954637416e+00
-6.9696969697e-01 1.6060606061e+00 1.8327740535e+00
-6.9696969697e-01 1.6666666667e+00 1.7738422057e+00
-6.9696969697e-01 1.7272727273e+00 1.7183638696e+00
-6.9696969697e-01 1.7878787879e+00 1.6660637478e+00
-6.9696969697e-01 1.8484848485e+00 1.6166926685e+00
-6.9696969697e-01 1.9090909091e+00 1.5700249259e+00
-6.9696969697e-01 1.9696969697e+00 1.5258558681e+00
-6.9696969697e-01 2.0303030303e+00 1.4839997221e+00
-6.9696969697e-01 2.0909090909e+00 1.4442876442e+00
-6.9696969697e-01 2.1515151515e+00 1.4065659755e+00
-6.9696969697e-01 2.2121212121e+00 1.3706946860e+00
-6.9696969697e-01 2.2727272727e+00 1.3365459871e+00
-6.9696969697e-01 2.3333333333e+00 1.3040030970e+00
-6.9696969697e-01 2.3939393939e+00 1.2729591406e+00
-6.9696969697e-01 2.4545454545e+00 1.2433161701e+00
-6.9696969697e-01 2.5151515152e+00 1.2149842925e+00
-6.9696969697e-01 2.5757575758e+00 1.1878808922e+00
-6.9696969697e-01 2.6363636364e+00 1.1619299364e+00
-6.9696969697e-01 2.6969696970e+00 1.1370613562e+00
-6.9696969697e-01 2.7575757576e+00 1.1132104917e+00
-6.9696969697e-01 2.8181818182e+00 1.0903175970e+00
-6.9696969697e-01 2.8787878788e+00 1.0683273953e+00
-6.9696969697e-01 2.9393939394e+00 1.0471886808e+00
-6.9696969697e-01 3.0000000000e+00 1.0268539602e+00

-6.3636363636e-01 -3.0000000000e+00 1.0313156954e+00
-6.3636363636e-01 -2.9393939394e+00 1.0519220282e+00
-6.3636363636e-01 -2.8787878788e+00 1.0733546352e+00
-6.3636363636e-01 -2.8181818182e+00 1.0956633175e+00
-6.3636363636e-01 -2.7575757576e+00 1.1189018786e+00
-6.3636363636e-01 -2.6969696970e+00 1.1431285252e+00
-6.3636363636e-01 -2.6363636364e+00 1.1684063157e+00
-6.3636363636e-01 -2.5757575758e+00 1.1948036637e+00
-6.3636363636e-01 -2.5151515152e+00 1.2223949025e+00
-6.3636363636e-01 -2.4545454545e+00 1.2512609206e+00
-6.3636363636e-01 -2.3939393939e+00 1.2814898787e+00
-6.3636363636e-01 -2.3333333333e+00 1.3131780177e+00
-6.3636363636e-01 -2.2727272727e+00 1.3464305736e+00
-6.3636363636e-01 -2.2121212121e+00 1.3813628128e+00
-6.3636363636e-01 -2.1515151515e+00 1.4181012082e+00
-6.3636363636e-01 -2.0909090909e+00 1.4567847743e+00
-6.3636363636e-01 -2.0303030303e+00 1.4975665872e+00
-6.3636363636e-01 -1.9696969697e+00 1.5406155172e+00
-6.3636363636e-01 -1.9090909091e+00 1.5861182046e+00
-6.3636363636e-01 -1.8484848485e+00 1.6342813165e+00
-6.3636363636e-01 -1.7878787879e+00 1.6853341262e+00
-6.3636363636e-01 -1.7272727273e+00 1.7395314595e+00
-6.3636363636e-01 -1.6666666667e+00 1.7971570620e+00
-6.3636363636e-01 -1.6060606061e+00 1.8585274411e+00
-6.3636363636e-01 -1.5454545455e+00 1.9239962409e+00
-6.3636363636e-01 -1.4848484848e+00 1.9939592063e+00
-6.3636363636e-01 -1.4242424242e+00 2.0688597848e+00
-6.3636363636e-01 -1.3636363636e+00 2.1491953964e+00
-6.3636363636e-01 -1.3030303030e+00 2.2355243635e+00
-6.3636363636e-01 -1.2424242424e+00 2.3284734290e+00
-6.3636363636e-01 -1.1818181818e+00 2.4287456753e+00
-6.3636363636e-01 -1.1212121212e+00 2.5371284680e+00
-6.3636363636e-01 -1.0606060606e+00 2.6545007407e+00
-6.3636363636e-01 -1.0000000000e+00 2.7818384396e+00
-6.3636363636e-01 -9.3939393939e-01 2.9202161602e+00
-6.3636363636e-01 -8.7878787879e-01 3.0708017670e+00
-6.3636363636e-01 -8.1818181818e-01 3.2348388575e+00
-6.3636363636e-01 -7.5757575758e-01 3.4136089767e+00
-6.3636363636e-01 -6.9696969697e-01 3.6083610434e+00
-6.3636363636e-01 -6.3636363636e-01 3.8201889860e+00
-6.3636363636e-01 -5.7575757576e-01 4.0498296838e+00
-6.3636363636e-01 -5.1515151515e-01 4.2973422687e+00
-6.3636363636e-01 -4.5454545455e-01 4.5616192505e+00
-6.3636363636e-01 -3.9393939394e-01 4.8396782168e+00
-6.3636363636e-01 -3.3333333333e-01 5.1257111267e+00
-6.3636363636e-01 -2.7272727273e-01 5.4099696083e+00
-6.3636363636e-01 -2.1212121212e-01 5.6778035199e+00
-6.3636363636e-01 -1.5151515152e-01 5.9095755670e+00
-6.3636363636e-01 -9.0909090909e-02 6.0825536823e+00
-6.3636363636e-01 -3.0303030303e-02 6.1755804557e+00
-6.3636363636e-01 3.0303030303e-02 6.1755804557e+00
-6.3636363636e-01 9.0909090909e-02 6.0825536823e+00
-6.3636363636e-01 1.5151515152e-01 5.9095755670e+00
-6.3636363636e-01 2.1212121212e-01 5.6778035199e+00
-6.3636363636e-01 2.7272727273e-01 5.4099696083e+00
-6.3636363636e-01 3.3333333333e-01 5.1257111267e+00
-6.3636363636e-01 3.9393939394e-01 4.8396782168e+00
-6.3636363636e-01 4.5454545455e-01 4.5616192505e+00
-6.3636363636e-01 5.1515151515e-01 4.2973422687e+00
-6.3636363636e-01 5.7575757576e-01 4.0498296838e+00
-6.3636363636e-01 6.3636363636e-01 3.8201889860e+00
-6.3636363636e-01 6.9696969697e-01 3.6083610434e+00
-6.3636363636e-01 7.5757575758e-01 3.4136089767e+00
-6.3636363636e-01 8.1818181818e-01 3.2348388575e+00
-6.3636363636e-01 8.7878787879e-01 3.0708017670e+00
-6.3636363636e-01 9.3939393939e-01 2.9202161602e+00
-6.3636363636e-01 1.0000000000e+00 2.7818384396e+00
-6.3636363636e-01 1.0606060606e+00 2.6545007407e+00
-6.3636363636e-01 1.1212121212e+00 2.5371284680e+00
-6.3636363636e-01 1.1818181818e+00 2.4287456753e+00
-6.3636363636e-01 1.2424242424e+00 2.3284734290e+00
-6.3636363636e-01 1.3030303030e+00 2.2355243635e+00
-6.3636363636e-01 1.3636363636e+00 2.1491953964e+00
-6.3636363636e-01 1.4242424242e+00 2.0688597848e+00
-6.3636363636e-01 1.4848484848e+00 1.9939592063e+00
-6.3636363636e-01 1.5454545455e+00 1.9239962409e+00
-6.3636363636e-01 1.6060606061e+00 1.8585274411e+00
-6.3636363636e-01 1.6666666667e+00 1.7971570620e+00
-6.3636363636e-01 1.7272727273e+00 1.7395314595e+00
-6.3636363636e-01 1.7878787879e+00 1.6853341262e+00
-6.3636363636e-01 1.8484848485e+00 1.6342813165e+00
-6.3636363636e-01 1.9090909091e+00 1.5861182046e+00
-6.3636363636e-01 1.9696969697e+00 1.5406155172e+00
-6.3636363636e-01 2.0303030303e+00 1.4975665872e+00
-6.3636363636e-01 2.0909090909e+00 1.4567847743e+00
-6.3636363636e-01 2.1515151515e+00 1.4181012082e+00
-6.3636363636e-01 2.2121212121e+00 1.3813628128e+00
-6.3636363636e-01 2.2727272727e+00 1.3464305736e+00
-6.3636363636e-01 2.3333333333e+00 1.3131780177e+00
-6.3636363636e-01 2.3939393939e+00 1.2814898787e+00
-6.3636363636e-01 2.4545454545e+00 1.2512609206e+00
-6.3636363636e-01 2.5151515152e+00 1.2223949025e+00
-6.3636363636e-01 2.5757575758e+00 1.1948036637e+00
-6.3636363636e-01 2.6363636364e+00 1.1684063157e+00
-6.3636363636e-01 2.6969696970e+00 1.1431285252e+00
-6.3636363636e-01 2.7575757576e+00 1.1189018786e+00
-6.3636363636e-01 2.8181818182e+00 1.0956633175e+00
-6.3636363636e-01 2.8787878788e+00 1.0733546352e+00
-6.3636363636e-01 2.9393939394e+00 1.0519220282e+00
-6.3636363636e-01 3.0000000000e+00 1.0313156954e+00

-5.7575757576e-01 -3.0000000000e+00 1.0354227007e+00
-5.7575757576e-01 -2.9393939394e+00 1.0562812440e+00
-5.7575757576e-01 -2.8787878788e+00 1.0779869862e+00
-5.7575757576e-01 -2.8181818182e+00 1.1005919272e+00
-5.7575757576e-01 -2.7575757576e+00 1.1241523496e+00
-5.7575757576e-01 -2.6969696970e+00 1.1487292629e+00
-5.7575757576e-01 -2.6363636364e+00 1.1743889009e+00
-5.7575757576e-01 -2.5757575758e+00 1.2012032841e+00
-5.7575757576e-01 -2.5151515152e+00 1.2292508537e+00
-5.7575757576e-01 -2.4545454545e+00 1.2586171895e+00
-5.7575757576e-01 -2.3939393939e+00 1.2893958238e+00
-5.7575757576e-01 -2.3333333333e+00 1.3216891667e+00
-5.7575757576e-01 -2.2727272727e+00 1.3556095608e+00
-5.7575757576e-01 -2.2121212121e+00 1.3912804850e+00
-5.7575757576e-01 -2.1515151515e+00 1.4288379330e+00
-5.7575757576e-01 -2.0909090909e+00 1.4684319950e+00
-5.7575757576e-01 -2.0303030303e+00 1.5102286777e+00
-5.7575757576e-01 -1.9696969697e+00 1.5544120025e+00
-5.7575757576e-01 -1.9090909091e+00 1.6011864318e+00
-5.7575757576e-01 -1.8484848485e+00 1.6507796809e+00
-5.7575757576e-01 -1.7878787879e+00 1.7034459843e+00
-5.7575757576e-01 -1.7272727273e+00 1.7594698995e+00
-5.7575757576e-01 -1.6666666667e+00 1.8191707458e+00
-5.7575757576e-01 -1.6060606061e+00 1.8829077957e+00
-5.7575757576e-01 -1.5454545455e+00 1.9510863547e+00
-5.7575757576e-01 -1.4848484848e+00 2.0241648944e+00
-5.7575757576e-01 -1.4242424242e+00 2.1026634255e+00
-5.7575757576e-01 -1.3636363636e+00 2.1871733285e+00
-5.7575757576e-01 -1.3030303030e+00 2.2783688839e+00
-5.7575757576e-01 -1.2424242424e+00 2.3770207618e+00
-5.7575757576e-01 -1.1818181818e+00 2.4840117306e+00
-5.7575757576e-01 -1.1212121212e+00 2.6003548058e+00
-5.7575757576e-01 -1.0606060606e+00 2.7272139494e+00
-5.7575757576e-01 -1.0000000000e+00 2.8659271891e+00
-5.7575757576e-01 -9.3939393939e-01 3.0180315508e+00
-5.7575757576e-01 -8.7878787879e-01 3.1852883089e+00
-5.7575757576e-01 -8.1818181818e-01 3.3697054502e+00
-5.7575757576e-01 -7.5757575758e-01 3.5735513860e+00
-5.7575757576e-01 -6.9696969697e-01 3.7993489178e+00
-5.7575757576e-01 -6.3636363636e-01 4.0498296838e+00
-5.7575757576e-01 -5.7575757576e-01 4.3278141140e+00
-5.7575757576e-01 -5.1515151515e-01 4.6359558194e+00
-5.7575757576e-01 -4.5454545455e-01 4.9762454167e+00
-5.7575757576e-01 -3.9393939394e-01 5.3490981136e+00
-5.7575757576e-01 -3.3333333333e-01 5.7517484606e+00
-5.7575757576e-01 -2.7272727273e-01 6.1755804557e+00
-5.7575757576e-01 -2.1212121212e-01 6.6021222894e+00
-5.7575757576e-01 -1.5151515152e-01 6.9983411721e+00
-5.7575757576e-01 -9.0909090909e-02 7.3146968268e+00
-5.7575757576e-01 -3.0303030303e-02 7.4936352916e+00
-5.7575757576e-01 3.0303030303e-02 7.4936352916e+00
-5.7575757576e-01 9.0909090909e-02 7.3146968268e+00
-5.7575757576e-01 1.5151515152e-01 6.9983411721e+00
-5.7575757576e-01 2.1212121212e-01 6.6021222894e+00
-5.7575757576e-01 2.7272727273e-01 6.1755804557e+00
-5.7575757576e-01 3.3333333333e-01 5.7517484606e+00
-5.7575757576e-01 3.9393939394e-01 5.3490981136e+00
-5.7575757576e-01 4.5454545455e-01 4.9762454167e+00
-5.7575757576e-01 5.1515151515e-01 4.6359558194e+00
-5.7575757576e-01 5.7575757576e-01 4.3278141140e+00
-5.7575757576e-01 6.3636363636e-01 4.0498296838e+00
-5.7575757576e-01 6.9696969697e-01 3.7993489178e+00
-5.7575757576e-01 7.5757575758e-01 3.5735513860e+00
-5.7575757576e-01 8.1818181818e-01 3.3697054502e+00
-5.7575757576e-01 8.7878787879e-01 3.1852883089e+00
-5.7575757576e-01 9.3939393939e-01 3.0180315508e+00
-5.7575757576e-01 1.0000000000e+00 2.8659271891e+00
-5.7575757576e-01 1.0606060606e+00 2.7272139494e+00
-5.7575757576e-01 1.1212121212e+00 2.6003548058e+00
-5.7575757576e-01 1.1818181818e+00 2.4840117306e+00
-5.7575757576e-01 1.2424242424e+00 2.3770207618e+00
-5.7575757576e-01 1.3030303030e+00 2.2783688839e+00
-5.7575757576e-01 1.3636363636e+00 2.1871733285e+00
-5.7575757576e-01 1.4242424242e+00 2.1026634255e+00
-5.7575757576e-01 1.4848484848e+00 2.0241648944e+00
-5.7575757576e-01 1.5454545455e+00 1.9510863547e+00
-5.7575757576e-01 1.6060606061e+00 1.8829077957e+00
-5.7575757576e-01 1.6666666667e+00 1.8191707458e+00
-5.7575757576e-01 1.7272727273e+00 1.7594698995e+00
-5.7575757576e-01 1.7878787879e+00 1.7034459843e+00
-5.7575757576e-01 1.8484848485e+00 1.6507796809e+00
-5.7575757576e-01 1.9090909091e+00 1.6011864318e+00
-5.7575757576e-01 1.9696969697e+00 1.5544120025e+00
-5.7575757576e-01 2.0303030303e+00 1.5102286777e+00
-5.7575757576e-01 2.0909090909e+00 1.4684319950e+00
-5.7575757576e-01 2.1515151515e+00 1.4288379330e+00
-5.7575757576e-01 2.2121212121e+00 1.3912804850e+00
-5.7575757576e-01 2.2727272727e+00 1.3556095608e+00
-5.7575757576e-01 2.3333333333e+00 1.3216891667e+00
-5.7575757576e-01 2.3939393939e+00 1.2893958238e+00
-5.7575757576e-01 2.4545454545e+00 1.2586171895e+00
-5.7575757576e-01 2.5151515152e+00 1.2292508537e+00
-5.7575757576e-01 2.5757575758e+00 1.2012032841e+00
-5.7575757576e-01 2.6363636364e+00 1.1743889009e+00
-5.7575757576e-01 2.6969696970e+00 1.1487292629e+00
-5.7575757576e-01 2.7575757576e+00 1.1241523496e+00
-5.7575757576e-01 2.8181818182e+00 1.1005919272e+00
-5.7575757576e-01 2.8787878788e+00 1.0779869862e+00
-5.7575757576e-01 2.9393939394e+00 1.0562812440e+00
-5.7575757576e-01 3.0000000000e+00 1.0354227007e+00

-5.1515151515e-01 -3.0000000000e+00 1.0391612694e+00
-5.1515151515e-01 -2.9393939394e+00 1.0602512339e+00
-5.1515151515e-01 -2.8787878788e+00 1.0822077968e+00
-5.1515151515e-01 -2.8181818182e+00 1.1050850226e+00
-5.1515151515e-01 -2.7575757576e+00 1.1289415268e+00
-5.1515151515e-01 -2.6969696970e+00 1.1538409605e+00
-5.1515151515e-01 -2.6363636364e+00 1.1798525572e+00
-5.1515151515e-01 -2.5757575758e+00 1.2070517520e+00
-5.1515151515e-01 -2.5151515152e+00 1.2355208840e+00
-5.1515151515e-01 -2.4545454545e+00 1.2653499952e+00
-5.1515151515e-01 -2.3939393939e+00 1.2966377412e+00
-5.1515151515e-01 -2.3333333333e+00 1.3294924334e+00
-5.1515151515e-01 -2.2727272727e+00 1.3640332332e+00
-5.1515151515e-01 -2.2121212121e+00 1.4003915254e+00
-5.1515151515e-01 -2.1515151515e+00 1.4387125024e+00
-5.1515151515e-01 -2.0909090909e+00 1.4791569974e+00
-5.1515151515e-01 -2.0303030303e+00 1.5219036117e+00
-5.1515151515e-01 -1.9696969697e+00 1.5671511925e+00
-5.1515151515e-01 -1.9090909091e+00 1.6151217288e+00
-5.1515151515e-01 -1.8484848485e+00 1.6660637478e+00
-5.1515151515e-01 -1.7878787879e+00 1.7202563133e+00
-5.1515151515e-01 -1.7272727273e+00 1.7780137514e+00
-5.1515151515e-01 -1.6666666667e+00 1.8396912573e+00
-5.1515151515e-01 -1.6060606061e+00 1.9056915759e+00
-5.1515151515e-01 -1.5454545455e+00 1.9764729944e+00
-5.1515151515e-01 -1.4848484848e+00 2.0525589479e+00
-5.1515151515e-01 -1.4242424242e+00 2.1345496137e+00
-5.1515151515e-01 -1.3636363636e+00 2.2231359702e+00
-5.1515151515e-01 -1.3030303030e+00 2.3191169241e+00
-5.1515151515e-01 -1.2424242424e+00 2.4234202710e+00
-5.1515151515e-01 -1.1818181818e+00 2.5371284680e+00
-5.1515151515e-01 -1.1212121212e+00 2.6615104662e+00
-5.1515151515e-01 -1.0606060606e+00 2.7980612015e+00
-5.1515151515e-01 -1.0000000000e+00 2.9485507899e+00
-5.1515151515e-01 -9.3939393939e-01 3.1150860380e+00
-5.1515151515e-01 -8.7878787879e-01 3.3001875970e+00
-5.1515151515e-01 -8.1818181818e-01 3.5068869622e+00
-5.1515151515e-01 -7.5757575758e-01 3.7388485762e+00
-5.1515151515e-01 -6.9696969697e-01 4.0005234884e+00
-5.1515151515e-01 -6.3636363636e-01 4.2973422687e+00
-5.1515151515e-01 -5.7575757576e-01 4.6359558194e+00
-5.1515151515e-01 -5.1515151515e-01 5.0245323670e+00
-5.1515151515e-01 -4.5454545455e-01 5.4731136923e+00
-5.1515151515e-01 -3.9393939394e-01 5.9940103527e+00
-5.1515151515e-01 -3.3333333333e-01 6.6021222894e+00
-5.1515151515e-01 -2.7272727273e-01 7.3146968268e+00
-5.1515151515e-01 -2.1212121212e-01 8.1485048951e+00
-5.1515151515e-01 -1.5151515152e-01 9.1061385890e+00
-5.1515151515e-01 -9.0909090909e-02 1.0120314428e+01
-5.1515151515e-01 -3.0303030303e-02 1.0895289667e+01
-5.1515151515e-01 3.0303030303e-02 1.0895289667e+01
-5.1515151515e-01 9.0909090909e-02 1.0120314428e+01
-5.1515151515e-01 1.5151515152e-01 9.1061385890e+00
-5.1515151515e-01 2.1212121212e-01 8.1485048951e+00
-5.1515151515e-01 2.7272727273e-01 7.3146968268e+00
-5.1515151515e-01 3.3333333333e-01 6.6021222894e+00
-5.1515151515e-01 3.9393939394e-01 5.9940103527e+00
-5.1515151515e-01 4.5454545455e-01 5.4731136923e+00
-5.1515151515e-01 5.1515151515e-01 5.0245323670e+00
-5.1515151515e-01 5.7575757576e-01 4.6359558194e+00
-5.1515151515e-01 6.3636363636e-01 4.2973422687e+00
-5.1515151515e-01 6.9696969697e-01 4.0005234884e+00
-5.1515151515e-01 7.5757575758e-01 3.7388485762e+00
-5.1515151515e-01 8.1818181818e-01 3.5068869622e+00
-5.1515151515e-01 8.7878787879e-01 3.3001875970e+00
-5.1515151515e-01 9.3939393939e-01 3.1150860380e+00
-5.1515151515e-01 1.0000000000e+00 2.9485507899e+00
-5.1515151515e-01 1.0606060606e+00 2.7980612015e+00
-5.1515151515e-01 1.1212121212e+00 2.6615104662e+00
-5.1515151515e-01 1.1818181818e+00 2.5371284680e+00
-5.1515151515e-01 1.2424242424e+00 2.4234202710e+00
-5.1515151515e-01 1.3030303030e+00 2.3191169241e+00
-5.1515151515e-01 1.3636363636e+00 2.2231359702e+00
-5.1515151515e-01 1.4242424242e+00 2.1345496137e+00
-5.1515151515e-01 1.4848484848e+00 2.0525589479e+00
-5.1515151515e-01 1.5454545455e+00 1.9764729944e+00
-5.1515151515e-01 1.6060606061e+00 1.9056915759e+00
-5.1515151515e-01 1.6666666667e+00 1.8396912573e+00
-5.1515151515e-01 1.7272727273e+00 1.7780137514e+00
-5.1515151515e-01 1.7878787879e+00 1.7202563133e+00
-5.1515151515e-01 1.8484848485e+00 1.6660637478e+00
-5.1515151515e-01 1.9090909091e+00 1.6151217288e+00
-5.1515151515e-01 1.9696969697e+00 1.5671511925e+00
-5.1515151515e-01 2.0303030303e+00 1.5219036117e+00
-5.1515151515e-01 2.0909090909e+00 1.4791569974e+00
-5.1515151515e-01 2.1515151515e+00 1.4387125024e+00
-5.1515151515e-01 2.2121212121e+00 1.4003915254e+00
-5.1515151515e-01 2.2727272727e+00 1.3640332332e+00
-5.1515151515e-01 2.3333333333e+00 1.3294924334e+00
-5.1515151515e-01 2.3939393939e+00 1.2966377412e+00
-5.1515151515e-01 2.4545454545e+00 1.2653499952e+00
-5.1515151515e-01 2.5151515152e+00 1.2355208840e+00
-5.1515151515e-01 2.5757575758e+00 1.2070517520e+00
-5.1515151515e-01 2.6363636364e+00 1.1798525572e+00
-5.1515151515e-01 2.6969696970e+00 1.1538409605e+00
-5.1515151515e-01 2.7575757576e+00 1.1289415268e+00
-5.1515151515e-01 2.8181818182e+00 1.1050850226e+00
-5.1515151515e-01 2.8787878788e+00 1.0822077968e+00
-5.1515151515e-01 2.9393939394e+00 1.0602512339e+00
-5.1515151515e-01 3.0000000000e+00 1.0391612694e+00

-4.5454545455e-01 -3.0000000000e+00 1.0425186659e+00
-4.5454545455e-01 -2.9393939394e+00 1.0638179548e+00
-4.5454545455e-01 -2.8787878788e+00 1.0860015531e+00
-4.5454545455e-01 -2.8181818182e+00 1.1091254323e+00
-4.5454545455e-01 -2.7575757576e+00 1.1332503661e+00
-4.5454545455e-01 -2.6969696970e+00 1.1584424537e+00
-4.5454545455e-01 -2.6363636364e+00 1.1847737137e+00
-4.5454545455e-01 -2.5757575758e+00 1.2123227577e+00
-4.5454545455e-01 -2.5151515152e+00 1.2411755585e+00
-4.5454545455e-01 -2.4545454545e+00 1.2714263275e+00
-4.5454545455e-01 -2.3939393939e+00 1.3031785193e+00
-4.5454545455e-01 -2.3333333333e+00 1.3365459871e+00
-4.5454545455e-01 -2.2727272727e+00 1.3716543137e+00
-4.5454545455e-01 -2.2121212121e+00 1.4086423518e+00
-4.5454545455e-01 -2.1515151515e+00 1.4476640118e+00
-4.5454545455e-01 -2.0909090909e+00 1.4888903440e+00
-4.5454545455e-01 -2.0303030303e+00 1.5325119745e+00
-4.5454545455e-01 -1.9696969697e+00 1.5787419647e+00
-4.5454545455e-01 -1.9090909091e+00 1.6278191845e+00
-4.5454545455e-01 -1.8484848485e+00 1.6800123062e+00
-4.5454545455e-01 -1.7878787879e+00 1.7356245597e+00
-4.5454545455e-01 -1.7272727273e+00 1.7949994190e+00
-4.5454545455e-01 -1.6666666667e+00 1.8585274411e+00
-4.5454545455e-01 -1.6060606061e+00 1.9266545362e+00
-4.5454545455e-01 -1.5454545455e+00 1.9998920290e+00
-4.5454545455e-01 -1.4848484848e+00 2.0788289801e+00
-4.5454545455e-01 -1.4242424242e+00 2.1641473769e+00
-4.5454545455e-01 -1.3636363636e+00 2.2566410055e+00
-4.5454545455e-01 -1.3030303030e+00 2.3572390860e+00
-4.5454545455e-01 -1.2424242424e+00 2.4670361348e+00
-4.5454545455e-01 -1.1818181818e+00 2.5873300687e+00
-4.5454545455e-01 -1.1212121212e+00 2.7196713543e+00
-4.5454545455e-01 -1.0606060606e+00 2.8659271891e+00
-4.5454545455e-01 -1.0000000000e+00 3.0283664959e+00
-4.5454545455e-01 -9.3939393939e-01 3.2097743396e+00
-4.5454545455e-01 -8.7878787879e-01 3.4136089767e+00
-4.5454545455e-01 -8.1818181818e-01 3.6442225906e+00
-4.5454545455e-01 -7.5757575758e-01 3.9071808105e+00
-4.5454545455e-01 -6.9696969697e-01 4.2097428898e+00
-4.5454545455e-01 -6.3636363636e-01 4.5616192505e+00
-4.5454545455e-01 -5.7575757576e-01 4.9762454167e+00
-4.5454545455e-01 -5.1515151515e-01 5.4731136923e+00
-4.5454545455e-01 -4.5454545455e-01 6.0825536823e+00
-4.5454545455e-01 -3.9393939394e-01 6.8571885998e+00
-4.5454545455e-01 -3.3333333333e-01 7.9065025461e+00
-4.5454545455e-01 -2.7272727273e-01 9.5534712045e+00
-4.5454545455e-01 -2.1212121212e-01 1.5660495638e+01
-4.5454545455e-01 -1.5151515152e-01 1.0693691108e+01
-4.5454545455e-01 -9.0909090909e-02 9.6771785710e+00
-4.5454545455e-01 -3.0303030303e-02 9.3269231716e+00
-4.5454545455e-01 3.0303030303e-02 9.3269231716e+00
-4.5454545455e-01 9.0909090909e-02 9.6771785710e+00
-4.5454545455e-01 1.5151515152e-01 1.0693691108e+01
-4.5454545455e-01 2.1212121212e-01 1.5660495638e+01
-4.5454545455e-01 2.7272727273e-01 9.5534712045e+00
-4.5454545455e-01 3.3333333333e-01 7.9065025461e+00
-4.5454545455e-01 3.9393939394e-01 6.8571885998e+00
-4.5454545455e-01 4.5454545455e-01 6.0825536823e+00
-4.5454545455e-01 5.1515151515e-01 5.4731136923e+00
-4.5454545455e-01 5.7575757576e-01 4.9762454167e+00
-4.5454545455e-01 6.3636363636e-01 4.5616192505e+00
-4.5454545455e-01 6.9696969697e-01 4.2097428898e+00
-4.5454545455e-01 7.5757575758e-01 3.9071808105e+00
-4.5454545455e-01 8.1818181818e-01 3.6442225906e+00
-4.5454545455e-01 8.7878787879e-01 3.4136089767e+00
-4.5454545455e-01 9.3939393939e-01 3.2097743396e+00
-4.5454545455e-01 1.0000000000e+00 3.0283664959e+00
-4.5454545455e-01 1.0606060606e+00 2.8659271891e+00
-4.5454545455e-01 1.1212121212e+00 2.7196713543e+00
-4.5454545455e-01 1.1818181818e+00 2.5873300687e+00
-4.5454545455e-01 1.2424242424e+00 2.4670361348e+00
-4.5454545455e-01 1.3030303030e+00 2.3572390860e+00
-4.5454545455e-01 1.3636363636e+00 2.2566410055e+00
-4.5454545455e-01 1.4242424242e+00 2.1641473769e+00
-4.5454545455e-01 1.4848484848e+00 2.0788289801e+00
-4.5454545455e-01 1.5454545455e+00 1.9998920290e+00
-4.5454545455e-01 1.6060606061e+00 1.9266545362e+00
-4.5454545455e-01 1.6666666667e+00 1.8585274411e+00
-4.5454545455e-01 1.7272727273e+00 1.7949994190e+00
-4.5454545455e-01 1.7878787879e+00 1.7356245597e+00
-4.5454545455e-01 1.8484848485e+00 1.6800123062e+00
-4.5454545455e-01 1.9090909091e+00 1.6278191845e+00
-4.5454545455e-01 1.9696969697e+00 1.5787419647e+00
-4.5454545455e-01 2.0303030303e+00 1.5325119745e+00
-4.5454545455e-01 2.0909090909e+00 1.4888903440e+00
-4.5454545455e-01 2.1515151515e+00 1.4476640118e+00
-4.5454545455e-01 2.2121212121e+00 1.4086423518e+00
-4.5454545455e-01 2.2727272727e+00 1.3716543137e+00
-4.5454545455e-01 2.3333333333e+00 1.3365459871e+00
-4.5454545455e-01 2.3939393939e+00 1.3031785193e+00
-4.5454545455e-01 2.4545454545e+00 1.2714263275e+00
-4.5454545455e-01 2.5151515152e+00 1.2411755585e+00
-4.5454545455e-01 2.5757575758e+00 1.2123227577e+00
-4.5454545455e-01 2.6363636364e+00 1.1847737137e+00
-4.5454545455e-01 2.6969696970e+00 1.1584424537e+00
-4.5454545455e-01 2.7575757576e+00 1.1332503661e+00
-4.5454545455e-01 2.8181818182e+00 1.1091254323e+00
-4.5454545455e-01 2.8787878788e+00 1.0860015531e+00
-4.5454545455e-01 2.9393939394e+00 1.0638179548e+00
-4.5454545455e-01 3.0000000000e+00 1.0425186659e+00

-3.9393939394e-01 -3.0000000000e+00 1.0454832404e+00
-3.9393939394e-01 -2.9393939394e+00 1.0669685455e+00
-3.9393939394e-01 -2.8787878788e+00 1.0893540292e+00
-3.9393939394e-01 -2.8181818182e+00 1.1126973894e+00
-3.9393939394e-01 -2.7575757576e+00 1.1370613562e+00
-3.9393939394e-01 -2.6969696970e+00 1.1625142519e+00
-3.9393939394e-01 -2.6363636364e+00 1.1891306277e+00
-3.9393939394e-01 -2.5757575758e+00 1.2169919895e+00
-3.9393939394e-01 -2.5151515152e+00 1.2461876270e+00
-3.9393939394e-01 -2.4545454545e+00 1.2768155651e+00
-3.9393939394e-01 -2.3939393939e+00 1.3089836574e+00
-3.9393939394e-01 -2.3333333333e+00 1.3428108487e+00
-3.9393939394e-01 -2.2727272727e+00 1.3784286368e+00
-3.9393939394e-01 -2.2121212121e+00 1.4159827721e+00
-3.9393939394e-01 -2.1515151515e+00 1.4556352405e+00
-3.9393939394e-01 -2.0909090909e+00 1.4975665872e+00
-3.9393939394e-01 -2.0303030303e+00 1.5419786516e+00
-3.9393939394e-01 -1.9696969697e+00 1.5890978005e+00
-3.9393939394e-01 -1.9090909091e+00 1.6391787696e+00
-3.9393939394e-01 -1.8484848485e+00 1.6925092516e+00
-3.9393939394e-01 -1.7878787879e+00 1.7494154054e+00
-3.9393939394e-01 -1.7272727273e+00 1.8102685122e+00
-3.9393939394e-01 -1.6666666667e+00 1.8754930674e+00
-3.9393939394e-01 -1.6060606061e+00 1.9455766858e+00
-3.9393939394e-01 -1.5454545455e+00 2.0210823160e+00
-3.9393939394e-01 -1.4848484848e+00 2.1026634255e+00
-3.9393939394e-01 -1.4242424242e+00 2.1910830416e+00
-3.9393939394e-01 -1.3636363636e+00 2.2872378622e+00
-3.9393939394e-01 -1.3030303030e+00 2.3921891074e+00
-3.9393939394e-01 -1.2424242424e+00 2.5072024714e+00
-3.9393939394e-01 -1.1818181818e+00 2.6338005465e+00
-3.9393939394e-01 -1.1212121212e+00 2.7738326616e+00
-3.9393939394e-01 -1.0606060606e+00 2.9295695454e+00
-3.9393939394e-01 -1.0000000000e+00 3.1038342503e+00
-3.9393939394e-01 -9.3939393939e-01 3.3001875970e+00
-3.9393939394e-01 -8.7878787879e-01 3.5231984599e+00
-3.9393939394e-01 -8.1818181818e-01 3.7788517279e+00
-3.9393939394e-01 -7.5757575758e-01 4.0751914571e+00
-3.9393939394e-01 -6.9696969697e-01 4.4233924313e+00
-3.9393939394e-01 -6.3636363636e-01 4.8396782168e+00
-3.9393939394e-01 -5.7575757576e-01 5.3490981136e+00
-3.9393939394e-01 -5.1515151515e-01 5.9940103527e+00
-3.9393939394e-01 -4.5454545455e-01 6.8571885998e+00
-3.9393939394e-01 -3.9393939394e-01 8.1485048951e+00
-3.9393939394e-01 -3.3333333333e-01 1.0895289667e+01
-3.9393939394e-01 -2.7272727273e-01 1.0693691108e+01
-3.9393939394e-01 -2.1212121212e-01 9.0355106404e+00
-3.9393939394e-01 -1.5151515152e-01 8.3773440066e+00
-3.9393939394e-01 -9.0909090909e-02 8.0495369870e+00
-3.9393939394e-01 -3.0303030303e-02 7.9074831802e+00
-3.9393939394e-01 3.0303030303e-02 7.9074831802e+00
-3.9393939394e-01 9.0909090909e-02 8.0495369870e+00
-3.9393939394e-01 1.5151515152e-01 8.3773440066e+00
-3.9393939394e-01 2.1212121212e-01 9.0355106404e+00
-3.9393939394e-01 2.7272727273e-01 1.0693691108e+01
-3.9393939394e-01 3.3333333333e-01 1.0895289667e+01
-3.9393939394e-01 3.9393939394e-01 8.1485048951e+00
-3.9393939394e-01 4.5454545455e-01 6.8571885998e+00
-3.9393939394e-01 5.1515151515e-01 5.9940103527e+00
-3.9393939394e-01 5.7575757576e-01 5.3490981136e+00
-3.9393939394e-01 6.3636363636e-01 4.8396782168e+00
-3.9393939394e-01 6.9696969697e-01 4.4233924313e+00
-3.9393939394e-01 7.5757575758e-01 4.0751914571e+00
-3.9393939394e-01 8.1818181818e-01 3.7788517279e+00
-3.9393939394e-01 8.7878787879e-01 3.5231984599e+00
-3.9393939394e-01 9.3939393939e-01 3.3001875970e+00
-3.9393939394e-01 1.0000000000e+00 3.1038342503e+00
-3.9393939394e-01 1.0606060606e+00 2.9295695454e+00
-3.9393939394e-01 1.1212121212e+00 2.7738326616e+00
-3.9393939394e-01 1.1818181818e+00 2.6338005465e+00
-3.9393939394e-01 1.2424242424e+00 2.5072024714e+00
-3.9393939394e-01 1.3030303030e+00 2.3921891074e+00
-3.9393939394e-01 1.3636363636e+00 2.2872378622e+00
-3.9393939394e-01 1.4242424242e+00 2.1910830416e+00
-3.9393939394e-01 1.4848484848e+00 2.1026634255e+00
-3.9393939394e-01 1.5454545455e+00 2.0210823160e+00
-3.9393939394e-01 1.6060606061e+00 1.9455766858e+00
-3.9393939394e-01 1.6666666667e+00 1.8754930674e+00
-3.9393939394e-01 1.7272727273e+00 1.8102685122e+00
-3.9393939394e-01 1.7878787879e+00 1.7494154054e+00
-3.9393939394e-01 1.8484848485e+00 1.6925092516e+00
-3.9393939394e-01 1.9090909091e+00 1.6391787696e+00
-3.9393939394e-01 1.9696969697e+00 1.5890978005e+00
-3.9393939394e-01 2.0303030303e+00 1.5419786516e+00
-3.9393939394e-01 2.0909090909e+00 1.4975665872e+00
-3.9393939394e-01 2.1515151515e+00 1.4556352405e+00
-3.9393939394e-01 2.2121212121e+00 1.4159827721e+00
-3.9393939394e-01 2.2727272727e+00 1.3784286368e+00
-3.9393939394e-01 2.3333333333e+00 1.3428108487e+00
-3.9393939394e-01 2.3939393939e+00 1.3089836574e+00
-3.9393939394e-01 2.4545454545e+00 1.2768155651e+00
-3.9393939394e-01 2.5151515152e+00 1.2461876270e+00
-3.9393939394e-01 2.5757575758e+00 1.2169919895e+00
-3.9393939394e-01 2.6363636364e+00 1.1891306277e+00
-3.9393939394e-01 2.6969696970e+00 1.1625142519e+00
-3.9393939394e-01 2.7575757576e+00 1.1370613562e+00
-3.9393939394e-01 2.8181818182e+00 1.1126973894e+00
-3.9393939394e-01 2.8787878788e+00 1.0893540292e+00
-3.9393939394e-01 2.9393939394e+00 1.0669685455e+00
-3.9393939394e-01 3.0000000000e+00 1.0454832404e+00

-3.3333333333e-01 -3.0000000000e+00 1.0480445370e+00
-3.3333333333e-01 -2.9393939394e+00 1.0696914506e+00
-3.3333333333e-01 -2.8787878788e+00 1.0922524291e+00
-3.3333333333e-01 -2.8181818182e+00 1.1157866947e+00
-3.3333333333e-01 -2.7575757576e+00 1.1403587070e+00
-3.3333333333e-01 -2.6969696970e+00 1.1660387560e+00
-3.3333333333e-01 -2.6363636364e+00 1.1929036383e+00
-3.3333333333e-01 -2.5757575758e+00 1.2210374293e+00
-3.3333333333e-01 -2.5151515152e+00 1.2505323686e+00
-3.3333333333e-01 -2.4545454545e+00 1.2814898787e+00
-3.3333333333e-01 -2.3939393939e+00 1.3140217397e+00
-3.3333333333e-01 -2.3333333333e+00 1.3482514507e+00
-3.3333333333e-01 -2.2727272727e+00 1.3843158118e+00
-3.3333333333e-01 -2.2121212121e+00 1.4223667714e+00
-3.3333333333e-01 -2.1515151515e+00 1.4625735907e+00
-3.3333333333e-01 -2.0909090909e+00 1.5051253930e+00
-3.3333333333e-01 -2.0303030303e+00 1.5502341791e+00
-3.3333333333e-01 -1.9696969697e+00 1.5981384130e+00
-3.3333333333e-01 -1.9090909091e+00 1.6491073088e+00
-3.3333333333e-01 -1.8484848485e+00 1.7034459843e+00
-3.3333333333e-01 -1.7878787879e+00 1.7615016975e+00
-3.3333333333e-01 -1.7272727273e+00 1.8236714407e+00
-3.3333333333e-01 -1.6666666667e+00 1.8904112575e+00
-3.3333333333e-01 -1.6060606061e+00 1.9622477599e+00
-3.3333333333e-01 -1.5454545455e+00 2.0397924895e+00
-3.3333333333e-01 -1.4848484848e+00 2.1237599883e+00
-3.3333333333e-01 -1.4242424242e+00 2.2149907720e+00
-3.3333333333e-01 -1.3636363636e+00 2.3144808682e+00
-3.3333333333e-01 -1.3030303030e+00 2.4234202710e+00
-3.3333333333e-01 -1.2424242424e+00 2.5432437200e+00
-3.3333333333e-01 -1.1818181818e+00 2.6756988286e+00
-3.3333333333e-01 -1.1212121212e+00 2.8229391776e+00
-3.3333333333e-01 -1.0606060606e+00 2.9876542419e+00
-3.3333333333e-01 -1.0000000000e+00 3.1732552770e+00
-3.3333333333e-01 -9.3939393939e-01 3.3841492282e+00
-3.3333333333e-01 -8.7878787879e-01 3.6261569967e+00
-3.3333333333e-01 -8.1818181818e-01 3.9071808105e+00
-3.3333333333e-01 -7.5757575758e-01 4.2383295013e+00
-3.3333333333e-01 -6.9696969697e-01 4.6359558194e+00
-3.3333333333e-01 -6.3636363636e-01 5.1257111267e+00
-3.3333333333e-01 -5.7575757576e-01 5.7517484606e+00
-3.3333333333e-01 -5.1515151515e-01 6.6021222894e+00
-3.3333333333e-01 -4.5454545455e-01 7.9065025461e+00
-3.3333333333e-01 -3.9393939394e-01 1.0895289667e+01
-3.3333333333e-01 -3.3333333333e-01 1.0114502129e+01
-3.3333333333e-01 -2.7272727273e-01 8.5694418854e+00
-3.3333333333e-01 -2.1212121212e-01 7.9074831802e+00
-3.3333333333e-01 -1.5151515152e-01 7.5443539014e+00
-3.3333333333e-01 -9.0909090909e-02 7.3418782048e+00
-3.3333333333e-01 -3.0303030303e-02 7.2498000219e+00
-3.3333333333e-01 3.0303030303e-02 7.2498000219e+00
-3.3333333333e-01 9.0909090909e-02 7.3418782048e+00
-3.3333333333e-01 1.5151515152e-01 7.5443539014e+00
-3.3333333333e-01 2.1212121212e-01 7.9074831802e+00
-3.3333333333e-01 2.7272727273e-01 8.5694418854e+00
-3.3333333333e-01 3.3333333333e-01 1.0114502129e+01
-3.3333333333e-01 3.9393939394e-01 1.0895289667e+01
-3.3333333333e-01 4.5454545455e-01 7.9065025461e+00
-3.3333333333e-01 5.1515151515e-01 6.6021222894e+00
-3.3333333333e-01 5.7575757576e-01 5.7517484606e+00
-3.3333333333e-01 6.3636363636e-01 5.1257111267e+00
-3.3333333333e-01 6.9696969697e-01 4.6359558194e+00
-3.3333333333e-01 7.5757575758e-01 4.2383295013e+00
-3.3333333333e-01 8.1818181818e-01 3.9071808105e+00
-3.3333333333e-01 8.7878787879e-01 3.6261569967e+00
-3.3333333333e-01 9.3939393939e-01 3.3841492282e+00
-3.3333333333e-01 1.0000000000e+00 3.1732552770e+00
-3.3333333333e-01 1.0606060606e+00 2.9876542419e+00
-3.3333333333e-01 1.1212121212e+00 2.8229391776e+00
-3.3333333333e-01 1.1818181818e+00 2.6756988286e+00
-3.3333333333e-01 1.2424242424e+00 2.5432437200e+00
-3.3333333333e-01 1.3030303030e+00 2.4234202710e+00
-3.3333333333e-01 1.3636363636e+00 2.3144808682e+00
-3.3333333333e-01 1.4242424242e+00 2.2149907720e+00
-3.3333333333e-01 1.4848484848e+00 2.1237599883e+00
-3.3333333333e-01 1.5454545455e+00 2.0397924895e+00
-3.3333333333e-01 1.6060606061e+00 1.9622477599e+00
-3.3333333333e-01 1.6666666667e+00 1.8904112575e+00
-3.3333333333e-01 1.7272727273e+00 1.8236714407e+00
-3.3333333333e-01 1.7878787879e+00 1.7615016975e+00
-3.3333333333e-01 1.8484848485e+00 1.7034459843e+00
-3.3333333333e-01 1.9090909091e+00 1.6491073088e+00
-3.3333333333e-01 1.9696969697e+00 1.5981384130e+00
-3.3333333333e-01 2.0303030303e+00 1.5502341791e+00
-3.3333333333e-01 2.0909090909e+00 1.5051253930e+00
-3.3333333333e-01 2.1515151515e+00 1.4625735907e+00
-3.3333333333e-01 2.2121212121e+00 1.4223667714e+00
-3.3333333333e-01 2.2727272727e+00 1.3843158118e+00
-3.3333333333e-01 2.3333333333e+00 1.3482514507e+00
-3.3333333333e-01 2.3939393939e+00 1.3140217397e+00
-3.3333333333e-01 2.4545454545e+00 1.2814898787e+00
-3.3333333333e-01 2.5151515152e+00 1.2505323686e+00
-3.3333333333e-01 2.5757575758e+00 1.2210374293e+00
-3.3333333333e-01 2.6363636364e+00 1.1929036383e+00
-3.3333333333e-01 2.6969696970e+00 1.1660387560e+00
-3.3333333333e-01 2.7575757576e+00 1.1403587070e+00
-3.3333333333e-01 2.8181818182e+00 1.1157866947e+00
-3.3333333333e-01 2.8787878788e+00 1.0922524291e+00
-3.3333333333e-01 2.9393939394e+00 1.0696914506e+00
-3.3333333333e-01 3.0000000000e+00 1.0480445370e+00

-2.7272727273e-01 -3.0000000000e+00 1.0501933931e+00
-2.7272727273e-01 -2.9393939394e+00 1.0719765347e+00
-2.7272727273e-01 -2.8787878788e+00 1.0946855184e+00
-2.7272727273e-01 -2.8181818182e+00 1.1183808688e+00
-2.7272727273e-01 -2.7575757576e+00 1.1431285252e+00
-2.7272727273e-01 -2.6969696970e+00 1.1690004628e+00
-2.7272727273e-01 -2.6363636364e+00 1.1960754037e+00
-2.7272727273e-01 -2.5757575758e+00 1.2244396295e+00
-2.7272727273e-01 -2.5151515152e+00 1.2541879166e+00
-2.7272727273e-01 -2.4545454545e+00 1.2854246132e+00
-2.7272727273e-01 -2.3939393939e+00 1.3182648863e+00
-2.7272727273e-01 -2.3333333333e+00 1.3528361705e+00
-2.7272727273e-01 -2.2727272727e+00 1.3892798563e+00
-2.7272727273e-01 -2.2121212121e+00 1.4277532689e+00
-2.7272727273e-01 -2.1515151515e+00 1.4684319950e+00
-2.7272727273e-01 -2.0909090909e+00 1.5115126338e+00
-2.7272727273e-01 -2.0303030303e+00 1.5572160654e+00
-2.7272727273e-01 -1.9696969697e+00 1.6057913548e+00
-2.7272727273e-01 -1.9090909091e+00 1.6575204433e+00
-2.7272727273e-01 -1.8484848485e+00 1.7127238194e+00
-2.7272727273e-01 -1.7878787879e+00 1.7717674220e+00
-2.7272727273e-01 -1.7272727273e+00 1.8350711035e+00
-2.7272727273e-01 -1.6666666667e+00 1.9031190862e+00
-2.7272727273e-01 -1.6060606061e+00 1.9764729944e+00
-2.7272727273e-01 -1.5454545455e+00 2.0557882466e+00
-2.7272727273e-01 -1.4848484848e+00 2.1418348874e+00
-2.7272727273e-01 -1.4242424242e+00 2.2355243635e+00
-2.7272727273e-01 -1.3636363636e+00 2.3379443743e+00
-2.7272727273e-01 -1.3030303030e+00 2.4504048776e+00
-2.7272727273e-01 -1.2424242424e+00 2.5744997921e+00
-2.7272727273e-01 -1.1818181818e+00 2.7121912664e+00
-2.7272727273e-01 -1.1212121212e+00 2.8659271891e+00
-2.7272727273e-01 -1.0606060606e+00 3.0388090723e+00
-2.7272727273e-01 -1.0000000000e+00 3.2348388575e+00
-2.7272727273e-01 -9.3939393939e-01 3.4592943718e+00
-2.7272727273e-01 -8.7878787879e-01 3.7193248056e+00
-2.7272727273e-01 -8.1818181818e-01 4.0249453891e+00
-2.7272727273e-01 -7.5757575758e-01 4.3908123833e+00
-2.7272727273e-01 -6.9696969697e-01 4.8396782168e+00
-2.7272727273e-01 -6.3636363636e-01 5.4099696083e+00
-2.7272727273e-01 -5.7575757576e-01 6.1755804557e+00
-2.7272727273e-01 -5.1515151515e-01 7.3146968268e+00
-2.7272727273e-01 -4.5454545455e-01 9.5534712045e+00
-2.7272727273e-01 -3.9393939394e-01 1.0693691108e+01
-2.7272727273e-01 -3.3333333333e-01 8.5694418854e+00
-2.7272727273e-01 -2.7272727273e-01 7.7769841445e+00
-2.7272727273e-01 -2.1212121212e-01 7.3418782048e+00
-2.7272727273e-01 -1.5151515152e-01 7.0808144140e+00
-2.7272727273e-01 -9.0909090909e-02 6.9288804707e+00
-2.7272727273e-01 -3.0303030303e-02 6.8583531474e+00
-2.7272727273e-01 3.0303030303e-02 6.8583531474e+00
-2.7272727273e-01 9.0909090909e-02 6.9288804707e+00
-2.7272727273e-01 1.5151515152e-01 7.0808144140e+00
-2.7272727273e-01 2.1212121212e-01 7.3418782048e+00
-2.7272727273e-01 2.7272727273e-01 7.7769841445e+00
-2.7272727273e-01 3.3333333333e-01 8.5694418854e+00
-2.7272727273e-01 3.9393939394e-01 1.0693691108e+01
-2.7272727273e-01 4.5454545455e-01 9.5534712045e+00
-2.7272727273e-01 5.1515151515e-01 7.3146968268e+00
-2.7272727273e-01 5.7575757576e-01 6.1755804557e+00
-2.7272727273e-01 6.3636363636e-01 5.4099696083e+00
-2.7272727273e-01 6.9696969697e-01 4.8396782168e+00
-2.7272727273e-01 7.5757575758e-01 4.3908123833e+00
-2.7272727273e-01 8.1818181818e-01 4.0249453891e+00
-2.7272727273e-01 8.7878787879e-01 3.7193248056e+00
-2.7272727273e-01 9.3939393939e-01 3.4592943718e+00
-2.7272727273e-01 1.0000000000e+00 3.2348388575e+00
-2.7272727273e-01 1.0606060606e+00 3.0388090723e+00
-2.7272727273e-01 1.1212121212e+00 2.8659271891e+00
-2.7272727273e-01 1.1818181818e+00 2.7121912664e+00
-2.7272727273e-01 1.2424242424e+00 2.5744997921e+00
-2.7272727273e-01 1.3030303030e+00 2.4504048776e+00
-2.7272727273e-01 1.3636363636e+00 2.3379443743e+00
-2.7272727273e-01 1.4242424242e+00 2.2355243635e+00
-2.7272727273e-01 1.4848484848e+00 2.1418348874e+00
-2.7272727273e-01 1.5454545455e+00 2.0557882466e+00
-2.7272727273e-01 1.6060606061e+00 1.9764729944e+00
-2.7272727273e-01 1.6666666667e+00 1.9031190862e+00
-2.7272727273e-01 1.7272727273e+00 1.8350711035e+00
-2.7272727273e-01 1.7878787879e+00 1.7717674220e+00
-2.7272727273e-01 1.8484848485e+00 1.7127238194e+00
-2.7272727273e-01 1.9090909091e+00 1.6575204433e+00
-2.7272727273e-01 1.9696969697e+00 1.6057913548e+00
-2.7272727273e-01 2.0303030303e+00 1.5572160654e+00
-2.7272727273e-01 2.0909090909e+00 1.5115126338e+00
-2.7272727273e-01 2.1515151515e+00 1.4684319950e+00
-2.7272727273e-01 2.2121212121e+00 1.4277532689e+00
-2.7272727273e-01 2.2727272727e+00 1.3892798563e+00
-2.7272727273e-01 2.3333333333e+00 1.3528361705e+00
-2.7272727273e-01 2.3939393939e+00 1.3182648863e+00
-2.7272727273e-01 2.4545454545e+00 1.2854246132e+00
-2.7272727273e-01 2.5151515152e+00 1.2541879166e+00
-2.7272727273e-01 2.5757575758e+00 1.2244396295e+00
-2.7272727273e-01 2.6363636364e+00 1.1960754037e+00
-2.7272727273e-01 2.6969696970e+00 1.1690004628e+00
-2.7272727273e-01 2.7575757576e+00 1.1431285252e+00
-2.7272727273e-01 2.8181818182e+00 1.1183808688e+00
-2.7272727273e-01 2.8787878788e+00 1.0946855184e+00
-2.7272727273e-01 2.9393939394e+00 1.0719765347e+00
-2.7272727273e-01 3.0000000000e+00 1.0501933931e+00

-2.1212121212e-01 -3.0000000000e+00 1.0519220282e+00
-2.1212121212e-01 -2.9393939394e+00 1.0738151846e+00
-2.1212121212e-01 -2.8787878788e+00 1.0966437418e+00
-2.1212121212e-01 -2.8181818182e+00 1.1204692882e+00
-2.1212121212e-01 -2.7575757576e+00 1.1453589724e+00
-2.1212121212e-01 -2.6969696970e+00 1.1713861487e+00
-2.1212121212e-01 -2.6363636364e+00 1.1986311160e+00
-2.1212121212e-01 -2.5757575758e+00 1.2271819650e+00
-2.1212121212e-01 -2.5151515152e+00 1.2571355542e+00
-2.1212121212e-01 -2.4545454545e+00 1.2885986365e+00
-2.1212121212e-01 -2.3939393939e+00 1.3216891667e+00
-2.1212121212e-01 -2.3333333333e+00 1.3565378226e+00
-2.1212121212e-01 -2.2727272727e+00 1.3932897842e+00
-2.1212121212e-01 -2.2121212121e+00 1.4321068228e+00
-2.1212121212e-01 -2.1515151515e+00 1.4731697651e+00
-2.1212121212e-01 -2.0909090909e+00 1.5166814159e+00
-2.1212121212e-01 -2.0303030303e+00 1.5628700415e+00
-2.1212121212e-01 -1.9696969697e+00 1.6119935466e+00
-2.1212121212e-01 -1.9090909091e+00 1.6643445122e+00
-2.1212121212e-01 -1.8484848485e+00 1.7202563133e+00
-2.1212121212e-01 -1.7878787879e+00 1.7801106001e+00
-2.1212121212e-01 -1.7272727273e+00 1.8443465168e+00
-2.1212121212e-01 -1.6666666667e+00 1.9134721586e+00
-2.1212121212e-01 -1.6060606061e+00 1.9880789385e+00
-2.1212121212e-01 -1.5454545455e+00 2.0688597848e+00
-2.1212121212e-01 -1.4848484848e+00 2.1566324468e+00
-2.1212121212e-01 -1.4242424242e+00 2.2523697072e+00
-2.1212121212e-01 -1.3636363636e+00 2.3572390860e+00
-2.1212121212e-01 -1.3030303030e+00 2.4726558221e+00
-2.1212121212e-01 -1.2424242424e+00 2.6003548058e+00
-2.1212121212e-01 -1.1818181818e+00 2.7424901957e+00
-2.1212121212e-01 -1.1212121212e+00 2.9017765627e+00
-2.1212121212e-01 -1.0606060606e+00 3.0816942892e+00
-2.1212121212e-01 -1.0000000000e+00 3.2867980923e+00
-2.1212121212e-01 -9.3939393939e-01 3.5231984599e+00
-2.1212121212e-01 -8.7878787879e-01 3.7993489178e+00
-2.1212121212e-01 -8.1818181818e-01 4.1274113816e+00
-2.1212121212e-01 -7.5757575758e-01 4.5258111633e+00
-2.1212121212e-01 -6.9696969697e-01 5.0245323670e+00
-2.1212121212e-01 -6.3636363636e-01 5.6778035199e+00
-2.1212121212e-01 -5.7575757576e-01 6.6021222894e+00
-2.1212121212e-01 -5.1515151515e-01 8.1485048951e+00
-2.1212121212e-01 -4.5454545455e-01 1.5660495638e+01
-2.1212121212e-01 -3.9393939394e-01 9.0355106404e+00
-2.1212121212e-01 -3.3333333333e-01 7.9074831802e+00
-2.1212121212e-01 -2.7272727273e-01 7.3418782048e+00
-2.1212121212e-01 -2.1212121212e-01 7.0029203261e+00
-2.1212121212e-01 -1.5151515152e-01 6.7910395348e+00
-2.1212121212e-01 -9.0909090909e-02 6.6650327712e+00
-2.1212121212e-01 -3.0303030303e-02 6.6059010021e+00
-2.1212121212e-01 3.0303030303e-02 6.6059010021e+00
-2.1212121212e-01 9.0909090909e-02 6.6650327712e+00
-2.1212121212e-01 1.5151515152e-01 6.7910395348e+00
-2.1212121212e-01 2.1212121212e-01 7.0029203261e+00
-2.1212121212e-01 2.7272727273e-01 7.3418782048e+00
-2.1212121212e-01 3.3333333333e-01 7.9074831802e+00
-2.1212121212e-01 3.9393939394e-01 9.0355106404e+00
-2.1212121212e-01 4.5454545455e-01 1.5660495638e+01
-2.1212121212e-01 5.1515151515e-01 8.1485048951e+00
-2.1212121212e-01 5.7575757576e-01 6.6021222894e+00
-2.1212121212e-01 6.3636363636e-01 5.6778035199e+00
-2.1212121212e-01 6.9696969697e-01 5.0245323670e+00
-2.1212121212e-01 7.5757575758e-01 4.5258111633e+00
-2.1212121212e-01 8.1818181818e-01 4.1274113816e+00
-2.1212121212e-01 8.7878787879e-01 3.7993489178e+00
-2.1212121212e-01 9.3939393939e-01 3.5231984599e+00
-2.1212121212e-01 1.0000000000e+00 3.2867980923e+00
-2.1212121212e-01 1.0606060606e+00 3.0816942892e+00
-2.1212121212e-01 1.1212121212e+00 2.9017765627e+00
-2.1212121212e-01 1.1818181818e+00 2.7424901957e+00
-2.1212121212e-01 1.2424242424e+00 2.6003548058e+00
-2.1212121212e-01 1.3030303030e+00 2.4726558221e+00
-2.1212121212e-01 1.3636363636e+00 2.3572390860e+00
-2.1212121212e-01 1.4242424242e+00 2.2523697072e+00
-2.1212121212e-01 1.4848484848e+00 2.1566324468e+00
-2.1212121212e-01 1.5454545455e+00 2.0688597848e+00
-2.1212121212e-01 1.6060606061e+00 1.9880789385e+00
-2.1212121212e-01 1.6666666667e+00 1.9134721586e+00
-2.1212121212e-01 1.7272727273e+00 1.8443465168e+00
-2.1212121212e-01 1.7878787879e+00 1.7801106001e+00
-2.1212121212e-01 1.8484848485e+00 1.7202563133e+00
-2.1212121212e-01 1.9090909091e+00 1.6643445122e+00
-2.1212121212e-01 1.9696969697e+00 1.6119935466e+00
-2.1212121212e-01 2.0303030303e+00 1.5628700415e+00
-2.1212121212e-01 2.0909090909e+00 1.5166814159e+00
-2.1212121212e-01 2.1515151515e+00 1.4731697651e+00
-2.1212121212e-01 2.2121212121e+00 1.4321068228e+00
-2.1212121212e-01 2.2727272727e+00 1.3932897842e+00
-2.1212121212e-01 2.3333333333e+00 1.3565378226e+00
-2.1212121212e-01 2.3939393939e+00 1.3216891667e+00
-2.1212121212e-01 2.4545454545e+00 1.2885986365e+00
-2.1212121212e-01 2.5151515152e+00 1.2571355542e+00
-2.1212121212e-01 2.5757575758e+00 1.2271819650e+00
-2.1212121212e-01 2.6363636364e+00 1.1986311160e+00
-2.1212121212e-01 2.6969696970e+00 1.1713861487e+00
-2.1212121212e-01 2.7575757576e+00 1.1453589724e+00
-2.1212121212e-01 2.8181818182e+00 1.1204692882e+00
-2.1212121212e-01 2.8787878788e+00 1.0966437418e+00
-2.1212121212e-01 2.9393939394e+00 1.0738151846e+00
-2.1212121212e-01 3.0000000000e+00 1.0519220282e+00

-1.5151515152e-01 -3.0000000000e+00 1.0532241216e+00
-1.5151515152e-01 -2.9393939394e+00 1.0752003983e+00
-1.5151515152e-01 -2.8787878788e+00 1.0981193262e+00
-1.5151515152e-01 -2.8181818182e+00 1.1220433043e+00
-1.5151515152e-01 -2.7575757576e+00 1.1470404036e+00
-1.5151515152e-01 -2.6969696970e+00 1.1731850309e+00
-1.5151515152e-01 -2.6363636364e+00 1.2005586897e+00
-1.5151515152e-01 -2.5757575758e+00 1.2292508537e+00
-1.5151515152e-01 -2.5151515152e+00 1.2593599748e+00
-1.5151515152e-01 -2.4545454545e+00 1.2909946480e+00
-1.5151515152e-01 -2.3939393939e+00 1.3242749652e+00
-1.5151515152e-01 -2.3333333333e+00 1.3593340944e+00
-1.5151515152e-01 -2.2727272727e+00 1.3963201281e+00
-1.5151515152e-01 -2.2121212121e+00 1.4353982592e+00
-1.5151515152e-01 -2.1515151515e+00 1.4767533531e+00
-1.5151515152e-01 -2.0909090909e+00 1.5205930049e+00
-1.5151515152e-01 -2.0303030303e+00 1.5671511925e+00
-1.5151515152e-01 -1.9696969697e+00 1.6166926685e+00
-1.5151515152e-01 -1.9090909091e+00 1.6695182733e+00
-1.5151515152e-01 -1.8484848485e+00 1.7259714078e+00
-1.5151515152e-01 -1.7878787879e+00 1.7864459757e+00
-1.5151515152e-01 -1.7272727273e+00 1.8513962093e+00
-1.5151515152e-01 -1.6666666667e+00 1.9213489307e+00
-1.5151515152e-01 -1.6060606061e+00 1.9969189994e+00
-1.5151515152e-01 -1.5454545455e+00 2.0788289801e+00
-1.5151515152e-01 -1.4848484848e+00 2.1679344739e+00
-1.5151515152e-01 -1.4242424242e+00 2.2652571665e+00
-1.5151515152e-01 -1.3636363636e+00 2.3720285687e+00
-1.5151515152e-01 -1.3030303030e+00 2.4897488541e+00
-1.5151515152e-01 -1.2424242424e+00 2.6202674693e+00
-1.5151515152e-01 -1.1818181818e+00 2.7658959297e+00
-1.5151515152e-01 -1.1212121212e+00 2.9295695454e+00
-1.5151515152e-01 -1.0606060606e+00 3.1150860380e+00
-1.5151515152e-01 -1.0000000000e+00 3.3274698040e+00
-1.5151515152e-01 -9.3939393939e-01 3.5735513860e+00
-1.5151515152e-01 -8.7878787879e-01 3.8629374737e+00
-1.5151515152e-01 -8.1818181818e-01 4.2097428898e+00
-1.5151515152e-01 -7.5757575758e-01 4.6359558194e+00
-1.5151515152e-01 -6.9696969697e-01 5.1787776750e+00
-1.5151515152e-01 -6.3636363636e-01 5.9095755670e+00
-1.5151515152e-01 -5.7575757576e-01 6.9983411721e+00
-1.5151515152e-01 -5.1515151515e-01 9.1061385890e+00
-1.5151515152e-01 -4.5454545455e-01 1.0693691108e+01
-1.5151515152e-01 -3.9393939394e-01 8.3773440066e+00
-1.5151515152e-01 -3.3333333333e-01 7.5443539014e+00
-1.5151515152e-01 -2.7272727273e-01 7.0808144140e+00
-1.5151515152e-01 -2.1212121212e-01 6.7910395348e+00
-1.5151515152e-01 -1.5151515152e-01 6.6059010021e+00
-1.5151515152e-01 -9.0909090909e-02 6.4944573445e+00
-1.5151515152e-01 -3.0303030303e-02 6.4418323617e+00
-1.5151515152e-01 3.0303030303e-02 6.4418323617e+00
-1.5151515152e-01 9.0909090909e-02 6.4944573445e+00
-1.5151515152e-01 1.5151515152e-01 6.6059010021e+00
-1.5151515152e-01 2.1212121212e-01 6.7910395348e+00
-1.5151515152e-01 2.7272727273e-01 7.0808144140e+00
-1.5151515152e-01 3.3333333333e-01 7.5443539014e+00
-1.5151515152e-01 3.9393939394e-01 8.3773440066e+00
-1.5151515152e-01 4.5454545455e-01 1.0693691108e+01
-1.5151515152e-01 5.1515151515e-01 9.1061385890e+00
-1.5151515152e-01 5.7575757576e-01 6.9983411721e+00
-1.5151515152e-01 6.3636363636e-01 5.9095755670e+00
-1.5151515152e-01 6.9696969697e-01 5.1787776750e+00
-1.5151515152e-01 7.5757575758e-01 4.6359558194e+00
-1.5151515152e-01 8.1818181818e-01 4.2097428898e+00
-1.5151515152e-01 8.7878787879e-01 3.8629374737e+00
-1.5151515152e-01 9.3939393939e-01 3.5735513860e+00
-1.5151515152e-01 1.0000000000e+00 3.3274698040e+00
-1.5151515152e-01 1.0606060606e+00 3.1150860380e+00
-1.5151515152e-01 1.1212121212e+00 2.9295695454e+00
-1.5151515152e-01 1.1818181818e+00 2.7658959297e+00
-1.5151515152e-01 1.2424242424e+00 2.6202674693e+00
-1.5151515152e-01 1.3030303030e+00 2.4897488541e+00
-1.5151515152e-01 1.3636363636e+00 2.3720285687e+00
-1.5151515152e-01 1.4242424242e+00 2.2652571665e+00
-1.5151515152e-01 1.4848484848e+00 2.1679344739e+00
-1.5151515152e-01 1.5454545455e+00 2.0788289801e+00
-1.5151515152e-01 1.6060606061e+00 1.9969189994e+00
-1.5151515152e-01 1.6666666667e+00 1.9213489307e+00
-1.5151515152e-01 1.7272727273e+00 1.8513962093e+00
-1.5151515152e-01 1.7878787879e+00 1.7864459757e+00
-1.5151515152e-01 1.8484848485e+00 1.7259714078e+00
-1.5151515152e-01 1.9090909091e+00 1.6695182733e+00
-1.5151515152e-01 1.9696969697e+00 1.6166926685e+00
-1.5151515152e-01 2.0303030303e+00 1.5671511925e+00
-1.5151515152e-01 2.0909090909e+00 1.5205930049e+00
-1.5151515152e-01 2.1515151515e+00 1.4767533531e+00
-1.5151515152e-01 2.2121212121e+00 1.4353982592e+00
-1.5151515152e-01 2.2727272727e+00 1.3963201281e+00
-1.5151515152e-01 2.3333333333e+00 1.3593340944e+00
-1.5151515152e-01 2.3939393939e+00 1.3242749652e+00
-1.5151515152e-01 2.4545454545e+00 1.2909946480e+00
-1.5151515152e-01 2.5151515152e+00 1.2593599748e+00
-1.5151515152e-01 2.5757575758e+00 1.2292508537e+00
-1.5151515152e-01 2.6363636364e+00 1.2005586897e+00
-1.5151515152e-01 2.6969696970e+00 1.1731850309e+00
-1.5151515152e-01 2.7575757576e+00 1.1470404036e+00
-1.5151515152e-01 2.8181818182e+00 1.1220433043e+00
-1.5151515152e-01 2.8787878788e+00 1.0981193262e+00
-1.5151515152e-01 2.9393939394e+00 1.0752003983e+00
-1.5151515152e-01 3.0000000000e+00 1.0532241216e+00

-9.0909090909e-02 -3.0000000000e+00 1.0540948751e+00
-9.0909090909e-02 -2.9393939394e+00 1.0761268582e+00
-9.0909090909e-02 -2.8787878788e+00 1.0991063650e+00
-9.0909090909e-02 -2.8181818182e+00 1.1230963416e+00
-9.0909090909e-02 -2.7575757576e+00 1.1481654811e+00
-9.0909090909e-02 -2.6969696970e+00 1.1743889009e+00
-9.0909090909e-02 -2.6363636364e+00 1.2018489181e+00
-9.0909090909e-02 -2.5757575758e+00 1.2306359413e+00
-9.0909090909e-02 -2.5151515152e+00 1.2608495000e+00
-9.0909090909e-02 -2.4545454545e+00 1.2925994358e+00
-9.0909090909e-02 -2.3939393939e+00 1.3260072885e+00
-9.0909090909e-02 -2.3333333333e+00 1.3612079137e+00
-9.0909090909e-02 -2.2727272727e+00 1.3983513801e+00
-9.0909090909e-02 -2.2121212121e+00 1.4376052043e+00
-9.0909090909e-02 -2.1515151515e+00 1.4791569974e+00
-9.0909090909e-02 -2.0909090909e+00 1.5232176147e+00
-9.0909090909e-02 -2.0303030303e+00 1.5700249259e+00
-9.0909090909e-02 -1.9696969697e+00 1.6198483563e+00
-9.0909090909e-02 -1.9090909091e+00 1.6729943903e+00
-9.0909090909e-02 -1.8484848485e+00 1.7298132909e+00
-9.0909090909e-02 -1.7878787879e+00 1.7907073639e+00
-9.0909090909e-02 -1.7272727273e+00 1.8561412070e+00
-9.0909090909e-02 -1.6666666667e+00 1.9266545362e+00
-9.0909090909e-02 -1.6060606061e+00 2.0028783943e+00
-9.0909090909e-02 -1.5454545455e+00 2.0855558575e+00
-9.0909090909e-02 -1.4848484848e+00 2.1755688050e+00
-9.0909090909e-02 -1.4242424242e+00 2.2739729923e+00
-9.0909090909e-02 -1.3636363636e+00 2.3820446894e+00
-9.0909090909e-02 -1.3030303030e+00 2.5013437507e+00
-9.0909090909e-02 -1.2424242424e+00 2.6338005465e+00
-9.0909090909e-02 -1.1818181818e+00 2.7818384396e+00
-9.0909090909e-02 -1.1212121212e+00 2.9485507899e+00
-9.0909090909e-02 -1.0606060606e+00 3.1379645285e+00
-9.0909090909e-02 -1.0000000000e+00 3.3554469097e+00
-9.0909090909e-02 -9.3939393939e-01 3.6083610434e+00
-9.0909090909e-02 -8.7878787879e-01 3.9071808105e+00
-9.0909090909e-02 -8.1818181818e-01 4.2675218775e+00
-9.0909090909e-02 -7.5757575758e-01 4.7141928500e+00
-9.0909090909e-02 -6.9696969697e-01 5.2903590525e+00
-9.0909090909e-02 -6.3636363636e-01 6.0825536823e+00
-9.0909090909e-02 -5.7575757576e-01 7.3146968268e+00
-9.0909090909e-02 -5.1515151515e-01 1.0120314428e+01
-9.0909090909e-02 -4.5454545455e-01 9.6771785710e+00
-9.0909090909e-02 -3.9393939394e-01 8.0495369870e+00
-9.0909090909e-02 -3.3333333333e-01 7.3418782048e+00
-9.0909090909e-02 -2.7272727273e-01 6.9288804707e+00
-9.0909090909e-02 -2.1212121212e-01 6.6650327712e+00
-9.0909090909e-02 -1.5151515152e-01 6.4944573445e+00
-9.0909090909e-02 -9.0909090909e-02 6.3910887803e+00
-9.0909090909e-02 -3.0303030303e-02 6.3421055139e+00
-9.0909090909e-02 3.0303030303e-02 6.3421055139e+00
-9.0909090909e-02 9.0909090909e-02 6.3910887803e+00
-9.0909090909e-02 1.5151515152e-01 6.4944573445e+00
-9.0909090909e-02 2.1212121212e-01 6.6650327712e+00
-9.0909090909e-02 2.7272727273e-01 6.9288804707e+00
-9.0909090909e-02 3.3333333333e-01 7.3418782048e+00
-9.0909090909e-02 3.9393939394e-01 8.0495369870e+00
-9.0909090909e-02 4.5454545455e-01 9.6771785710e+00
-9.0909090909e-02 5.1515151515e-01 1.0120314428e+01
-9.0909090909e-02 5.7575757576e-01 7.3146968268e+00
-9.0909090909e-02 6.3636363636e-01 6.0825536823e+00
-9.0909090909e-02 6.9696969697e-01 5.2903590525e+00
-9.0909090909e-02 7.5757575758e-01 4.7141928500e+00
-9.0909090909e-02 8.1818181818e-01 4.2675218775e+00
-9.0909090909e-02 8.7878787879e-01 3.9071808105e+00
-9.0909090909e-02 9.3939393939e-01 3.6083610434e+00
-9.0909090909e-02 1.0000000000e+00 3.3554469097e+00
-9.0909090909e-02 1.0606060606e+00 3.1379645285e+00
-9.0909090909e-02 1.1212121212e+00 2.9485507899e+00
-9.0909090909e-02 1.1818181818e+00 2.7818384396e+00
-9.0909090909e-02 1.2424242424e+00 2.6338005465e+00
-9.0909090909e-02 1.3030303030e+00 2.5013437507e+00
-9.0909090909e-02 1.3636363636e+00 2.3820446894e+00
-9.0909090909e-02 1.4242424242e+00 2.2739729923e+00
-9.0909090909e-02 1.4848484848e+00 2.1755688050e+00
-9.0909090909e-02 1.5454545455e+00 2.0855558575e+00
-9.0909090909e-02 1.6060606061e+00 2.0028783943e+00
-9.0909090909e-02 1.6666666667e+00 1.9266545362e+00
-9.0909090909e-02 1.7272727273e+00 1.8561412070e+00
-9.0909090909e-02 1.7878787879e+00 1.7907073639e+00
-9.0909090909e-02 1.8484848485e+00 1.7298132909e+00
-9.0909090909e-02 1.9090909091e+00 1.6729943903e+00
-9.0909090909e-02 1.9696969697e+00 1.6198483563e+00
-9.0909090909e-02 2.0303030303e+00 1.5700249259e+00
-9.0909090909e-02 2.0909090909e+00 1.5232176147e+00
-9.0909090909e-02 2.1515151515e+00 1.4791569974e+00
-9.0909090909e-02 2.2121212121e+00 1.4376052043e+00
-9.0909090909e-02 2.2727272727e+00 1.3983513801e+00
-9.0909090909e-02 2.3333333333e+00 1.3612079137e+00
-9.0909090909e-02 2.3939393939e+00 1.3260072885e+00
-9.0909090909e-02 2.4545454545e+00 1.2925994358e+00
-9.0909090909e-02 2.5151515152e+00 1.2608495000e+00
-9.0909090909e-02 2.5757575758e+00 1.2306359413e+00
-9.0909090909e-02 2.6363636364e+00 1.2018489181e+00
-9.0909090909e-02 2.6969696970e+00 1.1743889009e+00
-9.0909090909e-02 2.7575757576e+00 1.1481654811e+00
-9.0909090909e-02 2.8181818182e+00 1.1230963416e+00
-9.0909090909e-02 2.8787878788e+00 1.0991063650e+00
-9.0909090909e-02 2.9393939394e+00 1.0761268582e+00
-9.0909090909e-02 3.0000000000e+00 1.0540948751e+00

-3.0303030303e-02 -3.0000000000e+00 1.0545310627e+00
-3.0303030303e-02 -2.9393939394e+00 1.0765909872e+00
-3.0303030303e-02 -2.8787878788e+00 1.0996008837e+00
-3.0303030303e-02 -2.8181818182e+00 1.1236239734e+00
-3.0303030303e-02 -2.7575757576e+00 1.1487292629e+00
-3.0303030303e-02 -2.6969696970e+00 1.1749922275e+00
-3.0303030303e-02 -2.6363636364e+00 1.2024955944e+00
-3.0303030303e-02 -2.5757575758e+00 1.2313302435e+00
-3.0303030303e-02 -2.5151515152e+00 1.2615962477e+00
-3.0303030303e-02 -2.4545454545e+00 1.2934040777e+00
-3.0303030303e-02 -2.3939393939e+00 1.3268760040e+00
-3.0303030303e-02 -2.3333333333e+00 1.3621477347e+00
-3.0303030303e-02 -2.2727272727e+00 1.3993703370e+00
-3.0303030303e-02 -2.2121212121e+00 1.4387125024e+00
-3.0303030303e-02 -2.1515151515e+00 1.4803632310e+00
-3.0303030303e-02 -2.0909090909e+00 1.5245350286e+00
-3.0303030303e-02 -2.0303030303e+00 1.5714677366e+00
-3.0303030303e-02 -1.9696969697e+00 1.6214331495e+00
-3.0303030303e-02 -1.9090909091e+00 1.6747406161e+00
-3.0303030303e-02 -1.8484848485e+00 1.7317438852e+00
-3.0303030303e-02 -1.7878787879e+00 1.7928495351e+00
-3.0303030303e-02 -1.7272727273e+00 1.8585274411e+00
-3.0303030303e-02 -1.6666666667e+00 1.9293238928e+00
-3.0303030303e-02 -1.6060606061e+00 2.0058781954e+00
-3.0303030303e-02 -1.5454545455e+00 2.0889439148e+00
-3.0303030303e-02 -1.4848484848e+00 2.1794163948e+00
-3.0303030303e-02 -1.4242424242e+00 2.2783688839e+00
-3.0303030303e-02 -1.3636363636e+00 2.3871006901e+00
-3.0303030303e-02 -1.3030303030e+00 2.5072024714e+00
-3.0303030303e-02 -1.2424242424e+00 2.6406465006e+00
-3.0303030303e-02 -1.1818181818e+00 2.7899142753e+00
-3.0303030303e-02 -1.1212121212e+00 2.9581816716e+00
-3.0303030303e-02 -1.0606060606e+00 3.1495959313e+00
-3.0303030303e-02 -1.0000000000e+00 3.3697054502e+00
-3.0303030303e-02 -9.3939393939e-01 3.6261569967e+00
-3.0303030303e-02 -8.7878787879e-01 3.9298911328e+00
-3.0303030303e-02 -8.1818181818e-01 4.2973422687e+00
-3.0303030303e-02 -7.5757575758e-01 4.7548867592e+00
-3.0303030303e-02 -6.9696969697e-01 5.3490981136e+00
-3.0303030303e-02 -6.3636363636e-01 6.1755804557e+00
-3.0303030303e-02 -5.7575757576e-01 7.4936352916e+00
-3.0303030303e-02 -5.1515151515e-01 1.0895289667e+01
-3.0303030303e-02 -4.5454545455e-01 9.3269231716e+00
-3.0303030303e-02 -3.9393939394e-01 7.9074831802e+00
-3.0303030303e-02 -3.3333333333e-01 7.2498000219e+00
-3.0303030303e-02 -2.7272727273e-01 6.8583531474e+00
-3.0303030303e-02 -2.1212121212e-01 6.6059010021e+00
-3.0303030303e-02 -1.5151515152e-01 6.4418323617e+00
-3.0303030303e-02 -9.0909090909e-02 6.3421055139e+00
-3.0303030303e-02 -3.0303030303e-02 6.2947726021e+00
-3.0303030303e-02 3.0303030303e-02 6.2947726021e+00
-3.0303030303e-02 9.0909090909e-02 6.3421055139e+00
-3.0303030303e-02 1.5151515152e-01 6.4418323617e+00
-3.0303030303e-02 2.1212121212e-01 6.6059010021e+00
-3.0303030303e-02 2.7272727273e-01 6.8583531474e+00
-3.0303030303e-02 3.3333333333e-01 7.2498000219e+00
-3.0303030303e-02 3.9393939394e-01 7.9074831802e+00
-3.0303030303e-02 4.5454545455e-01 9.3269231716e+00
-3.0303030303e-02 5.1515151515e-01 1.0895289667e+01
-3.0303030303e-02 5.7575757576e-01 7.4936352916e+00
-3.0303030303e-02 6.3636363636e-01 6.1755804557e+00
-3.0303030303e-02 6.9696969697e-01 5.3490981136e+00
-3.0303030303e-02 7.5757575758e-01 4.7548867592e+00
-3.0303030303e-02 8.1818181818e-01 4.2973422687e+00
-3.0303030303e-02 8.7878787879e-01 3.9298911328e+00
-3.0303030303e-02 9.3939393939e-01 3.6261569967e+00
-3.0303030303e-02 1.0000000000e+00 3.3697054502e+00
-3.0303030303e-02 1.0606060606e+00 3.1495959313e+00
-3.0303030303e-02 1.1212121212e+00 2.9581816716e+00
-3.0303030303e-02 1.1818181818e+00 2.7899142753e+00
-3.0303030303e-02 1.2424242424e+00 2.6406465006e+00
-3.0303030303e-02 1.3030303030e+00 2.5072024714e+00
-3.0303030303e-02 1.3636363636e+00 2.3871006901e+00
-3.0303030303e-02 1.4242424242e+00 2.2783688839e+00
-3.0303030303e-02 1.4848484848e+00 2.1794163948e+00
-3.0303030303e-02 1.5454545455e+00 2.0889439148e+00
-3.0303030303e-02 1.6060606061e+00 2.0058781954e+00
-3.0303030303e-02 1.6666666667e+00 1.9293238928e+00
-3.0303030303e-02 1.7272727273e+00 1.8585274411e+00
-3.0303030303e-02 1.7878787879e+00 1.7928495351e+00
-3.0303030303e-02 1.8484848485e+00 1.7317438852e+00
-3.0303030303e-02 1.9090909091e+00 1.6747406161e+00
-3.0303030303e-02 1.9696969697e+00 1.6214331495e+00
-3.0303030303e-02 2.0303030303e+00 1.5714677366e+00
-3.0303030303e-02 2.0909090909e+00 1.5245350286e+00
-3.0303030303e-02 2.1515151515e+00 1.4803632310e+00
-3.0303030303e-02 2.2121212121e+00 1.4387125024e+00
-3.0303030303e-02 2.2727272727e+00 1.3993703370e+00
-3.0303030303e-02 2.3333333333e+00 1.3621477347e+00
-3.0303030303e-02 2.3939393939e+00 1.3268760040e+00
-3.0303030303e-02 2.4545454545e+00 1.2934040777e+00
-3.0303030303e-02 2.5151515152e+00 1.2615962477e+00
-3.0303030303e-02 2.5757575758e+00 1.2313302435e+00
-3.0303030303e-02 2.6363636364e+00 1.2024955944e+00
-3.0303030303e-02 2.6969696970e+00 1.1749922275e+00
-3.0303030303e-02 2.7575757576e+00 1.1487292629e+00
-3.0303030303e-02 2.8181818182e+00 1.1236239734e+00
-3.0303030303e-02 2.8787878788e+00 1.0996008837e+00
-3.0303030303e-02 2.9393939394e+00 1.0765909872e+00
-3.0303030303e-02 3.0000000000e+00 1.0545310627e+00

3.0303030303e-02 -3.0000000000e+00 1.0545310627e+00
3.0303030303e-02 -2.9393939394e+00 1.0765909872e+00
3.0303030303e-02 -2.8787878788e+00 1.0996008837e+00
3.0303030303e-02 -2.8181818182e+00 1.1236239734e+00
3.0303030303e-02 -2.7575757576e+00 1.1487292629e+00
3.0303030303e-02 -2.6969696970e+00 1.1749922275e+00
3.0303030303e-02 -2.6363636364e+00 1.2024955944e+00
3.0303030303e-02 -2.5757575758e+00 1.2313302435e+00
3.0303030303e-02 -2.5151515152e+00 1.2615962477e+00
3.0303030303e-02 -2.4545454545e+00 1.2934040777e+00
3.0303030303e-02 -2.3939393939e+00 1.3268760040e+00
3.0303030303e-02 -2.3333333333e+00 1.3621477347e+00
3.0303030303e-02 -2.2727272727e+00 1.3993703370e+00
3.0303030303e-02 -2.2121212121e+00 1.4387125024e+00
3.0303030303e-02 -2.1515151515e+00 1.4803632310e+00
3.0303030303e-02 -2.0909090909e+00 1.5245350286e+00
3.0303030303e-02 -2.0303030303e+00 1.5714677366e+00
3.0303030303e-02 -1.9696969697e+00 1.6214331495e+00
3.0303030303e-02 -1.9090909091e+00 1.6747406161e+00
3.0303030303e-02 -1.8484848485e+00 1.7317438852e+00
3.0303030303e-02 -1.7878787879e+00 1.7928495351e+00
3.0303030303e-02 -1.7272727273e+00 1.8585274411e+00
3.0303030303e-02 -1.6666666667e+00 1.9293238928e+00
3.0303030303e-02 -1.6060606061e+00 2.0058781954e+00
3.0303030303e-02 -1.5454545455e+00 2.0889439148e+00
3.0303030303e-02 -1.4848484848e+00 2.1794163948e+00
3.0303030303e-02 -1.4242424242e+00 2.2783688839e+00
3.0303030303e-02 -1.3636363636e+00 2.3871006901e+00
3.0303030303e-02 -1.3030303030e+00 2.5072024714e+00
3.0303030303e-02 -1.2424242424e+00 2.6406465006e+00
3.0303030303e-02 -1.1818181818e+00 2.7899142753e+00
3.0303030303e-02 -1.1212121212e+00 2.9581816716e+00
3.0303030303e-02 -1.0606060606e+00 3.1495959313e+00
3.0303030303e-02 -1.0000000000e+00 3.3697054502e+00
3.0303030303e-02 -9.3939393939e-01 3.6261569967e+00
3.0303030303e-02 -8.7878787879e-01 3.9298911328e+00
3.0303030303e-02 -8.1818181818e-01 4.2973422687e+00
3.0303030303e-02 -7.5757575758e-01 4.7548867592e+00
3.0303030303e-02 -6.9696969697e-01 5.3490981136e+00
3.0303030303e-02 -6.3636363636e-01 6.1755804557e+00
3.0303030303e-02 -5.7575757576e-01 7.4936352916e+00
3.0303030303e-02 -5.1515151515e-01 1.0895289667e+01
3.0303030303e-02 -4.5454545455e-01 9.3269231716e+00
3.0303030303e-02 -3.9393939394e-01 7.9074831802e+00
3.0303030303e-02 -3.3333333333e-01 7.2498000219e+00
3.0303030303e-02 -2.7272727273e-01 6.8583531474e+00
3.0303030303e-02 -2.1212121212e-01 6.6059010021e+00
3.0303030303e-02 -1.5151515152e-01 6.4418323617e+00
3.0303030303e-02 -9.0909090909e-02 6.3421055139e+00
3.0303030303e-02 -3.0303030303e-02 6.2947726021e+00
3.0303030303e-02 3.0303030303e-02 6.2947726021e+00
3.0303030303e-02 9.0909090909e-02 6.3421055139e+00
3.0303030303e-02 1.5151515152e-01 6.4418323617e+00
3.0303030303e-02 2.1212121212e-01 6.6059010021e+00
3.0303030303e-02 2.7272727273e-01 6.8583531474e+00
3.0303030303e-02 3.3333333333e-01 7.2498000219e+00
3.0303030303e-02 3.9393939394e-01 7.9074831802e+00
3.0303030303e-02 4.5454545455e-01 9.3269231716e+00
3.0303030303e-02 5.1515151515e-01 1.0895289667e+01
3.0303030303e-02 5.7575757576e-01 7.4936352916e+00
3.0303030303e-02 6.3636363636e-01 6.1755804557e+00
3.0303030303e-02 6.9696969697e-01 5.3490981136e+00
3.0303030303e-02 7.5757575758e-01 4.7548867592e+00
3.0303030303e-02 8.1818181818e-01 4.2973422687e+00
3.0303030303e-02 8.7878787879e-01 3.9298911328e+00
3.0303030303e-02 9.3939393939e-01 3.6261569967e+00
3.0303030303e-02 1.0000000000e+00 3.3697054502e+00
3.0303030303e-02 1.0606060606e+00 3.1495959313e+00
3.0303030303e-02 1.1212121212e+00 2.9581816716e+00
3.0303030303e-02 1.1818181818e+00 2.7899142753e+00
3.0303030303e-02 1.2424242424e+00 2.6406465006e+00
3.0303030303e-02 1.3030303030e+00 2.5072024714e+00
3.0303030303e-02 1.3636363636e+00 2.3871006901e+00
3.0303030303e-02 1.4242424242e+00 2.2783688839e+00
3.0303030303e-02 1.4848484848e+00 2.1794163948e+00
3.0303030303e-02 1.5454545455e+00 2.0889439148e+00
3.0303030303e-02 1.6060606061e+00 2.0058781954e+00
3.0303030303e-02 1.6666666667e+00 1.9293238928e+00
3.0303030303e-02 1.7272727273e+00 1.8585274411e+00
3.0303030303e-02 1.7878787879e+00 1.7928495351e+00
3.0303030303e-02 1.8484848485e+00 1.7317438852e+00
3.0303030303e-02 1.9090909091e+00 1.6747406161e+00
3.0303030303e-02 1.9696969697e+00 1.6214331495e+00
3.0303030303e-02 2.0303030303e+00 1.5714677366e+00
3.0303030303e-02 2.0909090909e+00 1.5245350286e+00
3.0303030303e-02 2.1515151515e+00 1.4803632310e+00
3.0303030303e-02 2.2121212121e+00 1.4387125024e+00
3.0303030303e-02 2.2727272727e+00 1.3993703370e+00
3.0303030303e-02 2.3333333333e+00 1.3621477347e+00
3.0303030303e-02 2.3939393939e+00 1.3268760040e+00
3.0303030303e-02 2.4545454545e+00 1.2934040777e+00
3.0303030303e-02 2.5151515152e+00 1.2615962477e+00
3.0303030303e-02 2.5757575758e+00 1.2313302435e+00
3.0303030303e-02 2.6363636364e+00 1.2024955944e+00
3.0303030303e-02 2.6969696970e+00 1.1749922275e+00
3.0303030303e-02 2.7575757576e+00 1.1487292629e+00
3.0303030303e-02 2.8181818182e+00 1.1236239734e+00
3.0303030303e-02 2.8787878788e+00 1.0996008837e+00
3.0303030303e-02 2.9393939394e+00 1.0765909872e+00
3.0303030303e-02 3.0000000000e+00 1.0545310627e+00

9.0909090909e-02 -3.0000000000e+00 1.0540948751e+00
9.0909090909e-02 -2.9393939394e+00 1.0761268582e+00
9.0909090909e-02 -2.8787878788e+00 1.0991063650e+00
9.0909090909e-02 -2.8181818182e+00 1.1230963416e+00
9.0909090909e-02 -2.7575757576e+00 1.1481654811e+00
9.0909090909e-02 -2.6969696970e+00 1.1743889009e+00
9.0909090909e-02 -2.6363636364e+00 1.2018489181e+00
9.0909090909e-02 -2.5757575758e+00 1.2306359413e+00
9.0909090909e-02 -2.5151515152e+00 1.2608495000e+00
9.0909090909e-02 -2.4545454545e+00 1.2925994358e+00
9.0909090909e-02 -2.3939393939e+00 1.3260072885e+00
9.0909090909e-02 -2.3333333333e+00 1.3612079137e+00
9.0909090909e-02 -2.2727272727e+00 1.3983513801e+00
9.0909090909e-02 -2.2121212121e+00 1.4376052043e+00
9.0909090909e-02 -2.1515151515e+00 1.4791569974e+00
9.0909090909e-02 -2.0909090909e+00 1.5232176147e+00
9.0909090909e-02 -2.0303030303e+00 1.5700249259e+00
9.0909090909e-02 -1.9696969697e+00 1.6198483563e+00
9.0909090909e-02 -1.9090909091e+00 1.6729943903e+00
9.0909090909e-02 -1.8484848485e+00 1.7298132909e+00
9.0909090909e-02 -1.7878787879e+00 1.7907073639e+00
9.0909090909e-02 -1.7272727273e+00 1.8561412070e+00
9.0909090909e-02 -1.6666666667e+00 1.9266545362e+00
9.0909090909e-02 -1.6060606061e+00 2.0028783943e+00
9.0909090909e-02 -1.5454545455e+00 2.0855558575e+00
9.0909090909e-02 -1.4848484848e+00 2.1755688050e+00
9.0909090909e-02 -1.4242424242e+00 2.2739729923e+00
9.0909090909e-02 -1.3636363636e+00 2.3820446894e+00
9.0909090909e-02 -1.3030303030e+00 2.5013437507e+00
9.0909090909e-02 -1.2424242424e+00 2.6338005465e+00
9.0909090909e-02 -1.1818181818e+00 2.7818384396e+00
9.0909090909e-02 -1.1212121212e+00 2.9485507899e+00
9.0909090909e-02 -1.0606060606e+00 3.1379645285e+00
9.0909090909e-02 -1.0000000000e+00 3.3554469097e+00
9.0909090909e-02 -9.3939393939e-01 3.6083610434e+00
9.0909090909e-02 -8.7878787879e-01 3.9071808105e+00
9.0909090909e-02 -8.1818181818e-01 4.2675218775e+00
9.0909090909e-02 -7.5757575758e-01 4.7141928500e+00
9.0909090909e-02 -6.9696969697e-01 5.2903590525e+00
9.0909090909e-02 -6.3636363636e-01 6.0825536823e+00
9.0909090909e-02 -5.7575757576e-01 7.3146968268e+00
9.0909090909e-02 -5.1515151515e-01 1.0120314428e+01
9.0909090909e-02 -4.5454545455e-01 9.6771785710e+00
9.0909090909e-02 -3.9393939394e-01 8.0495369870e+00
9.0909090909e-02 -3.3333333333e-01 7.3418782048e+00
9.0909090909e-02 -2.7272727273e-01 6.9288804707e+00
9.0909090909e-02 -2.1212121212e-01 6.6650327712e+00
9.0909090909e-02 -1.5151515152e-01 6.4944573445e+00
9.0909090909e-02 -9.0909090909e-02 6.3910887803e+00
9.0909090909e-02 -3.0303030303e-02 6.3421055139e+00
9.0909090909e-02 3.0303030303e-02 6.3421055139e+00
9.0909090909e-02 9.0909090909e-02 6.3910887803e+00
9.0909090909e-02 1.5151515152e-01 6.4944573445e+00
9.0909090909e-02 2.1212121212e-01 6.6650327712e+00
9.0909090909e-02 2.7272727273e-01 6.9288804707e+00
9.0909090909e-02 3.3333333333e-01 7.3418782048e+00
9.0909090909e-02 3.9393939394e-01 8.0495369870e+00
9.0909090909e-02 4.5454545455e-01 9.6771785710e+00
9.0909090909e-02 5.1515151515e-01 1.0120314428e+01
9.0909090909e-02 5.7575757576e-01 7.3146968268e+00
9.0909090909e-02 6.3636363636e-01 6.0825536823e+00
9.0909090909e-02 6.9696969697e-01 5.2903590525e+00
9.0909090909e-02 7.5757575758e-01 4.7141928500e+00
9.0909090909e-02 8.1818181818e-01 4.2675218775e+00
9.0909090909e-02 8.7878787879e-01 3.9071808105e+00
9.0909090909e-02 9.3939393939e-01 3.6083610434e+00
9.0909090909e-02 1.0000000000e+00 3.3554469097e+00
9.0909090909e-02 1.0606060606e+00 3.1379645285e+00
9.0909090909e-02 1.1212121212e+00 2.9485507899e+00
9.0909090909e-02 1.1818181818e+00 2.7818384396e+00
9.0909090909e-02 1.2424242424e+00 2.6338005465e+00
9.0909090909e-02 1.3030303030e+00 2.5013437507e+00
9.0909090909e-02 1.3636363636e+00 2.3820446894e+00
9.0909090909e-02 1.4242424242e+00 2.2739729923e+00
9.0909090909e-02 1.4848484848e+00 2.1755688050e+00
9.0909090909e-02 1.5454545455e+00 2.0855558575e+00
9.0909090909e-02 1.6060606061e+00 2.0028783943e+00
9.0909090909e-02 1.6666666667e+00 1.9266545362e+00
9.0909090909e-02 1.7272727273e+00 1.8561412070e+00
9.0909090909e-02 1.7878787879e+00 1.7907073639e+00
9.0909090909e-02 1.8484848485e+00 1.7298132909e+00
9.0909090909e-02 1.9090909091e+00 1.6729943903e+00
9.0909090909e-02 1.9696969697e+00 1.6198483563e+00
9.0909090909e-02 2.0303030303e+00 1.5700249259e+00
9.0909090909e-02 2.0909090909e+00 1.5232176147e+00
9.0909090909e-02 2.1515151515e+00 1.4791569974e+00
9.0909090909e-02 2.2121212121e+00 1.4376052043e+00
9.0909090909e-02 2.2727272727e+00 1.3983513801e+00
9.0909090909e-02 2.3333333333e+00 1.3612079137e+00
9.0909090909e-02 2.3939393939e+00 1.3260072885e+00
9.0909090909e-02 2.4545454545e+00 1.2925994358e+00
9.0909090909e-02 2.5151515152e+00 1.2608495000e+00
9.0909090909e-02 2.5757575758e+00 1.2306359413e+00
9.0909090909e-02 2.6363636364e+00 1.2018489181e+00
9.0909090909e-02 2.6969696970e+00 1.1743889009e+00
9.0909090909e-02 2.7575757576e+00 1.1481654811e+00
9.0909090909e-02 2.8181818182e+00 1.1230963416e+00
9.0909090909e-02 2.8787878788e+00 1.0991063650e+00
9.0909090909e-02 2.9393939394e+00 1.0761268582e+00
9.0909090909e-02 3.0000000000e+00 1.0540948751e+00

1.5151515152e-01 -3.0000000000e+00 1.0532241216e+00
1.5151515152e-01 -2.9393939394e+00 1.0752003983e+00
1.5151515152e-01 -2.8787878788e+00 1.0981193262e+00
1.5151515152e-01 -2.8181818182e+00 1.1220433043e+00
1.5151515152e-01 -2.7575757576e+00 1.1470404036e+00
1.5151515152e-01 -2.6969696970e+00 1.1731850309e+00
1.5151515152e-01 -2.6363636364e+00 1.2005586897e+00
1.5151515152e-01 -2.5757575758e+00 1.2292508537e+00
1.5151515152e-01 -2.5151515152e+00 1.2593599748e+00
1.5151515152e-01 -2.4545454545e+00 1.2909946480e+00
1.5151515152e-01 -2.3939393939e+00 1.3242749652e+00
1.5151515152e-01 -2.3333333333e+00 1.3593340944e+00
1.5151515152e-01 -2.2727272727e+00 1.3963201281e+00
1.5151515152e-01 -2.2121212121e+00 1.4353982592e+00
1.5151515152e-01 -2.1515151515e+00 1.4767533531e+00
1.5151515152e-01 -2.0909090909e+00 1.5205930049e+00
1.5151515152e-01 -2.0303030303e+00 1.5671511925e+00
1.5151515152e-01 -1.9696969697e+00 1.6166926685e+00
1.5151515152e-01 -1.9090909091e+00 1.6695182733e+00
1.5151515152e-01 -1.8484848485e+00 1.7259714078e+00
1.5151515152e-01 -1.7878787879e+00 1.7864459757e+00
1.5151515152e-01 -1.7272727273e+00 1.8513962093e+00
1.5151515152e-01 -1.6666666667e+00 1.9213489307e+00
1.5151515152e-01 -1.6060606061e+00 1.9969189994e+00
1.5151515152e-01 -1.5454545455e+00 2.0788289801e+00
1.5151515152e-01 -1.4848484848e+00 2.1679344739e+00
1.5151515152e-01 -1.4242424242e+00 2.2652571665e+00
1.5151515152e-01 -1.3636363636e+00 2.3720285687e+00
1.5151515152e-01 -1.3030303030e+00 2.4897488541e+00
1.5151515152e-01 -1.2424242424e+00 2.6202674693e+00
1.5151515152e-01 -1.1818181818e+00 2.7658959297e+00
1.5151515152e-01 -1.1212121212e+00 2.9295695454e+00
1.5151515152e-01 -1.0606060606e+00 3.1150860380e+00
1.5151515152e-01 -1.0000000000e+00 3.3274698040e+00
1.5151515152e-01 -9.3939393939e-01 3.5735513860e+00
1.5151515152e-01 -8.7878787879e-01 3.8629374737e+00
1.5151515152e-01 -8.1818181818e-01 4.2097428898e+00
1.5151515152e-01 -7.5757575758e-01 4.6359558194e+00
1.5151515152e-01 -6.9696969697e-01 5.1787776750e+00
1.5151515152e-01 -6.3636363636e-01 5.9095755670e+00
1.5151515152e-01 -5.7575757576e-01 6.9983411721e+00
1.5151515152e-01 -5.1515151515e-01 9.1061385890e+00
1.5151515152e-01 -4.5454545455e-01 1.0693691108e+01
1.5151515152e-01 -3.9393939394e-01 8.3773440066e+00
1.5151515152e-01 -3.3333333333e-01 7.5443539014e+00
1.5151515152e-01 -2.7272727273e-01 7.0808144140e+00
1.5151515152e-01 -2.1212121212e-01 6.7910395348e+00
1.5151515152e-01 -1.5151515152e-01 6.6059010021e+00
1.5151515152e-01 -9.0909090909e-02 6.4944573445e+00
1.5151515152e-01 -3.0303030303e-02 6.4418323617e+00
1.5151515152e-01 3.0303030303e-02 6.4418323617e+00
1.5151515152e-01 9.0909090909e-02 6.4944573445e+00
1.5151515152e-01 1.5151515152e-01 6.6059010021e+00
1.5151515152e-01 2.1212121212e-01 6.7910395348e+00
1.5151515152e-01 2.7272727273e-01 7.0808144140e+00
1.5151515152e-01 3.3333333333e-01 7.5443539014e+00
1.5151515152e-01 3.9393939394e-01 8.3773440066e+00
1.5151515152e-01 4.5454545455e-01 1.0693691108e+01
1.5151515152e-01 5.1515151515e-01 9.1061385890e+00
1.5151515152e-01 5.7575757576e-01 6.9983411721e+00
1.5151515152e-01 6.3636363636e-01 5.9095755670e+00
1.5151515152e-01 6.9696969697e-01 5.1787776750e+00
1.5151515152e-01 7.5757575758e-01 4.6359558194e+00
1.5151515152e-01 8.1818181818e-01 4.2097428898e+00
1.5151515152e-01 8.7878787879e-01 3.8629374737e+00
1.5151515152e-01 9.3939393939e-01 3.5735513860e+00
1.5151515152e-01 1.0000000000e+00 3.3274698040e+00
1.5151515152e-01 1.0606060606e+00 3.1150860380e+00
1.5151515152e-01 1.1212121212e+00 2.9295695454e+00
1.5151515152e-01 1.1818181818e+00 2.7658959297e+00
1.5151515152e-01 1.2424242424e+00 2.6202674693e+00
1.5151515152e-01 1.3030303030e+00 2.4897488541e+00
1.5151515152e-01 1.3636363636e+00 2.3720285687e+00
1.5151515152e-01 1.4242424242e+00 2.2652571665e+00
1.5151515152e-01 1.4848484848e+00 2.1679344739e+00
1.5151515152e-01 1.5454545455e+00 2.0788289801e+00
1.5151515152e-01 1.6060606061e+00 1.9969189994e+00
1.5151515152e-01 1.6666666667e+00 1.9213489307e+00
1.5151515152e-01 1.7272727273e+00 1.8513962093e+00
1.5151515152e-01 1.7878787879e+00 1.7864459757e+00
1.5151515152e-01 1.8484848485e+00 1.7259714078e+00
1.5151515152e-01 1.9090909091e+00 1.6695182733e+00
1.5151515152e-01 1.9696969697e+00 1.6166926685e+00
1.5151515152e-01 2.0303030303e+00 1.5671511925e+00
1.5151515152e-01 2.0909090909e+00 1.5205930049e+00
1.5151515152e-01 2.1515151515e+00 1.4767533531e+00
1.5151515152e-01 2.2121212121e+00 1.4353982592e+00
1.5151515152e-01 2.2727272727e+00 1.3963201281e+00
1.5151515152e-01 2.3333333333e+00 1.3593340944e+00
1.5151515152e-01 2.3939393939e+00 1.3242749652e+00
1.5151515152e-01 2.4545454545e+00 1.2909946480e+00
1.5151515152e-01 2.5151515152e+00 1.2593599748e+00
1.5151515152e-01 2.5757575758e+00 1.2292508537e+00
1.5151515152e-01 2.6363636364e+00 1.2005586897e+00
1.5151515152e-01 2.6969696970e+00 1.1731850309e+00
1.5151515152e-01 2.7575757576e+00 1.1470404036e+00
1.5151515152e-01 2.8181818182e+00 1.1220433043e+00
1.5151515152e-01 2.8787878788e+00 1.0981193262e+00
1.5151515152e-01 2.9393939394e+00 1.0752003983e+00
1.5151515152e-01 3.0000000000e+00 1.0532241216e+00

2.1212121212e-01 -3.0000000000e+00 1.0519220282e+00
2.1212121212e-01 -2.9393939394e+00 1.0738151846e+00
2.1212121212e-01 -2.8787878788e+00 1.0966437418e+00
2.1212121212e-01 -2.8181818182e+00 1.1204692882e+00
2.1212121212e-01 -2.7575757576e+00 1.1453589724e+00
2.1212121212e-01 -2.6969696970e+00 1.1713861487e+00
2.1212121212e-01 -2.6363636364e+00 1.1986311160e+00
2.1212121212e-01 -2.5757575758e+00 1.2271819650e+00
2.1212121212e-01 -2.5151515152e+00 1.2571355542e+00
2.1212121212e-01 -2.4545454545e+00 1.2885986365e+00
2.1212121212e-01 -2.3939393939e+00 1.3216891667e+00
2.1212121212e-01 -2.3333333333e+00 1.3565378226e+00
2.1212121212e-01 -2.2727272727e+00 1.3932897842e+00
2.1212121212e-01 -2.2121212121e+00 1.4321068228e+00
2.1212121212e-01 -2.1515151515e+00 1.4731697651e+00
2.1212121212e-01 -2.0909090909e+00 1.5166814159e+00
2.1212121212e-01 -2.0303030303e+00 1.5628700415e+00
2.1212121212e-01 -1.9696969697e+00 1.6119935466e+00
2.1212121212e-01 -1.9090909091e+00 1.6643445122e+00
2.1212121212e-01 -1.8484848485e+00 1.7202563133e+00
2.1212121212e-01 -1.7878787879e+00 1.7801106001e+00
2.1212121212e-01 -1.7272727273e+00 1.8443465168e+00
2.1212121212e-01 -1.6666666667e+00 1.9134721586e+00
2.1212121212e-01 -1.6060606061e+00 1.9880789385e+00
2.1212121212e-01 -1.5454545455e+00 2.0688597848e+00
2.1212121212e-01 -1.4848484848e+00 2.1566324468e+00
2.1212121212e-01 -1.4242424242e+00 2.2523697072e+00
2.1212121212e-01 -1.3636363636e+00 2.3572390860e+00
2.1212121212e-01 -1.3030303030e+00 2.4726558221e+00
2.1212121212e-01 -1.2424242424e+00 2.6003548058e+00
2.1212121212e-01 -1.1818181818e+00 2.7424901957e+00
2.1212121212e-01 -1.1212121212e+00 2.9017765627e+00
2.1212121212e-01 -1.0606060606e+00 3.0816942892e+00
2.1212121212e-01 -1.0000000000e+00 3.2867980923e+00
2.1212121212e-01 -9.3939393939e-01 3.5231984599e+00
2.1212121212e-01 -8.7878787879e-01 3.7993489178e+00
2.1212121212e-01 -8.1818181818e-01 4.1274113816e+00
2.1212121212e-01 -7.5757575758e-01 4.5258111633e+00
2.1212121212e-01 -6.9696969697e-01 5.0245323670e+00
2.1212121212e-01 -6.3636363636e-01 5.6778035199e+00
2.1212121212e-01 -5.7575757576e-01 6.6021222894e+00
2.1212121212e-01 -5.1515151515e-01 8.1485048951e+00
2.1212121212e-01 -4.5454545455e-01 1.5660495638e+01
2.1212121212e-01 -3.9393939394e-01 9.0355106404e+00
2.1212121212e-01 -3.3333333333e-01 7.9074831802e+00
2.1212121212e-01 -2.7272727273e-01 7.3418782048e+00
2.1212121212e-01 -2.1212121212e-01 7.0029203261e+00
2.1212121212e-01 -1.5151515152e-01 6.7910395348e+00
2.1212121212e-01 -9.0909090909e-02 6.6650327712e+00
2.1212121212e-01 -3.0303030303e-02 6.6059010021e+00
2.1212121212e-01 3.0303030303e-02 6.6059010021e+00
2.1212121212e-01 9.0909090909e-02 6.6650327712e+00
2.1212121212e-01 1.5151515152e-01 6.7910395348e+00
2.1212121212e-01 2.1212121212e-01 7.0029203261e+00
2.1212121212e-01 2.7272727273e-01 7.3418782048e+00
2.1212121212e-01 3.3333333333e-01 7.9074831802e+00
2.1212121212e-01 3.9393939394e-01 9.0355106404e+00
2.1212121212e-01 4.5454545455e-01 1.5660495638e+01
2.1212121212e-01 5.1515151515e-01 8.1485048951e+00
2.1212121212e-01 5.7575757576e-01 6.6021222894e+00
2.1212121212e-01 6.3636363636e-01 5.6778035199e+00
2.1212121212e-01 6.9696969697e-01 5.0245323670e+00
2.1212121212e-01 7.5757575758e-01 4.5258111633e+00
2.1212121212e-01 8.1818181818e-01 4.1274113816e+00
2.1212121212e-01 8.7878787879e-01 3.7993489178e+00
2.1212121212e-01 9.3939393939e-01 3.5231984599e+00
2.1212121212e-01 1.0000000000e+00 3.2867980923e+00
2.1212121212e-01 1.0606060606e+00 3.0816942892e+00
2.1212121212e-01 1.1212121212e+00 2.9017765627e+00
2.1212121212e-01 1.1818181818e+00 2.7424901957e+00
2.1212121212e-01 1.2424242424e+00 2.6003548058e+00
2.1212121212e-01 1.3030303030e+00 2.4726558221e+00
2.1212121212e-01 1.3636363636e+00 2.3572390860e+00
2.1212121212e-01 1.4242424242e+00 2.2523697072e+00
2.1212121212e-01 1.4848484848e+00 2.1566324468e+00
2.1212121212e-01 1.5454545455e+00 2.0688597848e+00
2.1212121212e-01 1.6060606061e+00 1.9880789385e+00
2.1212121212e-01 1.6666666667e+00 1.9134721586e+00
2.1212121212e-01 1.7272727273e+00 1.8443465168e+00
2.1212121212e-01 1.7878787879e+00 1.7801106001e+00
2.1212121212e-01 1.8484848485e+00 1.7202563133e+00
2.1212121212e-01 1.9090909091e+00 1.6643445122e+00
2.1212121212e-01 1.9696969697e+00 1.6119935466e+00
2.1212121212e-01 2.0303030303e+00 1.5628700415e+00
2.1212121212e-01 2.0909090909e+00 1.5166814159e+00
2.1212121212e-01 2.1515151515e+00 1.4731697651e+00
2.1212121212e-01 2.2121212121e+00 1.4321068228e+00
2.1212121212e-01 2.2727272727e+00 1.3932897842e+00
2.1212121212e-01 2.3333333333e+00 1.3565378226e+00
2.1212121212e-01 2.3939393939e+00 1.3216891667e+00
2.1212121212e-01 2.4545454545e+00 1.2885986365e+00
2.1212121212e-01 2.5151515152e+00 1.2571355542e+00
2.1212121212e-01 2.5757575758e+00 1.2271819650e+00
2.1212121212e-01 2.6363636364e+00 1.1986311160e+00
2.1212121212e-01 2.6969696970e+00 1.1713861487e+00
2.1212121212e-01 2.7575757576e+00 1.1453589724e+00
2.1212121212e-01 2.8181818182e+00 1.1204692882e+00
2.1212121212e-01 2.8787878788e+00 1.0966437418e+00
2.1212121212e-01 2.9393939394e+00 1.0738151846e+00
2.1212121212e-01 3.0000000000e+00 1.0519220282e+00

2.7272727273e-01 -3.0000000000e+00 1.0501933931e+00
2.7272727273e-01 -2.9393939394e+00 1.0719765347e+00
2.7272727273e-01 -2.8787878788e+00 1.0946855184e+00
2.7272727273e-01 -2.8181818182e+00 1.1183808688e+00
2.7272727273e-01 -2.7575757576e+00 1.1431285252e+00
2.7272727273e-01 -2.6969696970e+00 1.1690004628e+00
2.7272727273e-01 -2.6363636364e+00 1.1960754037e+00
2.7272727273e-01 -2.5757575758e+00 1.2244396295e+00
2.7272727273e-01 -2.5151515152e+00 1.2541879166e+00
2.7272727273e-01 -2.4545454545e+00 1.2854246132e+00
2.7272727273e-01 -2.3939393939e+00 1.3182648863e+00
2.7272727273e-01 -2.3333333333e+00 1.3528361705e+00
2.7272727273e-01 -2.2727272727e+00 1.3892798563e+00
2.7272727273e-01 -2.2121212121e+00 1.4277532689e+00
2.7272727273e-01 -2.1515151515e+00 1.4684319950e+00
2.7272727273e-01 -2.0909090909e+00 1.5115126338e+00
2.7272727273e-01 -2.0303030303e+00 1.5572160654e+00
2.7272727273e-01 -1.9696969697e+00 1.6057913548e+00
2.7272727273e-01 -1.9090909091e+00 1.6575204433e+00
2.7272727273e-01 -1.8484848485e+00 1.7127238194e+00
2.7272727273e-01 -1.7878787879e+00 1.7717674220e+00
2.7272727273e-01 -1.7272727273e+00 1.8350711035e+00
2.7272727273e-01 -1.6666666667e+00 1.9031190862e+00
2.7272727273e-01 -1.6060606061e+00 1.9764729944e+00
2.7272727273e-01 -1.5454545455e+00 2.0557882466e+00
2.7272727273e-01 -1.4848484848e+00 2.1418348874e+00
2.7272727273e-01 -1.4242424242e+00 2.2355243635e+00
2.7272727273e-01 -1.3636363636e+00 2.3379443743e+00
2.7272727273e-01 -1.3030303030e+00 2.4504048776e+00
2.7272727273e-01 -1.2424242424e+00 2.5744997921e+00
2.7272727273e-01 -1.1818181818e+00 2.7121912664e+00
2.7272727273e-01 -1.1212121212e+00 2.8659271891e+00
2.7272727273e-01 -1.0606060606e+00 3.0388090723e+00
2.7272727273e-01 -1.0000000000e+00 3.2348388575e+00
2.7272727273e-01 -9.3939393939e-01 3.4592943718e+00
2.7272727273e-01 -8.7878787879e-01 3.7193248056e+00
2.7272727273e-01 -8.1818181818e-01 4.0249453891e+00
2.7272727273e-01 -7.5757575758e-01 4.3908123833e+00
2.7272727273e-01 -6.9696969697e-01 4.8396782168e+00
2.7272727273e-01 -6.3636363636e-01 5.4099696083e+00
2.7272727273e-01 -5.7575757576e-01 6.1755804557e+00
2.7272727273e-01 -5.1515151515e-01 7.3146968268e+00
2.7272727273e-01 -4.5454545455e-01 9.5534712045e+00
2.7272727273e-01 -3.9393939394e-01 1.0693691108e+01
2.7272727273e-01 -3.3333333333e-01 8.5694418854e+00
2.7272727273e-01 -2.7272727273e-01 7.7769841445e+00
2.7272727273e-01 -2.1212121212e-01 7.3418782048e+00
2.7272727273e-01 -1.5151515152e-01 7.0808144140e+00
2.7272727273e-01 -9.0909090909e-02 6.9288804707e+00
2.7272727273e-01 -3.0303030303e-02 6.8583531474e+00
2.7272727273e-01 3.0303030303e-02 6.8583531474e+00
2.7272727273e-01 9.0909090909e-02 6.9288804707e+00
2.7272727273e-01 1.5151515152e-01 7.0808144140e+00
2.7272727273e-01 2.1212121212e-01 7.3418782048e+00
2.7272727273e-01 2.7272727273e-01 7.7769841445e+00
2.7272727273e-01 3.3333333333e-01 8.5694418854e+00
2.7272727273e-01 3.9393939394e-01 1.0693691108e+01
2.7272727273e-01 4.5454545455e-01 9.5534712045e+00
2.7272727273e-01 5.1515151515e-01 7.3146968268e+00
2.7272727273e-01 5.7575757576e-01 6.1755804557e+00
2.7272727273e-01 6.3636363636e-01 5.4099696083e+00
2.7272727273e-01 6.9696969697e-01 4.8396782168e+00
2.7272727273e-01 7.5757575758e-01 4.3908123833e+00
2.7272727273e-01 8.1818181818e-01 4.0249453891e+00
2.7272727273e-01 8.7878787879e-01 3.7193248056e+00
2.7272727273e-01 9.3939393939e-01 3.4592943718e+00
2.7272727273e-01 1.0000000000e+00 3.2348388575e+00
2.7272727273e-01 1.0606060606e+00 3.0388090723e+00
2.7272727273e-01 1.1212121212e+00 2.8659271891e+00
2.7272727273e-01 1.1818181818e+00 2.7121912664e+00
2.7272727273e-01 1.2424242424e+00 2.5744997921e+00
2.7272727273e-01 1.3030303030e+00 2.4504048776e+00
2.7272727273e-01 1.3636363636e+00 2.3379443743e+00
2.7272727273e-01 1.4242424242e+00 2.2355243635e+00
2.7272727273e-01 1.4848484848e+00 2.1418348874e+00
2.7272727273e-01 1.5454545455e+00 2.0557882466e+00
2.7272727273e-01 1.6060606061e+00 1.9764729944e+00
2.7272727273e-01 1.6666666667e+00 1.9031190862e+00
2.7272727273e-01 1.7272727273e+00 1.8350711035e+00
2.7272727273e-01 1.7878787879e+00 1.7717674220e+00
2.7272727273e-01 1.8484848485e+00 1.7127238194e+00
2.7272727273e-01 1.9090909091e+00 1.6575204433e+00
2.7272727273e-01 1.9696969697e+00 1.6057913548e+00
2.7272727273e-01 2.0303030303e+00 1.5572160654e+00
2.7272727273e-01 2.0909090909e+00 1.5115126338e+00
2.7272727273e-01 2.1515151515e+00 1.4684319950e+00
2.7272727273e-01 2.2121212121e+00 1.4277532689e+00
2.7272727273e-01 2.2727272727e+00 1.3892798563e+00
2.7272727273e-01 2.3333333333e+00 1.3528361705e+00
2.7272727273e-01 2.3939393939e+00 1.3182648863e+00
2.7272727273e-01 2.4545454545e+00 1.2854246132e+00
2.7272727273e-01 2.5151515152e+00 1.2541879166e+00
2.7272727273e-01 2.5757575758e+00 1.2244396295e+00
2.7272727273e-01 2.6363636364e+00 1.1960754037e+00
2.7272727273e-01 2.6969696970e+00 1.1690004628e+00
2.7272727273e-01 2.7575757576e+00 1.1431285252e+00
2.7272727273e-01 2.8181818182e+00 1.1183808688e+00
2.7272727273e-01 2.8787878788e+00 1.0946855184e+00
2.7272727273e-01 2.9393939394e+00 1.0719765347e+00
2.7272727273e-01 3.0000000000e+00 1.0501933931e+00

3.3333333333e-01 -3.0000000000e+00 1.0480445370e+00
3.3333333333e-01 -2.9393939394e+00 1.0696914506e+00
3.3333333333e-01 -2.8787878788e+00 1.0922524291e+00
3.3333333333e-01 -2.8181818182e+00 1.1157866947e+00
3.3333333333e-01 -2.7575757576e+00 1.1403587070e+00
3.3333333333e-01 -2.6969696970e+00 1.1660387560e+00
3.3333333333e-01 -2.6363636364e+00 1.1929036383e+00
3.3333333333e-01 -2.5757575758e+00 1.2210374293e+00
3.3333333333e-01 -2.5151515152e+00 1.2505323686e+00
3.3333333333e-01 -2.4545454545e+00 1.2814898787e+00
3.3333333333e-01 -2.3939393939e+00 1.3140217397e+00
3.3333333333e-01 -2.3333333333e+00 1.3482514507e+00
3.3333333333e-01 -2.2727272727e+00 1.3843158118e+00
3.3333333333e-01 -2.2121212121e+00 1.4223667714e+00
3.3333333333e-01 -2.1515151515e+00 1.4625735907e+00
3.3333333333e-01 -2.0909090909e+00 1.5051253930e+00
3.3333333333e-01 -2.0303030303e+00 1.5502341791e+00
3.3333333333e-01 -1.9696969697e+00 1.5981384130e+00
3.3333333333e-01 -1.9090909091e+00 1.6491073088e+00
3.3333333333e-01 -1.8484848485e+00 1.7034459843e+00
3.3333333333e-01 -1.7878787879e+00 1.7615016975e+00
3.3333333333e-01 -1.7272727273e+00 1.8236714407e+00
3.3333333333e-01 -1.6666666667e+00 1.8904112575e+00
3.3333333333e-01 -1.6060606061e+00 1.9622477599e+00
3.3333333333e-01 -1.5454545455e+00 2.0397924895e+00
3.3333333333e-01 -1.4848484848e+00 2.1237599883e+00
3.3333333333e-01 -1.4242424242e+00 2.2149907720e+00
3.3333333333e-01 -1.3636363636e+00 2.3144808682e+00
3.3333333333e-01 -1.3030303030e+00 2.4234202710e+00
3.3333333333e-01 -1.2424242424e+00 2.5432437200e+00
3.3333333333e-01 -1.1818181818e+00 2.6756988286e+00
3.3333333333e-01 -1.1212121212e+00 2.8229391776e+00
3.3333333333e-01 -1.0606060606e+00 2.9876542419e+00
3.3333333333e-01 -1.0000000000e+00 3.1732552770e+00
3.3333333333e-01 -9.3939393939e-01 3.3841492282e+00
3.3333333333e-01 -8.7878787879e-01 3.6261569967e+00
3.3333333333e-01 -8.1818181818e-01 3.9071808105e+00
3.3333333333e-01 -7.5757575758e-01 4.2383295013e+00
3.3333333333e-01 -6.9696969697e-01 4.6359558194e+00
3.3333333333e-01 -6.3636363636e-01 5.1257111267e+00
3.3333333333e-01 -5.7575757576e-01 5.7517484606e+00
3.3333333333e-01 -5.1515151515e-01 6.6021222894e+00
3.3333333333e-01 -4.5454545455e-01 7.9065025461e+00
3.3333333333e-01 -3.9393939394e-01 1.0895289667e+01
3.3333333333e-01 -3.3333333333e-01 1.0114502129e+01
3.3333333333e-01 -2.7272727273e-01 8.5694418854e+00
3.3333333333e-01 -2.1212121212e-01 7.9074831802e+00
3.3333333333e-01 -1.5151515152e-01 7.5443539014e+00
3.3333333333e-01 -9.0909090909e-02 7.3418782048e+00
3.3333333333e-01 -3.0303030303e-02 7.2498000219e+00
3.3333333333e-01 3.0303030303e-02 7.2498000219e+00
3.3333333333e-01 9.0909090909e-02 7.3418782048e+00
3.3333333333e-01 1.5151515152e-01 7.5443539014e+00
3.3333333333e-01 2.1212121212e-01 7.9074831802e+00
3.3333333333e-01 2.7272727273e-01 8.5694418854e+00
3.3333333333e-01 3.3333333333e-01 1.0114502129e+01
3.3333333333e-01 3.9393939394e-01 1.0895289667e+01
3.3333333333e-01 4.5454545455e-01 7.9065025461e+00
3.3333333333e-01 5.1515151515e-01 6.6021222894e+00
3.3333333333e-01 5.7575757576e-01 5.7517484606e+00
3.3333333333e-01 6.3636363636e-01 5.1257111267e+00
3.3333333333e-01 6.9696969697e-01 4.6359558194e+00
3.3333333333e-01 7.5757575758e-01 4.2383295013e+00
3.3333333333e-01 8.1818181818e-01 3.9071808105e+00
3.3333333333e-01 8.7878787879e-01 3.6261569967e+00
3.3333333333e-01 9.3939393939e-01 3.3841492282e+00
3.3333333333e-01 1.0000000000e+00 3.1732552770e+00
3.3333333333e-01 1.0606060606e+00 2.9876542419e+00
3.3333333333e-01 1.1212121212e+00 2.8229391776e+00
3.3333333333e-01 1.1818181818e+00 2.6756988286e+00
3.3333333333e-01 1.2424242424e+00 2.5432437200e+00
3.3333333333e-01 1.3030303030e+00 2.4234202710e+00
3.3333333333e-01 1.3636363636e+00 2.3144808682e+00
3.3333333333e-01 1.4242424242e+00 2.2149907720e+00
3.3333333333e-01 1.4848484848e+00 2.1237599883e+00
3.3333333333e-01 1.5454545455e+00 2.0397924895e+00
3.3333333333e-01 1.6060606061e+00 1.9622477599e+00
3.3333333333e-01 1.6666666667e+00 1.8904112575e+00
3.3333333333e-01 1.7272727273e+00 1.8236714407e+00
3.3333333333e-01 1.7878787879e+00 1.7615016975e+00
3.3333333333e-01 1.8484848485e+00 1.7034459843e+00
3.3333333333e-01 1.9090909091e+00 1.6491073088e+00
3.3333333333e-01 1.9696969697e+00 1.5981384130e+00
3.3333333333e-01 2.0303030303e+00 1.5502341791e+00
3.3333333333e-01 2.0909090909e+00 1.5051253930e+00
3.3333333333e-01 2.1515151515e+00 1.4625735907e+00
3.3333333333e-01 2.2121212121e+00 1.4223667714e+00
3.3333333333e-01 2.2727272727e+00 1.3843158118e+00
3.3333333333e-01 2.3333333333e+00 1.3482514507e+00
3.3333333333e-01 2.3939393939e+00 1.3140217397e+00
3.3333333333e-01 2.4545454545e+00 1.2814898787e+00
3.3333333333e-01 2.5151515152e+00 1.2505323686e+00
3.3333333333e-01 2.5757575758e+00 1.2210374293e+00
3.3333333333e-01 2.6363636364e+00 1.1929036383e+00
3.3333333333e-01 2.6969696970e+00 1.1660387560e+00
3.3333333333e-01 2.7575757576e+00 1.1403587070e+00
3.3333333333e-01 2.8181818182e+00 1.1157866947e+00
3.3333333333e-01 2.8787878788e+00 1.0922524291e+00
3.3333333333e-01 2.9393939394e+00 1.0696914506e+00
3.3333333333e-01 3.0000000000e+00 1.0480445370e+00

3.9393939394e-01 -3.0000000000e+00 1.0454832404e+00
3.9393939394e-01 -2.9393939394e+00 1.0669685455e+00
3.9393939394e-01 -2.8787878788e+00 1.0893540292e+00
3.9393939394e-01 -2.8181818182e+00 1.1126973894e+00
3.9393939394e-01 -2.7575757576e+00 1.1370613562e+00
3.9393939394e-01 -2.6969696970e+00 1.1625142519e+00
3.9393939394e-01 -2.6363636364e+00 1.1891306277e+00
3.9393939394e-01 -2.5757575758e+00 1.2169919895e+00
3.9393939394e-01 -2.5151515152e+00 1.2461876270e+00
3.9393939394e-01 -2.4545454545e+00 1.2768155651e+00
3.9393939394e-01 -2.3939393939e+00 1.3089836574e+00
3.9393939394e-01 -2.3333333333e+00 1.3428108487e+00
3.9393939394e-01 -2.2727272727e+00 1.3784286368e+00
3.9393939394e-01 -2.2121212121e+00 1.4159827721e+00
3.9393939394e-01 -2.1515151515e+00 1.4556352405e+00
3.9393939394e-01 -2.0909090909e+00 1.4975665872e+00
3.9393939394e-01 -2.0303030303e+00 1.5419786516e+00
3.9393939394e-01 -1.9696969697e+00 1.5890978005e+00
3.9393939394e-01 -1.9090909091e+00 1.6391787696e+00
3.9393939394e-01 -1.8484848485e+00 1.6925092516e+00
3.9393939394e-01 -1.7878787879e+00 1.7494154054e+00
3.9393939394e-01 -1.7272727273e+00 1.8102685122e+00
3.9393939394e-01 -1.6666666667e+00 1.8754930674e+00
3.9393939394e-01 -1.6060606061e+00 1.9455766858e+00
3.9393939394e-01 -1.5454545455e+00 2.0210823160e+00
3.9393939394e-01 -1.4848484848e+00 2.1026634255e+00
3.9393939394e-01 -1.4242424242e+00 2.1910830416e+00
3.9393939394e-01 -1.3636363636e+00 2.2872378622e+00
3.9393939394e-01 -1.3030303030e+00 2.3921891074e+00
3.9393939394e-01 -1.2424242424e+00 2.5072024714e+00
3.9393939394e-01 -1.1818181818e+00 2.6338005465e+00
3.9393939394e-01 -1.1212121212e+00 2.7738326616e+00
3.9393939394e-01 -1.0606060606e+00 2.9295695454e+00
3.9393939394e-01 -1.0000000000e+00 3.1038342503e+00
3.9393939394e-01 -9.3939393939e-01 3.3001875970e+00
3.9393939394e-01 -8.7878787879e-01 3.5231984599e+00
3.9393939394e-01 -8.1818181818e-01 3.7788517279e+00
3.9393939394e-01 -7.5757575758e-01 4.0751914571e+00
3.9393939394e-01 -6.9696969697e-01 4.4233924313e+00
3.9393939394e-01 -6.3636363636e-01 4.8396782168e+00
3.9393939394e-01 -5.7575757576e-01 5.3490981136e+00
3.9393939394e-01 -5.1515151515e-01 5.9940103527e+00
3.9393939394e-01 -4.5454545455e-01 6.8571885998e+00
3.9393939394e-01 -3.9393939394e-01 8.1485048951e+00
3.9393939394e-01 -3.3333333333e-01 1.0895289667e+01
3.9393939394e-01 -2.7272727273e-01 1.0693691108e+01
3.9393939394e-01 -2.1212121212e-01 9.0355106404e+00
3.9393939394e-01 -1.5151515152e-01 8.3773440066e+00
3.9393939394e-01 -9.0909090909e-02 8.0495369870e+00
3.9393939394e-01 -3.0303030303e-02 7.9074831802e+00
3.9393939394e-01 3.0303030303e-02 7.9074831802e+00
3.9393939394e-01 9.0909090909e-02 8.0495369870e+00
3.9393939394e-01 1.5151515152e-01 8.3773440066e+00
3.9393939394e-01 2.1212121212e-01 9.0355106404e+00
3.9393939394e-01 2.7272727273e-01 1.0693691108e+01
3.9393939394e-01 3.3333333333e-01 1.0895289667e+01
3.9393939394e-01 3.9393939394e-01 8.1485048951e+00
3.9393939394e-01 4.5454545455e-01 6.8571885998e+00
3.9393939394e-01 5.1515151515e-01 5.9940103527e+00
3.9393939394e-01 5.7575757576e-01 5.3490981136e+00
3.9393939394e-01 6.3636363636e-01 4.8396782168e+00
3.9393939394e-01 6.9696969697e-01 4.4233924313e+00
3.9393939394e-01 7.5757575758e-01 4.0751914571e+00
3.9393939394e-01 8.1818181818e-01 3.7788517279e+00
3.9393939394e-01 8.7878787879e-01 3.5231984599e+00
3.9393939394e-01 9.3939393939e-01 3.3001875970e+00
3.9393939394e-01 1.0000000000e+00 3.1038342503e+00
3.9393939394e-01 1.0606060606e+00 2.9295695454e+00
3.9393939394e-01 1.1212121212e+00 2.7738326616e+00
3.9393939394e-01 1.1818181818e+00 2.6338005465e+00
3.9393939394e-01 1.2424242424e+00 2.5072024714e+00
3.9393939394e-01 1.3030303030e+00 2.3921891074e+00
3.9393939394e-01 1.3636363636e+00 2.2872378622e+00
3.9393939394e-01 1.4242424242e+00 2.1910830416e+00
3.9393939394e-01 1.4848484848e+00 2.1026634255e+00
3.9393939394e-01 1.5454545455e+00 2.0210823160e+00
3.9393939394e-01 1.6060606061e+00 1.9455766858e+00
3.9393939394e-01 1.6666666667e+00 1.8754930674e+00
3.9393939394e-01 1.7272727273e+00 1.8102685122e+00
3.9393939394e-01 1.7878787879e+00 1.7494154054e+00
3.9393939394e-01 1.8484848485e+00 1.6925092516e+00
3.9393939394e-01 1.9090909091e+00 1.6391787696e+00
3.9393939394e-01 1.9696969697e+00 1.5890978005e+00
3.9393939394e-01 2.0303030303e+00 1.5419786516e+00
3.9393939394e-01 2.0909090909e+00 1.4975665872e+00
3.9393939394e-01 2.1515151515e+00 1.4556352405e+00
3.9393939394e-01 2.2121212121e+00 1.4159827721e+00
3.9393939394e-01 2.2727272727e+00 1.3784286368e+00
3.9393939394e-01 2.3333333333e+00 1.3428108487e+00
3.9393939394e-01 2.3939393939e+00 1.3089836574e+00
3.9393939394e-01 2.4545454545e+00 1.2768155651e+00
3.9393939394e-01 2.5151515152e+00 1.2461876270e+00
3.9393939394e-01 2.5757575758e+00 1.2169919895e+00
3.9393939394e-01 2.6363636364e+00 1.1891306277e+00
3.9393939394e-01 2.6969696970e+00 1.1625142519e+00
3.9393939394e-01 2.7575757576e+00 1.1370613562e+00
3.9393939394e-01 2.8181818182e+00 1.1126973894e+00
3.9393939394e-01 2.8787878788e+00 1.0893540292e+00
3.9393939394e-01 2.9393939394e+00 1.0669685455e+00
3.9393939394e-01 3.0000000000e+00 1.0454832404e+00

4.5454545455e-01 -3.0000000000e+00 1.0425186659e+00
4.5454545455e-01 -2.9393939394e+00 1.0638179548e+00
4.5454545455e-01 -2.8787878788e+00 1.0860015531e+00
4.5454545455e-01 -2.8181818182e+00 1.1091254323e+00
4.5454545455e-01 -2.7575757576e+00 1.1332503661e+00
4.5454545455e-01 -2.6969696970e+00 1.1584424537e+00
4.5454545455e-01 -2.6363636364e+00 1.1847737137e+00
4.5454545455e-01 -2.5757575758e+00 1.2123227577e+00
4.5454545455e-01 -2.5151515152e+00 1.2411755585e+00
4.5454545455e-01 -2.4545454545e+00 1.2714263275e+00
4.5454545455e-01 -2.3939393939e+00 1.3031785193e+00
4.5454545455e-01 -2.3333333333e+00 1.3365459871e+00
4.5454545455e-01 -2.2727272727e+00 1.3716543137e+00
4.5454545455e-01 -2.2121212121e+00 1.4086423518e+00
4.5454545455e-01 -2.1515151515e+00 1.4476640118e+00
4.5454545455e-01 -2.0909090909e+00 1.4888903440e+00
4.5454545455e-01 -2.0303030303e+00 1.5325119745e+00
4.5454545455e-01 -1.9696969697e+00 1.5787419647e+00
4.5454545455e-01 -1.9090909091e+00 1.6278191845e+00
4.5454545455e-01 -1.8484848485e+00 1.6800123062e+00
4.5454545455e-01 -1.7878787879e+00 1.7356245597e+00
4.5454545455e-01 -1.7272727273e+00 1.7949994190e+00
4.5454545455e-01 -1.6666666667e+00 1.8585274411e+00
4.5454545455e-01 -1.6060606061e+00 1.9266545362e+00
4.5454545455e-01 -1.5454545455e+00 1.9998920290e+00
4.5454545455e-01 -1.4848484848e+00 2.0788289801e+00
4.5454545455e-01 -1.4242424242e+00 2.1641473769e+00
4.5454545455e-01 -1.3636363636e+00 2.2566410055e+00
4.5454545455e-01 -1.3030303030e+00 2.3572390860e+00
4.5454545455e-01 -1.2424242424e+00 2.4670361348e+00
4.5454545455e-01 -1.1818181818e+00 2.5873300687e+00
4.5454545455e-01 -1.1212121212e+00 2.7196713543e+00
4.5454545455e-01 -1.0606060606e+00 2.8659271891e+00
4.5454545455e-01 -1.0000000000e+00 3.0283664959e+00
4.5454545455e-01 -9.3939393939e-01 3.2097743396e+00
4.5454545455e-01 -8.7878787879e-01 3.4136089767e+00
4.5454545455e-01 -8.1818181818e-01 3.6442225906e+00
4.5454545455e-01 -7.5757575758e-01 3.9071808105e+00
4.5454545455e-01 -6.9696969697e-01 4.2097428898e+00
4.5454545455e-01 -6.3636363636e-01 4.5616192505e+00
4.5454545455e-01 -5.7575757576e-01 4.9762454167e+00
4.5454545455e-01 -5.1515151515e-01 5.4731136923e+00
4.5454545455e-01 -4.5454545455e-01 6.0825536823e+00
4.5454545455e-01 -3.9393939394e-01 6.8571885998e+00
4.5454545455e-01 -3.3333333333e-01 7.9065025461e+00
4.5454545455e-01 -2.7272727273e-01 9.5534712045e+00
4.5454545455e-01 -2.1212121212e-01 1.5660495638e+01
4.5454545455e-01 -1.5151515152e-01 1.0693691108e+01
4.5454545455e-01 -9.0909090909e-02 9.6771785710e+00
4.5454545455e-01 -3.0303030303e-02 9.3269231716e+00
4.5454545455e-01 3.0303030303e-02 9.3269231716e+00
4.5454545455e-01 9.0909090909e-02 9.6771785710e+00
4.5454545455e-01 1.5151515152e-01 1.0693691108e+01
4.5454545455e-01 2.1212121212e-01 1.5660495638e+01
4.5454545455e-01 2.7272727273e-01 9.5534712045e+00
4.5454545455e-01 3.3333333333e-01 7.9065025461e+00
4.5454545455e-01 3.9393939394e-01 6.8571885998e+00
4.5454545455e-01 4.5454545455e-01 6.0825536823e+00
4.5454545455e-01 5.1515151515e-01 5.4731136923e+00
4.5454545455e-01 5.7575757576e-01 4.9762454167e+00
4.5454545455e-01 6.3636363636e-01 4.5616192505e+00
4.5454545455e-01 6.9696969697e-01 4.2097428898e+00
4.5454545455e-01 7.5757575758e-01 3.9071808105e+00
4.5454545455e-01 8.1818181818e-01 3.6442225906e+00
4.5454545455e-01 8.7878787879e-01 3.4136089767e+00
4.5454545455e-01 9.3939393939e-01 3.2097743396e+00
4.5454545455e-01 1.0000000000e+00 3.0283664959e+00
4.5454545455e-01 1.0606060606e+00 2.8659271891e+00
4.5454545455e-01 1.1212121212e+00 2.7196713543e+00
4.5454545455e-01 1.1818181818e+00 2.5873300687e+00
4.5454545455e-01 1.2424242424e+00 2.4670361348e+00
4.5454545455e-01 1.3030303030e+00 2.3572390860e+00
4.5454545455e-01 1.3636363636e+00 2.2566410055e+00
4.5454545455e-01 1.4242424242e+00 2.1641473769e+00
4.5454545455e-01 1.4848484848e+00 2.0788289801e+00
4.5454545455e-01 1.5454545455e+00 1.9998920290e+00
4.5454545455e-01 1.6060606061e+00 1.9266545362e+00
4.5454545455e-01 1.6666666667e+00 1.8585274411e+00
4.5454545455e-01 1.7272727273e+00 1.7949994190e+00
4.5454545455e-01 1.7878787879e+00 1.7356245597e+00
4.5454545455e-01 1.8484848485e+00 1.6800123062e+00
4.5454545455e-01 1.9090909091e+00 1.6278191845e+00
4.5454545455e-01 1.9696969697e+00 1.5787419647e+00
4.5454545455e-01 2.0303030303e+00 1.5325119745e+00
4.5454545455e-01 2.0909090909e+00 1.4888903440e+00
4.5454545455e-01 2.1515151515e+00 1.4476640118e+00
4.5454545455e-01 2.2121212121e+00 1.4086423518e+00
4.5454545455e-01 2.2727272727e+00 1.3716543137e+00
4.5454545455e-01 2.3333333333e+00 1.3365459871e+00
4.5454545455e-01 2.3939393939e+00 1.3031785193e+00
4.5454545455e-01 2.4545454545e+00 1.2714263275e+00
4.5454545455e-01 2.5151515152e+00 1.2411755585e+00
4.5454545455e-01 2.5757575758e+00 1.2123227577e+00
4.5454545455e-01 2.6363636364e+00 1.1847737137e+00
4.5454545455e-01 2.6969696970e+00 1.1584424537e+00
4.5454545455e-01 2.7575757576e+00 1.1332503661e+00
4.5454545455e-01 2.8181818182e+00 1.1091254323e+00
4.5454545455e-01 2.8787878788e+00 1.0860015531e+00
4.5454545455e-01 2.9393939394e+00 1.0638179548e+00
4.5454545455e-01 3.0000000000e+00 1.0425186659e+00

5.1515151515e-01 -3.0000000000e+00 1.0391612694e+00
5.1515151515e-01 -2.9393939394e+00 1.0602512339e+00
5.1515151515e-01 -2.8787878788e+00 1.0822077968e+00
5.1515151515e-01 -2.8181818182e+00 1.1050850226e+00
5.1515151515e-01 -2.7575757576e+00 1.1289415268e+00
5.1515151515e-01 -2.6969696970e+00 1.1538409605e+00
5.1515151515e-01 -2.6363636364e+00 1.1798525572e+00
5.1515151515e-01 -2.5757575758e+00 1.2070517520e+00
5.1515151515e-01 -2.5151515152e+00 1.2355208840e+00
5.1515151515e-01 -2.4545454545e+00 1.2653499952e+00
5.1515151515e-01 -2.3939393939e+00 1.2966377412e+00
5.1515151515e-01 -2.3333333333e+00 1.3294924334e+00
5.1515151515e-01 -2.2727272727e+00 1.3640332332e+00
5.1515151515e-01 -2.2121212121e+00 1.4003915254e+00
5.1515151515e-01 -2.1515151515e+00 1.4387125024e+00
5.1515151515e-01 -2.0909090909e+00 1.4791569974e+00
5.1515151515e-01 -2.0303030303e+00 1.5219036117e+00
5.1515151515e-01 -1.9696969697e+00 1.5671511925e+00
5.1515151515e-01 -1.9090909091e+00 1.6151217288e+00
5.1515151515e-01 -1.8484848485e+00 1.6660637478e+00
5.1515151515e-01 -1.7878787879e+00 1.7202563133e+00
5.1515151515e-01 -1.7272727273e+00 1.7780137514e+00
5.1515151515e-01 -1.6666666667e+00 1.8396912573e+00
5.1515151515e-01 -1.6060606061e+00 1.9056915759e+00
5.1515151515e-01 -1.5454545455e+00 1.9764729944e+00
5.1515151515e-01 -1.4848484848e+00 2.0525589479e+00
5.1515151515e-01 -1.4242424242e+00 2.1345496137e+00
5.1515151515e-01 -1.3636363636e+00 2.2231359702e+00
5.1515151515e-01 -1.3030303030e+00 2.3191169241e+00
5.1515151515e-01 -1.2424242424e+00 2.4234202710e+00
5.1515151515e-01 -1.1818181818e+00 2.5371284680e+00
5.1515151515e-01 -1.1212121212e+00 2.6615104662e+00
5.1515151515e-01 -1.0606060606e+00 2.7980612015e+00
5.1515151515e-01 -1.0000000000e+00 2.9485507899e+00
5.1515151515e-01 -9.3939393939e-01 3.1150860380e+00
5.1515151515e-01 -8.7878787879e-01 3.3001875970e+00
5.1515151515e-01 -8.1818181818e-01 3.5068869622e+00
5.1515151515e-01 -7.5757575758e-01 3.7388485762e+00
5.1515151515e-01 -6.9696969697e-01 4.0005234884e+00
5.1515151515e-01 -6.3636363636e-01 4.2973422687e+00
5.1515151515e-01 -5.7575757576e-01 4.6359558194e+00
5.1515151515e-01 -5.1515151515e-01 5.0245323670e+00
5.1515151515e-01 -4.5454545455e-01 5.4731136923e+00
5.1515151515e-01 -3.9393939394e-01 5.9940103527e+00
5.1515151515e-01 -3.3333333333e-01 6.6021222894e+00
5.1515151515e-01 -2.7272727273e-01 7.3146968268e+00
5.1515151515e-01 -2.1212121212e-01 8.1485048951e+00
5.1515151515e-01 -1.5151515152e-01 9.1061385890e+00
5.1515151515e-01 -9.0909090909e-02 1.0120314428e+01
5.1515151515e-01 -3.0303030303e-02 1.0895289667e+01
5.1515151515e-01 3.0303030303e-02 1.0895289667e+01
5.1515151515e-01 9.0909090909e-02 1.0120314428e+01
5.1515151515e-01 1.5151515152e-01 9.1061385890e+00
5.1515151515e-01 2.1212121212e-01 8.1485048951e+00
5.1515151515e-01 2.7272727273e-01 7.3146968268e+00
5.1515151515e-01 3.3333333333e-01 6.6021222894e+00
5.1515151515e-01 3.9393939394e-01 5.9940103527e+00
5.1515151515e-01 4.5454545455e-01 5.4731136923e+00
5.1515151515e-01 5.1515151515e-01 5.0245323670e+00
5.1515151515e-01 5.7575757576e-01 4.6359558194e+00
5.1515151515e-01 6.3636363636e-01 4.2973422687e+00
5.1515151515e-01 6.9696969697e-01 4.0005234884e+00
5.1515151515e-01 7.5757575758e-01 3.7388485762e+00
5.1515151515e-01 8.1818181818e-01 3.5068869622e+00
5.1515151515e-01 8.7878787879e-01 3.3001875970e+00
5.1515151515e-01 9.3939393939e-01 3.1150860380e+00
5.1515151515e-01 1.0000000000e+00 2.9485507899e+00
5.1515151515e-01 1.0606060606e+00 2.7980612015e+00
5.1515151515e-01 1.1212121212e+00 2.6615104662e+00
5.1515151515e-01 1.1818181818e+00 2.5371284680e+00
5.1515151515e-01 1.2424242424e+00 2.4234202710e+00
5.1515151515e-01 1.3030303030e+00 2.3191169241e+00
5.1515151515e-01 1.3636363636e+00 2.2231359702e+00
5.1515151515e-01 1.4242424242e+00 2.1345496137e+00
5.1515151515e-01 1.4848484848e+00 2.0525589479e+00
5.1515151515e-01 1.5454545455e+00 1.9764729944e+00
5.1515151515e-01 1.6060606061e+00 1.9056915759e+00
5.1515151515e-01 1.6666666667e+00 1.8396912573e+00
5.1515151515e-01 1.7272727273e+00 1.7780137514e+00
5.1515151515e-01 1.7878787879e+00 1.7202563133e+00
5.1515151515e-01 1.8484848485e+00 1.6660637478e+00
5.1515151515e-01 1.9090909091e+00 1.6151217288e+00
5.1515151515e-01 1.9696969697e+00 1.5671511925e+00
5.1515151515e-01 2.0303030303e+00 1.5219036117e+00
5.1515151515e-01 2.0909090909e+00 1.4791569974e+00
5.1515151515e-01 2.1515151515e+00 1.4387125024e+00
5.1515151515e-01 2.2121212121e+00 1.4003915254e+00
5.1515151515e-01 2.2727272727e+00 1.3640332332e+00
5.1515151515e-01 2.3333333333e+00 1.3294924334e+00
5.1515151515e-01 2.3939393939e+00 1.2966377412e+00
5.1515151515e-01 2.4545454545e+00 1.2653499952e+00
5.1515151515e-01 2.5151515152e+00 1.2355208840e+00
5.1515151515e-01 2.5757575758e+00 1.2070517520e+00
5.1515151515e-01 2.6363636364e+00 1.1798525572e+00
5.1515151515e-01 2.6969696970e+00 1.1538409605e+00
5.1515151515e-01 2.7575757576e+00 1.1289415268e+00
5.1515151515e-01 2.8181818182e+00 1.1050850226e+00
5.1515151515e-01 2.8787878788e+00 1.0822077968e+00
5.1515151515e-01 2.9393939394e+00 1.0602512339e+00
5.1515151515e-01 3.0000000000e+00 1.0391612694e+00

5.7575757576e-01 -3.0000000000e+00 1.0354227007e+00
5.7575757576e-01 -2.9393939394e+00 1.0562812440e+00
5.7575757576e-01 -2.8787878788e+00 1.0779869862e+00
5.7575757576e-01 -2.8181818182e+00 1.1005919272e+00
5.7575757576e-01 -2.7575757576e+00 1.1241523496e+00
5.7575757576e-01 -2.6969696970e+00 1.1487292629e+00
5.7575757576e-01 -2.6363636364e+00 1.1743889009e+00
5.7575757576e-01 -2.5757575758e+00 1.2012032841e+00
5.7575757576e-01 -2.5151515152e+00 1.2292508537e+00
5.7575757576e-01 -2.4545454545e+00 1.2586171895e+00
5.7575757576e-01 -2.3939393939e+00 1.2893958238e+00
5.7575757576e-01 -2.3333333333e+00 1.3216891667e+00
5.7575757576e-01 -2.2727272727e+00 1.3556095608e+00
5.7575757576e-01 -2.2121212121e+00 1.3912804850e+00
5.7575757576e-01 -2.1515151515e+00 1.4288379330e+00
5.7575757576e-01 -2.0909090909e+00 1.4684319950e+00
5.7575757576e-01 -2.0303030303e+00 1.5102286777e+00
5.7575757576e-01 -1.9696969697e+00 1.5544120025e+00
5.7575757576e-01 -1.9090909091e+00 1.6011864318e+00
5.7575757576e-01 -1.8484848485e+00 1.6507796809e+00
5.7575757576e-01 -1.7878787879e+00 1.7034459843e+00
5.7575757576e-01 -1.7272727273e+00 1.7594698995e+00
5.7575757576e-01 -1.6666666667e+00 1.8191707458e+00
5.7575757576e-01 -1.6060606061e+00 1.8829077957e+00
5.7575757576e-01 -1.5454545455e+00 1.9510863547e+00
5.7575757576e-01 -1.4848484848e+00 2.0241648944e+00
5.7575757576e-01 -1.4242424242e+00 2.1026634255e+00
5.7575757576e-01 -1.3636363636e+00 2.1871733285e+00
5.7575757576e-01 -1.3030303030e+00 2.2783688839e+00
5.7575757576e-01 -1.2424242424e+00 2.3770207618e+00
5.7575757576e-01 -1.1818181818e+00 2.4840117306e+00
5.7575757576e-01 -1.1212121212e+00 2.6003548058e+00
5.7575757576e-01 -1.0606060606e+00 2.7272139494e+00
5.7575757576e-01 -1.0000000000e+00 2.8659271891e+00
5.7575757576e-01 -9.3939393939e-01 3.0180315508e+00
5.7575757576e-01 -8.7878787879e-01 3.1852883089e+00
5.7575757576e-01 -8.1818181818e-01 3.3697054502e+00
5.7575757576e-01 -7.5757575758e-01 3.5735513860e+00
5.7575757576e-01 -6.9696969697e-01 3.7993489178e+00
5.7575757576e-01 -6.3636363636e-01 4.0498296838e+00
5.7575757576e-01 -5.7575757576e-01 4.3278141140e+00
5.7575757576e-01 -5.1515151515e-01 4.6359558194e+00
5.7575757576e-01 -4.5454545455e-01 4.9762454167e+00
5.7575757576e-01 -3.9393939394e-01 5.3490981136e+00
5.7575757576e-01 -3.3333333333e-01 5.7517484606e+00
5.7575757576e-01 -2.7272727273e-01 6.1755804557e+00
5.7575757576e-01 -2.1212121212e-01 6.6021222894e+00
5.7575757576e-01 -1.5151515152e-01 6.9983411721e+00
5.7575757576e-01 -9.0909090909e-02 7.3146968268e+00
5.7575757576e-01 -3.0303030303e-02 7.4936352916e+00
5.7575757576e-01 3.0303030303e-02 7.4936352916e+00
5.7575757576e-01 9.0909090909e-02 7.3146968268e+00
5.7575757576e-01 1.5151515152e-01 6.9983411721e+00
5.7575757576e-01 2.1212121212e-01 6.6021222894e+00
5.7575757576e-01 2.7272727273e-01 6.1755804557e+00
5.7575757576e-01 3.3333333333e-01 5.7517484606e+00
5.7575757576e-01 3.9393939394e-01 5.3490981136e+00
5.7575757576e-01 4.5454545455e-01 4.9762454167e+00
5.7575757576e-01 5.1515151515e-01 4.6359558194e+00
5.7575757576e-01 5.7575757576e-01 4.3278141140e+00
5.7575757576e-01 6.3636363636e-01 4.0498296838e+00
5.7575757576e-01 6.9696969697e-01 3.7993489178e+00
5.7575757576e-01 7.5757575758e-01 3.5735513860e+00
5.7575757576e-01 8.1818181818e-01 3.3697054502e+00
5.7575757576e-01 8.7878787879e-01 3.1852883089e+00
5.7575757576e-01 9.3939393939e-01 3.0180315508e+00
5.7575757576e-01 1.0000000000e+00 2.8659271891e+00
5.7575757576e-01 1.0606060606e+00 2.7272139494e+00
5.7575757576e-01 1.1212121212e+00 2.6003548058e+00
5.7575757576e-01 1.1818181818e+00 2.4840117306e+00
5.7575757576e-01 1.2424242424e+00 2.3770207618e+00
5.7575757576e-01 1.3030303030e+00 2.2783688839e+00
5.7575757576e-01 1.3636363636e+00 2.1871733285e+00
5.7575757576e-01 1.4242424242e+00 2.1026634255e+00
5.7575757576e-01 1.4848484848e+00 2.0241648944e+00
5.7575757576e-01 1.5454545455e+00 1.9510863547e+00
5.7575757576e-01 1.6060606061e+00 1.8829077957e+00
5.7575757576e-01 1.6666666667e+00 1.8191707458e+00
5.7575757576e-01 1.7272727273e+00 1.7594698995e+00
5.7575757576e-01 1.7878787879e+00 1.7034459843e+00
5.7575757576e-01 1.8484848485e+00 1.6507796809e+00
5.7575757576e-01 1.9090909091e+00 1.6011864318e+00
5.7575757576e-01 1.9696969697e+00 1.5544120025e+00
5.7575757576e-01 2.0303030303e+00 1.5102286777e+00
5.7575757576e-01 2.0909090909e+00 1.4684319950e+00
5.7575757576e-01 2.1515151515e+00 1.4288379330e+00
5.7575757576e-01 2.2121212121e+00 1.3912804850e+00
5.7575757576e-01 2.2727272727e+00 1.3556095608e+00
5.7575757576e-01 2.3333333333e+00 1.3216891667e+00
5.7575757576e-01 2.3939393939e+00 1.2893958238e+00
5.7575757576e-01 2.4545454545e+00 1.2586171895e+00
5.7575757576e-01 2.5151515152e+00 1.2292508537e+00
5.7575757576e-01 2.5757575758e+00 1.2012032841e+00
5.7575757576e-01 2.6363636364e+00 1.1743889009e+00
5.7575757576e-01 2.6969696970e+00 1.1487292629e+00
5.7575757576e-01 2.7575757576e+00 1.1241523496e+00
5.7575757576e-01 2.8181818182e+00 1.1005919272e+00
5.7575757576e-01 2.8787878788e+00 1.0779869862e+00
5.7575757576e-01 2.9393939394e+00 1.0562812440e+00
5.7575757576e-01 3.0000000000e+00 1.0354227007e+00

6.3636363636e-01 -3.0000000000e+00 1.0313156954e+00
6.3636363636e-01 -2.9393939394e+00 1.0519220282e+00
6.3636363636e-01 -2.8787878788e+00 1.0733546352e+00
6.3636363636e-01 -2.8181818182e+00 1.0956633175e+00
6.3636363636e-01 -2.7575757576e+00 1.1189018786e+00
6.3636363636e-01 -2.6969696970e+00 1.1431285252e+00
6.3636363636e-01 -2.6363636364e+00 1.1684063157e+00
6.3636363636e-01 -2.5757575758e+00 1.1948036637e+00
6.3636363636e-01 -2.5151515152e+00 1.2223949025e+00
6.3636363636e-01 -2.4545454545e+00 1.2512609206e+00
6.3636363636e-01 -2.3939393939e+00 1.2814898787e+00
6.3636363636e-01 -2.3333333333e+00 1.3131780177e+00
6.3636363636e-01 -2.2727272727e+00 1.3464305736e+00
6.3636363636e-01 -2.2121212121e+00 1.3813628128e+00
6.3636363636e-01 -2.1515151515e+00 1.4181012082e+00
6.3636363636e-01 -2.0909090909e+00 1.4567847743e+00
6.3636363636e-01 -2.0303030303e+00 1.4975665872e+00
6.3636363636e-01 -1.9696969697e+00 1.5406155172e+00
6.3636363636e-01 -1.9090909091e+00 1.5861182046e+00
6.3636363636e-01 -1.8484848485e+00 1.6342813165e+00
6.3636363636e-01 -1.7878787879e+00 1.6853341262e+00
6.3636363636e-01 -1.7272727273e+00 1.7395314595e+00
6.3636363636e-01 -1.6666666667e+00 1.7971570620e+00
6.3636363636e-01 -1.6060606061e+00 1.8585274411e+00
6.3636363636e-01 -1.5454545455e+00 1.9239962409e+00
6.3636363636e-01 -1.4848484848e+00 1.9939592063e+00
6.3636363636e-01 -1.4242424242e+00 2.0688597848e+00
6.3636363636e-01 -1.3636363636e+00 2.1491953964e+00
6.3636363636e-01 -1.3030303030e+00 2.2355243635e+00
6.3636363636e-01 -1.2424242424e+00 2.3284734290e+00
6.3636363636e-01 -1.1818181818e+00 2.4287456753e+00
6.3636363636e-01 -1.1212121212e+00 2.5371284680e+00
6.3636363636e-01 -1.0606060606e+00 2.6545007407e+00
6.3636363636e-01 -1.0000000000e+00 2.7818384396e+00
6.3636363636e-01 -9.3939393939e-01 2.9202161602e+00
6.3636363636e-01 -8.7878787879e-01 3.0708017670e+00
6.3636363636e-01 -8.1818181818e-01 3.2348388575e+00
6.3636363636e-01 -7.5757575758e-01 3.4136089767e+00
6.3636363636e-01 -6.9696969697e-01 3.6083610434e+00
6.3636363636e-01 -6.3636363636e-01 3.8201889860e+00
6.3636363636e-01 -5.7575757576e-01 4.0498296838e+00
6.3636363636e-01 -5.1515151515e-01 4.2973422687e+00
6.3636363636e-01 -4.5454545455e-01 4.5616192505e+00
6.3636363636e-01 -3.9393939394e-01 4.8396782168e+00
6.3636363636e-01 -3.3333333333e-01 5.1257111267e+00
6.3636363636e-01 -2.7272727273e-01 5.4099696083e+00
6.3636363636e-01 -2.1212121212e-01 5.6778035199e+00
6.3636363636e-01 -1.5151515152e-01 5.9095755670e+00
6.3636363636e-01 -9.0909090909e-02 6.0825536823e+00
6.3636363636e-01 -3.0303030303e-02 6.1755804557e+00
6.3636363636e-01 3.0303030303e-02 6.1755804557e+00
6.3636363636e-01 9.0909090909e-02 6.0825536823e+00
6.3636363636e-01 1.5151515152e-01 5.9095755670e+00
6.3636363636e-01 2.1212121212e-01 5.6778035199e+00
6.3636363636e-01 2.7272727273e-01 5.4099696083e+00
6.3636363636e-01 3.3333333333e-01 5.1257111267e+00
6.3636363636e-01 3.9393939394e-01 4.8396782168e+00
6.3636363636e-01 4.5454545455e-01 4.5616192505e+00
6.3636363636e-01 5.1515151515e-01 4.2973422687e+00
6.3636363636e-01 5.7575757576e-01 4.0498296838e+00
6.3636363636e-01 6.3636363636e-01 3.8201889860e+00
6.3636363636e-01 6.9696969697e-01 3.6083610434e+00
6.3636363636e-01 7.5757575758e-01 3.4136089767e+00
6.3636363636e-01 8.1818181818e-01 3.2348388575e+00
6.3636363636e-01 8.7878787879e-01 3.0708017670e+00
6.3636363636e-01 9.3939393939e-01 2.9202161602e+00
6.3636363636e-01 1.0000000000e+00 2.7818384396e+00
6.3636363636e-01 1.0606060606e+00 2.6545007407e+00
6.3636363636e-01 1.1212121212e+00 2.5371284680e+00
6.3636363636e-01 1.1818181818e+00 2.4287456753e+00
6.3636363636e-01 1.2424242424e+00 2.3284734290e+00
6.3636363636e-01 1.3030303030e+00 2.2355243635e+00
6.3636363636e-01 1.3636363636e+00 2.1491953964e+00
6.3636363636e-01 1.4242424242e+00 2.0688597848e+00
6.3636363636e-01 1.4848484848e+00 1.9939592063e+00
6.3636363636e-01 1.5454545455e+00 1.9239962409e+00
6.3636363636e-01 1.6060606061e+00 1.8585274411e+00
6.3636363636e-01 1.6666666667e+00 1.7971570620e+00
6.3636363636e-01 1.7272727273e+00 1.7395314595e+00
6.3636363636e-01 1.7878787879e+00 1.6853341262e+00
6.3636363636e-01 1.8484848485e+00 1.6342813165e+00
6.3636363636e-01 1.9090909091e+00 1.5861182046e+00
6.3636363636e-01 1.9696969697e+00 1.5406155172e+00
6.3636363636e-01 2.0303030303e+00 1.4975665872e+00
6.3636363636e-01 2.0909090909e+00 1.4567847743e+00
6.3636363636e-01 2.1515151515e+00 1.4181012082e+00
6.3636363636e-01 2.2121212121e+00 1.3813628128e+00
6.3636363636e-01 2.2727272727e+00 1.3464305736e+00
6.3636363636e-01 2.3333333333e+00 1.3131780177e+00
6.3636363636e-01 2.3939393939e+00 1.2814898787e+00
6.3636363636e-01 2.4545454545e+00 1.2512609206e+00
6.3636363636e-01 2.5151515152e+00 1.2223949025e+00
6.3636363636e-01 2.5757575758e+00 1.1948036637e+00
6.3636363636e-01 2.6363636364e+00 1.1684063157e+00
6.3636363636e-01 2.6969696970e+00 1.1431285252e+00
6.3636363636e-01 2.7575757576e+00 1.1189018786e+00
6.3636363636e-01 2.8181818182e+00 1.0956633175e+00
6.3636363636e-01 2.8787878788e+00 1.0733546352e+00
6.3636363636e-01 2.9393939394e+00 1.0519220282e+00
6.3636363636e-01 3.0000000000e+00 1.0313156954e+00

6.9696969697e-01 -3.0000000000e+00 1.0268539602e+00
6.9696969697e-01 -2.9393939394e+00 1.0471886808e+00
6.9696969697e-01 -2.8787878788e+00 1.0683273953e+00
6.9696969697e-01 -2.8181818182e+00 1.0903175970e+00
6.9696969697e-01 -2.7575757576e+00 1.1132104917e+00
6.9696969697e-01 -2.6969696970e+00 1.1370613562e+00
6.9696969697e-01 -2.6363636364e+00 1.1619299364e+00
6.9696969697e-01 -2.5757575758e+00 1.1878808922e+00
6.9696969697e-01 -2.5151515152e+00 1.2149842925e+00
6.9696969697e-01 -2.4545454545e+00 1.2433161701e+00
6.9696969697e-01 -2.3939393939e+00 1.2729591406e+00
6.9696969697e-01 -2.3333333333e+00 1.3040030970e+00
6.9696969697e-01 -2.2727272727e+00 1.3365459871e+00
6.9696969697e-01 -2.2121212121e+00 1.3706946860e+00
6.9696969697e-01 -2.1515151515e+00 1.4065659755e+00
6.9696969697e-01 -2.0909090909e+00 1.4442876442e+00
6.9696969697e-01 -2.0303030303e+00 1.4839997221e+00
6.9696969697e-01 -1.9696969697e+00 1.5258558681e+00
6.9696969697e-01 -1.9090909091e+00 1.5700249259e+00
6.9696969697e-01 -1.8484848485e+00 1.6166926685e+00
6.9696969697e-01 -1.7878787879e+00 1.6660637478e+00
6.9696969697e-01 -1.7272727273e+00 1.7183638696e+00
6.9696969697e-01 -1.6666666667e+00 1.7738422057e+00
6.9696969697e-01 -1.6060606061e+00 1.8327740535e+00
6.9696969697e-01 -1.5454545455e+00 1.8954637416e+00
6.9696969697e-01 -1.4848484848e+00 1.9622477599e+00
6.9696969697e-01 -1.4242424242e+00 2.0334980689e+00
6.9696969697e-01 -1.3636363636e+00 2.1096254934e+00
6.9696969697e-01 -1.3030303030e+00 2.1910830416e+00
6.9696969697e-01 -1.2424242424e+00 2.2783688839e+00
6.9696969697e-01 -1.1818181818e+00 2.3720285687e+00
6.9696969697e-01 -1.1212121212e+00 2.4726558221e+00
6.9696969697e-01 -1.0606060606e+00 2.5808909273e+00
6.9696969697e-01 -1.0000000000e+00 2.6974151797e+00
6.9696969697e-01 -9.3939393939e-01 2.8229391776e+00
6.9696969697e-01 -8.7878787879e-01 2.9581816716e+00
6.9696969697e-01 -8.1818181818e-01 3.1038342503e+00
6.9696969697e-01 -7.5757575758e-01 3.2605052088e+00
6.9696969697e-01 -6.9696969697e-01 3.4286335142e+00
6.9696969697e-01 -6.3636363636e-01 3.6083610434e+00
6.9696969697e-01 -5.7575757576e-01 3.7993489178e+00
6.9696969697e-01 -5.1515151515e-01 4.0005234884e+00
6.9696969697e-01 -4.5454545455e-01 4.2097428898e+00
6.9696969697e-01 -3.9393939394e-01 4.4233924313e+00
6.9696969697e-01 -3.3333333333e-01 4.6359558194e+00
6.9696969697e-01 -2.7272727273e-01 4.8396782168e+00
6.9696969697e-01 -2.1212121212e-01 5.0245323670e+00
6.9696969697e-01 -1.5151515152e-01 5.1787776750e+00
6.9696969697e-01 -9.0909090909e-02 5.2903590525e+00
6.9696969697e-01 -3.0303030303e-02 5.3490981136e+00
6.9696969697e-01 3.0303030303e-02 5.3490981136e+00
6.9696969697e-01 9.0909090909e-02 5.2903590525e+00
6.9696969697e-01 1.5151515152e-01 5.1787776750e+00
6.9696969697e-01 2.1212121212e-01 5.0245323670e+00
6.9696969697e-01 2.7272727273e-01 4.8396782168e+00
6.9696969697e-01 3.3333333333e-01 4.6359558194e+00
6.9696969697e-01 3.9393939394e-01 4.4233924313e+00
6.9696969697e-01 4.5454545455e-01 4.2097428898e+00
6.9696969697e-01 5.1515151515e-01 4.0005234884e+00
6.9696969697e-01 5.7575757576e-01 3.7993489178e+00
6.9696969697e-01 6.3636363636e-01 3.6083610434e+00
6.9696969697e-01 6.9696969697e-01 3.4286335142e+00
6.9696969697e-01 7.5757575758e-01 3.2605052088e+00
6.9696969697e-01 8.1818181818e-01 3.1038342503e+00
6.9696969697e-01 8.7878787879e-01 2.9581816716e+00
6.9696969697e-01 9.3939393939e-01 2.8229391776e+00
6.9696969697e-01 1.0000000000e+00 2.6974151797e+00
6.9696969697e-01 1.0606060606e+00 2.5808909273e+00
6.9696969697e-01 1.1212121212e+00 2.4726558221e+00
6.9696969697e-01 1.1818181818e+00 2.3720285687e+00
6.9696969697e-01 1.2424242424e+00 2.2783688839e+00
6.9696969697e-01 1.3030303030e+00 2.1910830416e+00
6.9696969697e-01 1.3636363636e+00 2.1096254934e+00
6.9696969697e-01 1.4242424242e+00 2.0334980689e+00
6.9696969697e-01 1.4848484848e+00 1.9622477599e+00
6.9696969697e-01 1.5454545455e+00 1.8954637416e+00
6.9696969697e-01 1.6060606061e+00 1.8327740535e+00
6.9696969697e-01 1.6666666667e+00 1.7738422057e+00
6.9696969697e-01 1.7272727273e+00 1.7183638696e+00
6.9696969697e-01 1.7878787879e+00 1.6660637478e+00
6.9696969697e-01 1.8484848485e+00 1.6166926685e+00
6.9696969697e-01 1.9090909091e+00 1.5700249259e+00
6.9696969697e-01 1.9696969697e+00 1.5258558681e+00
6.9696969697e-01 2.0303030303e+00 1.4839997221e+00
6.9696969697e-01 2.0909090909e+00 1.4442876442e+00
6.9696969697e-01 2.1515151515e+00 1.4065659755e+00
6.9696969697e-01 2.2121212121e+00 1.3706946860e+00
6.9696969697e-01 2.2727272727e+00 1.3365459871e+00
6.9696969697e-01 2.3333333333e+00 1.3040030970e+00
6.9696969697e-01 2.3939393939e+00 1.2729591406e+00
6.9696969697e-01 2.4545454545e+00 1.2433161701e+00
6.9696969697e-01 2.5151515152e+00 1.2149842925e+00
6.9696969697e-01 2.5757575758e+00 1.1878808922e+00
6.9696969697e-01 2.6363636364e+00 1.1619299364e+00
6.9696969697e-01 2.6969696970e+00 1.1370613562e+00
6.9696969697e-01 2.7575757576e+00 1.1132104917e+00
6.9696969697e-01 2.8181818182e+00 1.0903175970e+00
6.9696969697e-01 2.8787878788e+00 1.0683273953e+00
6.9696969697e-01 2.9393939394e+00 1.0471886808e+00
6.9696969697e-01 3.0000000000e+00 1.0268539602e+00

7.5757575758e-01 -3.0000000000e+00 1.0220520533e+00
7.5757575758e-01 -2.9393939394e+00 1.0420972108e+00
7.5757575758e-01 -2.8787878788e+00 1.0629229006e+00
7.5757575758e-01 -2.8181818182e+00 1.0845742232e+00
7.5757575758e-01 -2.7575757576e+00 1.1070996972e+00
7.5757575758e-01 -2.6969696970e+00 1.1305515747e+00
7.5757575758e-01 -2.6363636364e+00 1.1549861907e+00
7.5757575758e-01 -2.5757575758e+00 1.1804643494e+00
7.5757575758e-01 -2.5151515152e+00 1.2070517520e+00
7.5757575758e-01 -2.4545454545e+00 1.2348194716e+00
7.5757575758e-01 -2.3939393939e+00 1.2638444786e+00
7.5757575758e-01 -2.3333333333e+00 1.2942102245e+00
7.5757575758e-01 -2.2727272727e+00 1.3260072885e+00
7.5757575758e-01 -2.2121212121e+00 1.3593340944e+00
7.5757575758e-01 -2.1515151515e+00 1.3942977050e+00
7.5757575758e-01 -2.0909090909e+00 1.4310147005e+00
7.5757575758e-01 -2.0303030303e+00 1.4696121494e+00
7.5757575758e-01 -1.9696969697e+00 1.5102286777e+00
7.5757575758e-01 -1.9090909091e+00 1.5530156422e+00
7.5757575758e-01 -1.8484848485e+00 1.5981384130e+00
7.5757575758e-01 -1.7878787879e+00 1.6457777652e+00
7.5757575758e-01 -1.7272727273e+00 1.6961313744e+00
7.5757575758e-01 -1.6666666667e+00 1.7494154054e+00
7.5757575758e-01 -1.6060606061e+00 1.8058661680e+00
7.5757575758e-01 -1.5454545455e+00 1.8657417977e+00
7.5757575758e-01 -1.4848484848e+00 1.9293238928e+00
7.5757575758e-01 -1.4242424242e+00 1.9969189994e+00
7.5757575758e-01 -1.3636363636e+00 2.0688597848e+00
7.5757575758e-01 -1.3030303030e+00 2.1455056566e+00
7.5757575758e-01 -1.2424242424e+00 2.2272424774e+00
7.5757575758e-01 -1.1818181818e+00 2.3144808682e+00
7.5757575758e-01 -1.1212121212e+00 2.4076523741e+00
7.5757575758e-01 -1.0606060606e+00 2.5072024714e+00
7.5757575758e-01 -1.0000000000e+00 2.6135789840e+00
7.5757575758e-01 -9.3939393939e-01 2.7272139494e+00
7.5757575758e-01 -8.7878787879e-01 2.8484962839e+00
7.5757575758e-01 -8.1818181818e-01 2.9777317773e+00
7.5757575758e-01 -7.5757575758e-01 3.1150860380e+00
7.5757575758e-01 -6.9696969697e-01 3.2605052088e+00
7.5757575758e-01 -6.3636363636e-01 3.4136089767e+00
7.5757575758e-01 -5.7575757576e-01 3.5735513860e+00
7.5757575758e-01 -5.1515151515e-01 3.7388485762e+00
7.5757575758e-01 -4.5454545455e-01 3.9071808105e+00
7.5757575758e-01 -3.9393939394e-01 4.0751914571e+00
7.5757575758e-01 -3.3333333333e-01 4.2383295013e+00
7.5757575758e-01 -2.7272727273e-01 4.3908123833e+00
7.5757575758e-01 -2.1212121212e-01 4.5258111633e+00
7.5757575758e-01 -1.5151515152e-01 4.6359558194e+00
7.5757575758e-01 -9.0909090909e-02 4.7141928500e+00
7.5757575758e-01 -3.0303030303e-02 4.7548867592e+00
7.5757575758e-01 3.0303030303e-02 4.7548867592e+00
7.5757575758e-01 9.0909090909e-02 4.7141928500e+00
7.5757575758e-01 1.5151515152e-01 4.6359558194e+00
7.5757575758e-01 2.1212121212e-01 4.5258111633e+00
7.5757575758e-01 2.7272727273e-01 4.3908123833e+00
7.5757575758e-01 3.3333333333e-01 4.2383295013e+00
7.5757575758e-01 3.9393939394e-01 4.0751914571e+00
7.5757575758e-01 4.5454545455e-01 3.9071808105e+00
7.5757575758e-01 5.1515151515e-01 3.7388485762e+00
7.5757575758e-01 5.7575757576e-01 3.5735513860e+00
7.5757575758e-01 6.3636363636e-01 3.4136089767e+00
7.5757575758e-01 6.9696969697e-01 3.2605052088e+00
7.5757575758e-01 7.5757575758e-01 3.1150860380e+00
7.5757575758e-01 8.1818181818e-01 2.9777317773e+00
7.5757575758e-01 8.7878787879e-01 2.8484962839e+00
7.5757575758e-01 9.3939393939e-01 2.7272139494e+00
7.5757575758e-01 1.0000000000e+00 2.6135789840e+00
7.5757575758e-01 1.0606060606e+00 2.5072024714e+00
7.5757575758e-01 1.1212121212e+00 2.4076523741e+00
7.5757575758e-01 1.1818181818e+00 2.3144808682e+00
7.5757575758e-01 1.2424242424e+00 2.2272424774e+00
7.5757575758e-01 1.3030303030e+00 2.1455056566e+00
7.5757575758e-01 1.3636363636e+00 2.0688597848e+00
7.5757575758e-01 1.4242424242e+00 1.9969189994e+00
7.5757575758e-01 1.4848484848e+00 1.9293238928e+00
7.5757575758e-01 1.5454545455e+00 1.8657417977e+00
7.5757575758e-01 1.6060606061e+00 1.8058661680e+00
7.5757575758e-01 1.6666666667e+00 1.7494154054e+00
7.5757575758e-01 1.7272727273e+00 1.6961313744e+00
7.5757575758e-01 1.7878787879e+00 1.6457777652e+00
7.5757575758e-01 1.8484848485e+00 1.5981384130e+00
7.5757575758e-01 1.9090909091e+00 1.5530156422e+00
7.5757575758e-01 1.9696969697e+00 1.5102286777e+00
7.5757575758e-01 2.0303030303e+00 1.4696121494e+00
7.5757575758e-01 2.0909090909e+00 1.4310147005e+00
7.5757575758e-01 2.1515151515e+00 1.3942977050e+00
7.5757575758e-01 2.2121212121e+00 1.3593340944e+00
7.5757575758e-01 2.2727272727e+00 1.3260072885e+00
7.5757575758e-01 2.3333333333e+00 1.2942102245e+00
7.5757575758e-01 2.3939393939e+00 1.2638444786e+00
7.5757575758e-01 2.4545454545e+00 1.2348194716e+00
7.5757575758e-01 2.5151515152e+00 1.2070517520e+00
7.5757575758e-01 2.5757575758e+00 1.1804643494e+00
7.5757575758e-01 2.6363636364e+00 1.1549861907e+00
7.5757575758e-01 2.6969696970e+00 1.1305515747e+00
7.5757575758e-01 2.7575757576e+00 1.1070996972e+00
7.5757575758e-01 2.8181818182e+00 1.0845742232e+00
7.5757575758e-01 2.8787878788e+00 1.0629229006e+00
7.5757575758e-01 2.9393939394e+00 1.0420972108e+00
7.5757575758e-01 3.0000000000e+00 1.0220520533e+00

8.1818181818e-01 -3.0000000000e+00 1.0169252619e+00
8.1818181818e-01 -2.9393939394e+00 1.0366644029e+00
8.1818181818e-01 -2.8787878788e+00 1.0571596091e+00
8.1818181818e-01 -2.8181818182e+00 1.0784535275e+00
8.1818181818e-01 -2.7575757576e+00 1.1005919272e+00
8.1818181818e-01 -2.6969696970e+00 1.1236239734e+00
8.1818181818e-01 -2.6363636364e+00 1.1476025287e+00
8.1818181818e-01 -2.5757575758e+00 1.1725844829e+00
8.1818181818e-01 -2.5151515152e+00 1.1986311160e+00
8.1818181818e-01 -2.4545454545e+00 1.2258084962e+00
8.1818181818e-01 -2.3939393939e+00 1.2541879166e+00
8.1818181818e-01 -2.3333333333e+00 1.2838463736e+00
8.1818181818e-01 -2.2727272727e+00 1.3148670904e+00
8.1818181818e-01 -2.2121212121e+00 1.3473400890e+00
8.1818181818e-01 -2.1515151515e+00 1.3813628128e+00
8.1818181818e-01 -2.0909090909e+00 1.4170408022e+00
8.1818181818e-01 -2.0303030303e+00 1.4544884247e+00
8.1818181818e-01 -1.9696969697e+00 1.4938296583e+00
8.1818181818e-01 -1.9090909091e+00 1.5351989244e+00
8.1818181818e-01 -1.8484848485e+00 1.5787419647e+00
8.1818181818e-01 -1.7878787879e+00 1.6246167485e+00
8.1818181818e-01 -1.7272727273e+00 1.6729943903e+00
8.1818181818e-01 -1.6666666667e+00 1.7240600475e+00
8.1818181818e-01 -1.6060606061e+00 1.7780137514e+00
8.1818181818e-01 -1.5454545455e+00 1.8350711035e+00
8.1818181818e-01 -1.4848484848e+00 1.8954637416e+00
8.1818181818e-01 -1.4242424242e+00 1.9594394382e+00
8.1818181818e-01 -1.3636363636e+00 2.0272616398e+00
8.1818181818e-01 -1.3030303030e+00 2.0992081803e+00
8.1818181818e-01 -1.2424242424e+00 2.1755688050e+00
8.1818181818e-01 -1.1818181818e+00 2.2566410055e+00
8.1818181818e-01 -1.1212121212e+00 2.3427234963e+00
8.1818181818e-01 -1.0606060606e+00 2.4341064408e+00
8.1818181818e-01 -1.0000000000e+00 2.5310572620e+00
8.1818181818e-01 -9.3939393939e-01 2.6338005465e+00
8.1818181818e-01 -8.7878787879e-01 2.7424901957e+00
8.1818181818e-01 -8.1818181818e-01 2.8571716466e+00
8.1818181818e-01 -7.5757575758e-01 2.9777317773e+00
8.1818181818e-01 -6.9696969697e-01 3.1038342503e+00
8.1818181818e-01 -6.3636363636e-01 3.2348388575e+00
8.1818181818e-01 -5.7575757576e-01 3.3697054502e+00
8.1818181818e-01 -5.1515151515e-01 3.5068869622e+00
8.1818181818e-01 -4.5454545455e-01 3.6442225906e+00
8.1818181818e-01 -3.9393939394e-01 3.7788517279e+00
8.1818181818e-01 -3.3333333333e-01 3.9071808105e+00
8.1818181818e-01 -2.7272727273e-01 4.0249453891e+00
8.1818181818e-01 -2.1212121212e-01 4.1274113816e+00
8.1818181818e-01 -1.5151515152e-01 4.2097428898e+00
8.1818181818e-01 -9.0909090909e-02 4.2675218775e+00
8.1818181818e-01 -3.0303030303e-02 4.2973422687e+00
8.1818181818e-01 3.0303030303e-02 4.2973422687e+00
8.1818181818e-01 9.0909090909e-02 4.2675218775e+00
8.1818181818e-01 1.5151515152e-01 4.2097428898e+00
8.1818181818e-01 2.1212121212e-01 4.1274113816e+00
8.1818181818e-01 2.7272727273e-01 4.0249453891e+00
8.1818181818e-01 3.3333333333e-01 3.9071808105e+00
8.1818181818e-01 3.9393939394e-01 3.7788517279e+00
8.1818181818e-01 4.5454545455e-01 3.6442225906e+00
8.1818181818e-01 5.1515151515e-01 3.5068869622e+00
8.1818181818e-01 5.7575757576e-01 3.3697054502e+00
8.1818181818e-01 6.3636363636e-01 3.2348388575e+00
8.1818181818e-01 6.9696969697e-01 3.1038342503e+00
8.1818181818e-01 7.5757575758e-01 2.9777317773e+00
8.1818181818e-01 8.1818181818e-01 2.8571716466e+00
8.1818181818e-01 8.7878787879e-01 2.7424901957e+00
8.1818181818e-01 9.3939393939e-01 2.6338005465e+00
8.1818181818e-01 1.0000000000e+00 2.5310572620e+00
8.1818181818e-01 1.0606060606e+00 2.4341064408e+00
8.1818181818e-01 1.1212121212e+00 2.3427234963e+00
8.1818181818e-01 1.1818181818e+00 2.2566410055e+00
8.1818181818e-01 1.2424242424e+00 2.1755688050e+00
8.1818181818e-01 1.3030303030e+00 2.0992081803e+00
8.1818181818e-01 1.3636363636e+00 2.0272616398e+00
8.1818181818e-01 1.4242424242e+00 1.9594394382e+00
8.1818181818e-01 1.4848484848e+00 1.8954637416e+00
8.1818181818e-01 1.5454545455e+00 1.8350711035e+00
8.1818181818e-01 1.6060606061e+00 1.7780137514e+00
8.1818181818e-01 1.6666666667e+00 1.7240600475e+00
8.1818181818e-01 1.7272727273e+00 1.6729943903e+00
8.1818181818e-01 1.7878787879e+00 1.6246167485e+00
8.1818181818e-01 1.8484848485e+00 1.5787419647e+00
8.1818181818e-01 1.9090909091e+00 1.5351989244e+00
8.1818181818e-01 1.9696969697e+00 1.4938296583e+00
8.1818181818e-01 2.0303030303e+00 1.4544884247e+00
8.1818181818e-01 2.0909090909e+00 1.4170408022e+00
8.1818181818e-01 2.1515151515e+00 1.3813628128e+00
8.1818181818e-01 2.2121212121e+00 1.3473400890e+00
8.1818181818e-01 2.2727272727e+00 1.3148670904e+00
8.1818181818e-01 2.3333333333e+00 1.2838463736e+00
8.1818181818e-01 2.3939393939e+00 1.2541879166e+00
8.1818181818e-01 2.4545454545e+00 1.2258084962e+00
8.1818181818e-01 2.5151515152e+00 1.1986311160e+00
8.1818181818e-01 2.5757575758e+00 1.1725844829e+00
8.1818181818e-01 2.6363636364e+00 1.1476025287e+00
8.1818181818e-01 2.6969696970e+00 1.1236239734e+00
8.1818181818e-01 2.7575757576e+00 1.1005919272e+00
8.1818181818e-01 2.8181818182e+00 1.0784535275e+00
8.1818181818e-01 2.8787878788e+00 1.0571596091e+00
8.1818181818e-01 2.9393939394e+00 1.0366644029e+00
8.1818181818e-01 3.0000000000e+00 1.0169252619e+00

8.7878787879e-01 -3.0000000000e+00 1.0114894792e+00
8.7878787879e-01 -2.9393939394e+00 1.0309076777e+00
8.7878787879e-01 -2.8787878788e+00 1.0510566444e+00
8.7878787879e-01 -2.8181818182e+00 1.0719765347e+00
8.7878787879e-01 -2.7575757576e+00 1.0937103327e+00
8.7878787879e-01 -2.6969696970e+00 1.1163040852e+00
8.7878787879e-01 -2.6363636364e+00 1.1398071559e+00
8.7878787879e-01 -2.5757575758e+00 1.1642725023e+00
8.7878787879e-01 -2.5151515152e+00 1.1897569767e+00
8.7878787879e-01 -2.4545454545e+00 1.2163216515e+00
8.7878787879e-01 -2.3939393939e+00 1.2440321727e+00
8.7878787879e-01 -2.3333333333e+00 1.2729591406e+00
8.7878787879e-01 -2.2727272727e+00 1.3031785193e+00
8.7878787879e-01 -2.2121212121e+00 1.3347720757e+00
8.7878787879e-01 -2.1515151515e+00 1.3678278459e+00
8.7878787879e-01 -2.0909090909e+00 1.4024406291e+00
8.7878787879e-01 -2.0303030303e+00 1.4387125024e+00
8.7878787879e-01 -1.9696969697e+00 1.4767533531e+00
8.7878787879e-01 -1.9090909091e+00 1.5166814159e+00
8.7878787879e-01 -1.8484848485e+00 1.5586238022e+00
8.7878787879e-01 -1.7878787879e+00 1.6027169992e+00
8.7878787879e-01 -1.7272727273e+00 1.6491073088e+00
8.7878787879e-01 -1.6666666667e+00 1.6979511841e+00
8.7878787879e-01 -1.6060606061e+00 1.7494154054e+00
8.7878787879e-01 -1.5454545455e+00 1.8036770162e+00
8.7878787879e-01 -1.4848484848e+00 1.8609229110e+00
8.7878787879e-01 -1.4242424242e+00 1.9213489307e+00
8.7878787879e-01 -1.3636363636e+00 1.9851582707e+00
8.7878787879e-01 -1.3030303030e+00 2.0525589479e+00
8.7878787879e-01 -1.2424242424e+00 2.1237599883e+00
8.7878787879e-01 -1.1818181818e+00 2.1989659012e+00
8.7878787879e-01 -1.1212121212e+00 2.2783688839e+00
8.7878787879e-01 -1.0606060606e+00 2.3621380571e+00
8.7878787879e-01 -1.0000000000e+00 2.4504048776e+00
8.7878787879e-01 -9.3939393939e-01 2.5432437200e+00
8.7878787879e-01 -8.7878787879e-01 2.6406465006e+00
8.7878787879e-01 -8.1818181818e-01 2.7424901957e+00
8.7878787879e-01 -7.5757575758e-01 2.8484962839e+00
8.7878787879e-01 -6.9696969697e-01 2.9581816716e+00
8.7878787879e-01 -6.3636363636e-01 3.0708017670e+00
8.7878787879e-01 -5.7575757576e-01 3.1852883089e+00
8.7878787879e-01 -5.1515151515e-01 3.3001875970e+00
8.7878787879e-01 -4.5454545455e-01 3.4136089767e+00
8.7878787879e-01 -3.9393939394e-01 3.5231984599e+00
8.7878787879e-01 -3.3333333333e-01 3.6261569967e+00
8.7878787879e-01 -2.7272727273e-01 3.7193248056e+00
8.7878787879e-01 -2.1212121212e-01 3.7993489178e+00
8.7878787879e-01 -1.5151515152e-01 3.8629374737e+00
8.7878787879e-01 -9.0909090909e-02 3.9071808105e+00
8.7878787879e-01 -3.0303030303e-02 3.9298911328e+00
8.7878787879e-01 3.0303030303e-02 3.9298911328e+00
8.7878787879e-01 9.0909090909e-02 3.9071808105e+00
8.7878787879e-01 1.5151515152e-01 3.8629374737e+00
8.7878787879e-01 2.1212121212e-01 3.7993489178e+00
8.7878787879e-01 2.7272727273e-01 3.7193248056e+00
8.7878787879e-01 3.3333333333e-01 3.6261569967e+00
8.7878787879e-01 3.9393939394e-01 3.5231984599e+00
8.7878787879e-01 4.5454545455e-01 3.4136089767e+00
8.7878787879e-01 5.1515151515e-01 3.3001875970e+00
8.7878787879e-01 5.7575757576e-01 3.1852883089e+00
8.7878787879e-01 6.3636363636e-01 3.0708017670e+00
8.7878787879e-01 6.9696969697e-01 2.9581816716e+00
8.7878787879e-01 7.5757575758e-01 2.8484962839e+00
8.7878787879e-01 8.1818181818e-01 2.7424901957e+00
8.7878787879e-01 8.7878787879e-01 2.6406465006e+00
8.7878787879e-01 9.3939393939e-01 2.5432437200e+00
8.7878787879e-01 1.0000000000e+00 2.4504048776e+00
8.7878787879e-01 1.0606060606e+00 2.3621380571e+00
8.7878787879e-01 1.1212121212e+00 2.2783688839e+00
8.7878787879e-01 1.1818181818e+00 2.1989659012e+00
8.7878787879e-01 1.2424242424e+00 2.1237599883e+00
8.7878787879e-01 1.3030303030e+00 2.0525589479e+00
8.7878787879e-01 1.3636363636e+00 1.9851582707e+00
8.7878787879e-01 1.4242424242e+00 1.9213489307e+00
8.7878787879e-01 1.4848484848e+00 1.8609229110e+00
8.7878787879e-01 1.5454545455e+00 1.8036770162e+00
8.7878787879e-01 1.6060606061e+00 1.7494154054e+00
8.7878787879e-01 1.6666666667e+00 1.6979511841e+00
8.7878787879e-01 1.7272727273e+00 1.6491073088e+00
8.7878787879e-01 1.7878787879e+00 1.6027169992e+00
8.7878787879e-01 1.8484848485e+00 1.5586238022e+00
8.7878787879e-01 1.9090909091e+00 1.5166814159e+00
8.7878787879e-01 1.9696969697e+00 1.4767533531e+00
8.7878787879e-01 2.0303030303e+00 1.4387125024e+00
8.7878787879e-01 2.0909090909e+00 1.4024406291e+00
8.7878787879e-01 2.1515151515e+00 1.3678278459e+00
8.7878787879e-01 2.2121212121e+00 1.3347720757e+00
8.7878787879e-01 2.2727272727e+00 1.3031785193e+00
8.7878787879e-01 2.3333333333e+00 1.2729591406e+00
8.7878787879e-01 2.3939393939e+00 1.2440321727e+00
8.7878787879e-01 2.4545454545e+00 1.2163216515e+00
8.7878787879e-01 2.5151515152e+00 1.1897569767e+00
8.7878787879e-01 2.5757575758e+00 1.1642725023e+00
8.7878787879e-01 2.6363636364e+00 1.1398071559e+00
8.7878787879e-01 2.6969696970e+00 1.1163040852e+00
8.7878787879e-01 2.7575757576e+00 1.0937103327e+00
8.7878787879e-01 2.8181818182e+00 1.0719765347e+00
8.7878787879e-01 2.8787878788e+00 1.0510566444e+00
8.7878787879e-01 2.9393939394e+00 1.0309076777e+00
8.7878787879e-01 3.0000000000e+00 1.0114894792e+00

9.3939393939e-01 -3.0000000000e+00 1.0057610809e+00
9.3939393939e-01 -2.9393939394e+00 1.0248449536e+00
9.3939393939e-01 -2.8787878788e+00 1.0446336392e+00
9.3939393939e-01 -2.8181818182e+00 1.0651647863e+00
9.3939393939e-01 -2.7575757576e+00 1.0864785836e+00
9.3939393939e-01 -2.6969696970e+00 1.1086179561e+00
9.3939393939e-01 -2.6363636364e+00 1.1316287754e+00
9.3939393939e-01 -2.5757575758e+00 1.1555600863e+00
9.3939393939e-01 -2.5151515152e+00 1.1804643494e+00
9.3939393939e-01 -2.4545454545e+00 1.2063976999e+00
9.3939393939e-01 -2.3939393939e+00 1.2334202236e+00
9.3939393939e-01 -2.3333333333e+00 1.2615962477e+00
9.3939393939e-01 -2.2727272727e+00 1.2909946480e+00
9.3939393939e-01 -2.2121212121e+00 1.3216891667e+00
9.3939393939e-01 -2.1515151515e+00 1.3537587412e+00
9.3939393939e-01 -2.0909090909e+00 1.3872878360e+00
9.3939393939e-01 -2.0303030303e+00 1.4223667714e+00
9.3939393939e-01 -1.9696969697e+00 1.4590920387e+00
9.3939393939e-01 -1.9090909091e+00 1.4975665872e+00
9.3939393939e-01 -1.8484848485e+00 1.5379000636e+00
9.3939393939e-01 -1.7878787879e+00 1.5802089758e+00
9.3939393939e-01 -1.7272727273e+00 1.6246167485e+00
9.3939393939e-01 -1.6666666667e+00 1.6712536188e+00
9.3939393939e-01 -1.6060606061e+00 1.7202563133e+00
9.3939393939e-01 -1.5454545455e+00 1.7717674220e+00
9.3939393939e-01 -1.4848484848e+00 1.8259343624e+00
9.3939393939e-01 -1.4242424242e+00 1.8829077957e+00
9.3939393939e-01 -1.3636363636e+00 1.9428393174e+00
9.3939393939e-01 -1.3030303030e+00 2.0058781954e+00
9.3939393939e-01 -1.2424242424e+00 2.0721668733e+00
9.3939393939e-01 -1.1818181818e+00 2.1418348874e+00
9.3939393939e-01 -1.1212121212e+00 2.2149907720e+00
9.3939393939e-01 -1.0606060606e+00 2.2917114542e+00
9.3939393939e-01 -1.0000000000e+00 2.3720285687e+00
9.3939393939e-01 -9.3939393939e-01 2.4559110925e+00
9.3939393939e-01 -8.7878787879e-01 2.5432437200e+00
9.3939393939e-01 -8.1818181818e-01 2.6338005465e+00
9.3939393939e-01 -7.5757575758e-01 2.7272139494e+00
9.3939393939e-01 -6.9696969697e-01 2.8229391776e+00
9.3939393939e-01 -6.3636363636e-01 2.9202161602e+00
9.3939393939e-01 -5.7575757576e-01 3.0180315508e+00
9.3939393939e-01 -5.1515151515e-01 3.1150860380e+00
9.3939393939e-01 -4.5454545455e-01 3.2097743396e+00
9.3939393939e-01 -3.9393939394e-01 3.3001875970e+00
9.3939393939e-01 -3.3333333333e-01 3.3841492282e+00
9.3939393939e-01 -2.7272727273e-01 3.4592943718e+00
9.3939393939e-01 -2.1212121212e-01 3.5231984599e+00
9.3939393939e-01 -1.5151515152e-01 3.5735513860e+00
9.3939393939e-01 -9.0909090909e-02 3.6083610434e+00
9.3939393939e-01 -3.0303030303e-02 3.6261569967e+00
9.3939393939e-01 3.0303030303e-02 3.6261569967e+00
9.3939393939e-01 9.0909090909e-02 3.6083610434e+00
9.3939393939e-01 1.5151515152e-01 3.5735513860e+00
9.3939393939e-01 2.1212121212e-01 3.5231984599e+00
9.3939393939e-01 2.7272727273e-01 3.4592943718e+00
9.3939393939e-01 3.3333333333e-01 3.3841492282e+00
9.3939393939e-01 3.9393939394e-01 3.3001875970e+00
9.3939393939e-01 4.5454545455e-01 3.2097743396e+00
9.3939393939e-01 5.1515151515e-01 3.1150860380e+00
9.3939393939e-01 5.7575757576e-01 3.0180315508e+00
9.3939393939e-01 6.3636363636e-01 2.9202161602e+00
9.3939393939e-01 6.9696969697e-01 2.8229391776e+00
9.3939393939e-01 7.5757575758e-01 2.7272139494e+00
9.3939393939e-01 8.1818181818e-01 2.6338005465e+00
9.3939393939e-01 8.7878787879e-01 2.5432437200e+00
9.3939393939e-01 9.3939393939e-01 2.4559110925e+00
9.3939393939e-01 1.0000000000e+00 2.3720285687e+00
9.3939393939e-01 1.0606060606e+00 2.2917114542e+00
9.3939393939e-01 1.1212121212e+00 2.2149907720e+00
9.3939393939e-01 1.1818181818e+00 2.1418348874e+00
9.3939393939e-01 1.2424242424e+00 2.0721668733e+00
9.3939393939e-01 1.3030303030e+00 2.0058781954e+00
9.3939393939e-01 1.3636363636e+00 1.9428393174e+00
9.3939393939e-01 1.4242424242e+00 1.8829077957e+00
9.3939393939e-01 1.4848484848e+00 1.8259343624e+00
9.3939393939e-01 1.5454545455e+00 1.7717674220e+00
9.3939393939e-01 1.6060606061e+00 1.7202563133e+00
9.3939393939e-01 1.6666666667e+00 1.6712536188e+00
9.3939393939e-01 1.7272727273e+00 1.6246167485e+00
9.3939393939e-01 1.7878787879e+00 1.5802089758e+00
9.3939393939e-01 1.8484848485e+00 1.5379000636e+00
9.3939393939e-01 1.9090909091e+00 1.4975665872e+00
9.3939393939e-01 1.9696969697e+00 1.4590920387e+00
9.3939393939e-01 2.0303030303e+00 1.4223667714e+00
9.3939393939e-01 2.0909090909e+00 1.3872878360e+00
9.3939393939e-01 2.1515151515e+00 1.3537587412e+00
9.3939393939e-01 2.2121212121e+00 1.3216891667e+00
9.3939393939e-01 2.2727272727e+00 1.2909946480e+00
9.3939393939e-01 2.3333333333e+00 1.2615962477e+00
9.3939393939e-01 2.3939393939e+00 1.2334202236e+00
9.3939393939e-01 2.4545454545e+00 1.2063976999e+00
9.3939393939e-01 2.5151515152e+00 1.1804643494e+00
9.3939393939e-01 2.5757575758e+00 1.1555600863e+00
9.3939393939e-01 2.6363636364e+00 1.1316287754e+00
9.3939393939e-01 2.6969696970e+00 1.1086179561e+00
9.3939393939e-01 2.7575757576e+00 1.0864785836e+00
9.3939393939e-01 2.8181818182e+00 1.0651647863e+00
9.3939393939e-01 2.8787878788e+00 1.0446336392e+00
9.3939393939e-01 2.9393939394e+00 1.0248449536e+00
9.3939393939e-01 3.0000000000e+00 1.0057610809e+00

1.0000000000e+00 -3.0000000000e+00 9.9975680548e-01
1.0000000000e+00 -2.9393939394e+00 1.0184945109e+00
1.0000000000e+00 -2.8787878788e+00 1.0379105834e+00
1.0000000000e+00 -2.8181818182e+00 1.0580401694e+00
1.0000000000e+00 -2.7575757576e+00 1.0789206751e+00
1.0000000000e+00 -2.6969696970e+00 1.1005919272e+00
1.0000000000e+00 -2.6363636364e+00 1.1230963416e+00
1.0000000000e+00 -2.5757575758e+00 1.1464791039e+00
1.0000000000e+00 -2.5151515152e+00 1.1707883579e+00
1.0000000000e+00 -2.4545454545e+00 1.1960754037e+00
1.0000000000e+00 -2.3939393939e+00 1.2223949025e+00
1.0000000000e+00 -2.3333333333e+00 1.2498050881e+00
1.0000000000e+00 -2.2727272727e+00 1.2783679805e+00
1.0000000000e+00 -2.2121212121e+00 1.3081495991e+00
1.0000000000e+00 -2.1515151515e+00 1.3392201689e+00
1.0000000000e+00 -2.0909090909e+00 1.3716543137e+00
1.0000000000e+00 -2.0303030303e+00 1.4055312257e+00
1.0000000000e+00 -1.9696969697e+00 1.4409347990e+00
1.0000000000e+00 -1.9090909091e+00 1.4779537088e+00
1.0000000000e+00 -1.8484848485e+00 1.5166814159e+00
1.0000000000e+00 -1.7878787879e+00 1.5572160654e+00
1.0000000000e+00 -1.7272727273e+00 1.5996602434e+00
1.0000000000e+00 -1.6666666667e+00 1.6441205427e+00
1.0000000000e+00 -1.6060606061e+00 1.6907068763e+00
1.0000000000e+00 -1.5454545455e+00 1.7395314595e+00
1.0000000000e+00 -1.4848484848e+00 1.7907073639e+00
1.0000000000e+00 -1.4242424242e+00 1.8443465168e+00
1.0000000000e+00 -1.3636363636e+00 1.9005569971e+00
1.0000000000e+00 -1.3030303030e+00 1.9594394382e+00
1.0000000000e+00 -1.2424242424e+00 2.0210823160e+00
1.0000000000e+00 -1.1818181818e+00 2.0855558575e+00
1.0000000000e+00 -1.1212121212e+00 2.1529042710e+00
1.0000000000e+00 -1.0606060606e+00 2.2231359702e+00
1.0000000000e+00 -1.0000000000e+00 2.2962114575e+00
1.0000000000e+00 -9.3939393939e-01 2.3720285687e+00
1.0000000000e+00 -8.7878787879e-01 2.4504048776e+00
1.0000000000e+00 -8.1818181818e-01 2.5310572620e+00
1.0000000000e+00 -7.5757575758e-01 2.6135789840e+00
1.0000000000e+00 -6.9696969697e-01 2.6974151797e+00
1.0000000000e+00 -6.3636363636e-01 2.7818384396e+00
1.0000000000e+00 -5.7575757576e-01 2.8659271891e+00
1.0000000000e+00 -5.1515151515e-01 2.9485507899e+00
1.0000000000e+00 -4.5454545455e-01 3.0283664959e+00
1.0000000000e+00 -3.9393939394e-01 3.1038342503e+00
1.0000000000e+00 -3.3333333333e-01 3.1732552770e+00
1.0000000000e+00 -2.7272727273e-01 3.2348388575e+00
1.0000000000e+00 -2.1212121212e-01 3.2867980923e+00
1.0000000000e+00 -1.5151515152e-01 3.3274698040e+00
1.0000000000e+00 -9.0909090909e-02 3.3554469097e+00
1.0000000000e+00 -3.0303030303e-02 3.3697054502e+00
1.0000000000e+00 3.0303030303e-02 3.3697054502e+00
1.0000000000e+00 9.0909090909e-02 3.3554469097e+00
1.0000000000e+00 1.5151515152e-01 3.3274698040e+00
1.0000000000e+00 2.1212121212e-01 3.2867980923e+00
1.0000000000e+00 2.7272727273e-01 3.2348388575e+00
1.0000000000e+00 3.3333333333e-01 3.1732552770e+00
1.0000000000e+00 3.9393939394e-01 3.1038342503e+00
1.0000000000e+00 4.5454545455e-01 3.0283664959e+00
1.0000000000e+00 5.1515151515e-01 2.9485507899e+00
1.0000000000e+00 5.7575757576e-01 2.8659271891e+00
1.0000000000e+00 6.3636363636e-01 2.7818384396e+00
1.0000000000e+00 6.9696969697e-01 2.6974151797e+00
1.0000000000e+00 7.5757575758e-01 2.6135789840e+00
1.0000000000e+00 8.1818181818e-01 2.5310572620e+00
1.0000000000e+00 8.7878787879e-01 2.4504048776e+00
1.0000000000e+00 9.3939393939e-01 2.3720285687e+00
1.0000000000e+00 1.0000000000e+00 2.2962114575e+00
1.0000000000e+00 1.0606060606e+00 2.2231359702e+00
1.0000000000e+00 1.1212121212e+00 2.1529042710e+00
1.0000000000e+00 1.1818181818e+00 2.0855558575e+00
1.0000000000e+00 1.2424242424e+00 2.0210823160e+00
1.0000000000e+00 1.3030303030e+00 1.9594394382e+00
1.0000000000e+00 1.3636363636e+00 1.9005569971e+00
1.0000000000e+00 1.4242424242e+00 1.8443465168e+00
1.0000000000e+00 1.4848484848e+00 1.7907073639e+00
1.0000000000e+00 1.5454545455e+00 1.7395314595e+00
1.0000000000e+00 1.6060606061e+00 1.6907068763e+00
1.0000000000e+00 1.6666666667e+00 1.6441205427e+00
1.0000000000e+00 1.7272727273e+00 1.5996602434e+00
1.0000000000e+00 1.7878787879e+00 1.5572160654e+00
1.0000000000e+00 1.8484848485e+00 1.5166814159e+00
1.0000000000e+00 1.9090909091e+00 1.4779537088e+00
1.0000000000e+00 1.9696969697e+00 1.4409347990e+00
1.0000000000e+00 2.0303030303e+00 1.4055312257e+00
1.0000000000e+00 2.0909090909e+00 1.3716543137e+00
1.0000000000e+00 2.1515151515e+00 1.3392201689e+00
1.0000000000e+00 2.2121212121e+00 1.3081495991e+00
1.0000000000e+00 2.2727272727e+00 1.2783679805e+00
1.0000000000e+00 2.3333333333e+00 1.2498050881e+00
1.0000000000e+00 2.3939393939e+00 1.2223949025e+00
1.0000000000e+00 2.4545454545e+00 1.1960754037e+00
1.0000000000e+00 2.5151515152e+00 1.1707883579e+00
1.0000000000e+00 2.5757575758e+00 1.1464791039e+00
1.0000000000e+00 2.6363636364e+00 1.1230963416e+00
1.0000000000e+00 2.6969696970e+00 1.1005919272e+00
1.0000000000e+00 2.7575757576e+00 1.0789206751e+00
1.0000000000e+00 2.8181818182e+00 1.0580401694e+00
1.0000000000e+00 2.8787878788e+00 1.0379105834e+00
1.0000000000e+00 2.9393939394e+00 1.0184945109e+00
1.0000000000e+00 3.0000000000e+00 9.9975680548e-01

1.0606060606e+00 -3.0000000000e+00 9.9349363686e-01
1.0606060606e+00 -2.9393939394e+00 1.0118748617e+00
1.0606060606e+00 -2.8787878788e+00 1.0309076777e+00
1.0606060606e+00 -2.8181818182e+00 1.0506247527e+00
1.0606060606e+00 -2.7575757576e+00 1.0710607448e+00
1.0606060606e+00 -2.6969696970e+00 1.0922524291e+00
1.0606060606e+00 -2.6363636364e+00 1.1142388297e+00
1.0606060606e+00 -2.5757575758e+00 1.1370613562e+00
1.0606060606e+00 -2.5151515152e+00 1.1607639444e+00
1.0606060606e+00 -2.4545454545e+00 1.1853931985e+00
1.0606060606e+00 -2.3939393939e+00 1.2109985338e+00
1.0606060606e+00 -2.3333333333e+00 1.2376323162e+00
1.0606060606e+00 -2.2727272727e+00 1.2653499952e+00
1.0606060606e+00 -2.2121212121e+00 1.2942102245e+00
1.0606060606e+00 -2.1515151515e+00 1.3242749652e+00
1.0606060606e+00 -2.0909090909e+00 1.3556095608e+00
1.0606060606e+00 -2.0303030303e+00 1.3882827740e+00
1.0606060606e+00 -1.9696969697e+00 1.4223667714e+00
1.0606060606e+00 -1.9090909091e+00 1.4579370367e+00
1.0606060606e+00 -1.8484848485e+00 1.4950721900e+00
1.0606060606e+00 -1.7878787879e+00 1.5338536836e+00
1.0606060606e+00 -1.7272727273e+00 1.5743653373e+00
1.0606060606e+00 -1.6666666667e+00 1.6166926685e+00
1.0606060606e+00 -1.6060606061e+00 1.6609219574e+00
1.0606060606e+00 -1.5454545455e+00 1.7071389804e+00
1.0606060606e+00 -1.4848484848e+00 1.7554273227e+00
1.0606060606e+00 -1.4242424242e+00 1.8058661680e+00
1.0606060606e+00 -1.3636363636e+00 1.8585274411e+00
1.0606060606e+00 -1.3030303030e+00 1.9134721586e+00
1.0606060606e+00 -1.2424242424e+00 1.9707458205e+00
1.0606060606e+00 -1.1818181818e+00 2.0303726612e+00
1.0606060606e+00 -1.1212121212e+00 2.0923485634e+00
1.0606060606e+00 -1.0606060606e+00 2.1566324468e+00
1.0606060606e+00 -1.0000000000e+00 2.2231359702e+00
1.0606060606e+00 -9.3939393939e-01 2.2917114542e+00
1.0606060606e+00 -8.7878787879e-01 2.3621380571e+00
1.0606060606e+00 -8.1818181818e-01 2.4341064408e+00
1.0606060606e+00 -7.5757575758e-01 2.5072024714e+00
1.0606060606e+00 -6.9696969697e-01 2.5808909273e+00
1.0606060606e+00 -6.3636363636e-01 2.6545007407e+00
1.0606060606e+00 -5.7575757576e-01 2.7272139494e+00
1.0606060606e+00 -5.1515151515e-01 2.7980612015e+00
1.0606060606e+00 -4.5454545455e-01 2.8659271891e+00
1.0606060606e+00 -3.9393939394e-01 2.9295695454e+00
1.0606060606e+00 -3.3333333333e-01 2.9876542419e+00
1.0606060606e+00 -2.7272727273e-01 3.0388090723e+00
1.0606060606e+00 -2.1212121212e-01 3.0816942892e+00
1.0606060606e+00 -1.5151515152e-01 3.1150860380e+00
1.0606060606e+00 -9.0909090909e-02 3.1379645285e+00
1.0606060606e+00 -3.0303030303e-02 3.1495959313e+00
1.0606060606e+00 3.0303030303e-02 3.1495959313e+00
1.0606060606e+00 9.0909090909e-02 3.1379645285e+00
1.0606060606e+00 1.5151515152e-01 3.1150860380e+00
1.0606060606e+00 2.1212121212e-01 3.0816942892e+00
1.0606060606e+00 2.7272727273e-01 3.0388090723e+00
1.0606060606e+00 3.3333333333e-01 2.9876542419e+00
1.0606060606e+00 3.9393939394e-01 2.9295695454e+00
1.0606060606e+00 4.5454545455e-01 2.8659271891e+00
1.0606060606e+00 5.1515151515e-01 2.7980612015e+00
1.0606060606e+00 5.7575757576e-01 2.7272139494e+00
1.0606060606e+00 6.3636363636e-01 2.6545007407e+00
1.0606060606e+00 6.9696969697e-01 2.5808909273e+00
1.0606060606e+00 7.5757575758e-01 2.5072024714e+00
1.0606060606e+00 8.1818181818e-01 2.4341064408e+00
1.0606060606e+00 8.7878787879e-01 2.3621380571e+00
1.0606060606e+00 9.3939393939e-01 2.2917114542e+00
1.0606060606e+00 1.0000000000e+00 2.2231359702e+00
1.0606060606e+00 1.0606060606e+00 2.1566324468e+00
1.0606060606e+00 1.1212121212e+00 2.0923485634e+00
1.0606060606e+00 1.1818181818e+00 2.0303726612e+00
1.0606060606e+00 1.2424242424e+00 1.9707458205e+00
1.0606060606e+00 1.3030303030e+00 1.9134721586e+00
1.0606060606e+00 1.3636363636e+00 1.8585274411e+00
1.0606060606e+00 1.4242424242e+00 1.8058661680e+00
1.0606060606e+00 1.4848484848e+00 1.7554273227e+00
1.0606060606e+00 1.5454545455e+00 1.7071389804e+00
1.0606060606e+00 1.6060606061e+00 1.6609219574e+00
1.0606060606e+00 1.6666666667e+00 1.6166926685e+00
1.0606060606e+00 1.7272727273e+00 1.5743653373e+00
1.0606060606e+00 1.7878787879e+00 1.5338536836e+00
1.0606060606e+00 1.8484848485e+00 1.4950721900e+00
1.0606060606e+00 1.9090909091e+00 1.4579370367e+00
1.0606060606e+00 1.9696969697e+00 1.4223667714e+00
1.0606060606e+00 2.0303030303e+00 1.3882827740e+00
1.0606060606e+00 2.0909090909e+00 1.3556095608e+00
1.0606060606e+00 2.1515151515e+00 1.3242749652e+00
1.0606060606e+00 2.2121212121e+00 1.2942102245e+00
1.0606060606e+00 2.2727272727e+00 1.2653499952e+00
1.0606060606e+00 2.3333333333e+00 1.2376323162e+00
1.0606060606e+00 2.3939393939e+00 1.2109985338e+00
1.0606060606e+00 2.4545454545e+00 1.1853931985e+00
1.0606060606e+00 2.5151515152e+00 1.1607639444e+00
1.0606060606e+00 2.5757575758e+00 1.1370613562e+00
1.0606060606e+00 2.6363636364e+00 1.1142388297e+00
1.0606060606e+00 2.6969696970e+00 1.0922524291e+00
1.0606060606e+00 2.7575757576e+00 1.0710607448e+00
1.0606060606e+00 2.8181818182e+00 1.0506247527e+00
1.0606060606e+00 2.8787878788e+00 1.0309076777e+00
1.0606060606e+00 2.9393939394e+00 1.0118748617e+00
1.0606060606e+00 3.0000000000e+00 9.9349363686e-01

1.1212121212e+00 -3.0000000000e+00 9.8698869308e-01
1.1212121212e+00 -2.9393939394e+00 1.0050046255e+00
1.1212121212e+00 -2.8787878788e+00 1.0236451954e+00
1.1212121212e+00 -2.8181818182e+00 1.0429406328e+00
1.1212121212e+00 -2.7575757576e+00 1.0629229006e+00
1.1212121212e+00 -2.6969696970e+00 1.0836257910e+00
1.1212121212e+00 -2.6363636364e+00 1.1050850226e+00
1.1212121212e+00 -2.5757575758e+00 1.1273383389e+00
1.1212121212e+00 -2.5151515152e+00 1.1504256050e+00
1.1212121212e+00 -2.4545454545e+00 1.1743889009e+00
1.1212121212e+00 -2.3939393939e+00 1.1992726084e+00
1.1212121212e+00 -2.3333333333e+00 1.2251234892e+00
1.1212121212e+00 -2.2727272727e+00 1.2519907477e+00
1.1212121212e+00 -2.2121212121e+00 1.2799260735e+00
1.1212121212e+00 -2.1515151515e+00 1.3089836574e+00
1.1212121212e+00 -2.0909090909e+00 1.3392201689e+00
1.1212121212e+00 -2.0303030303e+00 1.3706946860e+00
1.1212121212e+00 -1.9696969697e+00 1.4034685609e+00
1.1212121212e+00 -1.9090909091e+00 1.4376052043e+00
1.1212121212e+00 -1.8484848485e+00 1.4731697651e+00
1.1212121212e+00 -1.7878787879e+00 1.5102286777e+00
1.1212121212e+00 -1.7272727273e+00 1.5488490428e+00
1.1212121212e+00 -1.6666666667e+00 1.5890978005e+00
1.1212121212e+00 -1.6060606061e+00 1.6310406441e+00
1.1212121212e+00 -1.5454545455e+00 1.6747406161e+00
1.1212121212e+00 -1.4848484848e+00 1.7202563133e+00
1.1212121212e+00 -1.4242424242e+00 1.7676396196e+00
1.1212121212e+00 -1.3636363636e+00 1.8169328692e+00
1.1212121212e+00 -1.3030303030e+00 1.8681653358e+00
1.1212121212e+00 -1.2424242424e+00 1.9213489307e+00
1.1212121212e+00 -1.1818181818e+00 1.9764729944e+00
1.1212121212e+00 -1.1212121212e+00 2.0334980689e+00
1.1212121212e+00 -1.0606060606e+00 2.0923485634e+00
1.1212121212e+00 -1.0000000000e+00 2.1529042710e+00
1.1212121212e+00 -9.3939393939e-01 2.2149907720e+00
1.1212121212e+00 -8.7878787879e-01 2.2783688839e+00
1.1212121212e+00 -8.1818181818e-01 2.3427234963e+00
1.1212121212e+00 -7.5757575758e-01 2.4076523741e+00
1.1212121212e+00 -6.9696969697e-01 2.4726558221e+00
1.1212121212e+00 -6.3636363636e-01 2.5371284680e+00
1.1212121212e+00 -5.7575757576e-01 2.6003548058e+00
1.1212121212e+00 -5.1515151515e-01 2.6615104662e+00
1.1212121212e+00 -4.5454545455e-01 2.7196713543e+00
1.1212121212e+00 -3.9393939394e-01 2.7738326616e+00
1.1212121212e+00 -3.3333333333e-01 2.8229391776e+00
1.1212121212e+00 -2.7272727273e-01 2.8659271891e+00
1.1212121212e+00 -2.1212121212e-01 2.9017765627e+00
1.1212121212e+00 -1.5151515152e-01 2.9295695454e+00
1.1212121212e+00 -9.0909090909e-02 2.9485507899e+00
1.1212121212e+00 -3.0303030303e-02 2.9581816716e+00
1.1212121212e+00 3.0303030303e-02 2.9581816716e+00
1.1212121212e+00 9.0909090909e-02 2.9485507899e+00
1.1212121212e+00 1.5151515152e-01 2.9295695454e+00
1.1212121212e+00 2.1212121212e-01 2.9017765627e+00
1.1212121212e+00 2.7272727273e-01 2.8659271891e+00
1.1212121212e+00 3.3333333333e-01 2.8229391776e+00
1.1212121212e+00 3.9393939394e-01 2.7738326616e+00
1.1212121212e+00 4.5454545455e-01 2.7196713543e+00
1.1212121212e+00 5.1515151515e-01 2.6615104662e+00
1.1212121212e+00 5.7575757576e-01 2.6003548058e+00
1.1212121212e+00 6.3636363636e-01 2.5371284680e+00
1.1212121212e+00 6.9696969697e-01 2.4726558221e+00
1.1212121212e+00 7.5757575758e-01 2.4076523741e+00
1.1212121212e+00 8.1818181818e-01 2.3427234963e+00
1.1212121212e+00 8.7878787879e-01 2.2783688839e+00
1.1212121212e+00 9.3939393939e-01 2.2149907720e+00
1.1212121212e+00 1.0000000000e+00 2.1529042710e+00
1.1212121212e+00 1.0606060606e+00 2.0923485634e+00
1.1212121212e+00 1.1212121212e+00 2.0334980689e+00
1.1212121212e+00 1.1818181818e+00 1.9764729944e+00
1.1212121212e+00 1.2424242424e+00 1.9213489307e+00
1.1212121212e+00 1.3030303030e+00 1.8681653358e+00
1.1212121212e+00 1.3636363636e+00 1.8169328692e+00
1.1212121212e+00 1.4242424242e+00 1.7676396196e+00
1.1212121212e+00 1.4848484848e+00 1.7202563133e+00
1.1212121212e+00 1.5454545455e+00 1.6747406161e+00
1.1212121212e+00 1.6060606061e+00 1.6310406441e+00
1.1212121212e+00 1.6666666667e+00 1.5890978005e+00
1.1212121212e+00 1.7272727273e+00 1.5488490428e+00
1.1212121212e+00 1.7878787879e+00 1.5102286777e+00
1.1212121212e+00 1.8484848485e+00 1.4731697651e+00
1.1212121212e+00 1.9090909091e+00 1.4376052043e+00
1.1212121212e+00 1.9696969697e+00 1.4034685609e+00
1.1212121212e+00 2.0303030303e+00 1.3706946860e+00
1.1212121212e+00 2.0909090909e+00 1.3392201689e+00
1.1212121212e+00 2.1515151515e+00 1.3089836574e+00
1.1212121212e+00 2.2121212121e+00 1.2799260735e+00
1.1212121212e+00 2.2727272727e+00 1.2519907477e+00
1.1212121212e+00 2.3333333333e+00 1.2251234892e+00
1.1212121212e+00 2.3939393939e+00 1.1992726084e+00
1.1212121212e+00 2.4545454545e+00 1.1743889009e+00
1.1212121212e+00 2.5151515152e+00 1.1504256050e+00
1.1212121212e+00 2.5757575758e+00 1.1273383389e+00
1.1212121212e+00 2.6363636364e+00 1.1050850226e+00
1.1212121212e+00 2.6969696970e+00 1.0836257910e+00
1.1212121212e+00 2.7575757576e+00 1.0629229006e+00
1.1212121212e+00 2.8181818182e+00 1.0429406328e+00
1.1212121212e+00 2.8787878788e+00 1.0236451954e+00
1.1212121212e+00 2.9393939394e+00 1.0050046255e+00
1.1212121212e+00 3.0000000000e+00 9.8698869308e-01

1.1818181818e+00 -3.0000000000e+00 9.8025912048e-01
1.1818181818e+00 -2.9393939394e+00 9.9790241219e-01
1.1818181818e+00 -2.8787878788e+00 1.0161433529e+00
1.1818181818e+00 -2.8181818182e+00 1.0350097905e+00
1.1818181818e+00 -2.7575757576e+00 1.0545310627e+00
1.1818181818e+00 -2.6969696970e+00 1.0747380649e+00
1.1818181818e+00 -2.6363636364e+00 1.0956633175e+00
1.1818181818e+00 -2.5757575758e+00 1.1173410293e+00
1.1818181818e+00 -2.5151515152e+00 1.1398071559e+00
1.1818181818e+00 -2.4545454545e+00 1.1630994498e+00
1.1818181818e+00 -2.3939393939e+00 1.1872575004e+00
1.1818181818e+00 -2.3333333333e+00 1.2123227577e+00
1.1818181818e+00 -2.2727272727e+00 1.2383385366e+00
1.1818181818e+00 -2.2121212121e+00 1.2653499952e+00
1.1818181818e+00 -2.1515151515e+00 1.2934040777e+00
1.1818181818e+00 -2.0909090909e+00 1.3225494154e+00
1.1818181818e+00 -2.0303030303e+00 1.3528361705e+00
1.1818181818e+00 -1.9696969697e+00 1.3843158118e+00
1.1818181818e+00 -1.9090909091e+00 1.4170408022e+00
1.1818181818e+00 -1.8484848485e+00 1.4510641783e+00
1.1818181818e+00 -1.7878787879e+00 1.4864389966e+00
1.1818181818e+00 -1.7272727273e+00 1.5232176147e+00
1.1818181818e+00 -1.6666666667e+00 1.5614507728e+00
1.1818181818e+00 -1.6060606061e+00 1.6011864318e+00
1.1818181818e+00 -1.5454545455e+00 1.6424683193e+00
1.1818181818e+00 -1.4848484848e+00 1.6853341262e+00
1.1818181818e+00 -1.4242424242e+00 1.7298132909e+00
1.1818181818e+00 -1.3636363636e+00 1.7759243011e+00
1.1818181818e+00 -1.3030303030e+00 1.8236714407e+00
1.1818181818e+00 -1.2424242424e+00 1.8730409083e+00
1.1818181818e+00 -1.1818181818e+00 1.9239962409e+00
1.1818181818e+00 -1.1212121212e+00 1.9764729944e+00
1.1818181818e+00 -1.0606060606e+00 2.0303726612e+00
1.1818181818e+00 -1.0000000000e+00 2.0855558575e+00
1.1818181818e+00 -9.3939393939e-01 2.1418348874e+00
1.1818181818e+00 -8.7878787879e-01 2.1989659012e+00
1.1818181818e+00 -8.1818181818e-01 2.2566410055e+00
1.1818181818e+00 -7.5757575758e-01 2.3144808682e+00
1.1818181818e+00 -6.9696969697e-01 2.3720285687e+00
1.1818181818e+00 -6.3636363636e-01 2.4287456753e+00
1.1818181818e+00 -5.7575757576e-01 2.4840117306e+00
1.1818181818e+00 -5.1515151515e-01 2.5371284680e+00
1.1818181818e+00 -4.5454545455e-01 2.5873300687e+00
1.1818181818e+00 -3.9393939394e-01 2.6338005465e+00
1.1818181818e+00 -3.3333333333e-01 2.6756988286e+00
1.1818181818e+00 -2.7272727273e-01 2.7121912664e+00
1.1818181818e+00 -2.1212121212e-01 2.7424901957e+00
1.1818181818e+00 -1.5151515152e-01 2.7658959297e+00
1.1818181818e+00 -9.0909090909e-02 2.7818384396e+00
1.1818181818e+00 -3.0303030303e-02 2.7899142753e+00
1.1818181818e+00 3.0303030303e-02 2.7899142753e+00
1.1818181818e+00 9.0909090909e-02 2.7818384396e+00
1.1818181818e+00 1.5151515152e-01 2.7658959297e+00
1.1818181818e+00 2.1212121212e-01 2.7424901957e+00
1.1818181818e+00 2.7272727273e-01 2.7121912664e+00
1.1818181818e+00 3.3333333333e-01 2.6756988286e+00
1.1818181818e+00 3.9393939394e-01 2.6338005465e+00
1.1818181818e+00 4.5454545455e-01 2.5873300687e+00
1.1818181818e+00 5.1515151515e-01 2.5371284680e+00
1.1818181818e+00 5.7575757576e-01 2.4840117306e+00
1.1818181818e+00 6.3636363636e-01 2.4287456753e+00
1.1818181818e+00 6.9696969697e-01 2.3720285687e+00
1.1818181818e+00 7.5757575758e-01 2.3144808682e+00
1.1818181818e+00 8.1818181818e-01 2.2566410055e+00
1.1818181818e+00 8.7878787879e-01 2.1989659012e+00
1.1818181818e+00 9.3939393939e-01 2.1418348874e+00
1.1818181818e+00 1.0000000000e+00 2.0855558575e+00
1.1818181818e+00 1.0606060606e+00 2.0303726612e+00
1.1818181818e+00 1.1212121212e+00 1.9764729944e+00
1.1818181818e+00 1.1818181818e+00 1.9239962409e+00
1.1818181818e+00 1.2424242424e+00 1.8730409083e+00
1.1818181818e+00 1.3030303030e+00 1.8236714407e+00
1.1818181818e+00 1.3636363636e+00 1.7759243011e+00
1.1818181818e+00 1.4242424242e+00 1.7298132909e+00
1.1818181818e+00 1.4848484848e+00 1.6853341262e+00
1.1818181818e+00 1.5454545455e+00 1.6424683193e+00
1.1818181818e+00 1.6060606061e+00 1.6011864318e+00
1.1818181818e+00 1.6666666667e+00 1.5614507728e+00
1.1818181818e+00 1.7272727273e+00 1.5232176147e+00
1.1818181818e+00 1.7878787879e+00 1.4864389966e+00
1.1818181818e+00 1.8484848485e+00 1.4510641783e+00
1.1818181818e+00 1.9090909091e+00 1.4170408022e+00
1.1818181818e+00 1.9696969697e+00 1.3843158118e+00
1.1818181818e+00 2.0303030303e+00 1.3528361705e+00
1.1818181818e+00 2.0909090909e+00 1.3225494154e+00
1.1818181818e+00 2.1515151515e+00 1.2934040777e+00
1.1818181818e+00 2.2121212121e+00 1.2653499952e+00
1.1818181818e+00 2.2727272727e+00 1.2383385366e+00
1.1818181818e+00 2.3333333333e+00 1.2123227577e+00
1.1818181818e+00 2.3939393939e+00 1.1872575004e+00
1.1818181818e+00 2.4545454545e+00 1.1630994498e+00
1.1818181818e+00 2.5151515152e+00 1.1398071559e+00
1.1818181818e+00 2.5757575758e+00 1.1173410293e+00
1.1818181818e+00 2.6363636364e+00 1.0956633175e+00
1.1818181818e+00 2.6969696970e+00 1.0747380649e+00
1.1818181818e+00 2.7575757576e+00 1.0545310627e+00
1.1818181818e+00 2.8181818182e+00 1.0350097905e+00
1.1818181818e+00 2.8787878788e+00 1.0161433529e+00
1.1818181818e+00 2.9393939394e+00 9.9790241219e-01
1.1818181818e+00 3.0000000000e+00 9.8025912048e-01

1.2424242424e+00 -3.0000000000e+00 9.7332199503e-01
1.2424242424e+00 -2.9393939394e+00 9.9058671357e-01
1.2424242424e+00 -2.8787878788e+00 1.0084221903e+00
1.2424242424e+00 -2.8181818182e+00 1.0268539602e+00
1.2424242424e+00 -2.7575757576e+00 1.0459088192e+00
1.2424242424e+00 -2.6969696970e+00 1.0656148683e+00
1.2424242424e+00 -2.6363636364e+00 1.0860015531e+00
1.2424242424e+00 -2.5757575758e+00 1.1070996972e+00
1.2424242424e+00 -2.5151515152e+00 1.1289415268e+00
1.2424242424e+00 -2.4545454545e+00 1.1515606843e+00
1.2424242424e+00 -2.3939393939e+00 1.1749922275e+00
1.2424242424e+00 -2.3333333333e+00 1.1992726084e+00
1.2424242424e+00 -2.2727272727e+00 1.2244396295e+00
1.2424242424e+00 -2.2121212121e+00 1.2505323686e+00
1.2424242424e+00 -2.1515151515e+00 1.2775910653e+00
1.2424242424e+00 -2.0909090909e+00 1.3056569602e+00
1.2424242424e+00 -2.0303030303e+00 1.3347720757e+00
1.2424242424e+00 -1.9696969697e+00 1.3649789242e+00
1.2424242424e+00 -1.9090909091e+00 1.3963201281e+00
1.2424242424e+00 -1.8484848485e+00 1.4288379330e+00
1.2424242424e+00 -1.7878787879e+00 1.4625735907e+00
1.2424242424e+00 -1.7272727273e+00 1.4975665872e+00
1.2424242424e+00 -1.6666666667e+00 1.5338536836e+00
1.2424242424e+00 -1.6060606061e+00 1.5714677366e+00
1.2424242424e+00 -1.5454545455e+00 1.6104362598e+00
1.2424242424e+00 -1.4848484848e+00 1.6507796809e+00
1.2424242424e+00 -1.4242424242e+00 1.6925092516e+00
1.2424242424e+00 -1.3636363636e+00 1.7356245597e+00
1.2424242424e+00 -1.3030303030e+00 1.7801106001e+00
1.2424242424e+00 -1.2424242424e+00 1.8259343624e+00
1.2424242424e+00 -1.1818181818e+00 1.8730409083e+00
1.2424242424e+00 -1.1212121212e+00 1.9213489307e+00
1.2424242424e+00 -1.0606060606e+00 1.9707458205e+00
1.2424242424e+00 -1.0000000000e+00 2.0210823160e+00
1.2424242424e+00 -9.3939393939e-01 2.0721668733e+00
1.2424242424e+00 -8.7878787879e-01 2.1237599883e+00
1.2424242424e+00 -8.1818181818e-01 2.1755688050e+00
1.2424242424e+00 -7.5757575758e-01 2.2272424774e+00
1.2424242424e+00 -6.9696969697e-01 2.2783688839e+00
1.2424242424e+00 -6.3636363636e-01 2.3284734290e+00
1.2424242424e+00 -5.7575757576e-01 2.3770207618e+00
1.2424242424e+00 -5.1515151515e-01 2.4234202710e+00
1.2424242424e+00 -4.5454545455e-01 2.4670361348e+00
1.2424242424e+00 -3.9393939394e-01 2.5072024714e+00
1.2424242424e+00 -3.3333333333e-01 2.5432437200e+00
1.2424242424e+00 -2.7272727273e-01 2.5744997921e+00
1.2424242424e+00 -2.1212121212e-01 2.6003548058e+00
1.2424242424e+00 -1.5151515152e-01 2.6202674693e+00
1.2424242424e+00 -9.0909090909e-02 2.6338005465e+00
1.2424242424e+00 -3.0303030303e-02 2.6406465006e+00
1.2424242424e+00 3.0303030303e-02 2.6406465006e+00
1.2424242424e+00 9.0909090909e-02 2.6338005465e+00
1.2424242424e+00 1.5151515152e-01 2.6202674693e+00
1.2424242424e+00 2.1212121212e-01 2.6003548058e+00
1.2424242424e+00 2.7272727273e-01 2.5744997921e+00
1.2424242424e+00 3.3333333333e-01 2.5432437200e+00
1.2424242424e+00 3.9393939394e-01 2.5072024714e+00
1.2424242424e+00 4.5454545455e-01 2.4670361348e+00
1.2424242424e+00 5.1515151515e-01 2.4234202710e+00
1.2424242424e+00 5.7575757576e-01 2.3770207618e+00
1.2424242424e+00 6.3636363636e-01 2.3284734290e+00
1.2424242424e+00 6.9696969697e-01 2.2783688839e+00
1.2424242424e+00 7.5757575758e-01 2.2272424774e+00
1.2424242424e+00 8.1818181818e-01 2.1755688050e+00
1.2424242424e+00 8.7878787879e-01 2.1237599883e+00
1.2424242424e+00 9.3939393939e-01 2.0721668733e+00
1.2424242424e+00 1.0000000000e+00 2.0210823160e+00
1.2424242424e+00 1.0606060606e+00 1.9707458205e+00
1.2424242424e+00 1.1212121212e+00 1.9213489307e+00
1.2424242424e+00 1.1818181818e+00 1.8730409083e+00
1.2424242424e+00 1.2424242424e+00 1.8259343624e+00
1.2424242424e+00 1.3030303030e+00 1.7801106001e+00
1.2424242424e+00 1.3636363636e+00 1.7356245597e+00
1.2424242424e+00 1.4242424242e+00 1.6925092516e+00
1.2424242424e+00 1.4848484848e+00 1.6507796809e+00
1.2424242424e+00 1.5454545455e+00 1.6104362598e+00
1.2424242424e+00 1.6060606061e+00 1.5714677366e+00
1.2424242424e+00 1.6666666667e+00 1.5338536836e+00
1.2424242424e+00 1.7272727273e+00 1.4975665872e+00
1.2424242424e+00 1.7878787879e+00 1.4625735907e+00
1.2424242424e+00 1.8484848485e+00 1.4288379330e+00
1.2424242424e+00 1.9090909091e+00 1.3963201281e+00
1.2424242424e+00 1.9696969697e+00 1.3649789242e+00
1.2424242424e+00 2.0303030303e+00 1.3347720757e+00
1.2424242424e+00 2.0909090909e+00 1.3056569602e+00
1.2424242424e+00 2.1515151515e+00 1.2775910653e+00
1.2424242424e+00 2.2121212121e+00 1.2505323686e+00
1.2424242424e+00 2.2727272727e+00 1.2244396295e+00
1.2424242424e+00 2.3333333333e+00 1.1992726084e+00
1.2424242424e+00 2.3939393939e+00 1.1749922275e+00
1.2424242424e+00 2.4545454545e+00 1.1515606843e+00
1.2424242424e+00 2.5151515152e+00 1.1289415268e+00
1.2424242424e+00 2.5757575758e+00 1.1070996972e+00
1.2424242424e+00 2.6363636364e+00 1.0860015531e+00
1.2424242424e+00 2.6969696970e+00 1.0656148683e+00
1.2424242424e+00 2.7575757576e+00 1.0459088192e+00
1.2424242424e+00 2.8181818182e+00 1.0268539602e+00
1.2424242424e+00 2.8787878788e+00 1.0084221903e+00
1.2424242424e+00 2.9393939394e+00 9.9058671357e-01
1.2424242424e+00 3.0000000000e+00 9.7332199503e-01

1.3030303030e+00 -3.0000000000e+00 9.6619423126e-01
1.3030303030e+00 -2.9393939394e+00 9.8307580375e-01
1.3030303030e+00 -2.8787878788e+00 1.0005014631e+00
1.3030303030e+00 -2.8181818182e+00 1.0184945109e+00
1.3030303030e+00 -2.7575757576e+00 1.0370792975e+00
1.3030303030e+00 -2.6969696970e+00 1.0562812440e+00
1.3030303030e+00 -2.6363636364e+00 1.0761268582e+00
1.3030303030e+00 -2.5757575758e+00 1.0966437418e+00
1.3030303030e+00 -2.5151515152e+00 1.1178605863e+00
1.3030303030e+00 -2.4545454545e+00 1.1398071559e+00
1.3030303030e+00 -2.3939393939e+00 1.1625142519e+00
1.3030303030e+00 -2.3333333333e+00 1.1860136562e+00
1.3030303030e+00 -2.2727272727e+00 1.2103380473e+00
1.3030303030e+00 -2.2121212121e+00 1.2355208840e+00
1.3030303030e+00 -2.1515151515e+00 1.2615962477e+00
1.3030303030e+00 -2.0909090909e+00 1.2885986365e+00
1.3030303030e+00 -2.0303030303e+00 1.3165626992e+00
1.3030303030e+00 -1.9696969697e+00 1.3455228980e+00
1.3030303030e+00 -1.9090909091e+00 1.3755130847e+00
1.3030303030e+00 -1.8484848485e+00 1.4065659755e+00
1.3030303030e+00 -1.7878787879e+00 1.4387125024e+00
1.3030303030e+00 -1.7272727273e+00 1.4719810229e+00
1.3030303030e+00 -1.6666666667e+00 1.5063963608e+00
1.3030303030e+00 -1.6060606061e+00 1.5419786516e+00
1.3030303030e+00 -1.5454545455e+00 1.5787419647e+00
1.3030303030e+00 -1.4848484848e+00 1.6166926685e+00
1.3030303030e+00 -1.4242424242e+00 1.6558275093e+00
1.3030303030e+00 -1.3636363636e+00 1.6961313744e+00
1.3030303030e+00 -1.3030303030e+00 1.7375747130e+00
1.3030303030e+00 -1.2424242424e+00 1.7801106001e+00
1.3030303030e+00 -1.1818181818e+00 1.8236714407e+00
1.3030303030e+00 -1.1212121212e+00 1.8681653358e+00
1.3030303030e+00 -1.0606060606e+00 1.9134721586e+00
1.3030303030e+00 -1.0000000000e+00 1.9594394382e+00
1.3030303030e+00 -9.3939393939e-01 2.0058781954e+00
1.3030303030e+00 -8.7878787879e-01 2.0525589479e+00
1.3030303030e+00 -8.1818181818e-01 2.0992081803e+00
1.3030303030e+00 -7.5757575758e-01 2.1455056566e+00
1.3030303030e+00 -6.9696969697e-01 2.1910830416e+00
1.3030303030e+00 -6.3636363636e-01 2.2355243635e+00
1.3030303030e+00 -5.7575757576e-01 2.2783688839e+00
1.3030303030e+00 -5.1515151515e-01 2.3191169241e+00
1.3030303030e+00 -4.5454545455e-01 2.3572390860e+00
1.3030303030e+00 -3.9393939394e-01 2.3921891074e+00
1.3030303030e+00 -3.3333333333e-01 2.4234202710e+00
1.3030303030e+00 -2.7272727273e-01 2.4504048776e+00
1.3030303030e+00 -2.1212121212e-01 2.4726558221e+00
1.3030303030e+00 -1.5151515152e-01 2.4897488541e+00
1.3030303030e+00 -9.0909090909e-02 2.5013437507e+00
1.3030303030e+00 -3.0303030303e-02 2.5072024714e+00
1.3030303030e+00 3.0303030303e-02 2.5072024714e+00
1.3030303030e+00 9.0909090909e-02 2.5013437507e+00
1.3030303030e+00 1.5151515152e-01 2.4897488541e+00
1.3030303030e+00 2.1212121212e-01 2.4726558221e+00
1.3030303030e+00 2.7272727273e-01 2.4504048776e+00
1.3030303030e+00 3.3333333333e-01 2.4234202710e+00
1.3030303030e+00 3.9393939394e-01 2.3921891074e+00
1.3030303030e+00 4.5454545455e-01 2.3572390860e+00
1.3030303030e+00 5.1515151515e-01 2.3191169241e+00
1.3030303030e+00 5.7575757576e-01 2.2783688839e+00
1.3030303030e+00 6.3636363636e-01 2.2355243635e+00
1.3030303030e+00 6.9696969697e-01 2.1910830416e+00
1.3030303030e+00 7.5757575758e-01 2.1455056566e+00
1.3030303030e+00 8.1818181818e-01 2.0992081803e+00
1.3030303030e+00 8.7878787879e-01 2.0525589479e+00
1.3030303030e+00 9.3939393939e-01 2.0058781954e+00
1.3030303030e+00 1.0000000000e+00 1.9594394382e+00
1.3030303030e+00 1.0606060606e+00 1.9134721586e+00
1.3030303030e+00 1.1212121212e+00 1.8681653358e+00
1.3030303030e+00 1.1818181818e+00 1.8236714407e+00
1.3030303030e+00 1.2424242424e+00 1.7801106001e+00
1.3030303030e+00 1.3030303030e+00 1.7375747130e+00
1.3030303030e+00 1.3636363636e+00 1.6961313744e+00
1.3030303030e+00 1.4242424242e+00 1.6558275093e+00
1.3030303030e+00 1.4848484848e+00 1.6166926685e+00
1.3030303030e+00 1.5454545455e+00 1.5787419647e+00
1.3030303030e+00 1.6060606061e+00 1.5419786516e+00
1.3030303030e+00 1.6666666667e+00 1.5063963608e+00
1.3030303030e+00 1.7272727273e+00 1.4719810229e+00
1.3030303030e+00 1.7878787879e+00 1.4387125024e+00
1.3030303030e+00 1.8484848485e+00 1.4065659755e+00
1.3030303030e+00 1.9090909091e+00 1.3755130847e+00
1.3030303030e+00 1.9696969697e+00 1.3455228980e+00
1.3030303030e+00 2.0303030303e+00 1.3165626992e+00
1.3030303030e+00 2.0909090909e+00 1.2885986365e+00
1.3030303030e+00 2.1515151515e+00 1.2615962477e+00
1.3030303030e+00 2.2121212121e+00 1.2355208840e+00
1.3030303030e+00 2.2727272727e+00 1.2103380473e+00
1.3030303030e+00 2.3333333333e+00 1.1860136562e+00
1.3030303030e+00 2.3939393939e+00 1.1625142519e+00
1.3030303030e+00 2.4545454545e+00 1.1398071559e+00
1.3030303030e+00 2.5151515152e+00 1.1178605863e+00
1.3030303030e+00 2.5757575758e+00 1.0966437418e+00
1.3030303030e+00 2.6363636364e+00 1.0761268582e+00
1.3030303030e+00 2.6969696970e+00 1.0562812440e+00
1.3030303030e+00 2.7575757576e+00 1.0370792975e+00
1.3030303030e+00 2.8181818182e+00 1.0184945109e+00
1.3030303030e+00 2.8787878788e+00 1.0005014631e+00
1.3030303030e+00 2.9393939394e+00 9.8307580375e-01
1.3030303030e+00 3.0000000000e+00 9.6619423126e-01

1.3636363636e+00 -3.0000000000e+00 9.5889249926e-01
1.3636363636e+00 -2.9393939394e+00 9.7538764914e-01
1.3636363636e+00 -2.8787878788e+00 9.9240054396e-01
1.3636363636e+00 -2.8181818182e+00 1.0099523411e+00
1.3636363636e+00 -2.7575757576e+00 1.0280650506e+00
1.3636363636e+00 -2.6969696970e+00 1.0467615383e+00
1.3636363636e+00 -2.6363636364e+00 1.0660655213e+00
1.3636363636e+00 -2.5757575758e+00 1.0860015531e+00
1.3636363636e+00 -2.5151515152e+00 1.1065949955e+00
1.3636363636e+00 -2.4545454545e+00 1.1278719756e+00
1.3636363636e+00 -2.3939393939e+00 1.1498593228e+00
1.3636363636e+00 -2.3333333333e+00 1.1725844829e+00
1.3636363636e+00 -2.2727272727e+00 1.1960754037e+00
1.3636363636e+00 -2.2121212121e+00 1.2203603867e+00
1.3636363636e+00 -2.1515151515e+00 1.2454678976e+00
1.3636363636e+00 -2.0909090909e+00 1.2714263275e+00
1.3636363636e+00 -2.0303030303e+00 1.2982636967e+00
1.3636363636e+00 -1.9696969697e+00 1.3260072885e+00
1.3636363636e+00 -1.9090909091e+00 1.3546832025e+00
1.3636363636e+00 -1.8484848485e+00 1.3843158118e+00
1.3636363636e+00 -1.7878787879e+00 1.4149271093e+00
1.3636363636e+00 -1.7272727273e+00 1.4465359253e+00
1.3636363636e+00 -1.6666666667e+00 1.4791569974e+00
1.3636363636e+00 -1.6060606061e+00 1.5127998716e+00
1.3636363636e+00 -1.5454545455e+00 1.5474676145e+00
1.3636363636e+00 -1.4848484848e+00 1.5831553149e+00
1.3636363636e+00 -1.4242424242e+00 1.6198483563e+00
1.3636363636e+00 -1.3636363636e+00 1.6575204433e+00
1.3636363636e+00 -1.3030303030e+00 1.6961313744e+00
1.3636363636e+00 -1.2424242424e+00 1.7356245597e+00
1.3636363636e+00 -1.1818181818e+00 1.7759243011e+00
1.3636363636e+00 -1.1212121212e+00 1.8169328692e+00
1.3636363636e+00 -1.0606060606e+00 1.8585274411e+00
1.3636363636e+00 -1.0000000000e+00 1.9005569971e+00
1.3636363636e+00 -9.3939393939e-01 1.9428393174e+00
1.3636363636e+00 -8.7878787879e-01 1.9851582707e+00
1.3636363636e+00 -8.1818181818e-01 2.0272616398e+00
1.3636363636e+00 -7.5757575758e-01 2.0688597848e+00
1.3636363636e+00 -6.9696969697e-01 2.1096254934e+00
1.3636363636e+00 -6.3636363636e-01 2.1491953964e+00
1.3636363636e+00 -5.7575757576e-01 2.1871733285e+00
1.3636363636e+00 -5.1515151515e-01 2.2231359702e+00
1.3636363636e+00 -4.5454545455e-01 2.2566410055e+00
1.3636363636e+00 -3.9393939394e-01 2.2872378622e+00
1.3636363636e+00 -3.3333333333e-01 2.3144808682e+00
1.3636363636e+00 -2.7272727273e-01 2.3379443743e+00
1.3636363636e+00 -2.1212121212e-01 2.3572390860e+00
1.3636363636e+00 -1.5151515152e-01 2.3720285687e+00
1.3636363636e+00 -9.0909090909e-02 2.3820446894e+00
1.3636363636e+00 -3.0303030303e-02 2.3871006901e+00
1.3636363636e+00 3.0303030303e-02 2.3871006901e+00
1.3636363636e+00 9.0909090909e-02 2.3820446894e+00
1.3636363636e+00 1.5151515152e-01 2.3720285687e+00
1.3636363636e+00 2.1212121212e-01 2.3572390860e+00
1.3636363636e+00 2.7272727273e-01 2.3379443743e+00
1.3636363636e+00 3.3333333333e-01 2.3144808682e+00
1.3636363636e+00 3.9393939394e-01 2.2872378622e+00
1.3636363636e+00 4.5454545455e-01 2.2566410055e+00
1.3636363636e+00 5.1515151515e-01 2.2231359702e+00
1.3636363636e+00 5.7575757576e-01 2.1871733285e+00
1.3636363636e+00 6.3636363636e-01 2.1491953964e+00
1.3636363636e+00 6.9696969697e-01 2.1096254934e+00
1.3636363636e+00 7.5757575758e-01 2.0688597848e+00
1.3636363636e+00 8.1818181818e-01 2.0272616398e+00
1.3636363636e+00 8.7878787879e-01 1.9851582707e+00
1.3636363636e+00 9.3939393939e-01 1.9428393174e+00
1.3636363636e+00 1.0000000000e+00 1.9005569971e+00
1.3636363636e+00 1.0606060606e+00 1.8585274411e+00
1.3636363636e+00 1.1212121212e+00 1.8169328692e+00
1.3636363636e+00 1.1818181818e+00 1.7759243011e+00
1.3636363636e+00 1.2424242424e+00 1.7356245597e+00
1.3636363636e+00 1.3030303030e+00 1.6961313744e+00
1.3636363636e+00 1.3636363636e+00 1.6575204433e+00
1.3636363636e+00 1.4242424242e+00 1.6198483563e+00
1.3636363636e+00 1.4848484848e+00 1.5831553149e+00
1.3636363636e+00 1.5454545455e+00 1.5474676145e+00
1.3636363636e+00 1.6060606061e+00 1.5127998716e+00
1.3636363636e+00 1.6666666667e+00 1.4791569974e+00
1.3636363636e+00 1.7272727273e+00 1.4465359253e+00
1.3636363636e+00 1.7878787879e+00 1.4149271093e+00
1.3636363636e+00 1.8484848485e+00 1.3843158118e+00
1.3636363636e+00 1.9090909091e+00 1.3546832025e+00
1.3636363636e+00 1.9696969697e+00 1.3260072885e+00
1.3636363636e+00 2.0303030303e+00 1.2982636967e+00
1.3636363636e+00 2.0909090909e+00 1.2714263275e+00
1.3636363636e+00 2.1515151515e+00 1.2454678976e+00
1.3636363636e+00 2.2121212121e+00 1.2203603867e+00
1.3636363636e+00 2.2727272727e+00 1.1960754037e+00
1.3636363636e+00 2.3333333333e+00 1.1725844829e+00
1.3636363636e+00 2.3939393939e+00 1.1498593228e+00
1.3636363636e+00 2.4545454545e+00 1.1278719756e+00
1.3636363636e+00 2.5151515152e+00 1.1065949955e+00
1.3636363636e+00 2.5757575758e+00 1.0860015531e+00
1.3636363636e+00 2.6363636364e+00 1.0660655213e+00
1.3636363636e+00 2.6969696970e+00 1.0467615383e+00
1.3636363636e+00 2.7575757576e+00 1.0280650506e+00
1.3636363636e+00 2.8181818182e+00 1.0099523411e+00
1.3636363636e+00 2.8787878788e+00 9.9240054396e-01
1.3636363636e+00 2.9393939394e+00 9.7538764914e-01
1.3636363636e+00 3.0000000000e+00 9.5889249926e-01

1.4242424242e+00 -3.0000000000e+00 9.5143315011e-01
1.4242424242e+00 -2.9393939394e+00 9.6753982828e-01
1.4242424242e+00 -2.8787878788e+00 9.8413833752e-01
1.4242424242e+00 -2.8181818182e+00 1.0012477872e+00
1.4242424242e+00 -2.7575757576e+00 1.0188879596e+00
1.4242424242e+00 -2.6969696970e+00 1.0370792975e+00
1.4242424242e+00 -2.6363636364e+00 1.0558428817e+00
1.4242424242e+00 -2.5757575758e+00 1.0752003983e+00
1.4242424242e+00 -2.5151515152e+00 1.0951740905e+00
1.4242424242e+00 -2.4545454545e+00 1.1157866947e+00
1.4242424242e+00 -2.3939393939e+00 1.1370613562e+00
1.4242424242e+00 -2.3333333333e+00 1.1590215202e+00
1.4242424242e+00 -2.2727272727e+00 1.1816907948e+00
1.4242424242e+00 -2.2121212121e+00 1.2050927796e+00
1.4242424242e+00 -2.1515151515e+00 1.2292508537e+00
1.4242424242e+00 -2.0909090909e+00 1.2541879166e+00
1.4242424242e+00 -2.0303030303e+00 1.2799260735e+00
1.4242424242e+00 -1.9696969697e+00 1.3064862555e+00
1.4242424242e+00 -1.9090909091e+00 1.3338877652e+00
1.4242424242e+00 -1.8484848485e+00 1.3621477347e+00
1.4242424242e+00 -1.7878787879e+00 1.3912804850e+00
1.4242424242e+00 -1.7272727273e+00 1.4212967717e+00
1.4242424242e+00 -1.6666666667e+00 1.4522029042e+00
1.4242424242e+00 -1.6060606061e+00 1.4839997221e+00
1.4242424242e+00 -1.5454545455e+00 1.5166814159e+00
1.4242424242e+00 -1.4848484848e+00 1.5502341791e+00
1.4242424242e+00 -1.4242424242e+00 1.5846346812e+00
1.4242424242e+00 -1.3636363636e+00 1.6198483563e+00
1.4242424242e+00 -1.3030303030e+00 1.6558275093e+00
1.4242424242e+00 -1.2424242424e+00 1.6925092516e+00
1.4242424242e+00 -1.1818181818e+00 1.7298132909e+00
1.4242424242e+00 -1.1212121212e+00 1.7676396196e+00
1.4242424242e+00 -1.0606060606e+00 1.8058661680e+00
1.4242424242e+00 -1.0000000000e+00 1.8443465168e+00
1.4242424242e+00 -9.3939393939e-01 1.8829077957e+00
1.4242424242e+00 -8.7878787879e-01 1.9213489307e+00
1.4242424242e+00 -8.1818181818e-01 1.9594394382e+00
1.4242424242e+00 -7.5757575758e-01 1.9969189994e+00
1.4242424242e+00 -6.9696969697e-01 2.0334980689e+00
1.4242424242e+00 -6.3636363636e-01 2.0688597848e+00
1.4242424242e+00 -5.7575757576e-01 2.1026634255e+00
1.4242424242e+00 -5.1515151515e-01 2.1345496137e+00
1.4242424242e+00 -4.5454545455e-01 2.1641473769e+00
1.4242424242e+00 -3.9393939394e-01 2.1910830416e+00
1.4242424242e+00 -3.3333333333e-01 2.2149907720e+00
1.4242424242e+00 -2.7272727273e-01 2.2355243635e+00
1.4242424242e+00 -2.1212121212e-01 2.2523697072e+00
1.4242424242e+00 -1.5151515152e-01 2.2652571665e+00
1.4242424242e+00 -9.0909090909e-02 2.2739729923e+00
1.4242424242e+00 -3.0303030303e-02 2.2783688839e+00
1.4242424242e+00 3.0303030303e-02 2.2783688839e+00
1.4242424242e+00 9.0909090909e-02 2.2739729923e+00
1.4242424242e+00 1.5151515152e-01 2.2652571665e+00
1.4242424242e+00 2.1212121212e-01 2.2523697072e+00
1.4242424242e+00 2.7272727273e-01 2.2355243635e+00
1.4242424242e+00 3.3333333333e-01 2.2149907720e+00
1.4242424242e+00 3.9393939394e-01 2.1910830416e+00
1.4242424242e+00 4.5454545455e-01 2.1641473769e+00
1.4242424242e+00 5.1515151515e-01 2.1345496137e+00
1.4242424242e+00 5.7575757576e-01 2.1026634255e+00
1.4242424242e+00 6.3636363636e-01 2.0688597848e+00
1.4242424242e+00 6.9696969697e-01 2.0334980689e+00
1.4242424242e+00 7.5757575758e-01 1.9969189994e+00
1.4242424242e+00 8.1818181818e-01 1.9594394382e+00
1.4242424242e+00 8.7878787879e-01 1.9213489307e+00
1.4242424242e+00 9.3939393939e-01 1.8829077957e+00
1.4242424242e+00 1.0000000000e+00 1.8443465168e+00
1.4242424242e+00 1.0606060606e+00 1.8058661680e+00
1.4242424242e+00 1.1212121212e+00 1.7676396196e+00
1.4242424242e+00 1.1818181818e+00 1.7298132909e+00
1.4242424242e+00 1.2424242424e+00 1.6925092516e+00
1.4242424242e+00 1.3030303030e+00 1.6558275093e+00
1.4242424242e+00 1.3636363636e+00 1.6198483563e+00
1.4242424242e+00 1.4242424242e+00 1.5846346812e+00
1.4242424242e+00 1.4848484848e+00 1.5502341791e+00
1.4242424242e+00 1.5454545455e+00 1.5166814159e+00
1.4242424242e+00 1.6060606061e+00 1.4839997221e+00
1.4242424242e+00 1.6666666667e+00 1.4522029042e+00
1.4242424242e+00 1.7272727273e+00 1.4212967717e+00
1.4242424242e+00 1.7878787879e+00 1.3912804850e+00
1.4242424242e+00 1.8484848485e+00 1.3621477347e+00
1.4242424242e+00 1.9090909091e+00 1.3338877652e+00
1.4242424242e+00 1.9696969697e+00 1.3064862555e+00
1.4242424242e+00 2.0303030303e+00 1.2799260735e+00
1.4242424242e+00 2.0909090909e+00 1.2541879166e+00
1.4242424242e+00 2.1515151515e+00 1.2292508537e+00
1.4242424242e+00 2.2121212121e+00 1.2050927796e+00
1.4242424242e+00 2.2727272727e+00 1.1816907948e+00
1.4242424242e+00 2.3333333333e+00 1.1590215202e+00
1.4242424242e+00 2.3939393939e+00 1.1370613562e+00
1.4242424242e+00 2.4545454545e+00 1.1157866947e+00
1.4242424242e+00 2.5151515152e+00 1.0951740905e+00
1.4242424242e+00 2.5757575758e+00 1.0752003983e+00
1.4242424242e+00 2.6363636364e+00 1.0558428817e+00
1.4242424242e+00 2.6969696970e+00 1.0370792975e+00
1.4242424242e+00 2.7575757576e+00 1.0188879596e+00
1.4242424242e+00 2.8181818182e+00 1.0012477872e+00
1.4242424242e+00 2.8787878788e+00 9.8413833752e-01
1.4242424242e+00 2.9393939394e+00 9.6753982828e-01
1.4242424242e+00 3.0000000000e+00 9.5143315011e-01

1.4848484848e+00 -3.0000000000e+00 9.4383214981e-01
1.4848484848e+00 -2.9393939394e+00 9.5954946146e-01
1.4848484848e+00 -2.8787878788e+00 9.7573320521e-01
1.4848484848e+00 -2.8181818182e+00 9.9240054396e-01
1.4848484848e+00 -2.7575757576e+00 1.0095691505e+00
1.4848484848e+00 -2.6969696970e+00 1.0272571813e+00
1.4848484848e+00 -2.6363636364e+00 1.0454832404e+00
1.4848484848e+00 -2.5757575758e+00 1.0642663308e+00
1.4848484848e+00 -2.5151515152e+00 1.0836257910e+00
1.4848484848e+00 -2.4545454545e+00 1.1035812147e+00
1.4848484848e+00 -2.3939393939e+00 1.1241523496e+00
1.4848484848e+00 -2.3333333333e+00 1.1453589724e+00
1.4848484848e+00 -2.2727272727e+00 1.1672207348e+00
1.4848484848e+00 -2.2121212121e+00 1.1897569767e+00
1.4848484848e+00 -2.1515151515e+00 1.2129865010e+00
1.4848484848e+00 -2.0909090909e+00 1.2369273030e+00
1.4848484848e+00 -2.0303030303e+00 1.2615962477e+00
1.4848484848e+00 -1.9696969697e+00 1.2870086888e+00
1.4848484848e+00 -1.9090909091e+00 1.3131780177e+00
1.4848484848e+00 -1.8484848485e+00 1.3401151371e+00
1.4848484848e+00 -1.7878787879e+00 1.3678278459e+00
1.4848484848e+00 -1.7272727273e+00 1.3963201281e+00
1.4848484848e+00 -1.6666666667e+00 1.4255913332e+00
1.4848484848e+00 -1.6060606061e+00 1.4556352405e+00
1.4848484848e+00 -1.5454545455e+00 1.4864389966e+00
1.4848484848e+00 -1.4848484848e+00 1.5179819215e+00
1.4848484848e+00 -1.4242424242e+00 1.5502341791e+00
1.4848484848e+00 -1.3636363636e+00 1.5831553149e+00
1.4848484848e+00 -1.3030303030e+00 1.6166926685e+00
1.4848484848e+00 -1.2424242424e+00 1.6507796809e+00
1.4848484848e+00 -1.1818181818e+00 1.6853341262e+00
1.4848484848e+00 -1.1212121212e+00 1.7202563133e+00
1.4848484848e+00 -1.0606060606e+00 1.7554273227e+00
1.4848484848e+00 -1.0000000000e+00 1.7907073639e+00
1.4848484848e+00 -9.3939393939e-01 1.8259343624e+00
1.4848484848e+00 -8.7878787879e-01 1.8609229110e+00
1.4848484848e+00 -8.1818181818e-01 1.8954637416e+00
1.4848484848e+00 -7.5757575758e-01 1.9293238928e+00
1.4848484848e+00 -6.9696969697e-01 1.9622477599e+00
1.4848484848e+00 -6.3636363636e-01 1.9939592063e+00
1.4848484848e+00 -5.7575757576e-01 2.0241648944e+00
1.4848484848e+00 -5.1515151515e-01 2.0525589479e+00
1.4848484848e+00 -4.5454545455e-01 2.0788289801e+00
1.4848484848e+00 -3.9393939394e-01 2.1026634255e+00
1.4848484848e+00 -3.3333333333e-01 2.1237599883e+00
1.4848484848e+00 -2.7272727273e-01 2.1418348874e+00
1.4848484848e+00 -2.1212121212e-01 2.1566324468e+00
1.4848484848e+00 -1.5151515152e-01 2.1679344739e+00
1.4848484848e+00 -9.0909090909e-02 2.1755688050e+00
1.4848484848e+00 -3.0303030303e-02 2.1794163948e+00
1.4848484848e+00 3.0303030303e-02 2.1794163948e+00
1.4848484848e+00 9.0909090909e-02 2.1755688050e+00
1.4848484848e+00 1.5151515152e-01 2.1679344739e+00
1.4848484848e+00 2.1212121212e-01 2.1566324468e+00
1.4848484848e+00 2.7272727273e-01 2.1418348874e+00
1.4848484848e+00 3.3333333333e-01 2.1237599883e+00
1.4848484848e+00 3.9393939394e-01 2.1026634255e+00
1.4848484848e+00 4.5454545455e-01 2.0788289801e+00
1.4848484848e+00 5.1515151515e-01 2.0525589479e+00
1.4848484848e+00 5.7575757576e-01 2.0241648944e+00
1.4848484848e+00 6.3636363636e-01 1.9939592063e+00
1.4848484848e+00 6.9696969697e-01 1.9622477599e+00
1.4848484848e+00 7.5757575758e-01 1.9293238928e+00
1.4848484848e+00 8.1818181818e-01 1.8954637416e+00
1.4848484848e+00 8.7878787879e-01 1.8609229110e+00
1.4848484848e+00 9.3939393939e-01 1.8259343624e+00
1.4848484848e+00 1.0000000000e+00 1.7907073639e+00
1.4848484848e+00 1.0606060606e+00 1.7554273227e+00
1.4848484848e+00 1.1212121212e+00 1.7202563133e+00
1.4848484848e+00 1.1818181818e+00 1.6853341262e+00
1.4848484848e+00 1.2424242424e+00 1.6507796809e+00
1.4848484848e+00 1.3030303030e+00 1.6166926685e+00
1.4848484848e+00 1.3636363636e+00 1.5831553149e+00
1.4848484848e+00 1.4242424242e+00 1.5502341791e+00
1.4848484848e+00 1.4848484848e+00 1.5179819215e+00
1.4848484848e+00 1.5454545455e+00 1.4864389966e+00
1.4848484848e+00 1.6060606061e+00 1.4556352405e+00
1.4848484848e+00 1.6666666667e+00 1.4255913332e+00
1.4848484848e+00 1.7272727273e+00 1.3963201281e+00
1.4848484848e+00 1.7878787879e+00 1.3678278459e+00
1.4848484848e+00 1.8484848485e+00 1.3401151371e+00
1.4848484848e+00 1.9090909091e+00 1.3131780177e+00
1.4848484848e+00 1.9696969697e+00 1.2870086888e+00
1.4848484848e+00 2.0303030303e+00 1.2615962477e+00
1.4848484848e+00 2.0909090909e+00 1.2369273030e+00
1.4848484848e+00 2.1515151515e+00 1.2129865010e+00
1.4848484848e+00 2.2121212121e+00 1.1897569767e+00
1.4848484848e+00 2.2727272727e+00 1.1672207348e+00
1.4848484848e+00 2.3333333333e+00 1.1453589724e+00
1.4848484848e+00 2.3939393939e+00 1.1241523496e+00
1.4848484848e+00 2.4545454545e+00 1.1035812147e+00
1.4848484848e+00 2.5151515152e+00 1.0836257910e+00
1.4848484848e+00 2.5757575758e+00 1.0642663308e+00
1.4848484848e+00 2.6363636364e+00 1.0454832404e+00
1.4848484848e+00 2.6969696970e+00 1.0272571813e+00
1.4848484848e+00 2.7575757576e+00 1.0095691505e+00
1.4848484848e+00 2.8181818182e+00 9.9240054396e-01
1.4848484848e+00 2.8787878788e+00 9.7573320521e-01
1.4848484848e+00 2.9393939394e+00 9.5954946146e-01
1.4848484848e+00 3.0000000000e+00 9.4383214981e-01

1.5454545455e+00 -3.0000000000e+00 9.3610502173e-01
1.5454545455e+00 -2.9393939394e+00 9.5143315011e-01
1.5454545455e+00 -2.8787878788e+00 9.6720290199e-01
1.5454545455e+00 -2.8181818182e+00 9.8342959916e-01
1.5454545455e+00 -2.7575757576e+00 1.0001289263e+00
1.5454545455e+00 -2.6969696970e+00 1.0173168940e+00
1.5454545455e+00 -2.6363636364e+00 1.0350097905e+00
1.5454545455e+00 -2.5757575758e+00 1.0532241216e+00
1.5454545455e+00 -2.5151515152e+00 1.0719765347e+00
1.5454545455e+00 -2.4545454545e+00 1.0912837265e+00
1.5454545455e+00 -2.3939393939e+00 1.1111623295e+00
1.5454545455e+00 -2.3333333333e+00 1.1316287754e+00
1.5454545455e+00 -2.2727272727e+00 1.1526991306e+00
1.5454545455e+00 -2.2121212121e+00 1.1743889009e+00
1.5454545455e+00 -2.1515151515e+00 1.1967127986e+00
1.5454545455e+00 -2.0909090909e+00 1.2196844693e+00
1.5454545455e+00 -2.0303030303e+00 1.2433161701e+00
1.5454545455e+00 -1.9696969697e+00 1.2676183942e+00
1.5454545455e+00 -1.9090909091e+00 1.2925994358e+00
1.5454545455e+00 -1.8484848485e+00 1.3182648863e+00
1.5454545455e+00 -1.7878787879e+00 1.3446170560e+00
1.5454545455e+00 -1.7272727273e+00 1.3716543137e+00
1.5454545455e+00 -1.6666666667e+00 1.3993703370e+00
1.5454545455e+00 -1.6060606061e+00 1.4277532689e+00
1.5454545455e+00 -1.5454545455e+00 1.4567847743e+00
1.5454545455e+00 -1.4848484848e+00 1.4864389966e+00
1.5454545455e+00 -1.4242424242e+00 1.5166814159e+00
1.5454545455e+00 -1.3636363636e+00 1.5474676145e+00
1.5454545455e+00 -1.3030303030e+00 1.5787419647e+00
1.5454545455e+00 -1.2424242424e+00 1.6104362598e+00
1.5454545455e+00 -1.1818181818e+00 1.6424683193e+00
1.5454545455e+00 -1.1212121212e+00 1.6747406161e+00
1.5454545455e+00 -1.0606060606e+00 1.7071389804e+00
1.5454545455e+00 -1.0000000000e+00 1.7395314595e+00
1.5454545455e+00 -9.3939393939e-01 1.7717674220e+00
1.5454545455e+00 -8.7878787879e-01 1.8036770162e+00
1.5454545455e+00 -8.1818181818e-01 1.8350711035e+00
1.5454545455e+00 -7.5757575758e-01 1.8657417977e+00
1.5454545455e+00 -6.9696969697e-01 1.8954637416e+00
1.5454545455e+00 -6.3636363636e-01 1.9239962409e+00
1.5454545455e+00 -5.7575757576e-01 1.9510863547e+00
1.5454545455e+00 -5.1515151515e-01 1.9764729944e+00
1.5454545455e+00 -4.5454545455e-01 1.9998920290e+00
1.5454545455e+00 -3.9393939394e-01 2.0210823160e+00
1.5454545455e+00 -3.3333333333e-01 2.0397924895e+00
1.5454545455e+00 -2.7272727273e-01 2.0557882466e+00
1.5454545455e+00 -2.1212121212e-01 2.0688597848e+00
1.5454545455e+00 -1.5151515152e-01 2.0788289801e+00
1.5454545455e+00 -9.0909090909e-02 2.0855558575e+00
1.5454545455e+00 -3.0303030303e-02 2.0889439148e+00
1.5454545455e+00 3.0303030303e-02 2.0889439148e+00
1.5454545455e+00 9.0909090909e-02 2.0855558575e+00
1.5454545455e+00 1.5151515152e-01 2.0788289801e+00
1.5454545455e+00 2.1212121212e-01 2.0688597848e+00
1.5454545455e+00 2.7272727273e-01 2.0557882466e+00
1.5454545455e+00 3.3333333333e-01 2.0397924895e+00
1.5454545455e+00 3.9393939394e-01 2.0210823160e+00
1.5454545455e+00 4.5454545455e-01 1.9998920290e+00
1.5454545455e+00 5.1515151515e-01 1.9764729944e+00
1.5454545455e+00 5.7575757576e-01 1.9510863547e+00
1.5454545455e+00 6.3636363636e-01 1.9239962409e+00
1.5454545455e+00 6.9696969697e-01 1.8954637416e+00
1.5454545455e+00 7.5757575758e-01 1.8657417977e+00
1.5454545455e+00 8.1818181818e-01 1.8350711035e+00
1.5454545455e+00 8.7878787879e-01 1.8036770162e+00
1.5454545455e+00 9.3939393939e-01 1.7717674220e+00
1.5454545455e+00 1.0000000000e+00 1.7395314595e+00
1.5454545455e+00 1.0606060606e+00 1.7071389804e+00
1.5454545455e+00 1.1212121212e+00 1.6747406161e+00
1.5454545455e+00 1.1818181818e+00 1.6424683193e+00
1.5454545455e+00 1.2424242424e+00 1.6104362598e+00
1.5454545455e+00 1.3030303030e+00 1.5787419647e+00
1.5454545455e+00 1.3636363636e+00 1.5474676145e+00
1.5454545455e+00 1.4242424242e+00 1.5166814159e+00
1.5454545455e+00 1.4848484848e+00 1.4864389966e+00
1.5454545455e+00 1.5454545455e+00 1.4567847743e+00
1.5454545455e+00 1.6060606061e+00 1.4277532689e+00
1.5454545455e+00 1.6666666667e+00 1.3993703370e+00
1.5454545455e+00 1.7272727273e+00 1.3716543137e+00
1.5454545455e+00 1.7878787879e+00 1.3446170560e+00
1.5454545455e+00 1.8484848485e+00 1.3182648863e+00
1.5454545455e+00 1.9090909091e+00 1.2925994358e+00
1.5454545455e+00 1.9696969697e+00 1.2676183942e+00
1.5454545455e+00 2.0303030303e+00 1.2433161701e+00
1.5454545455e+00 2.0909090909e+00 1.2196844693e+00
1.5454545455e+00 2.1515151515e+00 1.1967127986e+00
1.5454545455e+00 2.2121212121e+00 1.1743889009e+00
1.5454545455e+00 2.2727272727e+00 1.1526991306e+00
1.5454545455e+00 2.3333333333e+00 1.1316287754e+00
1.5454545455e+00 2.3939393939e+00 1.1111623295e+00
1.5454545455e+00 2.4545454545e+00 1.0912837265e+00
1.5454545455e+00 2.5151515152e+00 1.0719765347e+00
1.5454545455e+00 2.5757575758e+00 1.0532241216e+00
1.5454545455e+00 2.6363636364e+00 1.0350097905e+00
1.5454545455e+00 2.6969696970e+00 1.0173168940e+00
1.5454545455e+00 2.7575757576e+00 1.0001289263e+00
1.5454545455e+00 2.8181818182e+00 9.8342959916e-01
1.5454545455e+00 2.8787878788e+00 9.6720290199e-01
1.5454545455e+00 2.9393939394e+00 9.5143315011e-01
1.5454545455e+00 3.0000000000e+00 9.3610502173e-01

1.6060606061e+00 -3.0000000000e+00 9.2826679740e-01
1.6060606061e+00 -2.9393939394e+00 9.4320692578e-01
1.6060606061e+00 -2.8787878788e+00 9.5856452380e-01
1.6060606061e+00 -2.8181818182e+00 9.7435317975e-01
1.6060606061e+00 -2.7575757576e+00 9.9058671357e-01
1.6060606061e+00 -2.6969696970e+00 1.0072791308e+00
1.6060606061e+00 -2.6363636364e+00 1.0244445655e+00
1.6060606061e+00 -2.5757575758e+00 1.0420972108e+00
1.6060606061e+00 -2.5151515152e+00 1.0602512339e+00
1.6060606061e+00 -2.4545454545e+00 1.0789206751e+00
1.6060606061e+00 -2.3939393939e+00 1.0981193262e+00
1.6060606061e+00 -2.3333333333e+00 1.1178605863e+00
1.6060606061e+00 -2.2727272727e+00 1.1381572925e+00
1.6060606061e+00 -2.2121212121e+00 1.1590215202e+00
1.6060606061e+00 -2.1515151515e+00 1.1804643494e+00
1.6060606061e+00 -2.0909090909e+00 1.2024955944e+00
1.6060606061e+00 -2.0303030303e+00 1.2251234892e+00
1.6060606061e+00 -1.9696969697e+00 1.2483543262e+00
1.6060606061e+00 -1.9090909091e+00 1.2721920413e+00
1.6060606061e+00 -1.8484848485e+00 1.2966377412e+00
1.6060606061e+00 -1.7878787879e+00 1.3216891667e+00
1.6060606061e+00 -1.7272727273e+00 1.3473400890e+00
1.6060606061e+00 -1.6666666667e+00 1.3735796329e+00
1.6060606061e+00 -1.6060606061e+00 1.4003915254e+00
1.6060606061e+00 -1.5454545455e+00 1.4277532689e+00
1.6060606061e+00 -1.4848484848e+00 1.4556352405e+00
1.6060606061e+00 -1.4242424242e+00 1.4839997221e+00
1.6060606061e+00 -1.3636363636e+00 1.5127998716e+00
1.6060606061e+00 -1.3030303030e+00 1.5419786516e+00
1.6060606061e+00 -1.2424242424e+00 1.5714677366e+00
1.6060606061e+00 -1.1818181818e+00 1.6011864318e+00
1.6060606061e+00 -1.1212121212e+00 1.6310406441e+00
1.6060606061e+00 -1.0606060606e+00 1.6609219574e+00
1.6060606061e+00 -1.0000000000e+00 1.6907068763e+00
1.6060606061e+00 -9.3939393939e-01 1.7202563133e+00
1.6060606061e+00 -8.7878787879e-01 1.7494154054e+00
1.6060606061e+00 -8.1818181818e-01 1.7780137514e+00
1.6060606061e+00 -7.5757575758e-01 1.8058661680e+00
1.6060606061e+00 -6.9696969697e-01 1.8327740535e+00
1.6060606061e+00 -6.3636363636e-01 1.8585274411e+00
1.6060606061e+00 -5.7575757576e-01 1.8829077957e+00
1.6060606061e+00 -5.1515151515e-01 1.9056915759e+00
1.6060606061e+00 -4.5454545455e-01 1.9266545362e+00
1.6060606061e+00 -3.9393939394e-01 1.9455766858e+00
1.6060606061e+00 -3.3333333333e-01 1.9622477599e+00
1.6060606061e+00 -2.7272727273e-01 1.9764729944e+00
1.6060606061e+00 -2.1212121212e-01 1.9880789385e+00
1.6060606061e+00 -1.5151515152e-01 1.9969189994e+00
1.6060606061e+00 -9.0909090909e-02 2.0028783943e+00
1.6060606061e+00 -3.0303030303e-02 2.0058781954e+00
1.6060606061e+00 3.0303030303e-02 2.0058781954e+00
1.6060606061e+00 9.0909090909e-02 2.0028783943e+00
1.6060606061e+00 1.5151515152e-01 1.9969189994e+00
1.6060606061e+00 2.1212121212e-01 1.9880789385e+00
1.6060606061e+00 2.7272727273e-01 1.9764729944e+00
1.6060606061e+00 3.3333333333e-01 1.9622477599e+00
1.6060606061e+00 3.9393939394e-01 1.9455766858e+00
1.6060606061e+00 4.5454545455e-01 1.9266545362e+00
1.6060606061e+00 5.1515151515e-01 1.9056915759e+00
1.6060606061e+00 5.7575757576e-01 1.8829077957e+00
1.6060606061e+00 6.3636363636e-01 1.8585274411e+00
1.6060606061e+00 6.9696969697e-01 1.8327740535e+00
1.6060606061e+00 7.5757575758e-01 1.8058661680e+00
1.6060606061e+00 8.1818181818e-01 1.7780137514e+00
1.6060606061e+00 8.7878787879e-01 1.7494154054e+00
1.6060606061e+00 9.3939393939e-01 1.7202563133e+00
1.6060606061e+00 1.0000000000e+00 1.6907068763e+00
1.6060606061e+00 1.0606060606e+00 1.6609219574e+00
1.6060606061e+00 1.1212121212e+00 1.6310406441e+00
1.6060606061e+00 1.1818181818e+00 1.6011864318e+00
1.6060606061e+00 1.2424242424e+00 1.5714677366e+00
1.6060606061e+00 1.3030303030e+00 1.5419786516e+00
1.6060606061e+00 1.3636363636e+00 1.5127998716e+00
1.6060606061e+00 1.4242424242e+00 1.4839997221e+00
1.6060606061e+00 1.4848484848e+00 1.4556352405e+00
1.6060606061e+00 1.5454545455e+00 1.4277532689e+00
1.6060606061e+00 1.6060606061e+00 1.4003915254e+00
1.6060606061e+00 1.6666666667e+00 1.3735796329e+00
1.6060606061e+00 1.7272727273e+00 1.3473400890e+00
1.6060606061e+00 1.7878787879e+00 1.3216891667e+00
1.6060606061e+00 1.8484848485e+00 1.2966377412e+00
1.6060606061e+00 1.9090909091e+00 1.2721920413e+00
1.6060606061e+00 1.9696969697e+00 1.2483543262e+00
1.6060606061e+00 2.0303030303e+00 1.2251234892e+00
1.6060606061e+00 2.0909090909e+00 1.2024955944e+00
1.6060606061e+00 2.1515151515e+00 1.1804643494e+00
1.6060606061e+00 2.2121212121e+00 1.1590215202e+00
1.6060606061e+00 2.2727272727e+00 1.1381572925e+00
1.6060606061e+00 2.3333333333e+00 1.1178605863e+00
1.6060606061e+00 2.3939393939e+00 1.0981193262e+00
1.6060606061e+00 2.4545454545e+00 1.0789206751e+00
1.6060606061e+00 2.5151515152e+00 1.0602512339e+00
1.6060606061e+00 2.5757575758e+00 1.0420972108e+00
1.6060606061e+00 2.6363636364e+00 1.0244445655e+00
1.6060606061e+00 2.6969696970e+00 1.0072791308e+00
1.6060606061e+00 2.7575757576e+00 9.9058671357e-01
1.6060606061e+00 2.8181818182e+00 9.7435317975e-01
1.6060606061e+00 2.8787878788e+00 9.5856452380e-01
1.6060606061e+00 2.9393939394e+00 9.4320692578e-01
1.6060606061e+00 3.0000000000e+00 9.2826679740e-01

1.6666666667e+00 -3.0000000000e+00 9.2033197542e-01
1.6666666667e+00 -2.9393939394e+00 9.3488620820e-01
1.6666666667e+00 -2.8787878788e+00 9.4983446527e-01
1.6666666667e+00 -2.8181818182e+00 9.6518870992e-01
1.6666666667e+00 -2.7575757576e+00 9.8096102082e-01
1.6666666667e+00 -2.6969696970e+00 9.9716353902e-01
1.6666666667e+00 -2.6363636364e+00 1.0138084041e+00
1.6666666667e+00 -2.5757575758e+00 1.0309076777e+00
1.6666666667e+00 -2.5151515152e+00 1.0484732529e+00
1.6666666667e+00 -2.4545454545e+00 1.0665167467e+00
1.6666666667e+00 -2.3939393939e+00 1.0850493743e+00
1.6666666667e+00 -2.3333333333e+00 1.1040818015e+00
1.6666666667e+00 -2.2727272727e+00 1.1236239734e+00
1.6666666667e+00 -2.2121212121e+00 1.1436849150e+00
1.6666666667e+00 -2.1515151515e+00 1.1642725023e+00
1.6666666667e+00 -2.0909090909e+00 1.1853931985e+00
1.6666666667e+00 -2.0303030303e+00 1.2070517520e+00
1.6666666667e+00 -1.9696969697e+00 1.2292508537e+00
1.6666666667e+00 -1.9090909091e+00 1.2519907477e+00
1.6666666667e+00 -1.8484848485e+00 1.2752687928e+00
1.6666666667e+00 -1.7878787879e+00 1.2990789721e+00
1.6666666667e+00 -1.7272727273e+00 1.3234113464e+00
1.6666666667e+00 -1.6666666667e+00 1.3482514507e+00
1.6666666667e+00 -1.6060606061e+00 1.3735796329e+00
1.6666666667e+00 -1.5454545455e+00 1.3993703370e+00
1.6666666667e+00 -1.4848484848e+00 1.4255913332e+00
1.6666666667e+00 -1.4242424242e+00 1.4522029042e+00
1.6666666667e+00 -1.3636363636e+00 1.4791569974e+00
1.6666666667e+00 -1.3030303030e+00 1.5063963608e+00
1.6666666667e+00 -1.2424242424e+00 1.5338536836e+00
1.6666666667e+00 -1.1818181818e+00 1.5614507728e+00
1.6666666667e+00 -1.1212121212e+00 1.5890978005e+00
1.6666666667e+00 -1.0606060606e+00 1.6166926685e+00
1.6666666667e+00 -1.0000000000e+00 1.6441205427e+00
1.6666666667e+00 -9.3939393939e-01 1.6712536188e+00
1.6666666667e+00 -8.7878787879e-01 1.6979511841e+00
1.6666666667e+00 -8.1818181818e-01 1.7240600475e+00
1.6666666667e+00 -7.5757575758e-01 1.7494154054e+00
1.6666666667e+00 -6.9696969697e-01 1.7738422057e+00
1.6666666667e+00 -6.3636363636e-01 1.7971570620e+00
1.6666666667e+00 -5.7575757576e-01 1.8191707458e+00
1.6666666667e+00 -5.1515151515e-01 1.8396912573e+00
1.6666666667e+00 -4.5454545455e-01 1.8585274411e+00
1.6666666667e+00 -3.9393939394e-01 1.8754930674e+00
1.6666666667e+00 -3.3333333333e-01 1.8904112575e+00
1.6666666667e+00 -2.7272727273e-01 1.9031190862e+00
1.6666666667e+00 -2.1212121212e-01 1.9134721586e+00
1.6666666667e+00 -1.5151515152e-01 1.9213489307e+00
1.6666666667e+00 -9.0909090909e-02 1.9266545362e+00
1.6666666667e+00 -3.0303030303e-02 1.9293238928e+00
1.6666666667e+00 3.0303030303e-02 1.9293238928e+00
1.6666666667e+00 9.0909090909e-02 1.9266545362e+00
1.6666666667e+00 1.5151515152e-01 1.9213489307e+00
1.6666666667e+00 2.1212121212e-01 1.9134721586e+00
1.6666666667e+00 2.7272727273e-01 1.9031190862e+00
1.6666666667e+00 3.3333333333e-01 1.8904112575e+00
1.6666666667e+00 3.9393939394e-01 1.8754930674e+00
1.6666666667e+00 4.5454545455e-01 1.8585274411e+00
1.6666666667e+00 5.1515151515e-01 1.8396912573e+00
1.6666666667e+00 5.7575757576e-01 1.8191707458e+00
1.6666666667e+00 6.3636363636e-01 1.7971570620e+00
1.6666666667e+00 6.9696969697e-01 1.7738422057e+00
1.6666666667e+00 7.5757575758e-01 1.7494154054e+00
1.6666666667e+00 8.1818181818e-01 1.7240600475e+00
1.6666666667e+00 8.7878787879e-01 1.6979511841e+00
1.6666666667e+00 9.3939393939e-01 1.6712536188e+00
1.6666666667e+00 1.0000000000e+00 1.6441205427e+00
1.6666666667e+00 1.0606060606e+00 1.6166926685e+00
1.6666666667e+00 1.1212121212e+00 1.5890978005e+00
1.6666666667e+00 1.1818181818e+00 1.5614507728e+00
1.6666666667e+00 1.2424242424e+00 1.5338536836e+00
1.6666666667e+00 1.3030303030e+00 1.5063963608e+00
1.6666666667e+00 1.3636363636e+00 1.4791569974e+00
1.6666666667e+00 1.4242424242e+00 1.4522029042e+00
1.6666666667e+00 1.4848484848e+00 1.4255913332e+00
1.6666666667e+00 1.5454545455e+00 1.3993703370e+00
1.6666666667e+00 1.6060606061e+00 1.3735796329e+00
1.6666666667e+00 1.6666666667e+00 1.3482514507e+00
1.6666666667e+00 1.7272727273e+00 1.3234113464e+00
1.6666666667e+00 1.7878787879e+00 1.2990789721e+00
1.6666666667e+00 1.8484848485e+00 1.2752687928e+00
1.6666666667e+00 1.9090909091e+00 1.2519907477e+00
1.6666666667e+00 1.9696969697e+00 1.2292508537e+00
1.6666666667e+00 2.0303030303e+00 1.2070517520e+00
1.6666666667e+00 2.0909090909e+00 1.1853931985e+00
1.6666666667e+00 2.1515151515e+00 1.1642725023e+00
1.6666666667e+00 2.2121212121e+00 1.1436849150e+00
1.6666666667e+00 2.2727272727e+00 1.1236239734e+00
1.6666666667e+00 2.3333333333e+00 1.1040818015e+00
1.6666666667e+00 2.3939393939e+00 1.0850493743e+00
1.6666666667e+00 2.4545454545e+00 1.0665167467e+00
1.6666666667e+00 2.5151515152e+00 1.0484732529e+00
1.6666666667e+00 2.5757575758e+00 1.0309076777e+00
1.6666666667e+00 2.6363636364e+00 1.0138084041e+00
1.6666666667e+00 2.6969696970e+00 9.9716353902e-01
1.6666666667e+00 2.7575757576e+00 9.8096102082e-01
1.6666666667e+00 2.8181818182e+00 9.6518870992e-01
1.6666666667e+00 2.8787878788e+00 9.4983446527e-01
1.6666666667e+00 2.9393939394e+00 9.3488620820e-01
1.6666666667e+00 3.0000000000e+00 9.2033197542e-01

1.7272727273e+00 -3.0000000000e+00 9.1231448809e-01
1.7272727273e+00 -2.9393939394e+00 9.2648577207e-01
1.7272727273e+00 -2.8787878788e+00 9.4102838721e-01
1.7272727273e+00 -2.8181818182e+00 9.5595278000e-01
1.7272727273e+00 -2.7575757576e+00 9.7126941030e-01
1.7272727273e+00 -2.6969696970e+00 9.8698869308e-01
1.7272727273e+00 -2.6363636364e+00 1.0031209297e+00
1.7272727273e+00 -2.5757575758e+00 1.0196762271e+00
1.7272727273e+00 -2.5151515152e+00 1.0366644029e+00
1.7272727273e+00 -2.4545454545e+00 1.0540948751e+00
1.7272727273e+00 -2.3939393939e+00 1.0719765347e+00
1.7272727273e+00 -2.3333333333e+00 1.0903175970e+00
1.7272727273e+00 -2.2727272727e+00 1.1091254323e+00
1.7272727273e+00 -2.2121212121e+00 1.1284063710e+00
1.7272727273e+00 -2.1515151515e+00 1.1481654811e+00
1.7272727273e+00 -2.0909090909e+00 1.1684063157e+00
1.7272727273e+00 -2.0303030303e+00 1.1891306277e+00
1.7272727273e+00 -1.9696969697e+00 1.2103380473e+00
1.7272727273e+00 -1.9090909091e+00 1.2320257224e+00
1.7272727273e+00 -1.8484848485e+00 1.2541879166e+00
1.7272727273e+00 -1.7878787879e+00 1.2768155651e+00
1.7272727273e+00 -1.7272727273e+00 1.2998957857e+00
1.7272727273e+00 -1.6666666667e+00 1.3234113464e+00
1.7272727273e+00 -1.6060606061e+00 1.3473400890e+00
1.7272727273e+00 -1.5454545455e+00 1.3716543137e+00
1.7272727273e+00 -1.4848484848e+00 1.3963201281e+00
1.7272727273e+00 -1.4242424242e+00 1.4212967717e+00
1.7272727273e+00 -1.3636363636e+00 1.4465359253e+00
1.7272727273e+00 -1.3030303030e+00 1.4719810229e+00
1.7272727273e+00 -1.2424242424e+00 1.4975665872e+00
1.7272727273e+00 -1.1818181818e+00 1.5232176147e+00
1.7272727273e+00 -1.1212121212e+00 1.5488490428e+00
1.7272727273e+00 -1.0606060606e+00 1.5743653373e+00
1.7272727273e+00 -1.0000000000e+00 1.5996602434e+00
1.7272727273e+00 -9.3939393939e-01 1.6246167485e+00
1.7272727273e+00 -8.7878787879e-01 1.6491073088e+00
1.7272727273e+00 -8.1818181818e-01 1.6729943903e+00
1.7272727273e+00 -7.5757575758e-01 1.6961313744e+00
1.7272727273e+00 -6.9696969697e-01 1.7183638696e+00
1.7272727273e+00 -6.3636363636e-01 1.7395314595e+00
1.7272727273e+00 -5.7575757576e-01 1.7594698995e+00
1.7272727273e+00 -5.1515151515e-01 1.7780137514e+00
1.7272727273e+00 -4.5454545455e-01 1.7949994190e+00
1.7272727273e+00 -3.9393939394e-01 1.8102685122e+00
1.7272727273e+00 -3.3333333333e-01 1.8236714407e+00
1.7272727273e+00 -2.7272727273e-01 1.8350711035e+00
1.7272727273e+00 -2.1212121212e-01 1.8443465168e+00
1.7272727273e+00 -1.5151515152e-01 1.8513962093e+00
1.7272727273e+00 -9.0909090909e-02 1.8561412070e+00
1.7272727273e+00 -3.0303030303e-02 1.8585274411e+00
1.7272727273e+00 3.0303030303e-02 1.8585274411e+00
1.7272727273e+00 9.0909090909e-02 1.8561412070e+00
1.7272727273e+00 1.5151515152e-01 1.8513962093e+00
1.7272727273e+00 2.1212121212e-01 1.8443465168e+00
1.7272727273e+00 2.7272727273e-01 1.8350711035e+00
1.7272727273e+00 3.3333333333e-01 1.8236714407e+00
1.7272727273e+00 3.9393939394e-01 1.8102685122e+00
1.7272727273e+00 4.5454545455e-01 1.7949994190e+00
1.7272727273e+00 5.1515151515e-01 1.7780137514e+00
1.7272727273e+00 5.7575757576e-01 1.7594698995e+00
1.7272727273e+00 6.3636363636e-01 1.7395314595e+00
1.7272727273e+00 6.9696969697e-01 1.7183638696e+00
1.7272727273e+00 7.5757575758e-01 1.6961313744e+00
1.7272727273e+00 8.1818181818e-01 1.6729943903e+00
1.7272727273e+00 8.7878787879e-01 1.6491073088e+00
1.7272727273e+00 9.3939393939e-01 1.6246167485e+00
1.7272727273e+00 1.0000000000e+00 1.5996602434e+00
1.7272727273e+00 1.0606060606e+00 1.5743653373e+00
1.7272727273e+00 1.1212121212e+00 1.5488490428e+00
1.7272727273e+00 1.1818181818e+00 1.5232176147e+00
1.7272727273e+00 1.2424242424e+00 1.4975665872e+00
1.7272727273e+00 1.3030303030e+00 1.4719810229e+00
1.7272727273e+00 1.3636363636e+00 1.4465359253e+00
1.7272727273e+00 1.4242424242e+00 1.4212967717e+00
1.7272727273e+00 1.4848484848e+00 1.3963201281e+00
1.7272727273e+00 1.5454545455e+00 1.3716543137e+00
1.7272727273e+00 1.6060606061e+00 1.3473400890e+00
1.7272727273e+00 1.6666666667e+00 1.3234113464e+00
1.7272727273e+00 1.7272727273e+00 1.2998957857e+00
1.7272727273e+00 1.7878787879e+00 1.2768155651e+00
1.7272727273e+00 1.8484848485e+00 1.2541879166e+00
1.7272727273e+00 1.9090909091e+00 1.2320257224e+00
1.7272727273e+00 1.9696969697e+00 1.2103380473e+00
1.7272727273e+00 2.0303030303e+00 1.1891306277e+00
1.7272727273e+00 2.0909090909e+00 1.1684063157e+00
1.7272727273e+00 2.1515151515e+00 1.1481654811e+00
1.7272727273e+00 2.2121212121e+00 1.1284063710e+00
1.7272727273e+00 2.2727272727e+00 1.1091254323e+00
1.7272727273e+00 2.3333333333e+00 1.0903175970e+00
1.7272727273e+00 2.3939393939e+00 1.0719765347e+00
1.7272727273e+00 2.4545454545e+00 1.0540948751e+00
1.7272727273e+00 2.5151515152e+00 1.0366644029e+00
1.7272727273e+00 2.5757575758e+00 1.0196762271e+00
1.7272727273e+00 2.6363636364e+00 1.0031209297e+00
1.7272727273e+00 2.6969696970e+00 9.8698869308e-01
1.7272727273e+00 2.7575757576e+00 9.7126941030e-01
1.7272727273e+00 2.8181818182e+00 9.5595278000e-01
1.7272727273e+00 2.8787878788e+00 9.4102838721e-01
1.7272727273e+00 2.9393939394e+00 9.2648577207e-01
1.7272727273e+00 3.0000000000e+00 9.1231448809e-01

1.7878787879e+00 -3.0000000000e+00 9.0422767531e-01
1.7878787879e+00 -2.9393939394e+00 9.1801972195e-01
1.7878787879e+00 -2.8787878788e+00 9.3216119312e-01
1.7878787879e+00 -2.8181818182e+00 9.4666112546e-01
1.7878787879e+00 -2.7575757576e+00 9.6152848018e-01
1.7878787879e+00 -2.6969696970e+00 9.7677208135e-01
1.7878787879e+00 -2.6363636364e+00 9.9240054396e-01
1.7878787879e+00 -2.5757575758e+00 1.0084221903e+00
1.7878787879e+00 -2.5151515152e+00 1.0248449536e+00
1.7878787879e+00 -2.4545454545e+00 1.0416762665e+00
1.7878787879e+00 -2.3939393939e+00 1.0589229339e+00
1.7878787879e+00 -2.3333333333e+00 1.0765909872e+00
1.7878787879e+00 -2.2727272727e+00 1.0946855184e+00
1.7878787879e+00 -2.2121212121e+00 1.1132104917e+00
1.7878787879e+00 -2.1515151515e+00 1.1321685318e+00
1.7878787879e+00 -2.0909090909e+00 1.1515606843e+00
1.7878787879e+00 -2.0303030303e+00 1.1713861487e+00
1.7878787879e+00 -1.9696969697e+00 1.1916419798e+00
1.7878787879e+00 -1.9090909091e+00 1.2123227577e+00
1.7878787879e+00 -1.8484848485e+00 1.2334202236e+00
1.7878787879e+00 -1.7878787879e+00 1.2549228814e+00
1.7878787879e+00 -1.7272727273e+00 1.2768155651e+00
1.7878787879e+00 -1.6666666667e+00 1.2990789721e+00
1.7878787879e+00 -1.6060606061e+00 1.3216891667e+00
1.7878787879e+00 -1.5454545455e+00 1.3446170560e+00
1.7878787879e+00 -1.4848484848e+00 1.3678278459e+00
1.7878787879e+00 -1.4242424242e+00 1.3912804850e+00
1.7878787879e+00 -1.3636363636e+00 1.4149271093e+00
1.7878787879e+00 -1.3030303030e+00 1.4387125024e+00
1.7878787879e+00 -1.2424242424e+00 1.4625735907e+00
1.7878787879e+00 -1.1818181818e+00 1.4864389966e+00
1.7878787879e+00 -1.1212121212e+00 1.5102286777e+00
1.7878787879e+00 -1.0606060606e+00 1.5338536836e+00
1.7878787879e+00 -1.0000000000e+00 1.5572160654e+00
1.7878787879e+00 -9.3939393939e-01 1.5802089758e+00
1.7878787879e+00 -8.7878787879e-01 1.6027169992e+00
1.7878787879e+00 -8.1818181818e-01 1.6246167485e+00
1.7878787879e+00 -7.5757575758e-01 1.6457777652e+00
1.7878787879e+00 -6.9696969697e-01 1.6660637478e+00
1.7878787879e+00 -6.3636363636e-01 1.6853341262e+00
1.7878787879e+00 -5.7575757576e-01 1.7034459843e+00
1.7878787879e+00 -5.1515151515e-01 1.7202563133e+00
1.7878787879e+00 -4.5454545455e-01 1.7356245597e+00
1.7878787879e+00 -3.9393939394e-01 1.7494154054e+00
1.7878787879e+00 -3.3333333333e-01 1.7615016975e+00
1.7878787879e+00 -2.7272727273e-01 1.7717674220e+00
1.7878787879e+00 -2.1212121212e-01 1.7801106001e+00
1.7878787879e+00 -1.5151515152e-01 1.7864459757e+00
1.7878787879e+00 -9.0909090909e-02 1.7907073639e+00
1.7878787879e+00 -3.0303030303e-02 1.7928495351e+00
1.7878787879e+00 3.0303030303e-02 1.7928495351e+00
1.7878787879e+00 9.0909090909e-02 1.7907073639e+00
1.7878787879e+00 1.5151515152e-01 1.7864459757e+00
1.7878787879e+00 2.1212121212e-01 1.7801106001e+00
1.7878787879e+00 2.7272727273e-01 1.7717674220e+00
1.7878787879e+00 3.3333333333e-01 1.7615016975e+00
1.7878787879e+00 3.9393939394e-01 1.7494154054e+00
1.7878787879e+00 4.5454545455e-01 1.7356245597e+00
1.7878787879e+00 5.1515151515e-01 1.7202563133e+00
1.7878787879e+00 5.7575757576e-01 1.7034459843e+00
1.7878787879e+00 6.3636363636e-01 1.6853341262e+00
1.7878787879e+00 6.9696969697e-01 1.6660637478e+00
1.7878787879e+00 7.5757575758e-01 1.6457777652e+00
1.7878787879e+00 8.1818181818e-01 1.6246167485e+00
1.7878787879e+00 8.7878787879e-01 1.6027169992e+00
1.7878787879e+00 9.3939393939e-01 1.5802089758e+00
1.7878787879e+00 1.0000000000e+00 1.5572160654e+00
1.7878787879e+00 1.0606060606e+00 1.5338536836e+00
1.7878787879e+00 1.1212121212e+00 1.5102286777e+00
1.7878787879e+00 1.1818181818e+00 1.4864389966e+00
1.7878787879e+00 1.2424242424e+00 1.4625735907e+00
1.7878787879e+00 1.3030303030e+00 1.4387125024e+00
1.7878787879e+00 1.3636363636e+00 1.4149271093e+00
1.7878787879e+00 1.4242424242e+00 1.3912804850e+00
1.7878787879e+00 1.4848484848e+00 1.3678278459e+00
1.7878787879e+00 1.5454545455e+00 1.3446170560e+00
1.7878787879e+00 1.6060606061e+00 1.3216891667e+00
1.7878787879e+00 1.6666666667e+00 1.2990789721e+00
1.7878787879e+00 1.7272727273e+00 1.2768155651e+00
1.7878787879e+00 1.7878787879e+00 1.2549228814e+00
1.7878787879e+00 1.8484848485e+00 1.2334202236e+00
1.7878787879e+00 1.9090909091e+00 1.2123227577e+00
1.7878787879e+00 1.9696969697e+00 1.1916419798e+00
1.7878787879e+00 2.0303030303e+00 1.1713861487e+00
1.7878787879e+00 2.0909090909e+00 1.1515606843e+00
1.7878787879e+00 2.1515151515e+00 1.1321685318e+00
1.7878787879e+00 2.2121212121e+00 1.1132104917e+00
1.7878787879e+00 2.2727272727e+00 1.0946855184e+00
1.7878787879e+00 2.3333333333e+00 1.0765909872e+00
1.7878787879e+00 2.3939393939e+00 1.0589229339e+00
1.7878787879e+00 2.4545454545e+00 1.0416762665e+00
1.7878787879e+00 2.5151515152e+00 1.0248449536e+00
1.7878787879e+00 2.5757575758e+00 1.0084221903e+00
1.7878787879e+00 2.6363636364e+00 9.9240054396e-01
1.7878787879e+00 2.6969696970e+00 9.7677208135e-01
1.7878787879e+00 2.7575757576e+00 9.6152848018e-01
1.7878787879e+00 2.8181818182e+00 9.4666112546e-01
1.7878787879e+00 2.8787878788e+00 9.3216119312e-01
1.7878787879e+00 2.9393939394e+00 9.1801972195e-01
1.7878787879e+00 3.0000000000e+00 9.0422767531e-01

1.8484848485e+00 -3.0000000000e+00 8.9608426536e-01
1.8484848485e+00 -2.9393939394e+00 9.0950147468e-01
1.8484848485e+00 -2.8787878788e+00 9.2324701408e-01
1.8484848485e+00 -2.8181818182e+00 9.3732861492e-01
1.8484848485e+00 -2.7575757576e+00 9.5175385691e-01
1.8484848485e+00 -2.6969696970e+00 9.6653010409e-01
1.8484848485e+00 -2.6363636364e+00 9.8166443119e-01
1.8484848485e+00 -2.5757575758e+00 9.9716353902e-01
1.8484848485e+00 -2.5151515152e+00 1.0130336578e+00
1.8484848485e+00 -2.4545454545e+00 1.0292804367e+00
1.8484848485e+00 -2.3939393939e+00 1.0459088192e+00
1.8484848485e+00 -2.3333333333e+00 1.0629229006e+00
1.8484848485e+00 -2.2727272727e+00 1.0803257692e+00
1.8484848485e+00 -2.2121212121e+00 1.0981193262e+00
1.8484848485e+00 -2.1515151515e+00 1.1163040852e+00
1.8484848485e+00 -2.0909090909e+00 1.1348789488e+00
1.8484848485e+00 -2.0303030303e+00 1.1538409605e+00
1.8484848485e+00 -1.9696969697e+00 1.1731850309e+00
1.8484848485e+00 -1.9090909091e+00 1.1929036383e+00
1.8484848485e+00 -1.8484848485e+00 1.2129865010e+00
1.8484848485e+00 -1.7878787879e+00 1.2334202236e+00
1.8484848485e+00 -1.7272727273e+00 1.2541879166e+00
1.8484848485e+00 -1.6666666667e+00 1.2752687928e+00
1.8484848485e+00 -1.6060606061e+00 1.2966377412e+00
1.8484848485e+00 -1.5454545455e+00 1.3182648863e+00
1.8484848485e+00 -1.4848484848e+00 1.3401151371e+00
1.8484848485e+00 -1.4242424242e+00 1.3621477347e+00
1.8484848485e+00 -1.3636363636e+00 1.3843158118e+00
1.8484848485e+00 -1.3030303030e+00 1.4065659755e+00
1.8484848485e+00 -1.2424242424e+00 1.4288379330e+00
1.8484848485e+00 -1.1818181818e+00 1.4510641783e+00
1.8484848485e+00 -1.1212121212e+00 1.4731697651e+00
1.8484848485e+00 -1.0606060606e+00 1.4950721900e+00
1.8484848485e+00 -1.0000000000e+00 1.5166814159e+00
1.8484848485e+00 -9.3939393939e-01 1.5379000636e+00
1.8484848485e+00 -8.7878787879e-01 1.5586238022e+00
1.8484848485e+00 -8.1818181818e-01 1.5787419647e+00
1.8484848485e+00 -7.5757575758e-01 1.5981384130e+00
1.8484848485e+00 -6.9696969697e-01 1.6166926685e+00
1.8484848485e+00 -6.3636363636e-01 1.6342813165e+00
1.8484848485e+00 -5.7575757576e-01 1.6507796809e+00
1.8484848485e+00 -5.1515151515e-01 1.6660637478e+00
1.8484848485e+00 -4.5454545455e-01 1.6800123062e+00
1.8484848485e+00 -3.9393939394e-01 1.6925092516e+00
1.8484848485e+00 -3.3333333333e-01 1.7034459843e+00
1.8484848485e+00 -2.7272727273e-01 1.7127238194e+00
1.8484848485e+00 -2.1212121212e-01 1.7202563133e+00
1.8484848485e+00 -1.5151515152e-01 1.7259714078e+00
1.8484848485e+00 -9.0909090909e-02 1.7298132909e+00
1.8484848485e+00 -3.0303030303e-02 1.7317438852e+00
1.8484848485e+00 3.0303030303e-02 1.7317438852e+00
1.8484848485e+00 9.0909090909e-02 1.7298132909e+00
1.8484848485e+00 1.5151515152e-01 1.7259714078e+00
1.8484848485e+00 2.1212121212e-01 1.7202563133e+00
1.8484848485e+00 2.7272727273e-01 1.7127238194e+00
1.8484848485e+00 3.3333333333e-01 1.7034459843e+00
1.8484848485e+00 3.9393939394e-01 1.6925092516e+00
1.8484848485e+00 4.5454545455e-01 1.6800123062e+00
1.8484848485e+00 5.1515151515e-01 1.6660637478e+00
1.8484848485e+00 5.7575757576e-01 1.6507796809e+00
1.8484848485e+00 6.3636363636e-01 1.6342813165e+00
1.8484848485e+00 6.9696969697e-01 1.6166926685e+00
1.8484848485e+00 7.5757575758e-01 1.5981384130e+00
1.8484848485e+00 8.1818181818e-01 1.5787419647e+00
1.8484848485e+00 8.7878787879e-01 1.5586238022e+00
1.8484848485e+00 9.3939393939e-01 1.5379000636e+00
1.8484848485e+00 1.0000000000e+00 1.5166814159e+00
1.8484848485e+00 1.0606060606e+00 1.4950721900e+00
1.8484848485e+00 1.1212121212e+00 1.4731697651e+00
1.8484848485e+00 1.1818181818e+00 1.4510641783e+00
1.8484848485e+00 1.2424242424e+00 1.4288379330e+00
1.8484848485e+00 1.3030303030e+00 1.4065659755e+00
1.8484848485e+00 1.3636363636e+00 1.3843158118e+00
1.8484848485e+00 1.4242424242e+00 1.3621477347e+00
1.8484848485e+00 1.4848484848e+00 1.3401151371e+00
1.8484848485e+00 1.5454545455e+00 1.3182648863e+00
1.8484848485e+00 1.6060606061e+00 1.2966377412e+00
1.8484848485e+00 1.6666666667e+00 1.2752687928e+00
1.8484848485e+00 1.7272727273e+00 1.2541879166e+00
1.8484848485e+00 1.7878787879e+00 1.2334202236e+00
1.8484848485e+00 1.8484848485e+00 1.2129865010e+00
1.8484848485e+00 1.9090909091e+00 1.1929036383e+00
1.8484848485e+00 1.9696969697e+00 1.1731850309e+00
1.8484848485e+00 2.0303030303e+00 1.1538409605e+00
1.8484848485e+00 2.0909090909e+00 1.1348789488e+00
1.8484848485e+00 2.1515151515e+00 1.1163040852e+00
1.8484848485e+00 2.2121212121e+00 1.0981193262e+00
1.8484848485e+00 2.2727272727e+00 1.0803257692e+00
1.8484848485e+00 2.3333333333e+00 1.0629229006e+00
1.8484848485e+00 2.3939393939e+00 1.0459088192e+00
1.8484848485e+00 2.4545454545e+00 1.0292804367e+00
1.8484848485e+00 2.5151515152e+00 1.0130336578e+00
1.8484848485e+00 2.5757575758e+00 9.9716353902e-01
1.8484848485e+00 2.6363636364e+00 9.8166443119e-01
1.8484848485e+00 2.6969696970e+00 9.6653010409e-01
1.8484848485e+00 2.7575757576e+00 9.5175385691e-01
1.8484848485e+00 2.8181818182e+00 9.3732861492e-01
1.8484848485e+00 2.8787878788e+00 9.2324701408e-01
1.8484848485e+00 2.9393939394e+00 9.0950147468e-01
1.8484848485e+00 3.0000000000e+00 8.9608426536e-01

1.9090909091e+00 -3.0000000000e+00 8.8789636188e-01
1.9090909091e+00 -2.9393939394e+00 9.0094374874e-01
1.9090909091e+00 -2.8787878788e+00 9.1429920100e-01
1.9090909091e+00 -2.8181818182e+00 9.2796924645e-01
1.9090909091e+00 -2.7575757576e+00 9.4196019643e-01
1.9090909091e+00 -2.6969696970e+00 9.5627808082e-01
1.9090909091e+00 -2.6363636364e+00 9.7092857381e-01
1.9090909091e+00 -2.5757575758e+00 9.8591690967e-01
1.9090909091e+00 -2.5151515152e+00 1.0012477872e+00
1.9090909091e+00 -2.4545454545e+00 1.0169252619e+00
1.9090909091e+00 -2.3939393939e+00 1.0329526247e+00
1.9090909091e+00 -2.3333333333e+00 1.0493322655e+00
1.9090909091e+00 -2.2727272727e+00 1.0660655213e+00
1.9090909091e+00 -2.2121212121e+00 1.0831525070e+00
1.9090909091e+00 -2.1515151515e+00 1.1005919272e+00
1.9090909091e+00 -2.0909090909e+00 1.1183808688e+00
1.9090909091e+00 -2.0303030303e+00 1.1365145740e+00
1.9090909091e+00 -1.9696969697e+00 1.1549861907e+00
1.9090909091e+00 -1.9090909091e+00 1.1737865028e+00
1.9090909091e+00 -1.8484848485e+00 1.1929036383e+00
1.9090909091e+00 -1.7878787879e+00 1.2123227577e+00
1.9090909091e+00 -1.7272727273e+00 1.2320257224e+00
1.9090909091e+00 -1.6666666667e+00 1.2519907477e+00
1.9090909091e+00 -1.6060606061e+00 1.2721920413e+00
1.9090909091e+00 -1.5454545455e+00 1.2925994358e+00
1.9090909091e+00 -1.4848484848e+00 1.3131780177e+00
1.9090909091e+00 -1.4242424242e+00 1.3338877652e+00
1.9090909091e+00 -1.3636363636e+00 1.3546832025e+00
1.9090909091e+00 -1.3030303030e+00 1.3755130847e+00
1.9090909091e+00 -1.2424242424e+00 1.3963201281e+00
1.9090909091e+00 -1.1818181818e+00 1.4170408022e+00
1.9090909091e+00 -1.1212121212e+00 1.4376052043e+00
1.9090909091e+00 -1.0606060606e+00 1.4579370367e+00
1.9090909091e+00 -1.0000000000e+00 1.4779537088e+00
1.9090909091e+00 -9.3939393939e-01 1.4975665872e+00
1.9090909091e+00 -8.7878787879e-01 1.5166814159e+00
1.9090909091e+00 -8.1818181818e-01 1.5351989244e+00
1.9090909091e+00 -7.5757575758e-01 1.5530156422e+00
1.9090909091e+00 -6.9696969697e-01 1.5700249259e+00
1.9090909091e+00 -6.3636363636e-01 1.5861182046e+00
1.9090909091e+00 -5.7575757576e-01 1.6011864318e+00
1.9090909091e+00 -5.1515151515e-01 1.6151217288e+00
1.9090909091e+00 -4.5454545455e-01 1.6278191845e+00
1.9090909091e+00 -3.9393939394e-01 1.6391787696e+00
1.9090909091e+00 -3.3333333333e-01 1.6491073088e+00
1.9090909091e+00 -2.7272727273e-01 1.6575204433e+00
1.9090909091e+00 -2.1212121212e-01 1.6643445122e+00
1.9090909091e+00 -1.5151515152e-01 1.6695182733e+00
1.9090909091e+00 -9.0909090909e-02 1.6729943903e+00
1.9090909091e+00 -3.0303030303e-02 1.6747406161e+00
1.9090909091e+00 3.0303030303e-02 1.6747406161e+00
1.9090909091e+00 9.0909090909e-02 1.6729943903e+00
1.9090909091e+00 1.5151515152e-01 1.6695182733e+00
1.9090909091e+00 2.1212121212e-01 1.6643445122e+00
1.9090909091e+00 2.7272727273e-01 1.6575204433e+00
1.9090909091e+00 3.3333333333e-01 1.6491073088e+00
1.9090909091e+00 3.9393939394e-01 1.6391787696e+00
1.9090909091e+00 4.5454545455e-01 1.6278191845e+00
1.9090909091e+00 5.1515151515e-01 1.6151217288e+00
1.9090909091e+00 5.7575757576e-01 1.6011864318e+00
1.9090909091e+00 6.3636363636e-01 1.5861182046e+00
1.9090909091e+00 6.9696969697e-01 1.5700249259e+00
1.9090909091e+00 7.5757575758e-01 1.5530156422e+00
1.9090909091e+00 8.1818181818e-01 1.5351989244e+00
1.9090909091e+00 8.7878787879e-01 1.5166814159e+00
1.9090909091e+00 9.3939393939e-01 1.4975665872e+00
1.9090909091e+00 1.0000000000e+00 1.4779537088e+00
1.9090909091e+00 1.0606060606e+00 1.4579370367e+00
1.9090909091e+00 1.1212121212e+00 1.4376052043e+00
1.9090909091e+00 1.1818181818e+00 1.4170408022e+00
1.9090909091e+00 1.2424242424e+00 1.3963201281e+00
1.9090909091e+00 1.3030303030e+00 1.3755130847e+00
1.9090909091e+00 1.3636363636e+00 1.3546832025e+00
1.9090909091e+00 1.4242424242e+00 1.3338877652e+00
1.9090909091e+00 1.4848484848e+00 1.3131780177e+00
1.9090909091e+00 1.5454545455e+00 1.2925994358e+00
1.9090909091e+00 1.6060606061e+00 1.2721920413e+00
1.9090909091e+00 1.6666666667e+00 1.2519907477e+00
1.9090909091e+00 1.7272727273e+00 1.2320257224e+00
1.9090909091e+00 1.7878787879e+00 1.2123227577e+00
1.9090909091e+00 1.8484848485e+00 1.1929036383e+00
1.9090909091e+00 1.9090909091e+00 1.1737865028e+00
1.9090909091e+00 1.9696969697e+00 1.1549861907e+00
1.9090909091e+00 2.0303030303e+00 1.1365145740e+00
1.9090909091e+00 2.0909090909e+00 1.1183808688e+00
1.9090909091e+00 2.1515151515e+00 1.1005919272e+00
1.9090909091e+00 2.2121212121e+00 1.0831525070e+00
1.9090909091e+00 2.2727272727e+00 1.0660655213e+00
1.9090909091e+00 2.3333333333e+00 1.0493322655e+00
1.9090909091e+00 2.3939393939e+00 1.0329526247e+00
1.9090909091e+00 2.4545454545e+00 1.0169252619e+00
1.9090909091e+00 2.5151515152e+00 1.0012477872e+00
1.9090909091e+00 2.5757575758e+00 9.8591690967e-01
1.9090909091e+00 2.6363636364e+00 9.7092857381e-01
1.9090909091e+00 2.6969696970e+00 9.5627808082e-01
1.9090909091e+00 2.7575757576e+00 9.4196019643e-01
1.9090909091e+00 2.8181818182e+00 9.2796924645e-01
1.9090909091e+00 2.8787878788e+00 9.1429920100e-01
1.9090909091e+00 2.9393939394e+00 9.0094374874e-01
1.9090909091e+00 3.0000000000e+00 8.8789636188e-01

1.9696969697e+00 -3.0000000000e+00 8.7967543668e-01
1.9696969697e+00 -2.9393939394e+00 8.9235855979e-01
1.9696969697e+00 -2.8787878788e+00 9.0533032378e-01
1.9696969697e+00 -2.8181818182e+00 9.1859615101e-01
1.9696969697e+00 -2.7575757576e+00 9.3216119312e-01
1.9696969697e+00 -2.6969696970e+00 9.4603026596e-01
1.9696969697e+00 -2.6363636364e+00 9.6020777591e-01
1.9696969697e+00 -2.5757575758e+00 9.7469763706e-01
1.9696969697e+00 -2.5151515152e+00 9.8950317795e-01
1.9696969697e+00 -2.4545454545e+00 1.0046270373e+00
1.9696969697e+00 -2.3939393939e+00 1.0200710476e+00
1.9696969697e+00 -2.3333333333e+00 1.0358361055e+00
1.9696969697e+00 -2.2727272727e+00 1.0519220282e+00
1.9696969697e+00 -2.2121212121e+00 1.0683273953e+00
1.9696969697e+00 -2.1515151515e+00 1.0850493743e+00
1.9696969697e+00 -2.0909090909e+00 1.1020835300e+00
1.9696969697e+00 -2.0303030303e+00 1.1194236173e+00
1.9696969697e+00 -1.9696969697e+00 1.1370613562e+00
1.9696969697e+00 -1.9090909091e+00 1.1549861907e+00
1.9696969697e+00 -1.8484848485e+00 1.1731850309e+00
1.9696969697e+00 -1.7878787879e+00 1.1916419798e+00
1.9696969697e+00 -1.7272727273e+00 1.2103380473e+00
1.9696969697e+00 -1.6666666667e+00 1.2292508537e+00
1.9696969697e+00 -1.6060606061e+00 1.2483543262e+00
1.9696969697e+00 -1.5454545455e+00 1.2676183942e+00
1.9696969697e+00 -1.4848484848e+00 1.2870086888e+00
1.9696969697e+00 -1.4242424242e+00 1.3064862555e+00
1.9696969697e+00 -1.3636363636e+00 1.3260072885e+00
1.9696969697e+00 -1.3030303030e+00 1.3455228980e+00
1.9696969697e+00 -1.2424242424e+00 1.3649789242e+00
1.9696969697e+00 -1.1818181818e+00 1.3843158118e+00
1.9696969697e+00 -1.1212121212e+00 1.4034685609e+00
1.9696969697e+00 -1.0606060606e+00 1.4223667714e+00
1.9696969697e+00 -1.0000000000e+00 1.4409347990e+00
1.9696969697e+00 -9.3939393939e-01 1.4590920387e+00
1.9696969697e+00 -8.7878787879e-01 1.4767533531e+00
1.9696969697e+00 -8.1818181818e-01 1.4938296583e+00
1.9696969697e+00 -7.5757575758e-01 1.5102286777e+00
1.9696969697e+00 -6.9696969697e-01 1.5258558681e+00
1.9696969697e+00 -6.3636363636e-01 1.5406155172e+00
1.9696969697e+00 -5.7575757576e-01 1.5544120025e+00
1.9696969697e+00 -5.1515151515e-01 1.5671511925e+00
1.9696969697e+00 -4.5454545455e-01 1.5787419647e+00
1.9696969697e+00 -3.9393939394e-01 1.5890978005e+00
1.9696969697e+00 -3.3333333333e-01 1.5981384130e+00
1.9696969697e+00 -2.7272727273e-01 1.6057913548e+00
1.9696969697e+00 -2.1212121212e-01 1.6119935466e+00
1.9696969697e+00 -1.5151515152e-01 1.6166926685e+00
1.9696969697e+00 -9.0909090909e-02 1.6198483563e+00
1.9696969697e+00 -3.0303030303e-02 1.6214331495e+00
1.9696969697e+00 3.0303030303e-02 1.6214331495e+00
1.9696969697e+00 9.0909090909e-02 1.6198483563e+00
1.9696969697e+00 1.5151515152e-01 1.6166926685e+00
1.9696969697e+00 2.1212121212e-01 1.6119935466e+00
1.9696969697e+00 2.7272727273e-01 1.6057913548e+00
1.9696969697e+00 3.3333333333e-01 1.5981384130e+00
1.9696969697e+00 3.9393939394e-01 1.5890978005e+00
1.9696969697e+00 4.5454545455e-01 1.5787419647e+00
1.9696969697e+00 5.1515151515e-01 1.5671511925e+00
1.9696969697e+00 5.7575757576e-01 1.5544120025e+00
1.9696969697e+00 6.3636363636e-01 1.5406155172e+00
1.9696969697e+00 6.9696969697e-01 1.5258558681e+00
1.9696969697e+00 7.5757575758e-01 1.5102286777e+00
1.9696969697e+00 8.1818181818e-01 1.4938296583e+00
1.9696969697e+00 8.7878787879e-01 1.4767533531e+00
1.9696969697e+00 9.3939393939e-01 1.4590920387e+00
1.9696969697e+00 1.0000000000e+00 1.4409347990e+00
1.9696969697e+00 1.0606060606e+00 1.4223667714e+00
1.9696969697e+00 1.1212121212e+00 1.4034685609e+00
1.9696969697e+00 1.1818181818e+00 1.3843158118e+00
1.9696969697e+00 1.2424242424e+00 1.3649789242e+00
1.9696969697e+00 1.3030303030e+00 1.3455228980e+00
1.9696969697e+00 1.3636363636e+00 1.3260072885e+00
1.9696969697e+00 1.4242424242e+00 1.3064862555e+00
1.9696969697e+00 1.4848484848e+00 1.2870086888e+00
1.9696969697e+00 1.5454545455e+00 1.2676183942e+00
1.9696969697e+00 1.6060606061e+00 1.2483543262e+00
1.9696969697e+00 1.6666666667e+00 1.2292508537e+00
1.9696969697e+00 1.7272727273e+00 1.2103380473e+00
1.9696969697e+00 1.7878787879e+00 1.1916419798e+00
1.9696969697e+00 1.8484848485e+00 1.1731850309e+00
1.9696969697e+00 1.9090909091e+00 1.1549861907e+00
1.9696969697e+00 1.9696969697e+00 1.1370613562e+00
1.9696969697e+00 2.0303030303e+00 1.1194236173e+00
1.9696969697e+00 2.0909090909e+00 1.1020835300e+00
1.9696969697e+00 2.1515151515e+00 1.0850493743e+00
1.9696969697e+00 2.2121212121e+00 1.0683273953e+00
1.9696969697e+00 2.2727272727e+00 1.0519220282e+00
1.9696969697e+00 2.3333333333e+00 1.0358361055e+00
1.9696969697e+00 2.3939393939e+00 1.0200710476e+00
1.9696969697e+00 2.4545454545e+00 1.0046270373e+00
1.9696969697e+00 2.5151515152e+00 9.8950317795e-01
1.9696969697e+00 2.5757575758e+00 9.7469763706e-01
1.9696969697e+00 2.6363636364e+00 9.6020777591e-01
1.9696969697e+00 2.6969696970e+00 9.4603026596e-01
1.9696969697e+00 2.7575757576e+00 9.3216119312e-01
1.9696969697e+00 2.8181818182e+00 9.1859615101e-01
1.9696969697e+00 2.8787878788e+00 9.0533032378e-01
1.9696969697e+00 2.9393939394e+00 8.9235855979e-01
1.9696969697e+00 3.0000000000e+00 8.7967543668e-01

2.0303030303e+00 -3.0000000000e+00 8.7143232766e-01
2.0303030303e+00 -2.9393939394e+00 8.8375722177e-01
2.0303030303e+00 -2.8787878788e+00 8.9635217633e-01
2.0303030303e+00 -2.8181818182e+00 9.0922160235e-01
2.0303030303e+00 -2.7575757576e+00 9.2236959545e-01
2.0303030303e+00 -2.6969696970e+00 9.3579987147e-01
2.0303030303e+00 -2.6363636364e+00 9.4951569434e-01
2.0303030303e+00 -2.5757575758e+00 9.6351979532e-01
2.0303030303e+00 -2.5151515152e+00 9.7781428313e-01
2.0303030303e+00 -2.4545454545e+00 9.9240054396e-01
2.0303030303e+00 -2.3939393939e+00 1.0072791308e+00
2.0303030303e+00 -2.3333333333e+00 1.0224496413e+00
2.0303030303e+00 -2.2727272727e+00 1.0379105834e+00
2.0303030303e+00 -2.2121212121e+00 1.0536592285e+00
2.0303030303e+00 -2.1515151515e+00 1.0696914506e+00
2.0303030303e+00 -2.0909090909e+00 1.0860015531e+00
2.0303030303e+00 -2.0303030303e+00 1.1025820804e+00
2.0303030303e+00 -1.9696969697e+00 1.1194236173e+00
2.0303030303e+00 -1.9090909091e+00 1.1365145740e+00
2.0303030303e+00 -1.8484848485e+00 1.1538409605e+00
2.0303030303e+00 -1.7878787879e+00 1.1713861487e+00
2.0303030303e+00 -1.7272727273e+00 1.1891306277e+00
2.0303030303e+00 -1.6666666667e+00 1.2070517520e+00
2.0303030303e+00 -1.6060606061e+00 1.2251234892e+00
2.0303030303e+00 -1.5454545455e+00 1.2433161701e+00
2.0303030303e+00 -1.4848484848e+00 1.2615962477e+00
2.0303030303e+00 -1.4242424242e+00 1.2799260735e+00
2.0303030303e+00 -1.3636363636e+00 1.2982636967e+00
2.0303030303e+00 -1.3030303030e+00 1.3165626992e+00
2.0303030303e+00 -1.2424242424e+00 1.3347720757e+00
2.0303030303e+00 -1.1818181818e+00 1.3528361705e+00
2.0303030303e+00 -1.1212121212e+00 1.3706946860e+00
2.0303030303e+00 -1.0606060606e+00 1.3882827740e+00
2.0303030303e+00 -1.0000000000e+00 1.4055312257e+00
2.0303030303e+00 -9.3939393939e-01 1.4223667714e+00
2.0303030303e+00 -8.7878787879e-01 1.4387125024e+00
2.0303030303e+00 -8.1818181818e-01 1.4544884247e+00
2.0303030303e+00 -7.5757575758e-01 1.4696121494e+00
2.0303030303e+00 -6.9696969697e-01 1.4839997221e+00
2.0303030303e+00 -6.3636363636e-01 1.4975665872e+00
2.0303030303e+00 -5.7575757576e-01 1.5102286777e+00
2.0303030303e+00 -5.1515151515e-01 1.5219036117e+00
2.0303030303e+00 -4.5454545455e-01 1.5325119745e+00
2.0303030303e+00 -3.9393939394e-01 1.5419786516e+00
2.0303030303e+00 -3.3333333333e-01 1.5502341791e+00
2.0303030303e+00 -2.7272727273e-01 1.5572160654e+00
2.0303030303e+00 -2.1212121212e-01 1.5628700415e+00
2.0303030303e+00 -1.5151515152e-01 1.5671511925e+00
2.0303030303e+00 -9.0909090909e-02 1.5700249259e+00
2.0303030303e+00 -3.0303030303e-02 1.5714677366e+00
2.0303030303e+00 3.0303030303e-02 1.5714677366e+00
2.0303030303e+00 9.0909090909e-02 1.5700249259e+00
2.0303030303e+00 1.5151515152e-01 1.5671511925e+00
2.0303030303e+00 2.1212121212e-01 1.5628700415e+00
2.0303030303e+00 2.7272727273e-01 1.5572160654e+00
2.0303030303e+00 3.3333333333e-01 1.5502341791e+00
2.0303030303e+00 3.9393939394e-01 1.5419786516e+00
2.0303030303e+00 4.5454545455e-01 1.5325119745e+00
2.0303030303e+00 5.1515151515e-01 1.5219036117e+00
2.0303030303e+00 5.7575757576e-01 1.5102286777e+00
2.0303030303e+00 6.3636363636e-01 1.4975665872e+00
2.0303030303e+00 6.9696969697e-01 1.4839997221e+00
2.0303030303e+00 7.5757575758e-01 1.4696121494e+00
2.0303030303e+00 8.1818181818e-01 1.4544884247e+00
2.0303030303e+00 8.7878787879e-01 1.4387125024e+00
2.0303030303e+00 9.3939393939e-01 1.4223667714e+00
2.0303030303e+00 1.0000000000e+00 1.4055312257e+00
2.0303030303e+00 1.0606060606e+00 1.3882827740e+00
2.0303030303e+00 1.1212121212e+00 1.3706946860e+00
2.0303030303e+00 1.1818181818e+00 1.3528361705e+00
2.0303030303e+00 1.2424242424e+00 1.3347720757e+00
2.0303030303e+00 1.3030303030e+00 1.3165626992e+00
2.0303030303e+00 1.3636363636e+00 1.2982636967e+00
2.0303030303e+00 1.4242424242e+00 1.2799260735e+00
2.0303030303e+00 1.4848484848e+00 1.2615962477e+00
2.0303030303e+00 1.5454545455e+00 1.2433161701e+00
2.0303030303e+00 1.6060606061e+00 1.2251234892e+00
2.0303030303e+00 1.6666666667e+00 1.2070517520e+00
2.0303030303e+00 1.7272727273e+00 1.1891306277e+00
2.0303030303e+00 1.7878787879e+00 1.1713861487e+00
2.0303030303e+00 1.8484848485e+00 1.1538409605e+00
2.0303030303e+00 1.9090909091e+00 1.1365145740e+00
2.0303030303e+00 1.9696969697e+00 1.1194236173e+00
2.0303030303e+00 2.0303030303e+00 1.1025820804e+00
2.0303030303e+00 2.0909090909e+00 1.0860015531e+00
2.0303030303e+00 2.1515151515e+00 1.0696914506e+00
2.0303030303e+00 2.2121212121e+00 1.0536592285e+00
2.0303030303e+00 2.2727272727e+00 1.0379105834e+00
2.0303030303e+00 2.3333333333e+00 1.0224496413e+00
2.0303030303e+00 2.3939393939e+00 1.0072791308e+00
2.0303030303e+00 2.4545454545e+00 9.9240054396e-01
2.0303030303e+00 2.5151515152e+00 9.7781428313e-01
2.0303030303e+00 2.5757575758e+00 9.6351979532e-01
2.0303030303e+00 2.6363636364e+00 9.4951569434e-01
2.0303030303e+00 2.6969696970e+00 9.3579987147e-01
2.0303030303e+00 2.7575757576e+00 9.2236959545e-01
2.0303030303e+00 2.8181818182e+00 9.0922160235e-01
2.0303030303e+00 2.8787878788e+00 8.9635217633e-01
2.0303030303e+00 2.9393939394e+00 8.8375722177e-01
2.0303030303e+00 3.0000000000e+00 8.7143232766e-01

2.0909090909e+00 -3.0000000000e+00 8.6317724135e-01
2.0909090909e+00 -2.9393939394e+00 8.7515035299e-01
2.0909090909e+00 -2.8787878788e+00 8.8737578684e-01
2.0909090909e+00 -2.8181818182e+00 8.9985703230e-01
2.0909090909e+00 -2.7575757576e+00 9.1259722730e-01
2.0909090909e+00 -2.6969696970e+00 9.2559909538e-01
2.0909090909e+00 -2.6363636364e+00 9.3886487557e-01
2.0909090909e+00 -2.5757575758e+00 9.5239624470e-01
2.0909090909e+00 -2.5151515152e+00 9.6619423126e-01
2.0909090909e+00 -2.4545454545e+00 9.8025912048e-01
2.0909090909e+00 -2.3939393939e+00 9.9459035003e-01
2.0909090909e+00 -2.3333333333e+00 1.0091863956e+00
2.0909090909e+00 -2.2727272727e+00 1.0240446464e+00
2.0909090909e+00 -2.2121212121e+00 1.0391612694e+00
2.0909090909e+00 -2.1515151515e+00 1.0545310627e+00
2.0909090909e+00 -2.0909090909e+00 1.0701472983e+00
2.0909090909e+00 -2.0303030303e+00 1.0860015531e+00
2.0909090909e+00 -1.9696969697e+00 1.1020835300e+00
2.0909090909e+00 -1.9090909091e+00 1.1183808688e+00
2.0909090909e+00 -1.8484848485e+00 1.1348789488e+00
2.0909090909e+00 -1.7878787879e+00 1.1515606843e+00
2.0909090909e+00 -1.7272727273e+00 1.1684063157e+00
2.0909090909e+00 -1.6666666667e+00 1.1853931985e+00
2.0909090909e+00 -1.6060606061e+00 1.2024955944e+00
2.0909090909e+00 -1.5454545455e+00 1.2196844693e+00
2.0909090909e+00 -1.4848484848e+00 1.2369273030e+00
2.0909090909e+00 -1.4242424242e+00 1.2541879166e+00
2.0909090909e+00 -1.3636363636e+00 1.2714263275e+00
2.0909090909e+00 -1.3030303030e+00 1.2885986365e+00
2.0909090909e+00 -1.2424242424e+00 1.3056569602e+00
2.0909090909e+00 -1.1818181818e+00 1.3225494154e+00
2.0909090909e+00 -1.1212121212e+00 1.3392201689e+00
2.0909090909e+00 -1.0606060606e+00 1.3556095608e+00
2.0909090909e+00 -1.0000000000e+00 1.3716543137e+00
2.0909090909e+00 -9.3939393939e-01 1.3872878360e+00
2.0909090909e+00 -8.7878787879e-01 1.4024406291e+00
2.0909090909e+00 -8.1818181818e-01 1.4170408022e+00
2.0909090909e+00 -7.5757575758e-01 1.4310147005e+00
2.0909090909e+00 -6.9696969697e-01 1.4442876442e+00
2.0909090909e+00 -6.3636363636e-01 1.4567847743e+00
2.0909090909e+00 -5.7575757576e-01 1.4684319950e+00
2.0909090909e+00 -5.1515151515e-01 1.4791569974e+00
2.0909090909e+00 -4.5454545455e-01 1.4888903440e+00
2.0909090909e+00 -3.9393939394e-01 1.4975665872e+00
2.0909090909e+00 -3.3333333333e-01 1.5051253930e+00
2.0909090909e+00 -2.7272727273e-01 1.5115126338e+00
2.0909090909e+00 -2.1212121212e-01 1.5166814159e+00
2.0909090909e+00 -1.5151515152e-01 1.5205930049e+00
2.0909090909e+00 -9.0909090909e-02 1.5232176147e+00
2.0909090909e+00 -3.0303030303e-02 1.5245350286e+00
2.0909090909e+00 3.0303030303e-02 1.5245350286e+00
2.0909090909e+00 9.0909090909e-02 1.5232176147e+00
2.0909090909e+00 1.5151515152e-01 1.5205930049e+00
2.0909090909e+00 2.1212121212e-01 1.5166814159e+00
2.0909090909e+00 2.7272727273e-01 1.5115126338e+00
2.0909090909e+00 3.3333333333e-01 1.5051253930e+00
2.0909090909e+00 3.9393939394e-01 1.4975665872e+00
2.0909090909e+00 4.5454545455e-01 1.4888903440e+00
2.0909090909e+00 5.1515151515e-01 1.4791569974e+00
2.0909090909e+00 5.7575757576e-01 1.4684319950e+00
2.0909090909e+00 6.3636363636e-01 1.4567847743e+00
2.0909090909e+00 6.9696969697e-01 1.4442876442e+00
2.0909090909e+00 7.5757575758e-01 1.4310147005e+00
2.0909090909e+00 8.1818181818e-01 1.4170408022e+00
2.0909090909e+00 8.7878787879e-01 1.4024406291e+00
2.0909090909e+00 9.3939393939e-01 1.3872878360e+00
2.0909090909e+00 1.0000000000e+00 1.3716543137e+00
2.0909090909e+00 1.0606060606e+00 1.3556095608e+00
2.0909090909e+00 1.1212121212e+00 1.3392201689e+00
2.0909090909e+00 1.1818181818e+00 1.3225494154e+00
2.0909090909e+00 1.2424242424e+00 1.3056569602e+00
2.0909090909e+00 1.3030303030e+00 1.2885986365e+00
2.0909090909e+00 1.3636363636e+00 1.2714263275e+00
2.0909090909e+00 1.4242424242e+00 1.2541879166e+00
2.0909090909e+00 1.4848484848e+00 1.2369273030e+00
2.0909090909e+00 1.5454545455e+00 1.2196844693e+00
2.0909090909e+00 1.6060606061e+00 1.2024955944e+00
2.0909090909e+00 1.6666666667e+00 1.1853931985e+00
2.0909090909e+00 1.7272727273e+00 1.1684063157e+00
2.0909090909e+00 1.7878787879e+00 1.1515606843e+00
2.0909090909e+00 1.8484848485e+00 1.1348789488e+00
2.0909090909e+00 1.9090909091e+00 1.1183808688e+00
2.0909090909e+00 1.9696969697e+00 1.1020835300e+00
2.0909090909e+00 2.0303030303e+00 1.0860015531e+00
2.0909090909e+00 2.0909090909e+00 1.0701472983e+00
2.0909090909e+00 2.1515151515e+00 1.0545310627e+00
2.0909090909e+00 2.2121212121e+00 1.0391612694e+00
2.0909090909e+00 2.2727272727e+00 1.0240446464e+00
2.0909090909e+00 2.3333333333e+00 1.0091863956e+00
2.0909090909e+00 2.3939393939e+00 9.9459035003e-01
2.0909090909e+00 2.4545454545e+00 9.8025912048e-01
2.0909090909e+00 2.5151515152e+00 9.6619423126e-01
2.0909090909e+00 2.5757575758e+00 9.5239624470e-01
2.0909090909e+00 2.6363636364e+00 9.3886487557e-01
2.0909090909e+00 2.6969696970e+00 9.2559909538e-01
2.0909090909e+00 2.7575757576e+00 9.1259722730e-01
2.0909090909e+00 2.8181818182e+00 8.9985703230e-01
2.0909090909e+00 2.8787878788e+00 8.8737578684e-01
2.0909090909e+00 2.9393939394e+00 8.7515035299e-01
2.0909090909e+00 3.0000000000e+00 8.6317724135e-01

2.1515151515e+00 -3.0000000000e+00 8.5491975956e-01
2.1515151515e+00 -2.9393939394e+00 8.6654788636e-01
2.1515151515e+00 -2.8787878788e+00 8.7841143246e-01
2.1515151515e+00 -2.8181818182e+00 8.9051305068e-01
2.1515151515e+00 -2.7575757576e+00 9.0285501407e-01
2.1515151515e+00 -2.6969696970e+00 9.1543915495e-01
2.1515151515e+00 -2.6363636364e+00 9.2826679740e-01
2.1515151515e+00 -2.5757575758e+00 9.4133868294e-01
2.1515151515e+00 -2.5151515152e+00 9.5465488884e-01
2.1515151515e+00 -2.4545454545e+00 9.6821473861e-01
2.1515151515e+00 -2.3939393939e+00 9.8201670433e-01
2.1515151515e+00 -2.3333333333e+00 9.9605830041e-01
2.1515151515e+00 -2.2727272727e+00 1.0103359685e+00
2.1515151515e+00 -2.2121212121e+00 1.0248449536e+00
2.1515151515e+00 -2.1515151515e+00 1.0395791706e+00
2.1515151515e+00 -2.0909090909e+00 1.0545310627e+00
2.1515151515e+00 -2.0303030303e+00 1.0696914506e+00
2.1515151515e+00 -1.9696969697e+00 1.0850493743e+00
2.1515151515e+00 -1.9090909091e+00 1.1005919272e+00
2.1515151515e+00 -1.8484848485e+00 1.1163040852e+00
2.1515151515e+00 -1.7878787879e+00 1.1321685318e+00
2.1515151515e+00 -1.7272727273e+00 1.1481654811e+00
2.1515151515e+00 -1.6666666667e+00 1.1642725023e+00
2.1515151515e+00 -1.6060606061e+00 1.1804643494e+00
2.1515151515e+00 -1.5454545455e+00 1.1967127986e+00
2.1515151515e+00 -1.4848484848e+00 1.2129865010e+00
2.1515151515e+00 -1.4242424242e+00 1.2292508537e+00
2.1515151515e+00 -1.3636363636e+00 1.2454678976e+00
2.1515151515e+00 -1.3030303030e+00 1.2615962477e+00
2.1515151515e+00 -1.2424242424e+00 1.2775910653e+00
2.1515151515e+00 -1.1818181818e+00 1.2934040777e+00
2.1515151515e+00 -1.1212121212e+00 1.3089836574e+00
2.1515151515e+00 -1.0606060606e+00 1.3242749652e+00
2.1515151515e+00 -1.0000000000e+00 1.3392201689e+00
2.1515151515e+00 -9.3939393939e-01 1.3537587412e+00
2.1515151515e+00 -8.7878787879e-01 1.3678278459e+00
2.1515151515e+00 -8.1818181818e-01 1.3813628128e+00
2.1515151515e+00 -7.5757575758e-01 1.3942977050e+00
2.1515151515e+00 -6.9696969697e-01 1.4065659755e+00
2.1515151515e+00 -6.3636363636e-01 1.4181012082e+00
2.1515151515e+00 -5.7575757576e-01 1.4288379330e+00
2.1515151515e+00 -5.1515151515e-01 1.4387125024e+00
2.1515151515e+00 -4.5454545455e-01 1.4476640118e+00
2.1515151515e+00 -3.9393939394e-01 1.4556352405e+00
2.1515151515e+00 -3.3333333333e-01 1.4625735907e+00
2.1515151515e+00 -2.7272727273e-01 1.4684319950e+00
2.1515151515e+00 -2.1212121212e-01 1.4731697651e+00
2.1515151515e+00 -1.5151515152e-01 1.4767533531e+00
2.1515151515e+00 -9.0909090909e-02 1.4791569974e+00
2.1515151515e+00 -3.0303030303e-02 1.4803632310e+00
2.1515151515e+00 3.0303030303e-02 1.4803632310e+00
2.1515151515e+00 9.0909090909e-02 1.4791569974e+00
2.1515151515e+00 1.5151515152e-01 1.4767533531e+00
2.1515151515e+00 2.1212121212e-01 1.4731697651e+00
2.1515151515e+00 2.7272727273e-01 1.4684319950e+00
2.1515151515e+00 3.3333333333e-01 1.4625735907e+00
2.1515151515e+00 3.9393939394e-01 1.4556352405e+00
2.1515151515e+00 4.5454545455e-01 1.4476640118e+00
2.1515151515e+00 5.1515151515e-01 1.4387125024e+00
2.1515151515e+00 5.7575757576e-01 1.4288379330e+00
2.1515151515e+00 6.3636363636e-01 1.4181012082e+00
2.1515151515e+00 6.9696969697e-01 1.4065659755e+00
2.1515151515e+00 7.5757575758e-01 1.3942977050e+00
2.1515151515e+00 8.1818181818e-01 1.3813628128e+00
2.1515151515e+00 8.7878787879e-01 1.3678278459e+00
2.1515151515e+00 9.3939393939e-01 1.3537587412e+00
2.1515151515e+00 1.0000000000e+00 1.3392201689e+00
2.1515151515e+00 1.0606060606e+00 1.3242749652e+00
2.1515151515e+00 1.1212121212e+00 1.3089836574e+00
2.1515151515e+00 1.1818181818e+00 1.2934040777e+00
2.1515151515e+00 1.2424242424e+00 1.2775910653e+00
2.1515151515e+00 1.3030303030e+00 1.2615962477e+00
2.1515151515e+00 1.3636363636e+00 1.2454678976e+00
2.1515151515e+00 1.4242424242e+00 1.2292508537e+00
2.1515151515e+00 1.4848484848e+00 1.2129865010e+00
2.1515151515e+00 1.5454545455e+00 1.1967127986e+00
2.1515151515e+00 1.6060606061e+00 1.1804643494e+00
2.1515151515e+00 1.6666666667e+00 1.1642725023e+00
2.1515151515e+00 1.7272727273e+00 1.1481654811e+00
2.1515151515e+00 1.7878787879e+00 1.1321685318e+00
2.1515151515e+00 1.8484848485e+00 1.1163040852e+00
2.1515151515e+00 1.9090909091e+00 1.1005919272e+00
2.1515151515e+00 1.9696969697e+00 1.0850493743e+00
2.1515151515e+00 2.0303030303e+00 1.0696914506e+00
2.1515151515e+00 2.0909090909e+00 1.0545310627e+00
2.1515151515e+00 2.1515151515e+00 1.0395791706e+00
2.1515151515e+00 2.2121212121e+00 1.0248449536e+00
2.1515151515e+00 2.2727272727e+00 1.0103359685e+00
2.1515151515e+00 2.3333333333e+00 9.9605830041e-01
2.1515151515e+00 2.3939393939e+00 9.8201670433e-01
2.1515151515e+00 2.4545454545e+00 9.6821473861e-01
2.1515151515e+00 2.5151515152e+00 9.5465488884e-01
2.1515151515e+00 2.5757575758e+00 9.4133868294e-01
2.1515151515e+00 2.6363636364e+00 9.2826679740e-01
2.1515151515e+00 2.6969696970e+00 9.1543915495e-01
2.1515151515e+00 2.7575757576e+00 9.0285501407e-01
2.1515151515e+00 2.8181818182e+00 8.9051305068e-01
2.1515151515e+00 2.8787878788e+00 8.7841143246e-01
2.1515151515e+00 2.9393939394e+00 8.6654788636e-01
2.1515151515e+00 3.0000000000e+00 8.5491975956e-01

2.2121212121e+00 -3.0000000000e+00 8.4666884950e-01
2.2121212121e+00 -2.9393939394e+00 8.5795908347e-01
2.2121212121e+00 -2.8787878788e+00 8.6946865781e-01
2.2121212121e+00 -2.8181818182e+00 8.8119946904e-01
2.2121212121e+00 -2.7575757576e+00 8.9315301252e-01
2.2121212121e+00 -2.6969696970e+00 9.0533032378e-01
2.2121212121e+00 -2.6363636364e+00 9.1773191407e-01
2.2121212121e+00 -2.5757575758e+00 9.3035769986e-01
2.2121212121e+00 -2.5151515152e+00 9.4320692578e-01
2.2121212121e+00 -2.4545454545e+00 9.5627808082e-01
2.2121212121e+00 -2.3939393939e+00 9.6956880750e-01
2.2121212121e+00 -2.3333333333e+00 9.8307580375e-01
2.2121212121e+00 -2.2727272727e+00 9.9679471743e-01
2.2121212121e+00 -2.2121212121e+00 1.0107200334e+00
2.2121212121e+00 -2.1515151515e+00 1.0248449536e+00
2.2121212121e+00 -2.0909090909e+00 1.0391612694e+00
2.2121212121e+00 -2.0303030303e+00 1.0536592285e+00
2.2121212121e+00 -1.9696969697e+00 1.0683273953e+00
2.2121212121e+00 -1.9090909091e+00 1.0831525070e+00
2.2121212121e+00 -1.8484848485e+00 1.0981193262e+00
2.2121212121e+00 -1.7878787879e+00 1.1132104917e+00
2.2121212121e+00 -1.7272727273e+00 1.1284063710e+00
2.2121212121e+00 -1.6666666667e+00 1.1436849150e+00
2.2121212121e+00 -1.6060606061e+00 1.1590215202e+00
2.2121212121e+00 -1.5454545455e+00 1.1743889009e+00
2.2121212121e+00 -1.4848484848e+00 1.1897569767e+00
2.2121212121e+00 -1.4242424242e+00 1.2050927796e+00
2.2121212121e+00 -1.3636363636e+00 1.2203603867e+00
2.2121212121e+00 -1.3030303030e+00 1.2355208840e+00
2.2121212121e+00 -1.2424242424e+00 1.2505323686e+00
2.2121212121e+00 -1.1818181818e+00 1.2653499952e+00
2.2121212121e+00 -1.1212121212e+00 1.2799260735e+00
2.2121212121e+00 -1.0606060606e+00 1.2942102245e+00
2.2121212121e+00 -1.0000000000e+00 1.3081495991e+00
2.2121212121e+00 -9.3939393939e-01 1.3216891667e+00
2.2121212121e+00 -8.7878787879e-01 1.3347720757e+00
2.2121212121e+00 -8.1818181818e-01 1.3473400890e+00
2.2121212121e+00 -7.5757575758e-01 1.3593340944e+00
2.2121212121e+00 -6.9696969697e-01 1.3706946860e+00
2.2121212121e+00 -6.3636363636e-01 1.3813628128e+00
2.2121212121e+00 -5.7575757576e-01 1.3912804850e+00
2.2121212121e+00 -5.1515151515e-01 1.4003915254e+00
2.2121212121e+00 -4.5454545455e-01 1.4086423518e+00
2.2121212121e+00 -3.9393939394e-01 1.4159827721e+00
2.2121212121e+00 -3.3333333333e-01 1.4223667714e+00
2.2121212121e+00 -2.7272727273e-01 1.4277532689e+00
2.2121212121e+00 -2.1212121212e-01 1.4321068228e+00
2.2121212121e+00 -1.5151515152e-01 1.4353982592e+00
2.2121212121e+00 -9.0909090909e-02 1.4376052043e+00
2.2121212121e+00 -3.0303030303e-02 1.4387125024e+00
2.2121212121e+00 3.0303030303e-02 1.4387125024e+00
2.2121212121e+00 9.0909090909e-02 1.4376052043e+00
2.2121212121e+00 1.5151515152e-01 1.4353982592e+00
2.2121212121e+00 2.1212121212e-01 1.4321068228e+00
2.2121212121e+00 2.7272727273e-01 1.4277532689e+00
2.2121212121e+00 3.3333333333e-01 1.4223667714e+00
2.2121212121e+00 3.9393939394e-01 1.4159827721e+00
2.2121212121e+00 4.5454545455e-01 1.4086423518e+00
2.2121212121e+00 5.1515151515e-01 1.4003915254e+00
2.2121212121e+00 5.7575757576e-01 1.3912804850e+00
2.2121212121e+00 6.3636363636e-01 1.3813628128e+00
2.2121212121e+00 6.9696969697e-01 1.3706946860e+00
2.2121212121e+00 7.5757575758e-01 1.3593340944e+00
2.2121212121e+00 8.1818181818e-01 1.3473400890e+00
2.2121212121e+00 8.7878787879e-01 1.3347720757e+00
2.2121212121e+00 9.3939393939e-01 1.3216891667e+00
2.2121212121e+00 1.0000000000e+00 1.3081495991e+00
2.2121212121e+00 1.0606060606e+00 1.2942102245e+00
2.2121212121e+00 1.1212121212e+00 1.2799260735e+00
2.2121212121e+00 1.1818181818e+00 1.2653499952e+00
2.2121212121e+00 1.2424242424e+00 1.2505323686e+00
2.2121212121e+00 1.3030303030e+00 1.2355208840e+00
2.2121212121e+00 1.3636363636e+00 1.2203603867e+00
2.2121212121e+00 1.4242424242e+00 1.2050927796e+00
2.2121212121e+00 1.4848484848e+00 1.1897569767e+00
2.2121212121e+00 1.5454545455e+00 1.1743889009e+00
2.2121212121e+00 1.6060606061e+00 1.1590215202e+00
2.2121212121e+00 1.6666666667e+00 1.1436849150e+00
2.2121212121e+00 1.7272727273e+00 1.1284063710e+00
2.2121212121e+00 1.7878787879e+00 1.1132104917e+00
2.2121212121e+00 1.8484848485e+00 1.0981193262e+00
2.2121212121e+00 1.9090909091e+00 1.0831525070e+00
2.2121212121e+00 1.9696969697e+00 1.0683273953e+00
2.2121212121e+00 2.0303030303e+00 1.0536592285e+00
2.2121212121e+00 2.0909090909e+00 1.0391612694e+00
2.2121212121e+00 2.1515151515e+00 1.0248449536e+00
2.2121212121e+00 2.2121212121e+00 1.0107200334e+00
2.2121212121e+00 2.2727272727e+00 9.9679471743e-01
2.2121212121e+00 2.3333333333e+00 9.8307580375e-01
2.2121212121e+00 2.3939393939e+00 9.6956880750e-01
2.2121212121e+00 2.4545454545e+00 9.5627808082e-01
2.2121212121e+00 2.5151515152e+00 9.4320692578e-01
2.2121212121e+00 2.5757575758e+00 9.3035769986e-01
2.2121212121e+00 2.6363636364e+00 9.1773191407e-01
2.2121212121e+00 2.6969696970e+00 9.0533032378e-01
2.2121212121e+00 2.7575757576e+00 8.9315301252e-01
2.2121212121e+00 2.8181818182e+00 8.8119946904e-01
2.2121212121e+00 2.8787878788e+00 8.6946865781e-01
2.2121212121e+00 2.9393939394e+00 8.5795908347e-01
2.2121212121e+00 3.0000000000e+00 8.4666884950e-01

2.2727272727e+00 -3.0000000000e+00 8.3843287698e-01
2.2727272727e+00 -2.9393939394e+00 8.4939255161e-01
2.2727272727e+00 -2.8787878788e+00 8.6055629661e-01
2.2727272727e+00 -2.8181818182e+00 8.7192532760e-01
2.2727272727e+00 -2.7575757576e+00 8.8350044372e-01
2.2727272727e+00 -2.6969696970e+00 8.9528197158e-01
2.2727272727e+00 -2.6363636364e+00 9.0726970415e-01
2.2727272727e+00 -2.5757575758e+00 9.1946283427e-01
2.2727272727e+00 -2.5151515152e+00 9.3185988245e-01
2.2727272727e+00 -2.4545454545e+00 9.4445861890e-01
2.2727272727e+00 -2.3939393939e+00 9.5725597956e-01
2.2727272727e+00 -2.3333333333e+00 9.7024797598e-01
2.2727272727e+00 -2.2727272727e+00 9.8342959916e-01
2.2727272727e+00 -2.2121212121e+00 9.9679471743e-01
2.2727272727e+00 -2.1515151515e+00 1.0103359685e+00
2.2727272727e+00 -2.0909090909e+00 1.0240446464e+00
2.2727272727e+00 -2.0303030303e+00 1.0379105834e+00
2.2727272727e+00 -1.9696969697e+00 1.0519220282e+00
2.2727272727e+00 -1.9090909091e+00 1.0660655213e+00
2.2727272727e+00 -1.8484848485e+00 1.0803257692e+00
2.2727272727e+00 -1.7878787879e+00 1.0946855184e+00
2.2727272727e+00 -1.7272727273e+00 1.1091254323e+00
2.2727272727e+00 -1.6666666667e+00 1.1236239734e+00
2.2727272727e+00 -1.6060606061e+00 1.1381572925e+00
2.2727272727e+00 -1.5454545455e+00 1.1526991306e+00
2.2727272727e+00 -1.4848484848e+00 1.1672207348e+00
2.2727272727e+00 -1.4242424242e+00 1.1816907948e+00
2.2727272727e+00 -1.3636363636e+00 1.1960754037e+00
2.2727272727e+00 -1.3030303030e+00 1.2103380473e+00
2.2727272727e+00 -1.2424242424e+00 1.2244396295e+00
2.2727272727e+00 -1.1818181818e+00 1.2383385366e+00
2.2727272727e+00 -1.1212121212e+00 1.2519907477e+00
2.2727272727e+00 -1.0606060606e+00 1.2653499952e+00
2.2727272727e+00 -1.0000000000e+00 1.2783679805e+00
2.2727272727e+00 -9.3939393939e-01 1.2909946480e+00
2.2727272727e+00 -8.7878787879e-01 1.3031785193e+00
2.2727272727e+00 -8.1818181818e-01 1.3148670904e+00
2.2727272727e+00 -7.5757575758e-01 1.3260072885e+00
2.2727272727e+00 -6.9696969697e-01 1.3365459871e+00
2.2727272727e+00 -6.3636363636e-01 1.3464305736e+00
2.2727272727e+00 -5.7575757576e-01 1.3556095608e+00
2.2727272727e+00 -5.1515151515e-01 1.3640332332e+00
2.2727272727e+00 -4.5454545455e-01 1.3716543137e+00
2.2727272727e+00 -3.9393939394e-01 1.3784286368e+00
2.2727272727e+00 -3.3333333333e-01 1.3843158118e+00
2.2727272727e+00 -2.7272727273e-01 1.3892798563e+00
2.2727272727e+00 -2.1212121212e-01 1.3932897842e+00
2.2727272727e+00 -1.5151515152e-01 1.3963201281e+00
2.2727272727e+00 -9.0909090909e-02 1.3983513801e+00
2.2727272727e+00 -3.0303030303e-02 1.3993703370e+00
2.2727272727e+00 3.0303030303e-02 1.3993703370e+00
2.2727272727e+00 9.0909090909e-02 1.3983513801e+00
2.2727272727e+00 1.5151515152e-01 1.3963201281e+00
2.2727272727e+00 2.1212121212e-01 1.3932897842e+00
2.2727272727e+00 2.7272727273e-01 1.3892798563e+00
2.2727272727e+00 3.3333333333e-01 1.3843158118e+00
2.2727272727e+00 3.9393939394e-01 1.3784286368e+00
2.2727272727e+00 4.5454545455e-01 1.3716543137e+00
2.2727272727e+00 5.1515151515e-01 1.3640332332e+00
2.2727272727e+00 5.7575757576e-01 1.3556095608e+00
2.2727272727e+00 6.3636363636e-01 1.3464305736e+00
2.2727272727e+00 6.9696969697e-01 1.3365459871e+00
2.2727272727e+00 7.5757575758e-01 1.3260072885e+00
2.2727272727e+00 8.1818181818e-01 1.3148670904e+00
2.2727272727e+00 8.7878787879e-01 1.3031785193e+00
2.2727272727e+00 9.3939393939e-01 1.2909946480e+00
2.2727272727e+00 1.0000000000e+00 1.2783679805e+00
2.2727272727e+00 1.0606060606e+00 1.2653499952e+00
2.2727272727e+00 1.1212121212e+00 1.2519907477e+00
2.2727272727e+00 1.1818181818e+00 1.2383385366e+00
2.2727272727e+00 1.2424242424e+00 1.2244396295e+00
2.2727272727e+00 1.3030303030e+00 1.2103380473e+00
2.2727272727e+00 1.3636363636e+00 1.1960754037e+00
2.2727272727e+00 1.4242424242e+00 1.1816907948e+00
2.2727272727e+00 1.4848484848e+00 1.1672207348e+00
2.2727272727e+00 1.5454545455e+00 1.1526991306e+00
2.2727272727e+00 1.6060606061e+00 1.1381572925e+00
2.2727272727e+00 1.6666666667e+00 1.1236239734e+00
2.2727272727e+00 1.7272727273e+00 1.1091254323e+00
2.2727272727e+00 1.7878787879e+00 1.0946855184e+00
2.2727272727e+00 1.8484848485e+00 1.0803257692e+00
2.2727272727e+00 1.9090909091e+00 1.0660655213e+00
2.2727272727e+00 1.9696969697e+00 1.0519220282e+00
2.2727272727e+00 2.0303030303e+00 1.0379105834e+00
2.2727272727e+00 2.0909090909e+00 1.0240446464e+00
2.2727272727e+00 2.1515151515e+00 1.0103359685e+00
2.2727272727e+00 2.2121212121e+00 9.9679471743e-01
2.2727272727e+00 2.2727272727e+00 9.8342959916e-01
2.2727272727e+00 2.3333333333e+00 9.7024797598e-01
2.2727272727e+00 2.3939393939e+00 9.5725597956e-01
2.2727272727e+00 2.4545454545e+00 9.4445861890e-01
2.2727272727e+00 2.5151515152e+00 9.3185988245e-01
2.2727272727e+00 2.5757575758e+00 9.1946283427e-01
2.2727272727e+00 2.6363636364e+00 9.0726970415e-01
2.2727272727e+00 2.6969696970e+00 8.9528197158e-01
2.2727272727e+00 2.7575757576e+00 8.8350044372e-01
2.2727272727e+00 2.8181818182e+00 8.7192532760e-01
2.2727272727e+00 2.8787878788e+00 8.6055629661e-01
2.2727272727e+00 2.9393939394e+00 8.4939255161e-01
2.2727272727e+00 3.0000000000e+00 8.3843287698e-01

2.3333333333e+00 -3.0000000000e+00 8.3021962211e-01
2.3333333333e+00 -2.9393939394e+00 8.4085626344e-01
2.3333333333e+00 -2.8787878788e+00 8.5168249581e-01
2.3333333333e+00 -2.8181818182e+00 8.6269892449e-01
2.3333333333e+00 -2.7575757576e+00 8.7390572825e-01
2.3333333333e+00 -2.6969696970e+00 8.8530260616e-01
2.3333333333e+00 -2.6363636364e+00 8.9688872002e-01
2.3333333333e+00 -2.5757575758e+00 9.0866263197e-01
2.3333333333e+00 -2.5151515152e+00 9.2062223735e-01
2.3333333333e+00 -2.4545454545e+00 9.3276469242e-01
2.3333333333e+00 -2.3939393939e+00 9.4508633719e-01
2.3333333333e+00 -2.3333333333e+00 9.5758261313e-01
2.3333333333e+00 -2.2727272727e+00 9.7024797598e-01
2.3333333333e+00 -2.2121212121e+00 9.8307580375e-01
2.3333333333e+00 -2.1515151515e+00 9.9605830041e-01
2.3333333333e+00 -2.0909090909e+00 1.0091863956e+00
2.3333333333e+00 -2.0303030303e+00 1.0224496413e+00
2.3333333333e+00 -1.9696969697e+00 1.0358361055e+00
2.3333333333e+00 -1.9090909091e+00 1.0493322655e+00
2.3333333333e+00 -1.8484848485e+00 1.0629229006e+00
2.3333333333e+00 -1.7878787879e+00 1.0765909872e+00
2.3333333333e+00 -1.7272727273e+00 1.0903175970e+00
2.3333333333e+00 -1.6666666667e+00 1.1040818015e+00
2.3333333333e+00 -1.6060606061e+00 1.1178605863e+00
2.3333333333e+00 -1.5454545455e+00 1.1316287754e+00
2.3333333333e+00 -1.4848484848e+00 1.1453589724e+00
2.3333333333e+00 -1.4242424242e+00 1.1590215202e+00
2.3333333333e+00 -1.3636363636e+00 1.1725844829e+00
2.3333333333e+00 -1.3030303030e+00 1.1860136562e+00
2.3333333333e+00 -1.2424242424e+00 1.1992726084e+00
2.3333333333e+00 -1.1818181818e+00 1.2123227577e+00
2.3333333333e+00 -1.1212121212e+00 1.2251234892e+00
2.3333333333e+00 -1.0606060606e+00 1.2376323162e+00
2.3333333333e+00 -1.0000000000e+00 1.2498050881e+00
2.3333333333e+00 -9.3939393939e-01 1.2615962477e+00
2.3333333333e+00 -8.7878787879e-01 1.2729591406e+00
2.3333333333e+00 -8.1818181818e-01 1.2838463736e+00
2.3333333333e+00 -7.5757575758e-01 1.2942102245e+00
2.3333333333e+00 -6.9696969697e-01 1.3040030970e+00
2.3333333333e+00 -6.3636363636e-01 1.3131780177e+00
2.3333333333e+00 -5.7575757576e-01 1.3216891667e+00
2.3333333333e+00 -5.1515151515e-01 1.3294924334e+00
2.3333333333e+00 -4.5454545455e-01 1.3365459871e+00
2.3333333333e+00 -3.9393939394e-01 1.3428108487e+00
2.3333333333e+00 -3.3333333333e-01 1.3482514507e+00
2.3333333333e+00 -2.7272727273e-01 1.3528361705e+00
2.3333333333e+00 -2.1212121212e-01 1.3565378226e+00
2.3333333333e+00 -1.5151515152e-01 1.3593340944e+00
2.3333333333e+00 -9.0909090909e-02 1.3612079137e+00
2.3333333333e+00 -3.0303030303e-02 1.3621477347e+00
2.3333333333e+00 3.0303030303e-02 1.3621477347e+00
2.3333333333e+00 9.0909090909e-02 1.3612079137e+00
2.3333333333e+00 1.5151515152e-01 1.3593340944e+00
2.3333333333e+00 2.1212121212e-01 1.3565378226e+00
2.3333333333e+00 2.7272727273e-01 1.3528361705e+00
2.3333333333e+00 3.3333333333e-01 1.3482514507e+00
2.3333333333e+00 3.9393939394e-01 1.3428108487e+00
2.3333333333e+00 4.5454545455e-01 1.3365459871e+00
2.3333333333e+00 5.1515151515e-01 1.3294924334e+00
2.3333333333e+00 5.7575757576e-01 1.3216891667e+00
2.3333333333e+00 6.3636363636e-01 1.3131780177e+00
2.3333333333e+00 6.9696969697e-01 1.3040030970e+00
2.3333333333e+00 7.5757575758e-01 1.2942102245e+00
2.3333333333e+00 8.1818181818e-01 1.2838463736e+00
2.3333333333e+00 8.7878787879e-01 1.2729591406e+00
2.3333333333e+00 9.3939393939e-01 1.2615962477e+00
2.3333333333e+00 1.0000000000e+00 1.2498050881e+00
2.3333333333e+00 1.0606060606e+00 1.2376323162e+00
2.3333333333e+00 1.1212121212e+00 1.2251234892e+00
2.3333333333e+00 1.1818181818e+00 1.2123227577e+00
2.3333333333e+00 1.2424242424e+00 1.1992726084e+00
2.3333333333e+00 1.3030303030e+00 1.1860136562e+00
2.3333333333e+00 1.3636363636e+00 1.1725844829e+00
2.3333333333e+00 1.4242424242e+00 1.1590215202e+00
2.3333333333e+00 1.4848484848e+00 1.1453589724e+00
2.3333333333e+00 1.5454545455e+00 1.1316287754e+00
2.3333333333e+00 1.6060606061e+00 1.1178605863e+00
2.3333333333e+00 1.6666666667e+00 1.1040818015e+00
2.3333333333e+00 1.7272727273e+00 1.0903175970e+00
2.3333333333e+00 1.7878787879e+00 1.0765909872e+00
2.3333333333e+00 1.8484848485e+00 1.0629229006e+00
2.3333333333e+00 1.9090909091e+00 1.0493322655e+00
2.3333333333e+00 1.9696969697e+00 1.0358361055e+00
2.3333333333e+00 2.0303030303e+00 1.0224496413e+00
2.3333333333e+00 2.0909090909e+00 1.0091863956e+00
2.3333333333e+00 2.1515151515e+00 9.9605830041e-01
2.3333333333e+00 2.2121212121e+00 9.8307580375e-01
2.3333333333e+00 2.2727272727e+00 9.7024797598e-01
2.3333333333e+00 2.3333333333e+00 9.5758261313e-01
2.3333333333e+00 2.3939393939e+00 9.4508633719e-01
2.3333333333e+00 2.4545454545e+00 9.3276469242e-01
2.3333333333e+00 2.5151515152e+00 9.2062223735e-01
2.3333333333e+00 2.5757575758e+00 9.0866263197e-01
2.3333333333e+00 2.6363636364e+00 8.9688872002e-01
2.3333333333e+00 2.6969696970e+00 8.8530260616e-01
2.3333333333e+00 2.7575757576e+00 8.7390572825e-01
2.3333333333e+00 2.8181818182e+00 8.6269892449e-01
2.3333333333e+00 2.8787878788e+00 8.5168249581e-01
2.3333333333e+00 2.9393939394e+00 8.4085626344e-01
2.3333333333e+00 3.0000000000e+00 8.3021962211e-01

2.3939393939e+00 -3.0000000000e+00 8.2203629718e-01
2.3939393939e+00 -2.9393939394e+00 8.3235757869e-01
2.3939393939e+00 -2.8787878788e+00 8.4285474175e-01
2.3939393939e+00 -2.8181818182e+00 8.5352784699e-01
2.3939393939e+00 -2.7575757576e+00 8.6437652310e-01
2.3939393939e+00 -2.6969696970e+00 8.7539991671e-01
2.3939393939e+00 -2.6363636364e+00 8.8659663836e-01
2.3939393939e+00 -2.5757575758e+00 8.9796470440e-01
2.3939393939e+00 -2.5151515152e+00 9.0950147468e-01
2.3939393939e+00 -2.4545454545e+00 9.2120358611e-01
2.3939393939e+00 -2.3939393939e+00 9.3306688198e-01
2.3939393939e+00 -2.3333333333e+00 9.4508633719e-01
2.3939393939e+00 -2.2727272727e+00 9.5725597956e-01
2.3939393939e+00 -2.2121212121e+00 9.6956880750e-01
2.3939393939e+00 -2.1515151515e+00 9.8201670433e-01
2.3939393939e+00 -2.0909090909e+00 9.9459035003e-01
2.3939393939e+00 -2.0303030303e+00 1.0072791308e+00
2.3939393939e+00 -1.9696969697e+00 1.0200710476e+00
2.3939393939e+00 -1.9090909091e+00 1.0329526247e+00
2.3939393939e+00 -1.8484848485e+00 1.0459088192e+00
2.3939393939e+00 -1.7878787879e+00 1.0589229339e+00
2.3939393939e+00 -1.7272727273e+00 1.0719765347e+00
2.3939393939e+00 -1.6666666667e+00 1.0850493743e+00
2.3939393939e+00 -1.6060606061e+00 1.0981193262e+00
2.3939393939e+00 -1.5454545455e+00 1.1111623295e+00
2.3939393939e+00 -1.4848484848e+00 1.1241523496e+00
2.3939393939e+00 -1.4242424242e+00 1.1370613562e+00
2.3939393939e+00 -1.3636363636e+00 1.1498593228e+00
2.3939393939e+00 -1.3030303030e+00 1.1625142519e+00
2.3939393939e+00 -1.2424242424e+00 1.1749922275e+00
2.3939393939e+00 -1.1818181818e+00 1.1872575004e+00
2.3939393939e+00 -1.1212121212e+00 1.1992726084e+00
2.3939393939e+00 -1.0606060606e+00 1.2109985338e+00
2.3939393939e+00 -1.0000000000e+00 1.2223949025e+00
2.3939393939e+00 -9.3939393939e-01 1.2334202236e+00
2.3939393939e+00 -8.7878787879e-01 1.2440321727e+00
2.3939393939e+00 -8.1818181818e-01 1.2541879166e+00
2.3939393939e+00 -7.5757575758e-01 1.2638444786e+00
2.3939393939e+00 -6.9696969697e-01 1.2729591406e+00
2.3939393939e+00 -6.3636363636e-01 1.2814898787e+00
2.3939393939e+00 -5.7575757576e-01 1.2893958238e+00
2.3939393939e+00 -5.1515151515e-01 1.2966377412e+00
2.3939393939e+00 -4.5454545455e-01 1.3031785193e+00
2.3939393939e+00 -3.9393939394e-01 1.3089836574e+00
2.3939393939e+00 -3.3333333333e-01 1.3140217397e+00
2.3939393939e+00 -2.7272727273e-01 1.3182648863e+00
2.3939393939e+00 -2.1212121212e-01 1.3216891667e+00
2.3939393939e+00 -1.5151515152e-01 1.3242749652e+00
2.3939393939e+00 -9.0909090909e-02 1.3260072885e+00
2.3939393939e+00 -3.0303030303e-02 1.3268760040e+00
2.3939393939e+00 3.0303030303e-02 1.3268760040e+00
2.3939393939e+00 9.0909090909e-02 1.3260072885e+00
2.3939393939e+00 1.5151515152e-01 1.3242749652e+00
2.3939393939e+00 2.1212121212e-01 1.3216891667e+00
2.3939393939e+00 2.7272727273e-01 1.3182648863e+00
2.3939393939e+00 3.3333333333e-01 1.3140217397e+00
2.3939393939e+00 3.9393939394e-01 1.3089836574e+00
2.3939393939e+00 4.5454545455e-01 1.3031785193e+00
2.3939393939e+00 5.1515151515e-01 1.2966377412e+00
2.3939393939e+00 5.7575757576e-01 1.2893958238e+00
2.3939393939e+00 6.3636363636e-01 1.2814898787e+00
2.3939393939e+00 6.9696969697e-01 1.2729591406e+00
2.3939393939e+00 7.5757575758e-01 1.2638444786e+00
2.3939393939e+00 8.1818181818e-01 1.2541879166e+00
2.3939393939e+00 8.7878787879e-01 1.2440321727e+00
2.3939393939e+00 9.3939393939e-01 1.2334202236e+00
2.3939393939e+00 1.0000000000e+00 1.2223949025e+00
2.3939393939e+00 1.0606060606e+00 1.2109985338e+00
2.3939393939e+00 1.1212121212e+00 1.1992726084e+00
2.3939393939e+00 1.1818181818e+00 1.1872575004e+00
2.3939393939e+00 1.2424242424e+00 1.1749922275e+00
2.3939393939e+00 1.3030303030e+00 1.1625142519e+00
2.3939393939e+00 1.3636363636e+00 1.1498593228e+00
2.3939393939e+00 1.4242424242e+00 1.1370613562e+00
2.3939393939e+00 1.4848484848e+00 1.1241523496e+00
2.3939393939e+00 1.5454545455e+00 1.1111623295e+00
2.3939393939e+00 1.6060606061e+00 1.0981193262e+00
2.3939393939e+00 1.6666666667e+00 1.0850493743e+00
2.3939393939e+00 1.7272727273e+00 1.0719765347e+00
2.3939393939e+00 1.7878787879e+00 1.0589229339e+00
2.3939393939e+00 1.8484848485e+00 1.0459088192e+00
2.3939393939e+00 1.9090909091e+00 1.0329526247e+00
2.3939393939e+00 1.9696969697e+00 1.0200710476e+00
2.3939393939e+00 2.0303030303e+00 1.0072791308e+00
2.3939393939e+00 2.0909090909e+00 9.9459035003e-01
2.3939393939e+00 2.1515151515e+00 9.8201670433e-01
2.3939393939e+00 2.2121212121e+00 9.6956880750e-01
2.3939393939e+00 2.2727272727e+00 9.5725597956e-01
2.3939393939e+00 2.3333333333e+00 9.4508633719e-01
2.3939393939e+00 2.3939393939e+00 9.3306688198e-01
2.3939393939e+00 2.4545454545e+00 9.2120358611e-01
2.3939393939e+00 2.5151515152e+00 9.0950147468e-01
2.3939393939e+00 2.5757575758e+00 8.9796470440e-01
2.3939393939e+00 2.6363636364e+00 8.8659663836e-01
2.3939393939e+00 2.6969696970e+00 8.7539991671e-01
2.3939393939e+00 2.7575757576e+00 8.6437652310e-01
2.3939393939e+00 2.8181818182e+00 8.5352784699e-01
2.3939393939e+00 2.8787878788e+00 8.4285474175e-01
2.3939393939e+00 2.9393939394e+00 8.3235757869e-01
2.3939393939e+00 3.0000000000e+00 8.2203629718e-01

2.4545454545e+00 -3.0000000000e+00 8.1388956614e-01
2.4545454545e+00 -2.9393939394e+00 8.2390326748e-01
2.4545454545e+00 -2.8787878788e+00 8.3407988778e-01
2.4545454545e+00 -2.8181818182e+00 8.4441900395e-01
2.4545454545e+00 -2.7575757576e+00 8.5491975956e-01
2.4545454545e+00 -2.6969696970e+00 8.6558081778e-01
2.4545454545e+00 -2.6363636364e+00 8.7640031098e-01
2.4545454545e+00 -2.5757575758e+00 8.8737578684e-01
2.4545454545e+00 -2.5151515152e+00 8.9850415089e-01
2.4545454545e+00 -2.4545454545e+00 9.0978160562e-01
2.4545454545e+00 -2.3939393939e+00 9.2120358611e-01
2.4545454545e+00 -2.3333333333e+00 9.3276469242e-01
2.4545454545e+00 -2.2727272727e+00 9.4445861890e-01
2.4545454545e+00 -2.2121212121e+00 9.5627808082e-01
2.4545454545e+00 -2.1515151515e+00 9.6821473861e-01
2.4545454545e+00 -2.0909090909e+00 9.8025912048e-01
2.4545454545e+00 -2.0303030303e+00 9.9240054396e-01
2.4545454545e+00 -1.9696969697e+00 1.0046270373e+00
2.4545454545e+00 -1.9090909091e+00 1.0169252619e+00
2.4545454545e+00 -1.8484848485e+00 1.0292804367e+00
2.4545454545e+00 -1.7878787879e+00 1.0416762665e+00
2.4545454545e+00 -1.7272727273e+00 1.0540948751e+00
2.4545454545e+00 -1.6666666667e+00 1.0665167467e+00
2.4545454545e+00 -1.6060606061e+00 1.0789206751e+00
2.4545454545e+00 -1.5454545455e+00 1.0912837265e+00
2.4545454545e+00 -1.4848484848e+00 1.1035812147e+00
2.4545454545e+00 -1.4242424242e+00 1.1157866947e+00
2.4545454545e+00 -1.3636363636e+00 1.1278719756e+00
2.4545454545e+00 -1.3030303030e+00 1.1398071559e+00
2.4545454545e+00 -1.2424242424e+00 1.1515606843e+00
2.4545454545e+00 -1.1818181818e+00 1.1630994498e+00
2.4545454545e+00 -1.1212121212e+00 1.1743889009e+00
2.4545454545e+00 -1.0606060606e+00 1.1853931985e+00
2.4545454545e+00 -1.0000000000e+00 1.1960754037e+00
2.4545454545e+00 -9.3939393939e-01 1.2063976999e+00
2.4545454545e+00 -8.7878787879e-01 1.2163216515e+00
2.4545454545e+00 -8.1818181818e-01 1.2258084962e+00
2.4545454545e+00 -7.5757575758e-01 1.2348194716e+00
2.4545454545e+00 -6.9696969697e-01 1.2433161701e+00
2.4545454545e+00 -6.3636363636e-01 1.2512609206e+00
2.4545454545e+00 -5.7575757576e-01 1.2586171895e+00
2.4545454545e+00 -5.1515151515e-01 1.2653499952e+00
2.4545454545e+00 -4.5454545455e-01 1.2714263275e+00
2.4545454545e+00 -3.9393939394e-01 1.2768155651e+00
2.4545454545e+00 -3.3333333333e-01 1.2814898787e+00
2.4545454545e+00 -2.7272727273e-01 1.2854246132e+00
2.4545454545e+00 -2.1212121212e-01 1.2885986365e+00
2.4545454545e+00 -1.5151515152e-01 1.2909946480e+00
2.4545454545e+00 -9.0909090909e-02 1.2925994358e+00
2.4545454545e+00 -3.0303030303e-02 1.2934040777e+00
2.4545454545e+00 3.0303030303e-02 1.2934040777e+00
2.4545454545e+00 9.0909090909e-02 1.2925994358e+00
2.4545454545e+00 1.5151515152e-01 1.2909946480e+00
2.4545454545e+00 2.1212121212e-01 1.2885986365e+00
2.4545454545e+00 2.7272727273e-01 1.2854246132e+00
2.4545454545e+00 3.3333333333e-01 1.2814898787e+00
2.4545454545e+00 3.9393939394e-01 1.2768155651e+00
2.4545454545e+00 4.5454545455e-01 1.2714263275e+00
2.4545454545e+00 5.1515151515e-01 1.2653499952e+00
2.4545454545e+00 5.7575757576e-01 1.2586171895e+00
2.4545454545e+00 6.3636363636e-01 1.2512609206e+00
2.4545454545e+00 6.9696969697e-01 1.2433161701e+00
2.4545454545e+00 7.5757575758e-01 1.2348194716e+00
2.4545454545e+00 8.1818181818e-01 1.2258084962e+00
2.4545454545e+00 8.7878787879e-01 1.2163216515e+00
2.4545454545e+00 9.3939393939e-01 1.2063976999e+00
2.4545454545e+00 1.0000000000e+00 1.1960754037e+00
2.4545454545e+00 1.0606060606e+00 1.1853931985e+00
2.4545454545e+00 1.1212121212e+00 1.1743889009e+00
2.4545454545e+00 1.1818181818e+00 1.1630994498e+00
2.4545454545e+00 1.2424242424e+00 1.1515606843e+00
2.4545454545e+00 1.3030303030e+00 1.1398071559e+00
2.4545454545e+00 1.3636363636e+00 1.1278719756e+00
2.4545454545e+00 1.4242424242e+00 1.1157866947e+00
2.4545454545e+00 1.4848484848e+00 1.1035812147e+00
2.4545454545e+00 1.5454545455e+00 1.0912837265e+00
2.4545454545e+00 1.6060606061e+00 1.0789206751e+00
2.4545454545e+00 1.6666666667e+00 1.0665167467e+00
2.4545454545e+00 1.7272727273e+00 1.0540948751e+00
2.4545454545e+00 1.7878787879e+00 1.0416762665e+00
2.4545454545e+00 1.8484848485e+00 1.0292804367e+00
2.4545454545e+00 1.9090909091e+00 1.0169252619e+00
2.4545454545e+00 1.9696969697e+00 1.0046270373e+00
2.4545454545e+00 2.0303030303e+00 9.9240054396e-01
2.4545454545e+00 2.0909090909e+00 9.8025912048e-01
2.4545454545e+00 2.1515151515e+00 9.6821473861e-01
2.4545454545e+00 2.2121212121e+00 9.5627808082e-01
2.4545454545e+00 2.2727272727e+00 9.4445861890e-01
2.4545454545e+00 2.3333333333e+00 9.3276469242e-01
2.4545454545e+00 2.3939393939e+00 9.2120358611e-01
2.4545454545e+00 2.4545454545e+00 9.0978160562e-01
2.4545454545e+00 2.5151515152e+00 8.9850415089e-01
2.4545454545e+00 2.5757575758e+00 8.8737578684e-01
2.4545454545e+00 2.6363636364e+00 8.7640031098e-01
2.4545454545e+00 2.6969696970e+00 8.6558081778e-01
2.4545454545e+00 2.7575757576e+00 8.5491975956e-01
2.4545454545e+00 2.8181818182e+00 8.4441900395e-01
2.4545454545e+00 2.8787878788e+00 8.3407988778e-01
2.4545454545e+00 2.9393939394e+00 8.2390326748e-01
2.4545454545e+00 3.0000000000e+00 8.1388956614e-01

2.5151515152e+00 -3.0000000000e+00 8.0578556546e-01
2.5151515152e+00 -2.9393939394e+00 8.1549953489e-01
2.5151515152e+00 -2.8787878788e+00 8.2536418293e-01
2.5151515152e+00 -2.8181818182e+00 8.3537865914e-01
2.5151515152e+00 -2.7575757576e+00 8.4554168172e-01
2.5151515152e+00 -2.6969696970e+00 8.5585149353e-01
2.5151515152e+00 -2.6363636364e+00 8.6630581535e-01
2.5151515152e+00 -2.5757575758e+00 8.7690179604e-01
2.5151515152e+00 -2.5151515152e+00 8.8763595987e-01
2.5151515152e+00 -2.4545454545e+00 8.9850415089e-01
2.5151515152e+00 -2.3939393939e+00 9.0950147468e-01
2.5151515152e+00 -2.3333333333e+00 9.2062223735e-01
2.5151515152e+00 -2.2727272727e+00 9.3185988245e-01
2.5151515152e+00 -2.2121212121e+00 9.4320692578e-01
2.5151515152e+00 -2.1515151515e+00 9.5465488884e-01
2.5151515152e+00 -2.0909090909e+00 9.6619423126e-01
2.5151515152e+00 -2.0303030303e+00 9.7781428313e-01
2.5151515152e+00 -1.9696969697e+00 9.8950317795e-01
2.5151515152e+00 -1.9090909091e+00 1.0012477872e+00
2.5151515152e+00 -1.8484848485e+00 1.0130336578e+00
2.5151515152e+00 -1.7878787879e+00 1.0248449536e+00
2.5151515152e+00 -1.7272727273e+00 1.0366644029e+00
2.5151515152e+00 -1.6666666667e+00 1.0484732529e+00
2.5151515152e+00 -1.6060606061e+00 1.0602512339e+00
2.5151515152e+00 -1.5454545455e+00 1.0719765347e+00
2.5151515152e+00 -1.4848484848e+00 1.0836257910e+00
2.5151515152e+00 -1.4242424242e+00 1.0951740905e+00
2.5151515152e+00 -1.3636363636e+00 1.1065949955e+00
2.5151515152e+00 -1.3030303030e+00 1.1178605863e+00
2.5151515152e+00 -1.2424242424e+00 1.1289415268e+00
2.5151515152e+00 -1.1818181818e+00 1.1398071559e+00
2.5151515152e+00 -1.1212121212e+00 1.1504256050e+00
2.5151515152e+00 -1.0606060606e+00 1.1607639444e+00
2.5151515152e+00 -1.0000000000e+00 1.1707883579e+00
2.5151515152e+00 -9.3939393939e-01 1.1804643494e+00
2.5151515152e+00 -8.7878787879e-01 1.1897569767e+00
2.5151515152e+00 -8.1818181818e-01 1.1986311160e+00
2.5151515152e+00 -7.5757575758e-01 1.2070517520e+00
2.5151515152e+00 -6.9696969697e-01 1.2149842925e+00
2.5151515152e+00 -6.3636363636e-01 1.2223949025e+00
2.5151515152e+00 -5.7575757576e-01 1.2292508537e+00
2.5151515152e+00 -5.1515151515e-01 1.2355208840e+00
2.5151515152e+00 -4.5454545455e-01 1.2411755585e+00
2.5151515152e+00 -3.9393939394e-01 1.2461876270e+00
2.5151515152e+00 -3.3333333333e-01 1.2505323686e+00
2.5151515152e+00 -2.7272727273e-01 1.2541879166e+00
2.5151515152e+00 -2.1212121212e-01 1.2571355542e+00
2.5151515152e+00 -1.5151515152e-01 1.2593599748e+00
2.5151515152e+00 -9.0909090909e-02 1.2608495000e+00
2.5151515152e+00 -3.0303030303e-02 1.2615962477e+00
2.5151515152e+00 3.0303030303e-02 1.2615962477e+00
2.5151515152e+00 9.0909090909e-02 1.2608495000e+00
2.5151515152e+00 1.5151515152e-01 1.2593599748e+00
2.5151515152e+00 2.1212121212e-01 1.2571355542e+00
2.5151515152e+00 2.7272727273e-01 1.2541879166e+00
2.5151515152e+00 3.3333333333e-01 1.2505323686e+00
2.5151515152e+00 3.9393939394e-01 1.2461876270e+00
2.5151515152e+00 4.5454545455e-01 1.2411755585e+00
2.5151515152e+00 5.1515151515e-01 1.2355208840e+00
2.5151515152e+00 5.7575757576e-01 1.2292508537e+00
2.5151515152e+00 6.3636363636e-01 1.2223949025e+00
2.5151515152e+00 6.9696969697e-01 1.2149842925e+00
2.5151515152e+00 7.5757575758e-01 1.2070517520e+00
2.5151515152e+00 8.1818181818e-01 1.1986311160e+00
2.5151515152e+00 8.7878787879e-01 1.1897569767e+00
2.5151515152e+00 9.3939393939e-01 1.1804643494e+00
2.5151515152e+00 1.0000000000e+00 1.1707883579e+00
2.5151515152e+00 1.0606060606e+00 1.1607639444e+00
2.5151515152e+00 1.1212121212e+00 1.1504256050e+00
2.5151515152e+00 1.1818181818e+00 1.1398071559e+00
2.5151515152e+00 1.2424242424e+00 1.1289415268e+00
2.5151515152e+00 1.3030303030e+00 1.1178605863e+00
2.5151515152e+00 1.3636363636e+00 1.1065949955e+00
2.5151515152e+00 1.4242424242e+00 1.0951740905e+00
2.5151515152e+00 1.4848484848e+00 1.0836257910e+00
2.5151515152e+00 1.5454545455e+00 1.0719765347e+00
2.5151515152e+00 1.6060606061e+00 1.0602512339e+00
2.5151515152e+00 1.6666666667e+00 1.0484732529e+00
2.5151515152e+00 1.7272727273e+00 1.0366644029e+00
2.5151515152e+00 1.7878787879e+00 1.0248449536e+00
2.5151515152e+00 1.8484848485e+00 1.0130336578e+00
2.5151515152e+00 1.9090909091e+00 1.0012477872e+00
2.5151515152e+00 1.9696969697e+00 9.8950317795e-01
2.5151515152e+00 2.0303030303e+00 9.7781428313e-01
2.5151515152e+00 2.0909090909e+00 9.6619423126e-01
2.5151515152e+00 2.1515151515e+00 9.5465488884e-01
2.5151515152e+00 2.2121212121e+00 9.4320692578e-01
2.5151515152e+00 2.2727272727e+00 9.3185988245e-01
2.5151515152e+00 2.3333333333e+00 9.2062223735e-01
2.5151515152e+00 2.3939393939e+00 9.0950147468e-01
2.5151515152e+00 2.4545454545e+00 8.9850415089e-01
2.5151515152e+00 2.5151515152e+00 8.8763595987e-01
2.5151515152e+00 2.5757575758e+00 8.7690179604e-01
2.5151515152e+00 2.6363636364e+00 8.6630581535e-01
2.5151515152e+00 2.6969696970e+00 8.5585149353e-01
2.5151515152e+00 2.7575757576e+00 8.4554168172e-01
2.5151515152e+00 2.8181818182e+00 8.3537865914e-01
2.5151515152e+00 2.8787878788e+00 8.2536418293e-01
2.5151515152e+00 2.9393939394e+00 8.1549953489e-01
2.5151515152e+00 3.0000000000e+00 8.0578556546e-01

2.5757575758e+00 -3.0000000000e+00 7.9772992597e-01
2.5757575758e+00 -2.9393939394e+00 8.0715204632e-01
2.5757575758e+00 -2.8787878788e+00 8.1671330127e-01
2.5757575758e+00 -2.8181818182e+00 8.2641246499e-01
2.5757575758e+00 -2.7575757576e+00 8.3624788505e-01
2.5757575758e+00 -2.6969696970e+00 8.4621744167e-01
2.5757575758e+00 -2.6363636364e+00 8.5631850440e-01
2.5757575758e+00 -2.5757575758e+00 8.6654788636e-01
2.5757575758e+00 -2.5151515152e+00 8.7690179604e-01
2.5757575758e+00 -2.4545454545e+00 8.8737578684e-01
2.5757575758e+00 -2.3939393939e+00 8.9796470440e-01
2.5757575758e+00 -2.3333333333e+00 9.0866263197e-01
2.5757575758e+00 -2.2727272727e+00 9.1946283427e-01
2.5757575758e+00 -2.2121212121e+00 9.3035769986e-01
2.5757575758e+00 -2.1515151515e+00 9.4133868294e-01
2.5757575758e+00 -2.0909090909e+00 9.5239624470e-01
2.5757575758e+00 -2.0303030303e+00 9.6351979532e-01
2.5757575758e+00 -1.9696969697e+00 9.7469763706e-01
2.5757575758e+00 -1.9090909091e+00 9.8591690967e-01
2.5757575758e+00 -1.8484848485e+00 9.9716353902e-01
2.5757575758e+00 -1.7878787879e+00 1.0084221903e+00
2.5757575758e+00 -1.7272727273e+00 1.0196762271e+00
2.5757575758e+00 -1.6666666667e+00 1.0309076777e+00
2.5757575758e+00 -1.6060606061e+00 1.0420972108e+00
2.5757575758e+00 -1.5454545455e+00 1.0532241216e+00
2.5757575758e+00 -1.4848484848e+00 1.0642663308e+00
2.5757575758e+00 -1.4242424242e+00 1.0752003983e+00
2.5757575758e+00 -1.3636363636e+00 1.0860015531e+00
2.5757575758e+00 -1.3030303030e+00 1.0966437418e+00
2.5757575758e+00 -1.2424242424e+00 1.1070996972e+00
2.5757575758e+00 -1.1818181818e+00 1.1173410293e+00
2.5757575758e+00 -1.1212121212e+00 1.1273383389e+00
2.5757575758e+00 -1.0606060606e+00 1.1370613562e+00
2.5757575758e+00 -1.0000000000e+00 1.1464791039e+00
2.5757575758e+00 -9.3939393939e-01 1.1555600863e+00
2.5757575758e+00 -8.7878787879e-01 1.1642725023e+00
2.5757575758e+00 -8.1818181818e-01 1.1725844829e+00
2.5757575758e+00 -7.5757575758e-01 1.1804643494e+00
2.5757575758e+00 -6.9696969697e-01 1.1878808922e+00
2.5757575758e+00 -6.3636363636e-01 1.1948036637e+00
2.5757575758e+00 -5.7575757576e-01 1.2012032841e+00
2.5757575758e+00 -5.1515151515e-01 1.2070517520e+00
2.5757575758e+00 -4.5454545455e-01 1.2123227577e+00
2.5757575758e+00 -3.9393939394e-01 1.2169919895e+00
2.5757575758e+00 -3.3333333333e-01 1.2210374293e+00
2.5757575758e+00 -2.7272727273e-01 1.2244396295e+00
2.5757575758e+00 -2.1212121212e-01 1.2271819650e+00
2.5757575758e+00 -1.5151515152e-01 1.2292508537e+00
2.5757575758e+00 -9.0909090909e-02 1.2306359413e+00
2.5757575758e+00 -3.0303030303e-02 1.2313302435e+00
2.5757575758e+00 3.0303030303e-02 1.2313302435e+00
2.5757575758e+00 9.0909090909e-02 1.2306359413e+00
2.5757575758e+00 1.5151515152e-01 1.2292508537e+00
2.5757575758e+00 2.1212121212e-01 1.2271819650e+00
2.5757575758e+00 2.7272727273e-01 1.2244396295e+00
2.5757575758e+00 3.3333333333e-01 1.2210374293e+00
2.5757575758e+00 3.9393939394e-01 1.2169919895e+00
2.5757575758e+00 4.5454545455e-01 1.2123227577e+00
2.5757575758e+00 5.1515151515e-01 1.2070517520e+00
2.5757575758e+00 5.7575757576e-01 1.2012032841e+00
2.5757575758e+00 6.3636363636e-01 1.1948036637e+00
2.5757575758e+00 6.9696969697e-01 1.1878808922e+00
2.5757575758e+00 7.5757575758e-01 1.1804643494e+00
2.5757575758e+00 8.1818181818e-01 1.1725844829e+00
2.5757575758e+00 8.7878787879e-01 1.1642725023e+00
2.5757575758e+00 9.3939393939e-01 1.1555600863e+00
2.5757575758e+00 1.0000000000e+00 1.1464791039e+00
2.5757575758e+00 1.0606060606e+00 1.1370613562e+00
2.5757575758e+00 1.1212121212e+00 1.1273383389e+00
2.5757575758e+00 1.1818181818e+00 1.1173410293e+00
2.5757575758e+00 1.2424242424e+00 1.1070996972e+00
2.5757575758e+00 1.3030303030e+00 1.0966437418e+00
2.5757575758e+00 1.3636363636e+00 1.0860015531e+00
2.5757575758e+00 1.4242424242e+00 1.0752003983e+00
2.5757575758e+00 1.4848484848e+00 1.0642663308e+00
2.5757575758e+00 1.5454545455e+00 1.0532241216e+00
2.5757575758e+00 1.6060606061e+00 1.0420972108e+00
2.5757575758e+00 1.6666666667e+00 1.0309076777e+00
2.5757575758e+00 1.7272727273e+00 1.0196762271e+00
2.5757575758e+00 1.7878787879e+00 1.0084221903e+00
2.5757575758e+00 1.8484848485e+00 9.9716353902e-01
2.5757575758e+00 1.9090909091e+00 9.8591690967e-01
2.5757575758e+00 1.9696969697e+00 9.7469763706e-01
2.5757575758e+00 2.0303030303e+00 9.6351979532e-01
2.5757575758e+00 2.0909090909e+00 9.5239624470e-01
2.5757575758e+00 2.1515151515e+00 9.4133868294e-01
2.5757575758e+00 2.2121212121e+00 9.3035769986e-01
2.5757575758e+00 2.2727272727e+00 9.1946283427e-01
2.5757575758e+00 2.3333333333e+00 9.0866263197e-01
2.5757575758e+00 2.3939393939e+00 8.9796470440e-01
2.5757575758e+00 2.4545454545e+00 8.8737578684e-01
2.5757575758e+00 2.5151515152e+00 8.7690179604e-01
2.5757575758e+00 2.5757575758e+00 8.6654788636e-01
2.5757575758e+00 2.6363636364e+00 8.5631850440e-01
2.5757575758e+00 2.6969696970e+00 8.4621744167e-01
2.5757575758e+00 2.7575757576e+00 8.3624788505e-01
2.5757575758e+00 2.8181818182e+00 8.2641246499e-01
2.5757575758e+00 2.8787878788e+00 8.1671330127e-01
2.5757575758e+00 2.9393939394e+00 8.0715204632e-01
2.5757575758e+00 3.0000000000e+00 7.9772992597e-01

2.6363636364e+00 -3.0000000000e+00 7.8972779539e-01
2.6363636364e+00 -2.9393939394e+00 7.9886595339e-01
2.6363636364e+00 -2.8787878788e+00 8.0813237157e-01
2.6363636364e+00 -2.8181818182e+00 8.1752549635e-01
2.6363636364e+00 -2.7575757576e+00 8.2704335477e-01
2.6363636364e+00 -2.6969696970e+00 8.3668351678e-01
2.6363636364e+00 -2.6363636364e+00 8.4644305531e-01
2.6363636364e+00 -2.5757575758e+00 8.5631850440e-01
2.6363636364e+00 -2.5151515152e+00 8.6630581535e-01
2.6363636364e+00 -2.4545454545e+00 8.7640031098e-01
2.6363636364e+00 -2.3939393939e+00 8.8659663836e-01
2.6363636364e+00 -2.3333333333e+00 8.9688872002e-01
2.6363636364e+00 -2.2727272727e+00 9.0726970415e-01
2.6363636364e+00 -2.2121212121e+00 9.1773191407e-01
2.6363636364e+00 -2.1515151515e+00 9.2826679740e-01
2.6363636364e+00 -2.0909090909e+00 9.3886487557e-01
2.6363636364e+00 -2.0303030303e+00 9.4951569434e-01
2.6363636364e+00 -1.9696969697e+00 9.6020777591e-01
2.6363636364e+00 -1.9090909091e+00 9.7092857381e-01
2.6363636364e+00 -1.8484848485e+00 9.8166443119e-01
2.6363636364e+00 -1.7878787879e+00 9.9240054396e-01
2.6363636364e+00 -1.7272727273e+00 1.0031209297e+00
2.6363636364e+00 -1.6666666667e+00 1.0138084041e+00
2.6363636364e+00 -1.6060606061e+00 1.0244445655e+00
2.6363636364e+00 -1.5454545455e+00 1.0350097905e+00
2.6363636364e+00 -1.4848484848e+00 1.0454832404e+00
2.6363636364e+00 -1.4242424242e+00 1.0558428817e+00
2.6363636364e+00 -1.3636363636e+00 1.0660655213e+00
2.6363636364e+00 -1.3030303030e+00 1.0761268582e+00
2.6363636364e+00 -1.2424242424e+00 1.0860015531e+00
2.6363636364e+00 -1.1818181818e+00 1.0956633175e+00
2.6363636364e+00 -1.1212121212e+00 1.1050850226e+00
2.6363636364e+00 -1.0606060606e+00 1.1142388297e+00
2.6363636364e+00 -1.0000000000e+00 1.1230963416e+00
2.6363636364e+00 -9.3939393939e-01 1.1316287754e+00
2.6363636364e+00 -8.7878787879e-01 1.1398071559e+00
2.6363636364e+00 -8.1818181818e-01 1.1476025287e+00
2.6363636364e+00 -7.5757575758e-01 1.1549861907e+00
2.6363636364e+00 -6.9696969697e-01 1.1619299364e+00
2.6363636364e+00 -6.3636363636e-01 1.1684063157e+00
2.6363636364e+00 -5.7575757576e-01 1.1743889009e+00
2.6363636364e+00 -5.1515151515e-01 1.1798525572e+00
2.6363636364e+00 -4.5454545455e-01 1.1847737137e+00
2.6363636364e+00 -3.9393939394e-01 1.1891306277e+00
2.6363636364e+00 -3.3333333333e-01 1.1929036383e+00
2.6363636364e+00 -2.7272727273e-01 1.1960754037e+00
2.6363636364e+00 -2.1212121212e-01 1.1986311160e+00
2.6363636364e+00 -1.5151515152e-01 1.2005586897e+00
2.6363636364e+00 -9.0909090909e-02 1.2018489181e+00
2.6363636364e+00 -3.0303030303e-02 1.2024955944e+00
2.6363636364e+00 3.0303030303e-02 1.2024955944e+00
2.6363636364e+00 9.0909090909e-02 1.2018489181e+00
2.6363636364e+00 1.5151515152e-01 1.2005586897e+00
2.6363636364e+00 2.1212121212e-01 1.1986311160e+00
2.6363636364e+00 2.7272727273e-01 1.1960754037e+00
2.6363636364e+00 3.3333333333e-01 1.1929036383e+00
2.6363636364e+00 3.9393939394e-01 1.1891306277e+00
2.6363636364e+00 4.5454545455e-01 1.1847737137e+00
2.6363636364e+00 5.1515151515e-01 1.1798525572e+00
2.6363636364e+00 5.7575757576e-01 1.1743889009e+00
2.6363636364e+00 6.3636363636e-01 1.1684063157e+00
2.6363636364e+00 6.9696969697e-01 1.1619299364e+00
2.6363636364e+00 7.5757575758e-01 1.1549861907e+00
2.6363636364e+00 8.1818181818e-01 1.1476025287e+00
2.6363636364e+00 8.7878787879e-01 1.1398071559e+00
2.6363636364e+00 9.3939393939e-01 1.1316287754e+00
2.6363636364e+00 1.0000000000e+00 1.1230963416e+00
2.6363636364e+00 1.0606060606e+00 1.1142388297e+00
2.6363636364e+00 1.1212121212e+00 1.1050850226e+00
2.6363636364e+00 1.1818181818e+00 1.0956633175e+00
2.6363636364e+00 1.2424242424e+00 1.0860015531e+00
2.6363636364e+00 1.3030303030e+00 1.0761268582e+00
2.6363636364e+00 1.3636363636e+00 1.0660655213e+00
2.6363636364e+00 1.4242424242e+00 1.0558428817e+00
2.6363636364e+00 1.4848484848e+00 1.0454832404e+00
2.6363636364e+00 1.5454545455e+00 1.0350097905e+00
2.6363636364e+00 1.6060606061e+00 1.0244445655e+00
2.6363636364e+00 1.6666666667e+00 1.0138084041e+00
2.6363636364e+00 1.7272727273e+00 1.0031209297e+00
2.6363636364e+00 1.7878787879e+00 9.9240054396e-01
2.6363636364e+00 1.8484848485e+00 9.8166443119e-01
2.6363636364e+00 1.9090909091e+00 9.7092857381e-01
2.6363636364e+00 1.9696969697e+00 9.6020777591e-01
2.6363636364e+00 2.0303030303e+00 9.4951569434e-01
2.6363636364e+00 2.0909090909e+00 9.3886487557e-01
2.6363636364e+00 2.1515151515e+00 9.2826679740e-01
2.6363636364e+00 2.2121212121e+00 9.1773191407e-01
2.6363636364e+00 2.2727272727e+00 9.0726970415e-01
2.6363636364e+00 2.3333333333e+00 8.9688872002e-01
2.6363636364e+00 2.3939393939e+00 8.8659663836e-01
2.6363636364e+00 2.4545454545e+00 8.7640031098e-01
2.6363636364e+00 2.5151515152e+00 8.6630581535e-01
2.6363636364e+00 2.5757575758e+00 8.5631850440e-01
2.6363636364e+00 2.6363636364e+00 8.4644305531e-01
2.6363636364e+00 2.6969696970e+00 8.3668351678e-01
2.6363636364e+00 2.7575757576e+00 8.2704335477e-01
2.6363636364e+00 2.8181818182e+00 8.1752549635e-01
2.6363636364e+00 2.8787878788e+00 8.0813237157e-01
2.6363636364e+00 2.9393939394e+00 7.9886595339e-01
2.6363636364e+00 3.0000000000e+00 7.8972779539e-01

2.6969696970e+00 -3.0000000000e+00 7.8178386118e-01
2.6969696970e+00 -2.9393939394e+00 7.9064592008e-01
2.6969696970e+00 -2.8787878788e+00 7.9962600696e-01
2.6969696970e+00 -2.8181818182e+00 8.0872228410e-01
2.6969696970e+00 -2.7575757576e+00 8.1793250364e-01
2.6969696970e+00 -2.6969696970e+00 8.2725397268e-01
2.6969696970e+00 -2.6363636364e+00 8.3668351678e-01
2.6969696970e+00 -2.5757575758e+00 8.4621744167e-01
2.6969696970e+00 -2.5151515152e+00 8.5585149353e-01
2.6969696970e+00 -2.4545454545e+00 8.6558081778e-01
2.6969696970e+00 -2.3939393939e+00 8.7539991671e-01
2.6969696970e+00 -2.3333333333e+00 8.8530260616e-01
2.6969696970e+00 -2.2727272727e+00 8.9528197158e-01
2.6969696970e+00 -2.2121212121e+00 9.0533032378e-01
2.6969696970e+00 -2.1515151515e+00 9.1543915495e-01
2.6969696970e+00 -2.0909090909e+00 9.2559909538e-01
2.6969696970e+00 -2.0303030303e+00 9.3579987147e-01
2.6969696970e+00 -1.9696969697e+00 9.4603026596e-01
2.6969696970e+00 -1.9090909091e+00 9.5627808082e-01
2.6969696970e+00 -1.8484848485e+00 9.6653010409e-01
2.6969696970e+00 -1.7878787879e+00 9.7677208135e-01
2.6969696970e+00 -1.7272727273e+00 9.8698869308e-01
2.6969696970e+00 -1.6666666667e+00 9.9716353902e-01
2.6969696970e+00 -1.6060606061e+00 1.0072791308e+00
2.6969696970e+00 -1.5454545455e+00 1.0173168940e+00
2.6969696970e+00 -1.4848484848e+00 1.0272571813e+00
2.6969696970e+00 -1.4242424242e+00 1.0370792975e+00
2.6969696970e+00 -1.3636363636e+00 1.0467615383e+00
2.6969696970e+00 -1.3030303030e+00 1.0562812440e+00
2.6969696970e+00 -1.2424242424e+00 1.0656148683e+00
2.6969696970e+00 -1.1818181818e+00 1.0747380649e+00
2.6969696970e+00 -1.1212121212e+00 1.0836257910e+00
2.6969696970e+00 -1.0606060606e+00 1.0922524291e+00
2.6969696970e+00 -1.0000000000e+00 1.1005919272e+00
2.6969696970e+00 -9.3939393939e-01 1.1086179561e+00
2.6969696970e+00 -8.7878787879e-01 1.1163040852e+00
2.6969696970e+00 -8.1818181818e-01 1.1236239734e+00
2.6969696970e+00 -7.5757575758e-01 1.1305515747e+00
2.6969696970e+00 -6.9696969697e-01 1.1370613562e+00
2.6969696970e+00 -6.3636363636e-01 1.1431285252e+00
2.6969696970e+00 -5.7575757576e-01 1.1487292629e+00
2.6969696970e+00 -5.1515151515e-01 1.1538409605e+00
2.6969696970e+00 -4.5454545455e-01 1.1584424537e+00
2.6969696970e+00 -3.9393939394e-01 1.1625142519e+00
2.6969696970e+00 -3.3333333333e-01 1.1660387560e+00
2.6969696970e+00 -2.7272727273e-01 1.1690004628e+00
2.6969696970e+00 -2.1212121212e-01 1.1713861487e+00
2.6969696970e+00 -1.5151515152e-01 1.1731850309e+00
2.6969696970e+00 -9.0909090909e-02 1.1743889009e+00
2.6969696970e+00 -3.0303030303e-02 1.1749922275e+00
2.6969696970e+00 3.0303030303e-02 1.1749922275e+00
2.6969696970e+00 9.0909090909e-02 1.1743889009e+00
2.6969696970e+00 1.5151515152e-01 1.1731850309e+00
2.6969696970e+00 2.1212121212e-01 1.1713861487e+00
2.6969696970e+00 2.7272727273e-01 1.1690004628e+00
2.6969696970e+00 3.3333333333e-01 1.1660387560e+00
2.6969696970e+00 3.9393939394e-01 1.1625142519e+00
2.6969696970e+00 4.5454545455e-01 1.1584424537e+00
2.6969696970e+00 5.1515151515e-01 1.1538409605e+00
2.6969696970e+00 5.7575757576e-01 1.1487292629e+00
2.6969696970e+00 6.3636363636e-01 1.1431285252e+00
2.6969696970e+00 6.9696969697e-01 1.1370613562e+00
2.6969696970e+00 7.5757575758e-01 1.1305515747e+00
2.6969696970e+00 8.1818181818e-01 1.1236239734e+00
2.6969696970e+00 8.7878787879e-01 1.1163040852e+00
2.6969696970e+00 9.3939393939e-01 1.1086179561e+00
2.6969696970e+00 1.0000000000e+00 1.1005919272e+00
2.6969696970e+00 1.0606060606e+00 1.0922524291e+00
2.6969696970e+00 1.1212121212e+00 1.0836257910e+00
2.6969696970e+00 1.1818181818e+00 1.0747380649e+00
2.6969696970e+00 1.2424242424e+00 1.0656148683e+00
2.6969696970e+00 1.3030303030e+00 1.0562812440e+00
2.6969696970e+00 1.3636363636e+00 1.0467615383e+00
2.6969696970e+00 1.4242424242e+00 1.0370792975e+00
2.6969696970e+00 1.4848484848e+00 1.0272571813e+00
2.6969696970e+00 1.5454545455e+00 1.0173168940e+00
2.6969696970e+00 1.6060606061e+00 1.0072791308e+00
2.6969696970e+00 1.6666666667e+00 9.9716353902e-01
2.6969696970e+00 1.7272727273e+00 9.8698869308e-01
2.6969696970e+00 1.7878787879e+00 9.7677208135e-01
2.6969696970e+00 1.8484848485e+00 9.6653010409e-01
2.6969696970e+00 1.9090909091e+00 9.5627808082e-01
2.6969696970e+00 1.9696969697e+00 9.4603026596e-01
2.6969696970e+00 2.0303030303e+00 9.3579987147e-01
2.6969696970e+00 2.0909090909e+00 9.2559909538e-01
2.6969696970e+00 2.1515151515e+00 9.1543915495e-01
2.6969696970e+00 2.2121212121e+00 9.0533032378e-01
2.6969696970e+00 2.2727272727e+00 8.9528197158e-01
2.6969696970e+00 2.3333333333e+00 8.8530260616e-01
2.6969696970e+00 2.3939393939e+00 8.7539991671e-01
2.6969696970e+00 2.4545454545e+00 8.6558081778e-01
2.6969696970e+00 2.5151515152e+00 8.5585149353e-01
2.6969696970e+00 2.5757575758e+00 8.4621744167e-01
2.6969696970e+00 2.6363636364e+00 8.3668351678e-01
2.6969696970e+00 2.6969696970e+00 8.2725397268e-01
2.6969696970e+00 2.7575757576e+00 8.1793250364e-01
2.6969696970e+00 2.8181818182e+00 8.0872228410e-01
2.6969696970e+00 2.8787878788e+00 7.9962600696e-01
2.6969696970e+00 2.9393939394e+00 7.9064592008e-01
2.6969696970e+00 3.0000000000e+00 7.8178386118e-01

2.7575757576e+00 -3.0000000000e+00 7.7390237373e-01
2.7575757576e+00 -2.9393939394e+00 7.8249614889e-01
2.7575757576e+00 -2.8787878788e+00 7.9119833438e-01
2.7575757576e+00 -2.8181818182e+00 8.0000684819e-01
2.7575757576e+00 -2.7575757576e+00 8.0891920889e-01
2.7575757576e+00 -2.6969696970e+00 8.1793250364e-01
2.7575757576e+00 -2.6363636364e+00 8.2704335477e-01
2.7575757576e+00 -2.5757575758e+00 8.3624788505e-01
2.7575757576e+00 -2.5151515152e+00 8.4554168172e-01
2.7575757576e+00 -2.4545454545e+00 8.5491975956e-01
2.7575757576e+00 -2.3939393939e+00 8.6437652310e-01
2.7575757576e+00 -2.3333333333e+00 8.7390572825e-01
2.7575757576e+00 -2.2727272727e+00 8.8350044372e-01
2.7575757576e+00 -2.2121212121e+00 8.9315301252e-01
2.7575757576e+00 -2.1515151515e+00 9.0285501407e-01
2.7575757576e+00 -2.0909090909e+00 9.1259722730e-01
2.7575757576e+00 -2.0303030303e+00 9.2236959545e-01
2.7575757576e+00 -1.9696969697e+00 9.3216119312e-01
2.7575757576e+00 -1.9090909091e+00 9.4196019643e-01
2.7575757576e+00 -1.8484848485e+00 9.5175385691e-01
2.7575757576e+00 -1.7878787879e+00 9.6152848018e-01
2.7575757576e+00 -1.7272727273e+00 9.7126941030e-01
2.7575757576e+00 -1.6666666667e+00 9.8096102082e-01
2.7575757576e+00 -1.6060606061e+00 9.9058671357e-01
2.7575757576e+00 -1.5454545455e+00 1.0001289263e+00
2.7575757576e+00 -1.4848484848e+00 1.0095691505e+00
2.7575757576e+00 -1.4242424242e+00 1.0188879596e+00
2.7575757576e+00 -1.3636363636e+00 1.0280650506e+00
2.7575757576e+00 -1.3030303030e+00 1.0370792975e+00
2.7575757576e+00 -1.2424242424e+00 1.0459088192e+00
2.7575757576e+00 -1.1818181818e+00 1.0545310627e+00
2.7575757576e+00 -1.1212121212e+00 1.0629229006e+00
2.7575757576e+00 -1.0606060606e+00 1.0710607448e+00
2.7575757576e+00 -1.0000000000e+00 1.0789206751e+00
2.7575757576e+00 -9.3939393939e-01 1.0864785836e+00
2.7575757576e+00 -8.7878787879e-01 1.0937103327e+00
2.7575757576e+00 -8.1818181818e-01 1.1005919272e+00
2.7575757576e+00 -7.5757575758e-01 1.1070996972e+00
2.7575757576e+00 -6.9696969697e-01 1.1132104917e+00
2.7575757576e+00 -6.3636363636e-01 1.1189018786e+00
2.7575757576e+00 -5.7575757576e-01 1.1241523496e+00
2.7575757576e+00 -5.1515151515e-01 1.1289415268e+00
2.7575757576e+00 -4.5454545455e-01 1.1332503661e+00
2.7575757576e+00 -3.9393939394e-01 1.1370613562e+00
2.7575757576e+00 -3.3333333333e-01 1.1403587070e+00
2.7575757576e+00 -2.7272727273e-01 1.1431285252e+00
2.7575757576e+00 -2.1212121212e-01 1.1453589724e+00
2.7575757576e+00 -1.5151515152e-01 1.1470404036e+00
2.7575757576e+00 -9.0909090909e-02 1.1481654811e+00
2.7575757576e+00 -3.0303030303e-02 1.1487292629e+00
2.7575757576e+00 3.0303030303e-02 1.1487292629e+00
2.7575757576e+00 9.0909090909e-02 1.1481654811e+00
2.7575757576e+00 1.5151515152e-01 1.1470404036e+00
2.7575757576e+00 2.1212121212e-01 1.1453589724e+00
2.7575757576e+00 2.7272727273e-01 1.1431285252e+00
2.7575757576e+00 3.3333333333e-01 1.1403587070e+00
2.7575757576e+00 3.9393939394e-01 1.1370613562e+00
2.7575757576e+00 4.5454545455e-01 1.1332503661e+00
2.7575757576e+00 5.1515151515e-01 1.1289415268e+00
2.7575757576e+00 5.7575757576e-01 1.1241523496e+00
2.7575757576e+00 6.3636363636e-01 1.1189018786e+00
2.7575757576e+00 6.9696969697e-01 1.1132104917e+00
2.7575757576e+00 7.5757575758e-01 1.1070996972e+00
2.7575757576e+00 8.1818181818e-01 1.1005919272e+00
2.7575757576e+00 8.7878787879e-01 1.0937103327e+00
2.7575757576e+00 9.3939393939e-01 1.0864785836e+00
2.7575757576e+00 1.0000000000e+00 1.0789206751e+00
2.7575757576e+00 1.0606060606e+00 1.0710607448e+00
2.7575757576e+00 1.1212121212e+00 1.0629229006e+00
2.7575757576e+00 1.1818181818e+00 1.0545310627e+00
2.7575757576e+00 1.2424242424e+00 1.0459088192e+00
2.7575757576e+00 1.3030303030e+00 1.0370792975e+00
2.7575757576e+00 1.3636363636e+00 1.0280650506e+00
2.7575757576e+00 1.4242424242e+00 1.0188879596e+00
2.7575757576e+00 1.4848484848e+00 1.0095691505e+00
2.7575757576e+00 1.5454545455e+00 1.0001289263e+00
2.7575757576e+00 1.6060606061e+00 9.9058671357e-01
2.7575757576e+00 1.6666666667e+00 9.8096102082e-01
2.7575757576e+00 1.7272727273e+00 9.7126941030e-01
2.7575757576e+00 1.7878787879e+00 9.6152848018e-01
2.7575757576e+00 1.8484848485e+00 9.5175385691e-01
2.7575757576e+00 1.9090909091e+00 9.4196019643e-01
2.7575757576e+00 1.9696969697e+00 9.3216119312e-01
2.7575757576e+00 2.0303030303e+00 9.2236959545e-01
2.7575757576e+00 2.0909090909e+00 9.1259722730e-01
2.7575757576e+00 2.1515151515e+00 9.0285501407e-01
2.7575757576e+00 2.2121212121e+00 8.9315301252e-01
2.7575757576e+00 2.2727272727e+00 8.8350044372e-01
2.7575757576e+00 2.3333333333e+00 8.7390572825e-01
2.7575757576e+00 2.3939393939e+00 8.6437652310e-01
2.7575757576e+00 2.4545454545e+00 8.5491975956e-01
2.7575757576e+00 2.5151515152e+00 8.4554168172e-01
2.7575757576e+00 2.5757575758e+00 8.3624788505e-01
2.7575757576e+00 2.6363636364e+00 8.2704335477e-01
2.7575757576e+00 2.6969696970e+00 8.1793250364e-01
2.7575757576e+00 2.7575757576e+00 8.0891920889e-01
2.7575757576e+00 2.8181818182e+00 8.0000684819e-01
2.7575757576e+00 2.8787878788e+00 7.9119833438e-01
2.7575757576e+00 2.9393939394e+00 7.8249614889e-01
2.7575757576e+00 3.0000000000e+00 7.7390237373e-01

2.8181818182e+00 -3.0000000000e+00 7.6608716937e-01
2.8181818182e+00 -2.9393939394e+00 7.7442040674e-01
2.8181818182e+00 -2.8787878788e+00 7.8285302364e-01
2.8181818182e+00 -2.8181818182e+00 7.9138272996e-01
2.8181818182e+00 -2.7575757576e+00 8.0000684819e-01
2.8181818182e+00 -2.6969696970e+00 8.0872228410e-01
2.8181818182e+00 -2.6363636364e+00 8.1752549635e-01
2.8181818182e+00 -2.5757575758e+00 8.2641246499e-01
2.8181818182e+00 -2.5151515152e+00 8.3537865914e-01
2.8181818182e+00 -2.4545454545e+00 8.4441900395e-01
2.8181818182e+00 -2.3939393939e+00 8.5352784699e-01
2.8181818182e+00 -2.3333333333e+00 8.6269892449e-01
2.8181818182e+00 -2.2727272727e+00 8.7192532760e-01
2.8181818182e+00 -2.2121212121e+00 8.8119946904e-01
2.8181818182e+00 -2.1515151515e+00 8.9051305068e-01
2.8181818182e+00 -2.0909090909e+00 8.9985703230e-01
2.8181818182e+00 -2.0303030303e+00 9.0922160235e-01
2.8181818182e+00 -1.9696969697e+00 9.1859615101e-01
2.8181818182e+00 -1.9090909091e+00 9.2796924645e-01
2.8181818182e+00 -1.8484848485e+00 9.3732861492e-01
2.8181818182e+00 -1.7878787879e+00 9.4666112546e-01
2.8181818182e+00 -1.7272727273e+00 9.5595278000e-01
2.8181818182e+00 -1.6666666667e+00 9.6518870992e-01
2.8181818182e+00 -1.6060606061e+00 9.7435317975e-01
2.8181818182e+00 -1.5454545455e+00 9.8342959916e-01
2.8181818182e+00 -1.4848484848e+00 9.9240054396e-01
2.8181818182e+00 -1.4242424242e+00 1.0012477872e+00
2.8181818182e+00 -1.3636363636e+00 1.0099523411e+00
2.8181818182e+00 -1.3030303030e+00 1.0184945109e+00
2.8181818182e+00 -1.2424242424e+00 1.0268539602e+00
2.8181818182e+00 -1.1818181818e+00 1.0350097905e+00
2.8181818182e+00 -1.1212121212e+00 1.0429406328e+00
2.8181818182e+00 -1.0606060606e+00 1.0506247527e+00
2.8181818182e+00 -1.0000000000e+00 1.0580401694e+00
2.8181818182e+00 -9.3939393939e-01 1.0651647863e+00
2.8181818182e+00 -8.7878787879e-01 1.0719765347e+00
2.8181818182e+00 -8.1818181818e-01 1.0784535275e+00
2.8181818182e+00 -7.5757575758e-01 1.0845742232e+00
2.8181818182e+00 -6.9696969697e-01 1.0903175970e+00
2.8181818182e+00 -6.3636363636e-01 1.0956633175e+00
2.8181818182e+00 -5.7575757576e-01 1.1005919272e+00
2.8181818182e+00 -5.1515151515e-01 1.1050850226e+00
2.8181818182e+00 -4.5454545455e-01 1.1091254323e+00
2.8181818182e+00 -3.9393939394e-01 1.1126973894e+00
2.8181818182e+00 -3.3333333333e-01 1.1157866947e+00
2.8181818182e+00 -2.7272727273e-01 1.1183808688e+00
2.8181818182e+00 -2.1212121212e-01 1.1204692882e+00
2.8181818182e+00 -1.5151515152e-01 1.1220433043e+00
2.8181818182e+00 -9.0909090909e-02 1.1230963416e+00
2.8181818182e+00 -3.0303030303e-02 1.1236239734e+00
2.8181818182e+00 3.0303030303e-02 1.1236239734e+00
2.8181818182e+00 9.0909090909e-02 1.1230963416e+00
2.8181818182e+00 1.5151515152e-01 1.1220433043e+00
2.8181818182e+00 2.1212121212e-01 1.1204692882e+00
2.8181818182e+00 2.7272727273e-01 1.1183808688e+00
2.8181818182e+00 3.3333333333e-01 1.1157866947e+00
2.8181818182e+00 3.9393939394e-01 1.1126973894e+00
2.8181818182e+00 4.5454545455e-01 1.1091254323e+00
2.8181818182e+00 5.1515151515e-01 1.1050850226e+00
2.8181818182e+00 5.7575757576e-01 1.1005919272e+00
2.8181818182e+00 6.3636363636e-01 1.0956633175e+00
2.8181818182e+00 6.9696969697e-01 1.0903175970e+00
2.8181818182e+00 7.5757575758e-01 1.0845742232e+00
2.8181818182e+00 8.1818181818e-01 1.0784535275e+00
2.8181818182e+00 8.7878787879e-01 1.0719765347e+00
2.8181818182e+00 9.3939393939e-01 1.0651647863e+00
2.8181818182e+00 1.0000000000e+00 1.0580401694e+00
2.8181818182e+00 1.0606060606e+00 1.0506247527e+00
2.8181818182e+00 1.1212121212e+00 1.0429406328e+00
2.8181818182e+00 1.1818181818e+00 1.0350097905e+00
2.8181818182e+00 1.2424242424e+00 1.0268539602e+00
2.8181818182e+00 1.3030303030e+00 1.0184945109e+00
2.8181818182e+00 1.3636363636e+00 1.0099523411e+00
2.8181818182e+00 1.4242424242e+00 1.0012477872e+00
2.8181818182e+00 1.4848484848e+00 9.9240054396e-01
2.8181818182e+00 1.5454545455e+00 9.8342959916e-01
2.8181818182e+00 1.6060606061e+00 9.7435317975e-01
2.8181818182e+00 1.6666666667e+00 9.6518870992e-01
2.8181818182e+00 1.7272727273e+00 9.5595278000e-01
2.8181818182e+00 1.7878787879e+00 9.4666112546e-01
2.8181818182e+00 1.8484848485e+00 9.3732861492e-01
2.8181818182e+00 1.9090909091e+00 9.2796924645e-01
2.8181818182e+00 1.9696969697e+00 9.1859615101e-01
2.8181818182e+00 2.0303030303e+00 9.0922160235e-01
2.8181818182e+00 2.0909090909e+00 8.9985703230e-01
2.8181818182e+00 2.1515151515e+00 8.9051305068e-01
2.8181818182e+00 2.2121212121e+00 8.8119946904e-01
2.8181818182e+00 2.2727272727e+00 8.7192532760e-01
2.8181818182e+00 2.3333333333e+00 8.6269892449e-01
2.8181818182e+00 2.3939393939e+00 8.5352784699e-01
2.8181818182e+00 2.4545454545e+00 8.4441900395e-01
2.8181818182e+00 2.5151515152e+00 8.3537865914e-01
2.8181818182e+00 2.5757575758e+00 8.2641246499e-01
2.8181818182e+00 2.6363636364e+00 8.1752549635e-01
2.8181818182e+00 2.6969696970e+00 8.0872228410e-01
2.8181818182e+00 2.7575757576e+00 8.0000684819e-01
2.8181818182e+00 2.8181818182e+00 7.9138272996e-01
2.8181818182e+00 2.8787878788e+00 7.8285302364e-01
2.8181818182e+00 2.9393939394e+00 7.7442040674e-01
2.8181818182e+00 3.0000000000e+00 7.6608716937e-01

2.8787878788e+00 -3.0000000000e+00 7.5834169325e-01
2.8787878788e+00 -2.9393939394e+00 7.6642205046e-01
2.8787878788e+00 -2.8787878788e+00 7.7459331572e-01
2.8787878788e+00 -2.8181818182e+00 7.8285302364e-01
2.8787878788e+00 -2.7575757576e+00 7.9119833438e-01
2.8787878788e+00 -2.6969696970e+00 7.9962600696e-01
2.8787878788e+00 -2.6363636364e+00 8.0813237157e-01
2.8787878788e+00 -2.5757575758e+00 8.1671330127e-01
2.8787878788e+00 -2.5151515152e+00 8.2536418293e-01
2.8787878788e+00 -2.4545454545e+00 8.3407988778e-01
2.8787878788e+00 -2.3939393939e+00 8.4285474175e-01
2.8787878788e+00 -2.3333333333e+00 8.5168249581e-01
2.8787878788e+00 -2.2727272727e+00 8.6055629661e-01
2.8787878788e+00 -2.2121212121e+00 8.6946865781e-01
2.8787878788e+00 -2.1515151515e+00 8.7841143246e-01
2.8787878788e+00 -2.0909090909e+00 8.8737578684e-01
2.8787878788e+00 -2.0303030303e+00 8.9635217633e-01
2.8787878788e+00 -1.9696969697e+00 9.0533032378e-01
2.8787878788e+00 -1.9090909091e+00 9.1429920100e-01
2.8787878788e+00 -1.8484848485e+00 9.2324701408e-01
2.8787878788e+00 -1.7878787879e+00 9.3216119312e-01
2.8787878788e+00 -1.7272727273e+00 9.4102838721e-01
2.8787878788e+00 -1.6666666667e+00 9.4983446527e-01
2.8787878788e+00 -1.6060606061e+00 9.5856452380e-01
2.8787878788e+00 -1.5454545455e+00 9.6720290199e-01
2.8787878788e+00 -1.4848484848e+00 9.7573320521e-01
2.8787878788e+00 -1.4242424242e+00 9.8413833752e-01
2.8787878788e+00 -1.3636363636e+00 9.9240054396e-01
2.8787878788e+00 -1.3030303030e+00 1.0005014631e+00
2.8787878788e+00 -1.2424242424e+00 1.0084221903e+00
2.8787878788e+00 -1.1818181818e+00 1.0161433529e+00
2.8787878788e+00 -1.1212121212e+00 1.0236451954e+00
2.8787878788e+00 -1.0606060606e+00 1.0309076777e+00
2.8787878788e+00 -1.0000000000e+00 1.0379105834e+00
2.8787878788e+00 -9.3939393939e-01 1.0446336392e+00
2.8787878788e+00 -8.7878787879e-01 1.0510566444e+00
2.8787878788e+00 -8.1818181818e-01 1.0571596091e+00
2.8787878788e+00 -7.5757575758e-01 1.0629229006e+00
2.8787878788e+00 -6.9696969697e-01 1.0683273953e+00
2.8787878788e+00 -6.3636363636e-01 1.0733546352e+00
2.8787878788e+00 -5.7575757576e-01 1.0779869862e+00
2.8787878788e+00 -5.1515151515e-01 1.0822077968e+00
2.8787878788e+00 -4.5454545455e-01 1.0860015531e+00
2.8787878788e+00 -3.9393939394e-01 1.0893540292e+00
2.8787878788e+00 -3.3333333333e-01 1.0922524291e+00
2.8787878788e+00 -2.7272727273e-01 1.0946855184e+00
2.8787878788e+00 -2.1212121212e-01 1.0966437418e+00
2.8787878788e+00 -1.5151515152e-01 1.0981193262e+00
2.8787878788e+00 -9.0909090909e-02 1.0991063650e+00
2.8787878788e+00 -3.0303030303e-02 1.0996008837e+00
2.8787878788e+00 3.0303030303e-02 1.0996008837e+00
2.8787878788e+00 9.0909090909e-02 1.0991063650e+00
2.8787878788e+00 1.5151515152e-01 1.0981193262e+00
2.8787878788e+00 2.1212121212e-01 1.0966437418e+00
2.8787878788e+00 2.7272727273e-01 1.0946855184e+00
2.8787878788e+00 3.3333333333e-01 1.0922524291e+00
2.8787878788e+00 3.9393939394e-01 1.0893540292e+00
2.8787878788e+00 4.5454545455e-01 1.0860015531e+00
2.8787878788e+00 5.1515151515e-01 1.0822077968e+00
2.8787878788e+00 5.7575757576e-01 1.0779869862e+00
2.8787878788e+00 6.3636363636e-01 1.0733546352e+00
2.8787878788e+00 6.9696969697e-01 1.0683273953e+00
2.8787878788e+00 7.5757575758e-01 1.0629229006e+00
2.8787878788e+00 8.1818181818e-01 1.0571596091e+00
2.8787878788e+00 8.7878787879e-01 1.0510566444e+00
2.8787878788e+00 9.3939393939e-01 1.0446336392e+00
2.8787878788e+00 1.0000000000e+00 1.0379105834e+00
2.8787878788e+00 1.0606060606e+00 1.0309076777e+00
2.8787878788e+00 1.1212121212e+00 1.0236451954e+00
2.8787878788e+00 1.1818181818e+00 1.0161433529e+00
2.8787878788e+00 1.2424242424e+00 1.0084221903e+00
2.8787878788e+00 1.3030303030e+00 1.0005014631e+00
2.8787878788e+00 1.3636363636e+00 9.9240054396e-01
2.8787878788e+00 1.4242424242e+00 9.8413833752e-01
2.8787878788e+00 1.4848484848e+00 9.7573320521e-01
2.8787878788e+00 1.5454545455e+00 9.6720290199e-01
2.8787878788e+00 1.6060606061e+00 9.5856452380e-01
2.8787878788e+00 1.6666666667e+00 9.4983446527e-01
2.8787878788e+00 1.7272727273e+00 9.4102838721e-01
2.8787878788e+00 1.7878787879e+00 9.3216119312e-01
2.8787878788e+00 1.8484848485e+00 9.2324701408e-01
2.8787878788e+00 1.9090909091e+00 9.1429920100e-01
2.8787878788e+00 1.9696969697e+00 9.0533032378e-01
2.8787878788e+00 2.0303030303e+00 8.9635217633e-01
2.8787878788e+00 2.0909090909e+00 8.8737578684e-01
2.8787878788e+00 2.1515151515e+00 8.7841143246e-01
2.8787878788e+00 2.2121212121e+00 8.6946865781e-01
2.8787878788e+00 2.2727272727e+00 8.6055629661e-01
2.8787878788e+00 2.3333333333e+00 8.5168249581e-01
2.8787878788e+00 2.3939393939e+00 8.4285474175e-01
2.8787878788e+00 2.4545454545e+00 8.3407988778e-01
2.8787878788e+00 2.5151515152e+00 8.2536418293e-01
2.8787878788e+00 2.5757575758e+00 8.1671330127e-01
2.8787878788e+00 2.6363636364e+00 8.0813237157e-01
2.8787878788e+00 2.6969696970e+00 7.9962600696e-01
2.8787878788e+00 2.7575757576e+00 7.9119833438e-01
2.8787878788e+00 2.8181818182e+00 7.8285302364e-01
2.8787878788e+00 2.8787878788e+00 7.7459331572e-01
2.8787878788e+00 2.9393939394e+00 7.6642205046e-01
2.8787878788e+00 3.0000000000e+00 7.5834169325e-01

2.9393939394e+00 -3.0000000000e+00 7.5066902188e-01
2.9393939394e+00 -2.9393939394e+00 7.5850405184e-01
2.9393939394e+00 -2.8787878788e+00 7.6642205046e-01
2.9393939394e+00 -2.8181818182e+00 7.7442040674e-01
2.9393939394e+00 -2.7575757576e+00 7.8249614889e-01
2.9393939394e+00 -2.6969696970e+00 7.9064592008e-01
2.9393939394e+00 -2.6363636364e+00 7.9886595339e-01
2.9393939394e+00 -2.5757575758e+00 8.0715204632e-01
2.9393939394e+00 -2.5151515152e+00 8.1549953489e-01
2.9393939394e+00 -2.4545454545e+00 8.2390326748e-01
2.9393939394e+00 -2.3939393939e+00 8.3235757869e-01
2.9393939394e+00 -2.3333333333e+00 8.4085626344e-01
2.9393939394e+00 -2.2727272727e+00 8.4939255161e-01
2.9393939394e+00 -2.2121212121e+00 8.5795908347e-01
2.9393939394e+00 -2.1515151515e+00 8.6654788636e-01
2.9393939394e+00 -2.0909090909e+00 8.7515035299e-01
2.9393939394e+00 -2.0303030303e+00 8.8375722177e-01
2.9393939394e+00 -1.9696969697e+00 8.9235855979e-01
2.9393939394e+00 -1.9090909091e+00 9.0094374874e-01
2.9393939394e+00 -1.8484848485e+00 9.0950147468e-01
2.9393939394e+00 -1.7878787879e+00 9.1801972195e-01
2.9393939394e+00 -1.7272727273e+00 9.2648577207e-01
2.9393939394e+00 -1.6666666667e+00 9.3488620820e-01
2.9393939394e+00 -1.6060606061e+00 9.4320692578e-01
2.9393939394e+00 -1.5454545455e+00 9.5143315011e-01
2.9393939394e+00 -1.4848484848e+00 9.5954946146e-01
2.9393939394e+00 -1.4242424242e+00 9.6753982828e-01
2.9393939394e+00 -1.3636363636e+00 9.7538764914e-01
2.9393939394e+00 -1.3030303030e+00 9.8307580375e-01
2.9393939394e+00 -1.2424242424e+00 9.9058671357e-01
2.9393939394e+00 -1.1818181818e+00 9.9790241219e-01
2.9393939394e+00 -1.1212121212e+00 1.0050046255e+00
2.9393939394e+00 -1.0606060606e+00 1.0118748617e+00
2.9393939394e+00 -1.0000000000e+00 1.0184945109e+00
2.9393939394e+00 -9.3939393939e-01 1.0248449536e+00
2.9393939394e+00 -8.7878787879e-01 1.0309076777e+00
2.9393939394e+00 -8.1818181818e-01 1.0366644029e+00
2.9393939394e+00 -7.5757575758e-01 1.0420972108e+00
2.9393939394e+00 -6.9696969697e-01 1.0471886808e+00
2.9393939394e+00 -6.3636363636e-01 1.0519220282e+00
2.9393939394e+00 -5.7575757576e-01 1.0562812440e+00
2.9393939394e+00 -5.1515151515e-01 1.0602512339e+00
2.9393939394e+00 -4.5454545455e-01 1.0638179548e+00
2.9393939394e+00 -3.9393939394e-01 1.0669685455e+00
2.9393939394e+00 -3.3333333333e-01 1.0696914506e+00
2.9393939394e+00 -2.7272727273e-01 1.0719765347e+00
2.9393939394e+00 -2.1212121212e-01 1.0738151846e+00
2.9393939394e+00 -1.5151515152e-01 1.0752003983e+00
2.9393939394e+00 -9.0909090909e-02 1.0761268582e+00
2.9393939394e+00 -3.0303030303e-02 1.0765909872e+00
2.9393939394e+00 3.0303030303e-02 1.0765909872e+00
2.9393939394e+00 9.0909090909e-02 1.0761268582e+00
2.9393939394e+00 1.5151515152e-01 1.0752003983e+00
2.9393939394e+00 2.1212121212e-01 1.0738151846e+00
2.9393939394e+00 2.7272727273e-01 1.0719765347e+00
2.9393939394e+00 3.3333333333e-01 1.0696914506e+00
2.9393939394e+00 3.9393939394e-01 1.0669685455e+00
2.9393939394e+00 4.5454545455e-01 1.0638179548e+00
2.9393939394e+00 5.1515151515e-01 1.0602512339e+00
2.9393939394e+00 5.7575757576e-01 1.0562812440e+00
2.9393939394e+00 6.3636363636e-01 1.0519220282e+00
2.9393939394e+00 6.9696969697e-01 1.0471886808e+00
2.9393939394e+00 7.5757575758e-01 1.0420972108e+00
2.9393939394e+00 8.1818181818e-01 1.0366644029e+00
2.9393939394e+00 8.7878787879e-01 1.0309076777e+00
2.9393939394e+00 9.3939393939e-01 1.0248449536e+00
2.9393939394e+00 1.0000000000e+00 1.0184945109e+00
2.9393939394e+00 1.0606060606e+00 1.0118748617e+00
2.9393939394e+00 1.1212121212e+00 1.0050046255e+00
2.9393939394e+00 1.1818181818e+00 9.9790241219e-01
2.9393939394e+00 1.2424242424e+00 9.9058671357e-01
2.9393939394e+00 1.3030303030e+00 9.8307580375e-01
2.9393939394e+00 1.3636363636e+00 9.7538764914e-01
2.9393939394e+00 1.4242424242e+00 9.6753982828e-01
2.9393939394e+00 1.4848484848e+00 9.5954946146e-01
2.9393939394e+00 1.5454545455e+00 9.5143315011e-01
2.9393939394e+00 1.6060606061e+00 9.4320692578e-01
2.9393939394e+00 1.6666666667e+00 9.3488620820e-01
2.9393939394e+00 1.7272727273e+00 9.2648577207e-01
2.9393939394e+00 1.7878787879e+00 9.1801972195e-01
2.9393939394e+00 1.8484848485e+00 9.0950147468e-01
2.9393939394e+00 1.9090909091e+00 9.0094374874e-01
2.9393939394e+00 1.9696969697e+00 8.9235855979e-01
2.9393939394e+00 2.0303030303e+00 8.8375722177e-01
2.9393939394e+00 2.0909090909e+00 8.7515035299e-01
2.9393939394e+00 2.1515151515e+00 8.6654788636e-01
2.9393939394e+00 2.2121212121e+00 8.5795908347e-01
2.9393939394e+00 2.2727272727e+00 8.4939255161e-01
2.9393939394e+00 2.3333333333e+00 8.4085626344e-01
2.9393939394e+00 2.3939393939e+00 8.3235757869e-01
2.9393939394e+00 2.4545454545e+00 8.2390326748e-01
2.9393939394e+00 2.5151515152e+00 8.1549953489e-01
2.9393939394e+00 2.5757575758e+00 8.0715204632e-01
2.9393939394e+00 2.6363636364e+00 7.9886595339e-01
2.9393939394e+00 2.6969696970e+00 7.9064592008e-01
2.9393939394e+00 2.7575757576e+00 7.8249614889e-01
2.9393939394e+00 2.8181818182e+00 7.7442040674e-01
2.9393939394e+00 2.8787878788e+00 7.6642205046e-01
2.9393939394e+00 2.9393939394e+00 7.5850405184e-01
2.9393939394e+00 3.0000000000e+00 7.5066902188e-01

3.0000000000e+00 -3.0000000000e+00 7.4307188515e-01
3.0000000000e+00 -2.9393939394e+00 7.5066902188e-01
3.0000000000e+00 -2.8787878788e+00 7.5834169325e-01
3.0000000000e+00 -2.8181818182e+00 7.6608716937e-01
3.0000000000e+00 -2.7575757576e+00 7.7390237373e-01
3.0000000000e+00 -2.6969696970e+00 7.8178386118e-01
3.0000000000e+00 -2.6363636364e+00 7.8972779539e-01
3.0000000000e+00 -2.5757575758e+00 7.9772992597e-01
3.0000000000e+00 -2.5151515152e+00 8.0578556546e-01
3.0000000000e+00 -2.4545454545e+00 8.1388956614e-01
3.0000000000e+00 -2.3939393939e+00 8.2203629718e-01
3.0000000000e+00 -2.3333333333e+00 8.3021962211e-01
3.0000000000e+00 -2.2727272727e+00 8.3843287698e-01
3.0000000000e+00 -2.2121212121e+00 8.4666884950e-01
3.0000000000e+00 -2.1515151515e+00 8.5491975956e-01
3.0000000000e+00 -2.0909090909e+00 8.6317724135e-01
3.0000000000e+00 -2.0303030303e+00 8.7143232766e-01
3.0000000000e+00 -1.9696969697e+00 8.7967543668e-01
3.0000000000e+00 -1.9090909091e+00 8.8789636188e-01
3.0000000000e+00 -1.8484848485e+00 8.9608426536e-01
3.0000000000e+00 -1.7878787879e+00 9.0422767531e-01
3.0000000000e+00 -1.7272727273e+00 9.1231448809e-01
3.0000000000e+00 -1.6666666667e+00 9.2033197542e-01
3.0000000000e+00 -1.6060606061e+00 9.2826679740e-01
3.0000000000e+00 -1.5454545455e+00 9.3610502173e-01
3.0000000000e+00 -1.4848484848e+00 9.4383214981e-01
3.0000000000e+00 -1.4242424242e+00 9.5143315011e-01
3.0000000000e+00 -1.3636363636e+00 9.5889249926e-01
3.0000000000e+00 -1.3030303030e+00 9.6619423126e-01
3.0000000000e+00 -1.2424242424e+00 9.7332199503e-01
3.0000000000e+00 -1.1818181818e+00 9.8025912048e-01
3.0000000000e+00 -1.1212121212e+00 9.8698869308e-01
3.0000000000e+00 -1.0606060606e+00 9.9349363686e-01
3.0000000000e+00 -1.0000000000e+00 9.9975680548e-01
3.0000000000e+00 -9.3939393939e-01 1.0057610809e+00
3.0000000000e+00 -8.7878787879e-01 1.0114894792e+00
3.0000000000e+00 -8.1818181818e-01 1.0169252619e+00
3.0000000000e+00 -7.5757575758e-01 1.0220520533e+00
3.0000000000e+00 -6.9696969697e-01 1.0268539602e+00
3.0000000000e+00 -6.3636363636e-01 1.0313156954e+00
3.0000000000e+00 -5.7575757576e-01 1.0354227007e+00
3.0000000000e+00 -5.1515151515e-01 1.0391612694e+00
3.0000000000e+00 -4.5454545455e-01 1.0425186659e+00
3.0000000000e+00 -3.9393939394e-01 1.0454832404e+00
3.0000000000e+00 -3.3333333333e-01 1.0480445370e+00
3.0000000000e+00 -2.7272727273e-01 1.0501933931e+00
3.0000000000e+00 -2.1212121212e-01 1.0519220282e+00
3.0000000000e+00 -1.5151515152e-01 1.0532241216e+00
3.0000000000e+00 -9.0909090909e-02 1.0540948751e+00
3.0000000000e+00 -3.0303030303e-02 1.0545310627e+00
3.0000000000e+00 3.0303030303e-02 1.0545310627e+00
3.0000000000e+00 9.0909090909e-02 1.0540948751e+00
3.0000000000e+00 1.5151515152e-01 1.0532241216e+00
3.0000000000e+00 2.1212121212e-01 1.0519220282e+00
3.0000000000e+00 2.7272727273e-01 1.0501933931e+00
3.0000000000e+00 3.3333333333e-01 1.0480445370e+00
3.0000000000e+00 3.9393939394e-01 1.0454832404e+00
3.0000000000e+00 4.5454545455e-01 1.0425186659e+00
3.0000000000e+00 5.1515151515e-01 1.0391612694e+00
3.0000000000e+00 5.7575757576e-01 1.0354227007e+00
3.0000000000e+00 6.3636363636e-01 1.0313156954e+00
3.0000000000e+00 6.9696969697e-01 1.0268539602e+00
3.0000000000e+00 7.5757575758e-01 1.0220520533e+00
3.0000000000e+00 8.1818181818e-01 1.0169252619e+00
3.0000000000e+00 8.7878787879e-01 1.0114894792e+00
3.0000000000e+00 9.3939393939e-01 1.0057610809e+00
3.0000000000e+00 1.0000000000e+00 9.9975680548e-01
3.0000000000e+00 1.0606060606e+00 9.9349363686e-01
3.0000000000e+00 1.1212121212e+00 9.8698869308e-01
3.0000000000e+00 1.1818181818e+00 9.8025912048e-01
3.0000000000e+00 1.2424242424e+00 9.7332199503e-01
3.0000000000e+00 1.3030303030e+00 9.6619423126e-01
3.0000000000e+00 1.3636363636e+00 9.5889249926e-01
3.0000000000e+00 1.4242424242e+00 9.5143315011e-01
3.0000000000e+00 1.4848484848e+00 9.4383214981e-01
3.0000000000e+00 1.5454545455e+00 9.3610502173e-01
3.0000000000e+00 1.6060606061e+00 9.2826679740e-01
3.0000000000e+00 1.6666666667e+00 9.2033197542e-01
3.0000000000e+00 1.7272727273e+00 9.1231448809e-01
3.0000000000e+00 1.7878787879e+00 9.0422767531e-01
3.0000000000e+00 1.8484848485e+00 8.9608426536e-01
3.0000000000e+00 1.9090909091e+00 8.8789636188e-01
3.0000000000e+00 1.9696969697e+00 8.7967543668e-01
3.0000000000e+00 2.0303030303e+00 8.7143232766e-01
3.0000000000e+00 2.0909090909e+00 8.6317724135e-01
3.0000000000e+00 2.1515151515e+00 8.5491975956e-01
3.0000000000e+00 2.2121212121e+00 8.4666884950e-01
3.0000000000e+00 2.2727272727e+00 8.3843287698e-01
3.0000000000e+00 2.3333333333e+00 8.3021962211e-01
3.0000000000e+00 2.3939393939e+00 8.2203629718e-01
3.0000000000e+00 2.4545454545e+00 8.1388956614e-01
3.0000000000e+00 2.5151515152e+00 8.0578556546e-01
3.0000000000e+00 2.5757575758e+00 7.9772992597e-01
3.0000000000e+00 2.6363636364e+00 7.8972779539e-01
3.0000000000e+00 2.6969696970e+00 7.8178386118e-01
3.0000000000e+00 2.7575757576e+00 7.7390237373e-01
3.0000000000e+00 2.8181818182e+00 7.6608716937e-01
3.0000000000e+00 2.8787878788e+00 7.5834169325e-01
3.0000000000e+00 2.9393939394e+00 7.5066902188e-01
3.0000000000e+00 3.0000000000e+00 7.4307188515e-01

